,method,n_iter,closure_call,total_loss,pde_loss,bc_loss,mse,rmse,max_error
0,MSE,2000,1,1251.6478434850007,1249.1859570276442,2.4618864573566235,0.9545661592025833,0.977019016807034,3.5250074927389115
1,MSE,2000,2,1251.4939707658248,1249.073276077844,2.4206946879809106,0.9320419972139445,0.9654232218120427,3.516501543347322
2,MSE,2000,3,1250.8307880926297,1248.5473565313694,2.283431561260374,0.8614070235094881,0.9281201557500451,3.4780060797659926
3,MSE,2000,4,1248.0951101468265,1245.2171345580862,2.8779755887404552,1.3731703809333984,1.1718235280678564,3.261541451696519
4,MSE,2000,5,1270.891303491147,1259.514699377727,11.37660411342003,8.575893846903343,2.9284627105195216,5.453987778067118
5,MSE,2000,6,1245.3524007472054,1239.0362132317755,6.316187515429905,3.862037037109635,1.9652066143562703,4.150728127788707
6,MSE,2000,7,1246.5418323506208,1237.8680165035541,8.67381584706653,5.641829285972286,2.3752535203578344,4.673496693139493
7,MSE,2000,8,1243.3356979593711,1235.5953508732189,7.740347086152314,4.859965753987324,2.2045330013377717,4.437350770164069
8,MSE,2000,9,1238.6486844851222,1233.2429159111946,5.4057685739276735,2.9771965238041918,1.7254554540190807,3.9650840797423035
9,MSE,2000,10,1237.20508739876,1232.9670645606109,4.2380228381491305,2.232140061119443,1.4940348259392895,3.7794893759334447
10,MSE,2000,11,1235.7573223068734,1232.6787773494543,3.078544957419119,1.5993426603867427,1.2646512010774917,3.487008448759126
11,MSE,2000,12,1233.3788510145962,1231.0565403722626,2.322310642333579,1.119630320974547,1.0581258530886328,3.4837180254854263
12,MSE,2000,13,1231.487364990903,1228.9166809469878,2.570684043915152,1.2443704477902955,1.1155135354581294,3.764806059495944
13,MSE,2000,14,1230.0670258762632,1226.9223720191621,3.144653857101037,1.757060758650396,1.3255416849916097,3.9896660117987137
14,MSE,2000,15,1228.7844075656042,1226.0496496642472,2.7347579013569843,1.5979283841697296,1.2640919207754353,3.8368295773465344
15,MSE,2000,16,1227.4493085698632,1225.339184700543,2.1101238693201454,1.2715730126208504,1.1276404624794423,3.535110087185841
16,MSE,2000,17,1226.1243818106907,1224.4405019560065,1.6838798546842266,1.102964138489479,1.0502209950717416,3.3156236640070196
17,MSE,2000,18,1225.1508385859909,1223.9946837714854,1.1561548145055145,0.6896790053423192,0.8304691477365785,2.6496359440237565
18,MSE,2000,19,1224.0804500994834,1223.0107048176633,1.069745281820174,0.6270729183234937,0.7918793584400933,2.5773841633356964
19,MSE,2000,20,1223.3168623655547,1222.2290829175397,1.0877794480150162,0.5134153091382568,0.7165300476171651,2.4505124118642
20,MSE,2000,21,1222.5900459987129,1221.2251308395396,1.364915159173254,0.5893451266481725,0.7676881701890245,2.376282446816448
21,MSE,2000,22,1221.3292204243367,1218.285691839533,3.0435285848036573,1.432599925122516,1.1969126639494279,3.4482478036104363
22,MSE,2000,23,1217.1353907409455,1213.2190097900009,3.916380950944571,1.8938812675286198,1.376183587872134,3.709208051166934
23,MSE,2000,24,1216.3621640937072,1211.8982963042931,4.463867789413956,2.2884964107711676,1.5127777136020901,4.2288458152989445
24,MSE,2000,25,1750.7981067789005,1729.1372427956994,21.66086398320109,21.28664331400209,4.61374504215416,8.92996750745328
25,MSE,2000,26,1212.5227487327606,1208.9004145985928,3.6223341341678448,1.697736328765584,1.302972113579406,4.2708808949483785
26,MSE,2000,27,1258.235958903877,1247.8962067197888,10.339752184088137,12.489786434211236,3.534089194433445,6.504394467225754
27,MSE,2000,28,1198.8864393112772,1196.259700018271,2.6267392930063207,1.4028305608559872,1.1844114829129222,3.2971786404221124
28,MSE,2000,29,1380.7541025230623,1347.1868945877923,33.56720793527013,32.9216740495595,5.737741197506167,9.769148918053652
29,MSE,2000,30,1191.1212520203537,1184.4676340409626,6.653617979391115,5.562670304451254,2.358531387209264,5.487370112336898
30,MSE,2000,31,1307.8982425148677,1299.1554263853523,8.74281612951537,11.21265772967729,3.348530682206345,6.414267896571077
31,MSE,2000,32,1181.1452303711753,1174.1783231587972,6.9669072123782465,6.673136206392715,2.5832414146557645,5.403781747770252
32,MSE,2000,33,1214.4782430829114,1201.591589813992,12.886653268919465,7.538633032637023,2.745657122190792,6.347790398705771
33,MSE,2000,34,1165.491585429488,1163.4437342712872,2.047851158200677,1.7544014104736256,1.3245381876237565,3.1188437891970304
34,MSE,2000,35,1162.1665009221313,1160.390973072108,1.7755278500232872,0.9452281111938015,0.9722284254195623,3.1015139473513833
35,MSE,2000,36,1161.7628464429984,1159.6750301387888,2.087816304209477,1.5061720800821232,1.227262025845387,2.896301102773156
36,MSE,2000,37,1164.233019550973,1161.982315102481,2.2507044484921237,1.2799659357584536,1.1313557953881943,3.0474865933041957
37,MSE,2000,38,1158.634272569129,1157.0488254216943,1.5854471474347753,0.8037499336820606,0.8965210168657847,2.5194152248930206
38,MSE,2000,39,1156.4998418210394,1154.5597203553418,1.940121465697492,1.0322437094402068,1.0159939514781606,2.7366707896050197
39,MSE,2000,40,1154.0197774378998,1152.3807320033352,1.63904543456467,0.8740138598443152,0.9348870840076438,2.7313800558348142
40,MSE,2000,41,1147.649182727034,1145.2412784639896,2.4079042630444536,1.2945958860356308,1.1378030963376884,3.5539781405302526
41,MSE,2000,42,1550.69465500956,1520.3980041058949,30.296650903665025,15.499644006026944,3.9369587254665173,8.928900354088407
42,MSE,2000,43,1132.0730615089203,1122.4977245549392,9.575336953981212,5.108273772046849,2.2601490596964724,5.9865600993390675
43,MSE,2000,44,1134.9321354134436,1115.5667770054226,19.365358408021034,10.09062232686323,3.1765739920334344,6.705727667987926
44,MSE,2000,45,1123.70178641075,1110.2301410348716,13.471645375878396,6.724134156333304,2.593093549475858,5.701492733631507
45,MSE,2000,46,1122.323463095687,1107.179673968538,15.143789127148962,8.149140312666276,2.854669913083871,6.1469598437471875
46,MSE,2000,47,1093.431944703702,1074.3539482996493,19.0779964040526,9.672006447635706,3.1099849593905926,6.808720791830332
47,MSE,2000,48,1049.572302166671,1030.1922531707653,19.380048995905838,10.242230464043825,3.2003484910309106,7.9310767471644805
48,MSE,2000,49,263207.5395458059,263156.8333004069,50.70624539899216,76.34857218006849,8.737767001932959,18.679350850087687
49,MSE,2000,50,16754.711018416223,16652.80660386434,101.9044145518821,121.8454864966856,11.038364303495586,15.803246506207676
50,MSE,2000,51,859.3864328112862,849.9277075387045,9.458725272581779,3.7314834235072576,1.9317047971952799,7.279449684429615
51,MSE,2000,52,853.8168611230104,842.6038506409213,11.213010482089064,4.8440326519134045,2.200916320970292,7.633950003461738
52,MSE,2000,53,2.1344025140915876e+55,2.1344025140915876e+55,1071066.7380284374,905868.2107979927,951.7710915960795,3697.97085602823
53,MSE,2000,54,1.9570939537258097e+33,1.9570939537258097e+33,9515.363864550163,9373.60640804883,96.81738690983573,386.57611163476156
54,MSE,2000,55,4.9254257063793686e+29,4.9254257063793686e+29,4898.498337840496,4408.4800160909035,66.39638556496057,279.5433830686949
55,MSE,2000,56,12186158524.84122,12186158390.36735,134.47387171682172,144.59713555921155,12.024854908031596,33.60665401054009
56,MSE,2000,57,31630927.66282992,31630809.851773478,117.81105644223187,111.56825973793273,10.562587738709333,23.6743898001708
57,MSE,2000,58,176394.18556285228,176330.33753248415,63.84803036813608,84.10915567332098,9.171104386785759,18.37332496685195
58,MSE,2000,59,15535.593884992151,15434.31061061075,101.2832743814017,125.39576624037694,11.198025104471634,15.65481951918143
59,MSE,2000,60,887.4526807495641,879.089918193354,8.362762556210138,3.1762115576075125,1.7821929069569076,6.987668753739891
60,MSE,2000,61,849.8121837597114,839.393660984966,10.418522774745398,4.3209882033811065,2.0786986802759815,7.487321111813481
61,MSE,2000,62,802.8216435832163,793.8471848145681,8.974458768648178,3.7611077228259515,1.939357554146721,6.8966472893357516
62,MSE,2000,63,1421.8979703984708,1411.9684064844405,9.929563914030322,9.743394242639907,3.121441052244925,6.580698823579691
63,MSE,2000,64,644.5790469773931,639.3826894501478,5.1963575272452,2.5116319762626986,1.584812915224601,4.9599997719692706
64,MSE,2000,65,1317.0049700457487,1294.0764488439286,22.92852120182019,15.289443002397912,3.910171735665572,7.327727030846216
65,MSE,2000,66,559.8325179134791,556.6803396917371,3.1521782217420005,1.906024323362593,1.3805883975184614,3.338010431769796
66,MSE,2000,67,5569.512494293624,5552.522019044525,16.99047524909801,16.277726484505255,4.0345664555817216,9.029409905580827
67,MSE,2000,68,505.18398337500474,501.0567251012317,4.127258273773075,2.6211995139625803,1.619011894323998,3.7801408567876877
68,MSE,2000,69,2550.885791236464,2473.6375527240716,77.24823851239223,50.8086485786174,7.1280185590819976,13.510798715371322
69,MSE,2000,70,435.50839815303874,430.55150366643716,4.956894486601575,3.35399021306459,1.8313902405180034,4.266432447809614
70,MSE,2000,71,488.9444717583739,481.5270645249267,7.417407233447191,3.9175695912613855,1.979285121265096,4.644861044959612
71,MSE,2000,72,299.445077669079,295.5300402846431,3.9150373844358715,2.397760089518437,1.5484702417284089,3.902284453458838
72,MSE,2000,73,159.73942127991077,154.52955604045718,5.209865239453603,2.928563653297941,1.7113046640788252,4.35644463201716
73,MSE,2000,74,132.84264236946413,117.80406965173611,15.038572717728027,9.595065430940783,3.097590261952149,8.559271580761195
74,MSE,2000,75,109.18338022748543,97.6254949575582,11.557885269927223,7.460229573668918,2.731342082872249,7.358174899848789
75,MSE,2000,76,95.04975693595571,84.16422661351373,10.885530322441976,6.063351864475167,2.4623874318382897,7.256731575965569
76,MSE,2000,77,82.39680559737187,70.5999662969,11.796839300471856,6.520119043822871,2.553452377433907,7.527079788972807
77,MSE,2000,78,73.09465449598567,59.78700485983223,13.30764963615344,7.934630682614513,2.816847649876456,7.5969660951690186
78,MSE,2000,79,64.44007934184962,51.120652570136265,13.319426771713365,7.577994529700027,2.752815745686592,7.29029040119347
79,MSE,2000,80,59.24476976898031,46.170529216762716,13.074240552217598,7.021178715076655,2.6497506892303386,6.808304235170936
80,MSE,2000,81,68.5336200101258,56.19555992595593,12.338060084169873,5.845110442057744,2.4176663214880882,6.104573212332758
81,MSE,2000,82,57.577718754974704,44.70879234291476,12.868926412059942,6.644898752933854,2.5777701125069035,6.493717247555727
82,MSE,2000,83,54.93371140542627,42.29748260803277,12.636228797393498,6.4051860462399315,2.5308469029634986,6.242628811477168
83,MSE,2000,84,52.796482188433174,40.329519627899565,12.466962560533608,6.2878099326204975,2.507550584259567,6.344482825870333
84,MSE,2000,85,50.21188730236906,37.17836372282482,13.033523579544239,6.610510394598775,2.571091284765824,6.552425222203361
85,MSE,2000,86,47.92199052189156,34.82010158691944,13.10188893497212,6.601531296064735,2.569344526540716,6.580199169583603
86,MSE,2000,87,46.54141019284728,33.42060688451965,13.120803308327632,6.448558016585902,2.5394011137640113,6.560845672831695
87,MSE,2000,88,45.67966104635417,32.92587014198273,12.75379090437144,6.237366517053701,2.4974720252795026,6.502815954264555
88,MSE,2000,89,44.577294060061845,32.70670455441288,11.870589505648962,5.718952479120625,2.391433143351623,6.349035002126055
89,MSE,2000,90,43.32053931686219,32.98957738230539,10.330961934556795,4.957899768919647,2.2266341794106297,6.0815929551600885
90,MSE,2000,91,42.07307567320834,33.03145899654949,9.041616676658855,4.458913681867235,2.111613999259153,5.809805440970337
91,MSE,2000,92,40.38396229763406,32.75707066689228,7.626891630741783,4.031827871608652,2.0079412022289524,5.370095396437428
92,MSE,2000,93,37.83683583612992,31.285408561812012,6.55142727431791,3.6480912549835582,1.9099977107273083,4.874592859405512
93,MSE,2000,94,32.78204589748532,28.13234795618028,4.649697941305042,2.67289925811149,1.6349003817087726,3.797529995613438
94,MSE,2000,95,29.27635173415691,25.909837283809487,3.366514450347423,1.9477910210756715,1.3956328389213517,3.393393607414062
95,MSE,2000,96,30.291060998328096,28.10056843508729,2.1904925632408054,0.9362286457023773,0.9675890892844841,3.682505365959795
96,MSE,2000,97,27.89788811753364,25.22122315440285,2.6766649631307886,1.3765995846204637,1.1732858068776182,3.5168402930309313
97,MSE,2000,98,26.344655090702197,24.136181189943297,2.2084739007588996,1.1501472459882065,1.072449181074892,3.35660491044165
98,MSE,2000,99,25.511868646425025,23.79790159844694,1.7139670479780842,0.9083936933756384,0.9530968961105887,3.020881871906596
99,MSE,2000,100,24.2515289392771,23.045022136245226,1.2065068030318746,0.6266878737968861,0.7916362004082974,2.653787060906737
100,MSE,2000,101,23.496348156438128,22.532563983120575,0.9637841733175528,0.46189415615311985,0.6796279542169523,2.399248252805538
101,MSE,2000,102,22.91896077481463,22.01176370885011,0.9071970659645168,0.3959547771880517,0.6292493759933749,2.4123569161295375
102,MSE,2000,103,22.568142291998768,21.61802048637758,0.9501218056211853,0.38912406327251714,0.6237980949574287,2.5476420882465396
103,MSE,2000,104,22.053359101921366,21.077138991975723,0.9762201099456441,0.3787877505289199,0.6154573506985841,2.635280078626653
104,MSE,2000,105,21.007104777953465,19.92785309969621,1.0792516782572545,0.37156908145568485,0.6095646655242452,2.889188676205606
105,MSE,2000,106,20.262801878915774,19.17417791117176,1.0886239677440128,0.34450426446972804,0.5869448564130433,2.9691467490720562
106,MSE,2000,107,18.700550405258852,17.55030728924982,1.1502431160090347,0.3829226308212983,0.6188074262816327,3.0455083473480613
107,MSE,2000,108,18.165867879049067,16.93519075745203,1.2306771215970371,0.47814914354413146,0.691483292310184,2.9875119119249596
108,MSE,2000,109,17.897334751514222,16.622378270926763,1.27495648058746,0.5434328221126493,0.7371789620659622,2.951650556995242
109,MSE,2000,110,17.50632483649645,16.26450678566446,1.2418180508319907,0.5296649887814308,0.7277808659077475,2.849241738803232
110,MSE,2000,111,16.853988439120943,15.632638293976038,1.221350145144906,0.5206483787123916,0.7215596847887162,2.8016102708533355
111,MSE,2000,112,15.519259197329106,14.154664189158696,1.3645950081704092,0.6614055966060072,0.8132684652720817,3.0253887696647803
112,MSE,2000,113,14.491883672135083,12.763791624711223,1.7280920474238606,0.996172655017673,0.9980844929251597,3.3961695398153067
113,MSE,2000,114,14.385591299890155,12.724344089335256,1.6612472105548999,0.9187839101005582,0.9585321643536842,3.3779050877967842
114,MSE,2000,115,14.067153497253218,12.5387910558764,1.5283624413768166,0.7559812909674317,0.8694718459889497,3.3227750887087257
115,MSE,2000,116,13.824792325388309,12.39468107272601,1.430111252662298,0.6927340249912181,0.8323064489664957,3.236766367947695
116,MSE,2000,117,13.557645720497637,12.216021701556214,1.3416240189414232,0.6244951919170354,0.7902500818835994,3.1767243813452044
117,MSE,2000,118,12.92121877345702,11.698340752577497,1.2228780208795236,0.515180780386986,0.7177609493327051,3.0592236385920617
118,MSE,2000,119,11.914092400326783,10.68270477970219,1.2313876206245937,0.5025537645280558,0.7089102654977256,2.930833856920396
119,MSE,2000,120,11.063271533547866,9.692404070602318,1.370867462945548,0.5451414298707886,0.7383369351934038,2.798797890793684
120,MSE,2000,121,10.666891714582736,9.20244177330873,1.4644499412740055,0.6575844074324243,0.8109157831935597,2.767095760346878
121,MSE,2000,122,10.517684597280793,9.095548612416925,1.422135984863868,0.6222985528992516,0.7888590196601999,2.7295496466145304
122,MSE,2000,123,10.336609935401068,9.026298026529131,1.3103119088719362,0.5559378657766934,0.7456124098864593,2.6110199326164656
123,MSE,2000,124,9.887613588485946,8.837708460111783,1.0499051283741638,0.40524539207513066,0.6365888720949578,2.2593102749761598
124,MSE,2000,125,9.400129041396763,8.524152965091966,0.8759760763047963,0.31971263052438487,0.5654313667673424,2.4888202917412015
125,MSE,2000,126,8.751602647671465,7.872252567188455,0.8793500804830096,0.3483572470654656,0.5902179657257695,2.9167305968303756
126,MSE,2000,127,8.468404060750768,7.577342481275379,0.8910615794753884,0.3545111732238339,0.5954084087614433,2.9555167594661764
127,MSE,2000,128,8.378948748239093,7.4696549343994665,0.9092938138396259,0.3654355964849949,0.6045126934027067,2.9857299722085977
128,MSE,2000,129,8.333715439424772,7.359140789403362,0.9745746500214096,0.4075338003393978,0.6383837406602691,3.091351871876884
129,MSE,2000,130,8.266370318301023,7.285796244187412,0.9805740741136111,0.4098811857573244,0.6402196386845099,3.0984973760430146
130,MSE,2000,131,8.175131125957895,7.177424490224936,0.9977066357329598,0.4159423785667486,0.6449359491970877,3.120289186545393
131,MSE,2000,132,8.033658027433566,6.96377899548977,1.0698790319437947,0.4445240954860746,0.6667264022716324,3.1908921178175187
132,MSE,2000,133,7.804015022675633,6.664549346355667,1.1394656763199658,0.4662057080934507,0.6827925805787953,3.1906033383469197
133,MSE,2000,134,7.497755498682899,6.320499834272063,1.1772556644108358,0.48456318950893595,0.6961057315587453,3.17915923813391
134,MSE,2000,135,7.1880466646792005,6.010893697475388,1.1771529672038128,0.5055785139683878,0.7110404446783515,3.1051322153947094
135,MSE,2000,136,7.062506549863505,5.869817076365683,1.1926894734978224,0.52686741872874,0.7258563347720677,3.077508159031702
136,MSE,2000,137,6.892603282146647,5.778158424368866,1.1144448577777808,0.49698717575942375,0.7049731737870766,2.954870739143699
137,MSE,2000,138,6.776046317252341,5.674048792558288,1.1019975246940528,0.49535317725383354,0.7038133113644793,2.8928001413964552
138,MSE,2000,139,6.6698421949937545,5.654721285408396,1.0151209095853588,0.43822012567658913,0.6619819677880879,2.799123277719186
139,MSE,2000,140,6.622151572086349,5.623931905836296,0.9982196662500523,0.41503543184287806,0.6442324361927751,2.8521191915343787
140,MSE,2000,141,6.597316115806628,5.5956846158086195,1.0016314999980076,0.41099974297320796,0.6410926165330623,2.892943940737782
141,MSE,2000,142,6.57990458264295,5.574021452278345,1.0058831303646054,0.41195582683412396,0.6418378508892444,2.9175543926838134
142,MSE,2000,143,6.546886835578273,5.5470062918131395,0.9998805437651332,0.4077973304768971,0.6385901114775401,2.9527002929357544
143,MSE,2000,144,6.509057384148131,5.533569206554269,0.9754881775938629,0.39460876444554854,0.6281789270944613,2.931165803323402
144,MSE,2000,145,6.4425804983460555,5.512382348309402,0.930198150036653,0.37018266167018815,0.6084263814712411,2.8889280072833863
145,MSE,2000,146,6.316314993228641,5.454309703768307,0.8620052894603341,0.3322355149801195,0.576398746511579,2.7744257423137073
146,MSE,2000,147,6.018301043733631,5.26496416608254,0.7533368776510909,0.2771733648908026,0.5264725680325638,2.5837289139283
147,MSE,2000,148,5.641465028591926,4.9756706798547885,0.665794348737138,0.24954302211826587,0.49954281309840287,2.36814588546173
148,MSE,2000,149,5.327153160803297,4.667320394668357,0.6598327661349402,0.24120779119310437,0.4911290982960635,2.4431318346541024
149,MSE,2000,150,5.108214529352242,4.355024196168218,0.7531903331840242,0.2968588266971237,0.5448475260998472,2.5009524260337774
150,MSE,2000,151,4.988291419231743,4.295743783851567,0.6925476353801764,0.26038997257603924,0.51028420764907,2.447837002557789
151,MSE,2000,152,4.927729207983388,4.263046185039091,0.6646830229442974,0.25974864544427784,0.5096554183409393,2.303029730542915
152,MSE,2000,153,4.87148868952143,4.20384588670618,0.6676428028152509,0.27308789853401333,0.5225781267274907,2.2628492490074303
153,MSE,2000,154,4.78513840745368,4.105720918351245,0.6794174891024346,0.30531092586713715,0.5525494782072797,2.179688550309753
154,MSE,2000,155,4.691791852778365,4.020608063599147,0.6711837891792177,0.3398277088788913,0.5829474323460833,1.9517373925355799
155,MSE,2000,156,4.597442639961524,3.926210108003635,0.671232531957889,0.37243460860100686,0.6102742077140463,1.7620981963167677
156,MSE,2000,157,4.494302684607207,3.8152187595318803,0.6790839250753262,0.3814882864775477,0.6176473803696958,1.6551369565712988
157,MSE,2000,158,4.291126454717345,3.6794053550020838,0.6117210997152612,0.29873196422973386,0.5465637787392555,1.5713027148939507
158,MSE,2000,159,4.1515373266946165,3.6023474164506935,0.5491899102439232,0.2219269747733327,0.4710912594957931,1.6245341468324
159,MSE,2000,160,4.065808471026447,3.556529005185171,0.509279465841276,0.18197720730377598,0.42658786586561037,1.7502249991259502
160,MSE,2000,161,4.03581717005097,3.5331497625850514,0.502667407465919,0.17013077126876333,0.4124691155332279,1.869788972033707
161,MSE,2000,162,4.009747644221122,3.5061784928091653,0.5035691514119562,0.17472623409852095,0.4180026723581094,1.8995010188965664
162,MSE,2000,163,3.975783654166884,3.4745238747180345,0.5012597794488496,0.17507167153799627,0.41841566837057653,1.947728811044472
163,MSE,2000,164,3.9156025982860156,3.424536587675089,0.4910660106109268,0.1712879483384766,0.41386948225071707,1.9655893495469556
164,MSE,2000,165,3.845443914480344,3.3609489411128104,0.48449497336753344,0.16684123268058365,0.40846203334041176,1.9899552560296794
165,MSE,2000,166,3.710836609483338,3.238752607792351,0.47208400169098724,0.1618850837760513,0.40234945479775575,1.8738988577673759
166,MSE,2000,167,4.505012020705988,4.07507260138917,0.4299394193168174,0.18467444974529248,0.4297376522313265,1.2862107764955422
167,MSE,2000,168,3.651677738127602,3.208381124559931,0.4432966135676712,0.15013608771059528,0.3874739832693226,1.7434632317058005
168,MSE,2000,169,3.4056929303256522,2.9716453985786444,0.43404753174700805,0.14770421655330246,0.38432306273928246,1.401892692687381
169,MSE,2000,170,3.3740699402751937,2.9288538899456804,0.4452160503295134,0.1587159409721904,0.39839169290058046,1.4711055758881706
170,MSE,2000,171,3.2450394758562897,2.8437310252442196,0.40130845061207027,0.1349383312888834,0.36733953134516223,1.349594547099346
171,MSE,2000,172,3.226645763416639,2.8135038710741465,0.4131418923424921,0.14304514273383573,0.37821309170074446,1.287512640120684
172,MSE,2000,173,3.189564780392999,2.7820465362208564,0.40751824417214255,0.13721726097401174,0.37042848294105535,1.3213240541590245
173,MSE,2000,174,3.172354931361542,2.7660859606538346,0.40626897070770746,0.13670982148214636,0.3697429126868375,1.3487516456846507
174,MSE,2000,175,3.1551904841855514,2.7471035665893155,0.4080869175962358,0.13697597175335854,0.3701026502922649,1.3875380849405334
175,MSE,2000,176,3.130545699846744,2.72547864771557,0.4050670521311741,0.13718680162791538,0.37038736699287594,1.3989663551495277
176,MSE,2000,177,3.0637861701177,2.6580769989291726,0.40570917118852723,0.14067323235988022,0.375064304299783,1.4058568470572386
177,MSE,2000,178,2.9637756910333106,2.57368707031284,0.3900886207204708,0.13710834715076267,0.37028144316284967,1.4275053008441052
178,MSE,2000,179,2.840108505456741,2.46321689381789,0.37689161163885115,0.12983001318738693,0.3603193211408277,1.4455391985476438
179,MSE,2000,180,2.6177738397666803,2.2689932321988073,0.34878060756787294,0.11010926035644229,0.3318271543385838,1.6048308421754616
180,MSE,2000,181,2.5811956418330557,2.1874019657791535,0.3937936760539023,0.13582190579889306,0.36854023633640476,1.8160147056498919
181,MSE,2000,182,2.5291615934671556,2.157322713654536,0.3718388798126195,0.12240275558727559,0.349861051829545,1.7289389148789494
182,MSE,2000,183,2.6012880871486996,2.168648049702969,0.43264003744573076,0.1704709850087338,0.41288132073119244,1.821743974550218
183,MSE,2000,184,2.4616550373677697,2.0702629927390372,0.39139204462873256,0.13724644637741093,0.3704678749600442,1.7673431366403909
184,MSE,2000,185,2.449753824552082,2.0401234870139087,0.40963033753817346,0.15186921408085766,0.3897040082945743,1.7801326414517327
185,MSE,2000,186,2.4326389832955337,2.019585608253565,0.4130533750419687,0.15449589014049933,0.3930596521401037,1.8304510025158303
186,MSE,2000,187,2.4181043979886576,2.023580158735122,0.3945242392535355,0.14145460312436414,0.37610451090669483,1.7848120789910178
187,MSE,2000,188,2.401228481793137,2.011166202242522,0.3900622795506152,0.13841483412512845,0.3720414414082502,1.7316932087211734
188,MSE,2000,189,2.371391334377833,1.991503199741995,0.3798881346358382,0.131136207904931,0.3621273365888455,1.6128791385277335
189,MSE,2000,190,2.3424971180736875,1.9672002021040433,0.3752969159696443,0.12779344302560403,0.35748208769895595,1.515406498219188
190,MSE,2000,191,2.283761586917029,1.9277188991380854,0.35604268777894366,0.11998346388019177,0.3463862928584094,1.3042909155668099
191,MSE,2000,192,2.1906827421478727,1.831009660030024,0.3596730821178485,0.12641590082942844,0.35555013827789245,1.1520457238969048
192,MSE,2000,193,2.081669535440734,1.7131809068366055,0.36848862860412857,0.13473574979060862,0.3670636862870102,1.1000779478507043
193,MSE,2000,194,2.335400832489518,1.9887297872718233,0.346671045217695,0.13293895519270316,0.3646079472429299,1.1227660238271324
194,MSE,2000,195,2.039146893517796,1.67792443062241,0.3612224628953859,0.13357127314009865,0.36547403894134345,1.0930894450908692
195,MSE,2000,196,1.950172231383223,1.6159943090284572,0.33417792235476584,0.12605511251894244,0.3550424094653235,1.05494101065742
196,MSE,2000,197,1.8817953952630484,1.5290677132719863,0.35272768199106214,0.1344996313448953,0.36674191380982796,1.1526082713357713
197,MSE,2000,198,1.812433247761295,1.4722274726579985,0.34020577510329647,0.12360289878773925,0.35157203925758834,1.1169757301595358
198,MSE,2000,199,1.724175987605585,1.389369544640276,0.334806442965309,0.12196581791570497,0.34923604899223243,1.1010907658371034
199,MSE,2000,200,1.652469417583402,1.3311486781818813,0.3213207394015207,0.11730089590169955,0.3424921837089126,1.0766556869579693
200,MSE,2000,201,1.6102485284709673,1.3037767064645696,0.30647182200639783,0.11140799092416595,0.33377835598517464,0.9906694495140553
201,MSE,2000,202,1.5760996833757719,1.2528910007482768,0.3232086826274951,0.117170093415914,0.3423011735532234,1.029701714401662
202,MSE,2000,203,1.5645143888032627,1.2342746872236643,0.3302397015795983,0.1214670068163721,0.34852117125989934,1.0350610291387519
203,MSE,2000,204,1.5550874156805405,1.2216246953417338,0.33346272033880664,0.12431669265474188,0.3525857238385325,1.025812534376353
204,MSE,2000,205,1.539263731895282,1.2011232459255514,0.33814048596973056,0.12776567100551717,0.3574432416559546,1.0356119283490075
205,MSE,2000,206,1.5065599902803466,1.1649770975516656,0.34158289272868103,0.13111915378749545,0.36210378869530685,1.0473493517282344
206,MSE,2000,207,1.4620248860688356,1.1242644104436321,0.3377604756252034,0.1291119796146029,0.3593215546200964,1.071235828807389
207,MSE,2000,208,1.415864731946794,1.0860189948114651,0.329845737135329,0.12632278429417582,0.3554191670326402,1.0868215891146282
208,MSE,2000,209,1.3824025525608312,1.070932894664855,0.3114696578959762,0.11601608062183912,0.3406113336661584,1.0734719649351485
209,MSE,2000,210,1.3519668315572457,1.0615644827174346,0.290402348839811,0.10588504360994189,0.32539982115843563,1.0330189721934764
210,MSE,2000,211,1.327911027848476,1.0627092073237987,0.2652018205246774,0.09245272542783582,0.3040603976644045,0.9643155648928705
211,MSE,2000,212,1.3004368051245858,1.0538811603908778,0.24655564473370803,0.08317398814174781,0.2883990085658198,0.8842423094439149
212,MSE,2000,213,1.2776373172093183,1.045856634534969,0.23178068267434931,0.07637535751654075,0.2763609189385155,0.8955549525084641
213,MSE,2000,214,1.258136047536573,1.031848996637694,0.22628705089887907,0.0731965690774379,0.2705486445677337,0.8996899209557827
214,MSE,2000,215,1.2413059209061679,1.0173699352139898,0.22393598569217812,0.07281348605249521,0.2698397414253416,0.9176790454887325
215,MSE,2000,216,1.2172646932256037,0.9965945833447255,0.22067010988087832,0.07258320033285223,0.2694126951961474,0.9510526592849047
216,MSE,2000,217,1.1891189705620073,0.9750136217860644,0.21410534877594295,0.07120779837636992,0.26684789370795103,0.9712691448834585
217,MSE,2000,218,1.126806298198505,0.9281098565309035,0.19869644166760156,0.06864615489148669,0.2620041123560596,0.9675173557081314
218,MSE,2000,219,1.072576578766091,0.8863977053413556,0.18617887342473538,0.0672553987940302,0.25933645866717275,0.9362897277316842
219,MSE,2000,220,1.0328845012796635,0.847958894293008,0.18492560698665553,0.0692242609176048,0.2631050378035449,0.9458635924569143
220,MSE,2000,221,1.0766755369708956,0.9008475906108785,0.17582794636001714,0.06733945966822923,0.2594984771982857,0.9007240692165213
221,MSE,2000,222,1.0175190079245497,0.8373531706203485,0.18016583730420122,0.06817055559833327,0.2610949168374085,0.9253183419279813
222,MSE,2000,223,0.9938200919173794,0.8269515297318075,0.1668685621855719,0.058938474504756685,0.24277247476754174,0.874380692842553
223,MSE,2000,224,0.9833024572429646,0.8157742294998065,0.1675282277431581,0.05877193290928146,0.24242923278615033,0.8928942648397125
224,MSE,2000,225,0.976855730823218,0.8106889319024814,0.16616679892073663,0.05836418768509379,0.2415868119022514,0.8708623925935743
225,MSE,2000,226,0.9699870927410634,0.805552472183643,0.16443462055742047,0.05679441179198752,0.2383157816679112,0.8509835886510153
226,MSE,2000,227,0.9602564709786198,0.7985067360869057,0.1617497348917141,0.05643913911539632,0.23756923015280476,0.8059757084736341
227,MSE,2000,228,0.9471976384570723,0.7935559760210416,0.1536416624360307,0.0539299123284702,0.23222814714945775,0.7736589880397369
228,MSE,2000,229,0.9310485772117028,0.7866137426939616,0.14443483451774122,0.05260465281574778,0.2293570422196532,0.7440355140506281
229,MSE,2000,230,0.9322695913980498,0.8081998222131385,0.12406976918491133,0.0456916977135399,0.21375616415331722,0.650119349224473
230,MSE,2000,231,0.9179793493495102,0.7847415528989519,0.1332377964505583,0.0488484061536232,0.22101675536850865,0.6942252741002055
231,MSE,2000,232,0.8964979255773802,0.77686081805092,0.11963710752646015,0.044098046818706854,0.2099953495168568,0.6765198971462203
232,MSE,2000,233,0.88218015893368,0.7686030822209964,0.11357707671268359,0.04119514851593703,0.20296588017678496,0.7002982777648665
233,MSE,2000,234,0.8759731767026299,0.7655413721255625,0.11043180457706737,0.0410712134813531,0.2026603401787165,0.6929694743958794
234,MSE,2000,235,0.8691577628784294,0.7568065667139606,0.11235119616446874,0.04106180339526066,0.20263712245109644,0.7063405489126124
235,MSE,2000,236,0.8622633563976951,0.7463773737834074,0.11588598261428767,0.04288271337398251,0.20708141725896728,0.6984642992819103
236,MSE,2000,237,0.8544680787704095,0.7350131687674523,0.11945491000295731,0.04458531793302424,0.21115235715715855,0.6850328829156274
237,MSE,2000,238,0.846649126741845,0.7259023087594113,0.12074681798243374,0.04019141578149036,0.20047796831943993,0.768359870236045
238,MSE,2000,239,0.8328095724814903,0.7021605152706926,0.1306490572107978,0.04883785505326851,0.22099288462135722,0.7264181998218173
239,MSE,2000,240,0.8148755963332082,0.6924087531117354,0.12246684322147278,0.045442376492260676,0.21317217569903602,0.7019957866956017
240,MSE,2000,241,0.7983107411716662,0.6830235579464923,0.11528718322517398,0.03953650133064032,0.19883787700194427,0.7150188664870356
241,MSE,2000,242,0.7897225657127896,0.6786820791378615,0.11104048657492814,0.0359422238200769,0.1895843448707643,0.7124958542749034
242,MSE,2000,243,0.781348893691074,0.6708310005247271,0.11051789316634686,0.03439908282089671,0.18546989734427716,0.7166986959576818
243,MSE,2000,244,0.7725138855142729,0.6600778031779482,0.11243608233632475,0.034647412193008764,0.186138153512408,0.7149476413792692
244,MSE,2000,245,0.7650654189115802,0.6517490035576868,0.11331641535389336,0.034931074758312766,0.18689856810129063,0.7204018711273936
245,MSE,2000,246,0.7549927853190195,0.6412463793381329,0.1137464059808866,0.03505600994243527,0.18723250236653696,0.7325029100128568
246,MSE,2000,247,0.7343725761150576,0.6244980359707972,0.10987454014426033,0.03347594331442549,0.1829643225178764,0.7579330386567187
247,MSE,2000,248,0.7099179480051153,0.6026186159847249,0.1072993320203904,0.03246812796002257,0.18018914495613372,0.7829523751982821
248,MSE,2000,249,0.6872021802079747,0.583055560262617,0.10414661994535777,0.03163678312680272,0.17786731888349452,0.7617703084691594
249,MSE,2000,250,0.6537342842607818,0.5496339749488561,0.10410030931192568,0.03237214827834409,0.1799226174730239,0.7552158518246812
250,MSE,2000,251,0.6073363870164833,0.5025527421523461,0.10478364486413716,0.033790680242535724,0.18382241496220128,0.7230214372999546
251,MSE,2000,252,0.571268107783066,0.46335182408778497,0.10791628369528108,0.034885747471629126,0.18677726700974379,0.6832186138657477
252,MSE,2000,253,0.571737680273136,0.45293103123498,0.11880664903815602,0.03927162492697402,0.19817069643863602,0.6435197658760399
253,MSE,2000,254,0.5541227496263893,0.4411795779839823,0.11294317164240698,0.03687527407465897,0.19202935732501678,0.6634000200099448
254,MSE,2000,255,0.5388982976790442,0.4254267135501854,0.1134715841288588,0.035279410691690286,0.18782814137314538,0.6727813448658577
255,MSE,2000,256,0.5212505744294723,0.41089366860568716,0.11035690582378514,0.03445014137741154,0.18560749278359304,0.6485972713939065
256,MSE,2000,257,0.5146108393127503,0.40368670965790066,0.11092412965484966,0.03459345101168594,0.18599314775465772,0.6705805370825564
257,MSE,2000,258,0.5051577184202113,0.3938934839552246,0.1112642344649867,0.03424846606360743,0.1850634109261132,0.6840795698678914
258,MSE,2000,259,0.4960218338771057,0.3858652922964853,0.1101565415806204,0.03356530042052804,0.18320835248570969,0.6985030263178273
259,MSE,2000,260,0.48689492078998353,0.37846836116423543,0.10842655962574811,0.033436623950848565,0.18285684004392225,0.6940201926974021
260,MSE,2000,261,0.48188896171392576,0.372988304307647,0.10890065740627876,0.03436652325365331,0.18538210068303065,0.6735570482546542
261,MSE,2000,262,0.477242741954739,0.36837361079208547,0.10886913116265352,0.03475936674430156,0.18643864069527422,0.6693087733158127
262,MSE,2000,263,0.47303421503738513,0.3638148239973811,0.10921939104000405,0.03525715438193544,0.18776888555331908,0.6643006220620455
263,MSE,2000,264,0.4688077413275105,0.3593430984706403,0.10946464285687024,0.03507689740001728,0.1872882735251123,0.683866156641799
264,MSE,2000,265,0.4615254410387442,0.3515765185223989,0.10994892251634529,0.034876908773227515,0.18675360444507494,0.7017721350248336
265,MSE,2000,266,0.4525873724251129,0.342573164873551,0.1100142075515619,0.033821970659162814,0.1839075057173111,0.7400445781436149
266,MSE,2000,267,0.44247170126413254,0.3338771527533951,0.10859454851073745,0.03297931050936746,0.18160206636866075,0.7640770465969078
267,MSE,2000,268,0.4265910181524037,0.3201059144033228,0.10648510374908088,0.032107459797085035,0.17918554572589004,0.7704874303416176
268,MSE,2000,269,0.42279790285418317,0.3115820205402586,0.11121588231392462,0.033635775551803956,0.1834005876539221,0.8089552058998204
269,MSE,2000,270,0.4166179248046013,0.3078445164800579,0.1087734083245434,0.032790834947259005,0.181082398225943,0.7923851918175693
270,MSE,2000,271,0.4076061753805247,0.29611759265139265,0.11148858272913206,0.03585178419836224,0.18934567383059545,0.7430104506052528
271,MSE,2000,272,0.3958857949255533,0.2836605030075285,0.11222529191802483,0.03527641661274593,0.1878201709421699,0.7712293703202326
272,MSE,2000,273,0.3887058272135133,0.27742858238631235,0.111277244827201,0.03478260739014125,0.18650095814805148,0.7664718379328979
273,MSE,2000,274,0.37755391481434997,0.26553146920253506,0.1120224456118149,0.03506095798330459,0.18724571552723066,0.7692630515655279
274,MSE,2000,275,0.36987541502227533,0.2589656013252508,0.11090981369702452,0.03447572912568454,0.18567640971777902,0.7674659533830916
275,MSE,2000,276,0.3650564570213827,0.2537424740278399,0.11131398299354277,0.03475633085462814,0.186430498724399,0.7521780794613533
276,MSE,2000,277,0.36328109661105285,0.25198920854564644,0.1112918880654064,0.035093984874299246,0.18733388608124063,0.7440256958059321
277,MSE,2000,278,0.36202936838987326,0.2509791467893022,0.11105022160057103,0.03540320806722581,0.18815740237159367,0.7349580591516611
278,MSE,2000,279,0.35981623874584967,0.24971838490435935,0.1100978538414903,0.035619186588775206,0.1887304601509126,0.7194266981476773
279,MSE,2000,280,0.3572910392046887,0.24786659955858772,0.10942443964610098,0.036155924033750585,0.19014711155773728,0.6944726156674927
280,MSE,2000,281,0.3560378871433436,0.24636011089870358,0.10967777624464006,0.03635595174385501,0.19067236754143221,0.684681485082796
281,MSE,2000,282,0.3540288187099968,0.24314172084869584,0.11088709786130094,0.03676071215382512,0.1917308325591508,0.6739455642624637
282,MSE,2000,283,0.3514864125595175,0.24312739511704692,0.1083590174424706,0.035413077717075185,0.18818362765414845,0.6738119793645794
283,MSE,2000,284,0.34627875383889284,0.23429107606397442,0.11198767777491844,0.03728481987890369,0.19309277531514143,0.6604465036592289
284,MSE,2000,285,0.33734712727062843,0.22553965045689356,0.11180747681373489,0.03721131248464333,0.1929023392409831,0.6650593219534615
285,MSE,2000,286,0.3135783471806187,0.20984637249299604,0.10373197468762267,0.03383656051516562,0.1839471677280344,0.6597299109026746
286,MSE,2000,287,0.3225995465633593,0.2310786446878056,0.09152090187555373,0.0276052437209318,0.16614825825428264,0.6676077620240508
287,MSE,2000,288,0.3032815105962009,0.20606518490365636,0.09721632569254456,0.030513341288268863,0.1746806837869284,0.6618473682196098
288,MSE,2000,289,0.2868936517804406,0.19602585420575871,0.09086779757468187,0.028413527802407856,0.16856312705454848,0.6458214262106377
289,MSE,2000,290,0.27959511278098015,0.19273795191319035,0.08685716086778977,0.028013592230182568,0.16737261493500832,0.6299774995629237
290,MSE,2000,291,0.275357198816956,0.1893725859014481,0.08598461291550791,0.027518781370226432,0.1658878578143272,0.6238308210811374
291,MSE,2000,292,0.2742308376321798,0.1879097704387974,0.08632106719338242,0.027069854886491836,0.16452919159374677,0.624591859413907
292,MSE,2000,293,0.27265376923246365,0.18643060573537787,0.08622316349708575,0.026600921553713096,0.16309788948270634,0.6323273725807752
293,MSE,2000,294,0.27219683989461985,0.18627536050200577,0.08592147939261408,0.02652184070006431,0.16285527532156982,0.6295640769884665
294,MSE,2000,295,0.27194857021447727,0.18588162190094296,0.08606694831353429,0.02661635595255127,0.16314519898713314,0.6311767151127041
295,MSE,2000,296,0.27175612250692555,0.18570274315444996,0.08605337935247558,0.026545377047430152,0.16292752084110945,0.6313323242978313
296,MSE,2000,297,0.271525662496071,0.18537367448590428,0.08615198801016671,0.026547685905134788,0.16293460622327838,0.6324923637101401
297,MSE,2000,298,0.2709953046473762,0.18475389755960364,0.08624140708777257,0.02661193628704792,0.16313165323458204,0.6312958588845072
298,MSE,2000,299,0.2700195542224578,0.1836681649683134,0.08635138925414441,0.026702192360793586,0.16340805476106002,0.6294584907059397
299,MSE,2000,300,0.2678776444560457,0.18178809215236394,0.0860895523036818,0.026719825465067442,0.1634620000644414,0.6245586568286319
300,MSE,2000,301,0.2639601570337726,0.1788229838276889,0.08513717320608372,0.02651502769045195,0.16283435660342674,0.6167303234804655
301,MSE,2000,302,0.2585075505079429,0.17570362553968796,0.08280392496825492,0.025839755329254033,0.1607474893404374,0.6037654076653691
302,MSE,2000,303,0.25201748548032443,0.17239979363135072,0.07961769184897372,0.025158738714564484,0.15861506458897429,0.5816917530723553
303,MSE,2000,304,0.25272563846276563,0.1788596927064441,0.07386594575632151,0.022656652547866904,0.15052126942019492,0.5787097919850503
304,MSE,2000,305,0.24801727899134812,0.17172083504457333,0.07629644394677478,0.023775108887947077,0.1541917925440491,0.5800232087549966
305,MSE,2000,306,0.24202431818914183,0.16924309829407747,0.07278121989506438,0.022887333737078564,0.15128560320492682,0.5824650394021269
306,MSE,2000,307,0.23787682571743915,0.16729972376812832,0.07057710194931083,0.02184666807199389,0.14780618414665161,0.5831340497589066
307,MSE,2000,308,0.23512541945644144,0.16371916290393046,0.07140625655251098,0.022197142145091227,0.14898705361571263,0.5907198068791706
308,MSE,2000,309,0.23345601144183603,0.1628187706066713,0.07063724083516475,0.02187348965808971,0.14789688860178807,0.5885122490622865
309,MSE,2000,310,0.23132130609563745,0.1623716217530282,0.06894968434260924,0.021148842294913144,0.14542641539594223,0.5902898429183283
310,MSE,2000,311,0.2299504948127402,0.1615986691031542,0.068351825709586,0.020997308348256187,0.14490448008345425,0.5963627834578453
311,MSE,2000,312,0.22930580837900114,0.16107674175203726,0.06822906662696387,0.021071551595727562,0.14516043398849277,0.6021954326932293
312,MSE,2000,313,0.22882736008720178,0.16102183561031538,0.06780552447688638,0.020826940052824244,0.14431541862470637,0.5982599169150102
313,MSE,2000,314,0.2283822851114676,0.16097290669825867,0.06740937841320893,0.020530196249819836,0.14328362170820444,0.5938871486601438
314,MSE,2000,315,0.22801130896836502,0.1608865766790394,0.06712473228932561,0.02021801749021369,0.14219007521699145,0.5851215185373295
315,MSE,2000,316,0.22756067104446737,0.16021972429389006,0.06734094675057732,0.019991905533439023,0.14139273508012717,0.5789893868594822
316,MSE,2000,317,0.22717262797722437,0.15944892479754644,0.06772370317967795,0.0198730195688228,0.14097169775817697,0.5717057371185437
317,MSE,2000,318,0.22680461620929404,0.15865415681248116,0.06815045939681288,0.019883946037504933,0.14101044655451925,0.5662091565715004
318,MSE,2000,319,0.22629183452474172,0.1578322976459141,0.06845953687882761,0.019924264235124122,0.14115333589796636,0.5628086620396582
319,MSE,2000,320,0.22532151492874242,0.15658459582832296,0.06873691910041946,0.02013135245926565,0.14188499730156692,0.5661911153537358
320,MSE,2000,321,0.22535793103978963,0.15659341398363733,0.06876451705615229,0.019792244419353195,0.1406849118397321,0.5494339751652175
321,MSE,2000,322,0.22441363523458668,0.15572132299776953,0.06869231223681715,0.01993498599924662,0.1411913099282198,0.557662026506633
322,MSE,2000,323,0.2222623311893293,0.15362319648870582,0.06863913470062348,0.020295619325057114,0.14246269450300705,0.5745492060795514
323,MSE,2000,324,0.21956898019571935,0.1510595560248111,0.06850942417090825,0.02074985540493165,0.14404810101119572,0.5936536838488382
324,MSE,2000,325,0.21801543306214544,0.14988264686330316,0.06813278619884228,0.020898714500865116,0.14456387688791802,0.6020256107295046
325,MSE,2000,326,0.21677062397008712,0.1488640330292193,0.0679065909408678,0.02069520989827649,0.1438582979819951,0.6003164133900576
326,MSE,2000,327,0.21514888130613571,0.1477869946834129,0.06736188662272283,0.02014085892928901,0.14191849396498332,0.5867537164675682
327,MSE,2000,328,0.21307609705859643,0.14587758449512392,0.06719851256347252,0.019769381070656136,0.1406036310720891,0.5735993130898414
328,MSE,2000,329,0.20956896119639412,0.14311554797424758,0.06645341322214654,0.019280544848462748,0.13885440161717147,0.5563181870439835
329,MSE,2000,330,0.20494889344100148,0.13867156086216303,0.06627733257883844,0.019267727862444645,0.1388082413347444,0.5484363464812194
330,MSE,2000,331,0.20032360391587567,0.13460764429807276,0.06571595961780291,0.01927835561687328,0.13884651820219793,0.5534642832569499
331,MSE,2000,332,0.19593927355816318,0.13105963311618893,0.06487964044197425,0.01958790726091162,0.13995680498250745,0.5644039593343719
332,MSE,2000,333,0.19365506642294966,0.1289273089918159,0.06472775743113378,0.01944200987698968,0.13943460788839218,0.5688719542278586
333,MSE,2000,334,0.19116913625099788,0.12740293095710495,0.06376620529389293,0.019112574757783173,0.13824823600242853,0.5646092060242958
334,MSE,2000,335,0.18982177870067013,0.12619083995741642,0.0636309387432537,0.01904133601885544,0.13799034755683254,0.5560865350499347
335,MSE,2000,336,0.1884904698397073,0.12478745091307228,0.063703018926635,0.019118467905978532,0.13826954800670513,0.5504487759925136
336,MSE,2000,337,0.187657541510292,0.12382268917044684,0.06383485233984515,0.019183887453432035,0.13850591125808326,0.5516770997190172
337,MSE,2000,338,0.18692129009002628,0.12305045935617308,0.06387083073385322,0.01935976940545242,0.1391393884040476,0.556402255871641
338,MSE,2000,339,0.18646950303555218,0.12259155864865266,0.06387794438689952,0.019474422885352984,0.1395507896264044,0.5632203330877998
339,MSE,2000,340,0.18578037353339244,0.12206882680676759,0.06371154672662484,0.01951828043779234,0.13970783957170171,0.5700006465726015
340,MSE,2000,341,0.18497759172175815,0.12050372665716019,0.06447386506459796,0.020308723860626227,0.14250867994836744,0.5957449627894369
341,MSE,2000,342,0.1837332035199683,0.11993832836332158,0.06379487515664671,0.019896748951071522,0.14105583628858298,0.5924118894186603
342,MSE,2000,343,0.1821720897474514,0.11795523999815843,0.06421684974929295,0.020237100540462707,0.14225716340649672,0.5931302660709563
343,MSE,2000,344,0.18106578919468053,0.11690906008529707,0.06415672910938344,0.01997931788101694,0.14134821499055777,0.5849426439974255
344,MSE,2000,345,0.17989619265098483,0.11570526634225047,0.06419092630873437,0.020005190782261054,0.1414397072333687,0.5817050044444185
345,MSE,2000,346,0.17776312695246038,0.11386421747848499,0.0638989094739754,0.019992009383956944,0.1413931023210006,0.5816774426432825
346,MSE,2000,347,0.1750730265208249,0.11238586386262292,0.06268716265820198,0.01916440002225961,0.13843554464897953,0.5735171766642715
347,MSE,2000,348,0.1716593504541436,0.11134506264245438,0.06031428781168924,0.018582586504760145,0.13631796104974628,0.5798206449546202
348,MSE,2000,349,0.16863984582213254,0.10934273085397012,0.05929711496816244,0.018417099394716367,0.13570961423096142,0.5902953209225341
349,MSE,2000,350,0.16639026929358358,0.10807984796338334,0.05831042133020023,0.017806184321422405,0.13343981535292382,0.5879769582795165
350,MSE,2000,351,0.16531382254261806,0.10769558807971023,0.057618234462907834,0.017381687557619423,0.13183962817612702,0.5825635785489238
351,MSE,2000,352,0.16428765530617573,0.1081127960252239,0.05617485928095182,0.01618614770214933,0.12722479201063497,0.5597219467757384
352,MSE,2000,353,0.16371411376017161,0.10800998850524277,0.055704125254928856,0.015879124856284694,0.1260123996132313,0.5509331792193324
353,MSE,2000,354,0.16339116228623338,0.10810249648373199,0.05528866580250138,0.015731097431015334,0.12542367173311159,0.5490192917984817
354,MSE,2000,355,0.16311244464701474,0.10798374459660606,0.05512870005040868,0.015546991359615795,0.12468757500094303,0.544313402692707
355,MSE,2000,356,0.16288196612699843,0.10770006893426574,0.05518189719273268,0.01555654109551299,0.12472586377938213,0.5430235957369591
356,MSE,2000,357,0.16268960628255308,0.10738123806998438,0.05530836821256868,0.015466861824556876,0.12436583865578552,0.5374265228358923
357,MSE,2000,358,0.1625551532771921,0.10730043167583679,0.05525472160135531,0.01523045333170493,0.12341172282933632,0.5256241598000639
358,MSE,2000,359,0.16263821735379663,0.10752238719502256,0.055115830158774075,0.015312710911352122,0.12374453891526738,0.5222972084646527
359,MSE,2000,360,0.16235782481089317,0.10718188607934594,0.05517593873154722,0.015257810771222199,0.12352251119217986,0.5240905205074546
360,MSE,2000,361,0.1621947043979507,0.10700934035969342,0.055185364038257266,0.015288732594333746,0.12364761459216973,0.5256858390494634
361,MSE,2000,362,0.16187616814737982,0.10675626384762227,0.05511990429975754,0.015399772864533383,0.1240958213016594,0.5313835760220513
362,MSE,2000,363,0.16131383285547468,0.10617527817104651,0.055138554684428166,0.015539112270303631,0.1246559756702567,0.5334645724532718
363,MSE,2000,364,0.16043441875047473,0.10546146427686992,0.05497295447360482,0.015652170772383903,0.12510863588251572,0.5364209864364686
364,MSE,2000,365,0.15787882341458245,0.10364220227331229,0.05423662114127017,0.015768450256380764,0.12557249004611146,0.537716916208455
365,MSE,2000,366,0.15490714397816369,0.10203452402810569,0.052872619950058,0.015463871633116022,0.12435381631906607,0.5333836902444866
366,MSE,2000,367,0.16190553219077986,0.11189407666935679,0.05001145552142306,0.01453447388106521,0.12055900580655603,0.5093883647997646
367,MSE,2000,368,0.15360542065482113,0.10181620526956062,0.05178921538526052,0.01507897765008507,0.12279648875307905,0.5261841358364108
368,MSE,2000,369,0.15067255706611632,0.10065944539487713,0.05001311167123919,0.014173498372437122,0.11905250258787978,0.5147683069630231
369,MSE,2000,370,0.1493106808115934,0.09886046414915729,0.05045021666243611,0.014130864606878055,0.11887331326617448,0.5110607824538014
370,MSE,2000,371,0.14847216311415054,0.09854627476056133,0.049925888353589215,0.013861105191400073,0.11773319494263321,0.503174461723495
371,MSE,2000,372,0.14776789239498803,0.09792969339677471,0.04983819899821331,0.013895538880211413,0.11787934034516571,0.5081257684407388
372,MSE,2000,373,0.14719340124943517,0.09703488662963808,0.0501585146197971,0.014272438121151676,0.11946730984311849,0.521912472842168
373,MSE,2000,374,0.14680634828675096,0.09717754861777277,0.049628799668978194,0.014182107348738234,0.11908865331650297,0.521309496068906
374,MSE,2000,375,0.14643714053238474,0.09720537239408682,0.049231768138297924,0.014155676544459744,0.118977630437237,0.5220982497045172
375,MSE,2000,376,0.14608435974491266,0.09732800889994428,0.04875635084496838,0.014276756750009932,0.11948538299729357,0.522297226153587
376,MSE,2000,377,0.14577751710661707,0.09690104020006257,0.048876476906554514,0.014286864407151005,0.11952767213976438,0.5219536087449272
377,MSE,2000,378,0.1454570018623941,0.09651053292996069,0.04894646893243341,0.014194693136662393,0.11914148369339032,0.5198574958517574
378,MSE,2000,379,0.14499140677445102,0.09591917839628276,0.04907222837816826,0.014153396386244261,0.11896804775335376,0.519634094050391
379,MSE,2000,380,0.1445128775409224,0.09564497156745501,0.048867905973467386,0.013968985003976834,0.11819046071480065,0.5192834506874804
380,MSE,2000,381,0.14423963313740926,0.09558416607130142,0.04865546706610783,0.013917727394689126,0.11797341816989591,0.5212585676259591
381,MSE,2000,382,0.14402972117520138,0.09563389581443539,0.04839582536076599,0.013814329856921558,0.11753437734093612,0.5213978836626292
382,MSE,2000,383,0.14376792425401344,0.09583152085602098,0.047936403397992454,0.013648203946204748,0.11682552780195238,0.5203822115574526
383,MSE,2000,384,0.14348574575671752,0.09584099892092933,0.047644746835788204,0.013479866390614482,0.11610282679855165,0.5177377372274732
384,MSE,2000,385,0.14312115667838712,0.09574252803333762,0.04737862864504951,0.013253880577360254,0.11512549924912488,0.5124610708124906
385,MSE,2000,386,0.14238778209287492,0.09533197041459145,0.047055811678283474,0.01300456320812507,0.11403755174557664,0.506425209465259
386,MSE,2000,387,0.14228454760619433,0.0959500236076537,0.04633452399854062,0.012299329867949505,0.110902343834337,0.48161857525089724
387,MSE,2000,388,0.1415550390201099,0.09499204279558532,0.04656299622452458,0.012571122886855643,0.11212101893425533,0.4936211761893774
388,MSE,2000,389,0.13997902876759538,0.09492777526473087,0.04505125350286453,0.01194103736752039,0.10927505372920386,0.48043857987424454
389,MSE,2000,390,0.13766344464314326,0.09226084012575529,0.04540260451738796,0.012235360526984259,0.11061356393763044,0.4922642329621274
390,MSE,2000,391,0.13579111287150916,0.09075571741175797,0.045035395459751194,0.01237476967863303,0.11124194208405852,0.4959441055679905
391,MSE,2000,392,0.13463622765892377,0.08979166443323228,0.04484456322569149,0.012693985243785818,0.11266758737004098,0.4985313947175025
392,MSE,2000,393,0.13475765770479614,0.09090946366462788,0.04384819404016825,0.012624523036312875,0.11235890279062391,0.4952862623030958
393,MSE,2000,394,0.13374401535565894,0.08944879323755617,0.04429522211810276,0.012635677778331548,0.1124085307186761,0.497008973006253
394,MSE,2000,395,0.13307895274449016,0.08850102211105756,0.044577930633432586,0.012578225901985766,0.11215269012371377,0.4991488992477353
395,MSE,2000,396,0.1322726140337436,0.08814680566948331,0.044125808364260284,0.012349090426013775,0.11112646141227468,0.4955072922427348
396,MSE,2000,397,0.1312255543984345,0.08778036602389258,0.04344518837454192,0.012046209182624761,0.10975522394230154,0.48894937565130236
397,MSE,2000,398,0.13009258838438809,0.08689912999143591,0.04319345839295218,0.011904373662803997,0.10910716595533035,0.4889670478982393
398,MSE,2000,399,0.12940459691805328,0.08641959900258483,0.042984997915468434,0.011728499114976726,0.10829819534496743,0.4861490841675611
399,MSE,2000,400,0.1291379812587629,0.08642095123140422,0.042717030027358695,0.011403338854576632,0.10678641699475,0.4728031011591143
400,MSE,2000,401,0.1289345059061343,0.08584186693808284,0.043092638968051475,0.011539327438673539,0.10742126157643811,0.4772383414261725
401,MSE,2000,402,0.1288262716414552,0.08594200622261479,0.0428842654188404,0.011493884305467203,0.10720953458283085,0.47637562597604877
402,MSE,2000,403,0.12869549774114064,0.08576155261536506,0.04293394512577558,0.011511604690969603,0.10729214645522571,0.4767641786904995
403,MSE,2000,404,0.12864267293355935,0.08568945663006665,0.04295321630349269,0.011526475251608374,0.10736142347979731,0.47726416133905714
404,MSE,2000,405,0.12855974394417435,0.08558920262947264,0.04297054131470171,0.011491623967310852,0.10719899238010987,0.4765858053255183
405,MSE,2000,406,0.12849359362528864,0.08552587796467574,0.0429677156606129,0.011467539196386359,0.10708659671679906,0.4764572288219293
406,MSE,2000,407,0.12840705905012786,0.08544529994714452,0.042961759102983346,0.011429224978712217,0.10690755342216104,0.47574537759542945
407,MSE,2000,408,0.1282148257314203,0.0851955044883098,0.04301932124311049,0.011419366707251589,0.10686143695108909,0.47599254949799663
408,MSE,2000,409,0.12793898833407097,0.08499554582073951,0.042943442513331445,0.011267530704795001,0.10614862554359808,0.4697531297230215
409,MSE,2000,410,0.1276001797155426,0.08452885229270928,0.043071327422833344,0.011313092591326235,0.10636302266918816,0.47139952702752996
410,MSE,2000,411,0.12726679514387623,0.0842258753494219,0.043040919794454346,0.011327528776401849,0.10643086383376699,0.47171358832427135
411,MSE,2000,412,0.1266469618066362,0.08382187799316593,0.04282508381347027,0.011224874396181956,0.10594750773936099,0.4679030815350531
412,MSE,2000,413,0.12582321992784598,0.0831941899304105,0.04262902999743547,0.011136608559315026,0.10553013104945443,0.4641234283090925
413,MSE,2000,414,0.1248003257963248,0.0828970219772696,0.0419033038190552,0.010976342240788736,0.10476804016869236,0.45659297647803765
414,MSE,2000,415,0.12348633528221514,0.08144305699944415,0.042043278282770984,0.011259788660260893,0.1061121513317909,0.46687894124107965
415,MSE,2000,416,0.12252398121529959,0.08086800407997291,0.04165597713532667,0.0111152513625835,0.10542889244691656,0.4663142001991547
416,MSE,2000,417,0.12178179959348275,0.08077168344177355,0.0410101161517092,0.010973137051829684,0.10475274245493377,0.46472818448811504
417,MSE,2000,418,0.12094180372749297,0.07995382109056359,0.040987982636929376,0.010941642815533842,0.10460230788818113,0.4657167064440939
418,MSE,2000,419,0.1199949887036757,0.07948323132169136,0.04051175738198434,0.010727744381789191,0.10357482503866078,0.4584798810402
419,MSE,2000,420,0.11820731595042819,0.07912954433816313,0.03907777161226505,0.010050791381426952,0.10025363525292713,0.4350519065794378
420,MSE,2000,421,0.11710830121517368,0.07832515228259393,0.03878314893257976,0.009935965665075826,0.09967931412823738,0.4340580543758912
421,MSE,2000,422,0.116067911307277,0.07814916990621762,0.03791874140105939,0.009806212677344696,0.09902632315371855,0.43539037535897407
422,MSE,2000,423,0.11526105654199847,0.07803421387154177,0.03722684267045671,0.009768048598050095,0.09883343866349129,0.43903128640407285
423,MSE,2000,424,0.1148205181273437,0.07771426159187315,0.03710625653547054,0.010049459979829213,0.10024699486682487,0.449984224078678
424,MSE,2000,425,0.11406194377105039,0.07701292856500494,0.037049015206045456,0.010034060105632795,0.10017015576324514,0.451614828874936
425,MSE,2000,426,0.11350971176281686,0.07673309452908343,0.03677661723373343,0.009934427647151366,0.09967159899967175,0.45044517271280915
426,MSE,2000,427,0.11324878915542758,0.07618458534190804,0.03706420381351954,0.010038264554490042,0.10019114009976153,0.45434809694799494
427,MSE,2000,428,0.11307994679304974,0.07621804557305666,0.03686190121999308,0.009987740137045242,0.09993868188567048,0.4526671605119068
428,MSE,2000,429,0.11294163008487235,0.07617688831442365,0.0367647417704487,0.009892068081819026,0.09945887633499097,0.4491753893445556
429,MSE,2000,430,0.11276021295925909,0.07611850445198604,0.03664170850727306,0.009697827136847598,0.09847754635878982,0.4415006749045731
430,MSE,2000,431,0.11265225680817118,0.076300412297012,0.036351844511159186,0.009472066296258184,0.0973245410791039,0.43238968158064983
431,MSE,2000,432,0.11247121305143729,0.0761450938818411,0.03632611916959618,0.009439039841492044,0.09715472114875347,0.430832514902721
432,MSE,2000,433,0.11235199570637057,0.07609002601293982,0.03626196969343075,0.009388665973747148,0.09689512874106287,0.4283882019636973
433,MSE,2000,434,0.11225589414746781,0.07601349167919162,0.036242402468276196,0.00934644760235936,0.09667702727307743,0.4259511828346376
434,MSE,2000,435,0.1121431836755101,0.07595264262089237,0.03619054105461774,0.009291259299445671,0.096391178535412,0.4227356379393723
435,MSE,2000,436,0.11200449521257982,0.07589240510123382,0.036112090111346,0.009259373559495125,0.09622563878455224,0.42062083014881146
436,MSE,2000,437,0.11182363812156779,0.07577585521888755,0.036047782902680243,0.009222990355742105,0.09603640120153453,0.4180903237628115
437,MSE,2000,438,0.11161203377155407,0.07582371188482696,0.03578832188672711,0.009274595383378879,0.09630470073355131,0.42011365069212303
438,MSE,2000,439,0.11139273361845989,0.07576359966501077,0.035629133953449126,0.009206504781044967,0.0959505329898952,0.4171916297796221
439,MSE,2000,440,0.11112942205563008,0.07567732885985563,0.03545209319577444,0.009203875964358382,0.09593683319955053,0.4185746609949259
440,MSE,2000,441,0.11070911946515424,0.07560888710345193,0.03510023236170232,0.00913377348718053,0.09557077737038938,0.4198219215112964
441,MSE,2000,442,0.11029038965077438,0.07525934806806195,0.03503104158271243,0.009117491646816632,0.09548555726818916,0.42172743229212717
442,MSE,2000,443,0.10967753238209724,0.07459259229606181,0.03508494008603543,0.009208209519777116,0.09595941600373105,0.42559988254482084
443,MSE,2000,444,0.10915741664305817,0.07403993509775658,0.035117481545301595,0.009261758367860298,0.09623802973804221,0.42558965491373657
444,MSE,2000,445,0.10860545101526013,0.07343461534616037,0.03517083566909976,0.009289845141805206,0.0963838427424701,0.4266858490961396
445,MSE,2000,446,0.10775276599955072,0.07247746128529248,0.035275304714258236,0.009368079129007837,0.09678883783271622,0.42983442372772407
446,MSE,2000,447,0.10742726535556898,0.07215746775299932,0.03526979760256966,0.009413819028392325,0.09702483717271741,0.4315203400948149
447,MSE,2000,448,0.10719219862390703,0.07186634920209947,0.03532584942180755,0.009484432757759747,0.09738805243847803,0.4318291102297054
448,MSE,2000,449,0.10706924099991144,0.07186534810319163,0.03520389289671982,0.009388966314334777,0.09689667855161382,0.429911829774555
449,MSE,2000,450,0.10696563844565493,0.07172435033449179,0.03524128811116314,0.009404400045044023,0.09697628599324694,0.42997836730396743
450,MSE,2000,451,0.1068951502228134,0.07161209987002777,0.03528305035278563,0.009425702010025178,0.09708605466299049,0.4302353553660003
451,MSE,2000,452,0.10680688701350563,0.07148453194109125,0.03532235507241437,0.009447905711177108,0.09720033801987063,0.4302559926159786
452,MSE,2000,453,0.10670990071482298,0.07133686271073764,0.03537303800408534,0.009468654205026475,0.0973070100507999,0.43050134130666207
453,MSE,2000,454,0.10657985846008135,0.0711857359530902,0.035394122506991144,0.009462133241291441,0.09727349711659102,0.4294723655209429
454,MSE,2000,455,0.10642008171631404,0.0709342182239684,0.03548586349234562,0.009472402767525022,0.09732626966818887,0.42886831038983786
455,MSE,2000,456,0.10620411758720023,0.070611245090553,0.035592872496647235,0.009418472506475912,0.09704881506992197,0.4256326906111747
456,MSE,2000,457,0.10600792805091296,0.070278493831685,0.03572943421922796,0.009398453337787096,0.09694562051886148,0.42414876288397174
457,MSE,2000,458,0.1058910811688786,0.07017028114639019,0.03572080002248841,0.009325058098424266,0.09656634040090918,0.4219076873084977
458,MSE,2000,459,0.10579406835925348,0.07013581220876973,0.03565825615048374,0.009272253820705303,0.09629254291327706,0.4206296457405938
459,MSE,2000,460,0.10565028650196023,0.07011444121080708,0.035535845291153154,0.009198386940290605,0.0959082214426407,0.4183494083313004
460,MSE,2000,461,0.10545789405108198,0.07007029640924314,0.03538759764183884,0.009126034194774073,0.09553027894219755,0.41655735654926396
461,MSE,2000,462,0.10513573125873209,0.07001774553303486,0.03511798572569723,0.008979787212208355,0.094761739178892,0.4180463899504958
462,MSE,2000,463,0.10492365171403782,0.07013712103294034,0.03478653068109748,0.008865057054140008,0.0941544319410404,0.4139849851288031
463,MSE,2000,464,0.10460636733444156,0.06999897120847795,0.03460739612596362,0.008761293781819914,0.09360178300555985,0.41685260478940744
464,MSE,2000,465,0.10423333330185243,0.06975658210319334,0.03447675119865909,0.008678216460056334,0.0931569453130379,0.41966752373550475
465,MSE,2000,466,0.10354790550076085,0.06939125272776406,0.034156652772996794,0.008573573009317072,0.09259359054123062,0.4157172075237887
466,MSE,2000,467,0.10261483896091886,0.06889849642290719,0.033716342538011666,0.008410605163705396,0.09170935156081629,0.41526661297380807
467,MSE,2000,468,0.10136885788319164,0.06825089872538966,0.03311795915780198,0.008252043102169381,0.09084075683397504,0.4053683825417229
468,MSE,2000,469,0.09984591331081008,0.06731930479245357,0.0325266085183565,0.008133458724267498,0.09018569024112139,0.3931795065058883
469,MSE,2000,470,0.09856475819051325,0.06638883103625723,0.03217592715425601,0.008124050525019754,0.09013351499314644,0.3868054328132846
470,MSE,2000,471,0.09715677412938598,0.0652389016535746,0.031917872475811376,0.008111663934515706,0.09006477632524108,0.3862419483619983
471,MSE,2000,472,0.09554431408014909,0.06433664282278972,0.031207671257359366,0.007995114086712543,0.08941540184281757,0.38276089221642984
472,MSE,2000,473,0.09396497154135589,0.06373942870494917,0.03022554283640671,0.0075918245223265055,0.08713107667374773,0.3866735670199747
473,MSE,2000,474,0.09374235769729147,0.06415262711630372,0.02958973058098775,0.007426661674987143,0.08617808117489703,0.3739922411904173
474,MSE,2000,475,0.09278354001915229,0.06432082509400007,0.028462714925152222,0.007008051588881055,0.08371410627176913,0.369379000142798
475,MSE,2000,476,0.09219867301672541,0.06347993785184373,0.02871873516488168,0.007097861305549737,0.0842488059591929,0.3738304186057809
476,MSE,2000,477,0.0918329562721782,0.06305701941078813,0.02877593686139007,0.0071608247839737,0.0846216567078056,0.36809671370663966
477,MSE,2000,478,0.09116025722862793,0.06307782522118803,0.0280824320074399,0.006989827039864535,0.08360518548430196,0.36195903921617345
478,MSE,2000,479,0.09042935931347104,0.06334479074743256,0.02708456856603849,0.00668651821259542,0.0817711331252993,0.35335757224696296
479,MSE,2000,480,0.08978772512282689,0.0631389099440271,0.026648815178799783,0.0065918209373390995,0.0811900297902341,0.35180787627717214
480,MSE,2000,481,0.08946881937217428,0.06365823910751028,0.025810580264664002,0.006446803588653978,0.08029198956716653,0.35815108422937403
481,MSE,2000,482,0.08911750481756708,0.06324082666036097,0.02587667815720611,0.006370379856780514,0.0798146594102895,0.36158921942103195
482,MSE,2000,483,0.0887302779379157,0.06284827330841296,0.025882004629502738,0.006354364985438682,0.07971427090200776,0.35844394083634246
483,MSE,2000,484,0.08830532862172175,0.06282371868533485,0.025481609936386894,0.0062449573357963644,0.07902504245994661,0.359595633397233
484,MSE,2000,485,0.08785461735884201,0.06259870186488126,0.025255915493960748,0.006161050993465419,0.07849236264417972,0.3638173657062378
485,MSE,2000,486,0.08758932643723061,0.06254565286840555,0.02504367356882506,0.006090672033834798,0.07804275772827865,0.36779690301084056
486,MSE,2000,487,0.08744013612760086,0.06213951174609736,0.025300624381503507,0.006187307457745683,0.07865943972433113,0.3656331178976737
487,MSE,2000,488,0.0871957711359679,0.06203267263156027,0.025163098504407618,0.006176355120125147,0.07858979017738339,0.3632244757020082
488,MSE,2000,489,0.08706348247301202,0.06202988160265277,0.02503360087035925,0.006231308739045018,0.07893863907520207,0.35891861353774734
489,MSE,2000,490,0.08693048039103399,0.06207549626484512,0.024854984126188875,0.006275465422584646,0.07921783525560798,0.35249309465632095
490,MSE,2000,491,0.08678019016947501,0.061884655037689966,0.024895535131785045,0.006425643311061777,0.0801601104731136,0.35053779371058
491,MSE,2000,492,0.08665623588638266,0.061832938696836835,0.024823297189545818,0.006527421980024728,0.08079246239609687,0.3556104609129367
492,MSE,2000,493,0.08649143340874133,0.06180461866802108,0.024686814740720237,0.006613029927693698,0.08132053816652776,0.3616551143871991
493,MSE,2000,494,0.0864132539811556,0.061906501396447426,0.024506752584708177,0.006614165000270698,0.08132751687018791,0.36362502457033763
494,MSE,2000,495,0.08625962547062008,0.061732481012454044,0.024527144458166034,0.006570906142003852,0.08106112596062216,0.3627523498910281
495,MSE,2000,496,0.08603697610606659,0.0615225269170907,0.02451444918897588,0.006495581575189915,0.08059517091730692,0.36025773452340726
496,MSE,2000,497,0.08587109202559642,0.06136453528514068,0.02450655674045575,0.00639285795067351,0.0799553497314189,0.35671557657396935
497,MSE,2000,498,0.08576337569027932,0.06136960900365662,0.024393766686622697,0.006362774043673579,0.0797669984622311,0.3562375752367397
498,MSE,2000,499,0.08567049947999333,0.06138733082644521,0.02428316865354813,0.00634430029235624,0.07965111607727941,0.35624843027002484
499,MSE,2000,500,0.08554903304051831,0.061512880093282915,0.024036152947235385,0.006346089402871149,0.07966234620491132,0.35875814282539675
500,MSE,2000,501,0.085403172593579,0.06146672190366664,0.023936450689912358,0.006365568074100538,0.07978451023914691,0.3606216890421985
501,MSE,2000,502,0.08520807268947554,0.061520903027675565,0.023687169661799973,0.006290683848882124,0.0793138313844573,0.359836550821683
502,MSE,2000,503,0.08501179257972682,0.06142238176068232,0.02358941081904451,0.006192913570534688,0.07869506700254272,0.3578613675933542
503,MSE,2000,504,0.08506857807991378,0.062034128819706,0.02303444926020778,0.005964598545342273,0.0772308134447791,0.3483063693004169
504,MSE,2000,505,0.08488486483695465,0.06155575347411991,0.023329111362834748,0.006085868877390135,0.07801197906341138,0.35349475694594457
505,MSE,2000,506,0.08474723608110325,0.06144625045355424,0.02330098562754902,0.006047751943776402,0.07776729353511283,0.3520366502378627
506,MSE,2000,507,0.08457058467999543,0.06129527225819042,0.023275312421805,0.005900929547594582,0.07681750807982893,0.34417101407579054
507,MSE,2000,508,0.08449732977529723,0.06142266048455263,0.023074669290744598,0.005894244057812489,0.07677398034368473,0.3447840384378149
508,MSE,2000,509,0.08437883572037048,0.06127156808150723,0.023107267638863258,0.005968006500238992,0.07725287373450254,0.347990003972102
509,MSE,2000,510,0.08426835120847269,0.061172956550009094,0.023095394658463594,0.005975022016697804,0.07729826658274948,0.34827612177686484
510,MSE,2000,511,0.084073636979413,0.06115362801550711,0.02292000896390589,0.005946293024527358,0.07711221060589145,0.3478380456785648
511,MSE,2000,512,0.08382781330244105,0.06109326382139978,0.02273454948104127,0.005864147716489946,0.07657772336972382,0.34470257010670347
512,MSE,2000,513,0.08361587999508138,0.06108538979708272,0.02253049019799866,0.005717473806542188,0.07561397890960499,0.3382151841921086
513,MSE,2000,514,0.08329608250849169,0.061114626228247274,0.022181456280244406,0.005593274495660705,0.07478819756927362,0.3313914713044439
514,MSE,2000,515,0.08295460676447225,0.06108879455969768,0.021865812204774578,0.005409876212287145,0.0735518606990139,0.32631025223221144
515,MSE,2000,516,0.08272222253231928,0.06129191544941899,0.02143030708290029,0.005327198287293356,0.07298765845876518,0.32820711254643964
516,MSE,2000,517,0.08270026108380207,0.0617396096282309,0.02096065145557118,0.005318710312858327,0.07292948863702753,0.32747103160989344
517,MSE,2000,518,0.08249291489665653,0.0613173303583772,0.021175584538279325,0.005311675765648481,0.07288124426523247,0.32786478302110567
518,MSE,2000,519,0.08224967311253839,0.0614797576616729,0.020769915450865498,0.005235986474458946,0.07236011660064504,0.32648200326638044
519,MSE,2000,520,0.08201510192308767,0.06149062855266057,0.020524473370427107,0.00510716465216755,0.07146442927896052,0.32667439717905644
520,MSE,2000,521,0.08165960682052738,0.06135399836017293,0.02030560846035444,0.0050237764965842075,0.07087860394071124,0.32655784735302573
521,MSE,2000,522,0.08132592996400237,0.06131785766072452,0.020008072303277856,0.004941051213702182,0.07029261137347355,0.3256283421354791
522,MSE,2000,523,0.08091589550082676,0.0608393937715665,0.020076501729260263,0.005008253776892255,0.07076901706885758,0.3230768706232672
523,MSE,2000,524,0.08075670095617801,0.06118991807292114,0.01956678288325687,0.005009246716910948,0.07077603207944727,0.32524196735069166
524,MSE,2000,525,0.08039299776673975,0.06042691532163367,0.019966082445106087,0.005116451801936267,0.07152937719522146,0.3213544207561805
525,MSE,2000,526,0.08027228308734687,0.06038309279077136,0.019889190296575505,0.005072570955385245,0.07122198365241764,0.31930345745689026
526,MSE,2000,527,0.08011840560923389,0.0603004132832132,0.019817992326020686,0.0050454766009012456,0.07103151836263424,0.3206867196698333
527,MSE,2000,528,0.08001058778126277,0.0601649771365167,0.019845610644746065,0.005068330228149074,0.07119220623178547,0.319724670641893
528,MSE,2000,529,0.07991198433422114,0.06001813458113071,0.019893849753090432,0.005069167217212327,0.07119808436476593,0.32078493235249494
529,MSE,2000,530,0.07985783357338402,0.059905766464663425,0.019952067108720595,0.0050403757818420014,0.07099560396138624,0.31996376353983313
530,MSE,2000,531,0.07976900998785832,0.05985162151437956,0.01991738847347876,0.005002211656601838,0.07072631516346542,0.32259593540477605
531,MSE,2000,532,0.0796491325378607,0.059840989716837434,0.01980814282102326,0.004924391264439425,0.07017400704277493,0.3260525234222089
532,MSE,2000,533,0.079543307555041,0.05985385783355788,0.01968944972148313,0.004856415535755562,0.06968798702614075,0.3279565270861138
533,MSE,2000,534,0.0794624672766114,0.059814592799987014,0.019647874476624385,0.004806079202119397,0.06932589128254607,0.33039549054629047
534,MSE,2000,535,0.07939775118193443,0.05978458212623983,0.019613169055694605,0.004796668340975075,0.06925798395113068,0.3308131072604139
535,MSE,2000,536,0.07930032018592334,0.0596510028751097,0.019649317310813635,0.004799356397024811,0.06927738734265901,0.3329127845471769
536,MSE,2000,537,0.07915405073446673,0.059443472658688164,0.019710578075778563,0.004815073930833547,0.06939073375338775,0.33543560526070904
537,MSE,2000,538,0.07893866909839126,0.05906714155711329,0.019871527541277967,0.004855887151287358,0.069684195850188,0.33911654094917676
538,MSE,2000,539,0.07864627541780496,0.05851803334849077,0.02012824206931419,0.004968178938866297,0.07048531009271576,0.3373207420994526
539,MSE,2000,540,0.07861118389232191,0.058468584553383086,0.020142599338938822,0.004936260986342753,0.07025852963407897,0.335315771530976
540,MSE,2000,541,0.07842955148105847,0.05829774891264626,0.020131802568412214,0.004948683515206328,0.0703468799251703,0.33620575086555204
541,MSE,2000,542,0.07810381961713654,0.057834266322553576,0.020269553294582965,0.005019637244094328,0.0708493983326205,0.3312285753201598
542,MSE,2000,543,0.07776655645215746,0.05746586045344099,0.02030069599871648,0.00506156393607991,0.07114466906297273,0.32272028857953705
543,MSE,2000,544,0.07746727932193159,0.05718347025365155,0.020283809068280045,0.00505894712198946,0.07112627589006372,0.3158114250502826
544,MSE,2000,545,0.07688018812382168,0.056645292413242114,0.02023489571057956,0.005014444596211524,0.07081274317671589,0.3127627100237188
545,MSE,2000,546,0.07670117444244362,0.05646415005986071,0.020237024382582906,0.005017193739354269,0.07083215187578498,0.3406721606639088
546,MSE,2000,547,0.07634673675452787,0.05617669127428969,0.020170045480238184,0.004990866662383994,0.07064606614939005,0.32875311413238817
547,MSE,2000,548,0.07534766780767067,0.05521839970906901,0.020129268098601664,0.004929211895143929,0.07020834633534626,0.34138070817942967
548,MSE,2000,549,0.07410006623958337,0.054339792541062,0.019760273698521374,0.004771577617044066,0.0690766068726893,0.33682769471610696
549,MSE,2000,550,0.07342355985756248,0.05387310493008762,0.019550454927474856,0.004718385931526766,0.06869050830738382,0.3280727150677868
550,MSE,2000,551,0.07294559731997938,0.053659293807051166,0.01928630351292821,0.004645170697865894,0.0681554891249846,0.3183598890059115
551,MSE,2000,552,0.07207226471555793,0.053324486196925605,0.018747778518632328,0.004532744491150009,0.06732565997559926,0.30696720252412013
552,MSE,2000,553,0.07123205936978598,0.053008159085451034,0.018223900284334942,0.004453107568330031,0.06673160846502976,0.3027095485347633
553,MSE,2000,554,0.07358509716975704,0.05549530645583616,0.018089790713920886,0.004587559114474077,0.06773152231032517,0.3018316697964364
554,MSE,2000,555,0.07087372216557128,0.05271531472451307,0.01815840744105822,0.004469737786183611,0.06685609759912413,0.2984590346436151
555,MSE,2000,556,0.06996717295831366,0.05223821804207035,0.017728954916243305,0.004403526819845473,0.06635907488690204,0.29268071831525855
556,MSE,2000,557,0.06918721332468772,0.05177484070511197,0.017412372619575754,0.004322260925862837,0.06574390409659923,0.2901913249920244
557,MSE,2000,558,0.06886531956027038,0.05152868557543767,0.017336633984832716,0.0042566414354749515,0.0652429416525263,0.2910690465109024
558,MSE,2000,559,0.06860040012467487,0.05125548653895261,0.01734491358572227,0.00423068435010054,0.06504371107263592,0.2934421774994804
559,MSE,2000,560,0.0683840401686023,0.05105264271588971,0.01733139745271259,0.0042013503051425765,0.06481782397722541,0.29730600440496247
560,MSE,2000,561,0.06789345908727717,0.05080015415464628,0.017093304932630896,0.00418837553633376,0.06471766015805701,0.29275921988455433
561,MSE,2000,562,0.06740827692428297,0.05056633807650649,0.01684193884777649,0.004230722230184541,0.06504400226142716,0.29034254354311306
562,MSE,2000,563,0.06699009040929287,0.0503171981510314,0.016672892258261466,0.004303291612211543,0.06559947874954147,0.2967334079797799
563,MSE,2000,564,0.06670137463234425,0.05001428394104346,0.016687090691300793,0.004390364640839331,0.06625982674924023,0.30167229316526356
564,MSE,2000,565,0.06630417474635333,0.04964719581931516,0.016656978927038175,0.004393987164620404,0.06628715686028783,0.3026418625396179
565,MSE,2000,566,0.065608031336177,0.04891020234058216,0.016697828995594844,0.004365093668590207,0.06606885551142995,0.30194448172328636
566,MSE,2000,567,0.06480176182324549,0.047941622764565726,0.016860139058679762,0.004354566272443023,0.06598913753371098,0.2992639235496295
567,MSE,2000,568,0.0642903990299274,0.04725964021345975,0.017030758816467654,0.004397972106550051,0.06631720822343211,0.29969384523894504
568,MSE,2000,569,0.06397990739332082,0.046873134387291585,0.017106773006029235,0.004427585565418279,0.06654010493994039,0.2956040394207937
569,MSE,2000,570,0.06352306077452431,0.046756863448974555,0.016766197325549754,0.004298967796199254,0.06556651429044595,0.2923158956707823
570,MSE,2000,571,0.06310041668938055,0.04651648159922538,0.016583935090155166,0.004275755295268214,0.06538925978529053,0.2927675791983093
571,MSE,2000,572,0.06286970810263359,0.04662237098568235,0.016247337116951244,0.004184189258854174,0.06468530945163804,0.28833946781134
572,MSE,2000,573,0.06266429022075243,0.04647391706251011,0.01619037315824231,0.004194200192883394,0.06476264504236523,0.28797663291783326
573,MSE,2000,574,0.0623626183632907,0.04627855304404268,0.01608406531924802,0.004233976959438661,0.06506901689313171,0.28962171246346813
574,MSE,2000,575,0.06205714267413108,0.046116650545708154,0.015940492128422922,0.004247428087428151,0.06517229539787708,0.2909674709066623
575,MSE,2000,576,0.06168682005344035,0.045820064461474456,0.015866755591965896,0.004274071506614034,0.06537638340114903,0.2913088192668125
576,MSE,2000,577,0.06138315489687845,0.045760805032853624,0.015622349864024823,0.0042364085956433034,0.06508769926524753,0.2911822405785851
577,MSE,2000,578,0.061219677614886545,0.04560262688419475,0.015617050730691792,0.0042268069021934055,0.06501389776188939,0.2884007643720099
578,MSE,2000,579,0.06108589516749663,0.04551804254714003,0.015567852620356596,0.0041796614013138314,0.06465030086019578,0.285439468264987
579,MSE,2000,580,0.061234093256990293,0.046273045526347124,0.014961047730643173,0.0039012383785281142,0.062459894160397954,0.2761375908196455
580,MSE,2000,581,0.06098843274250068,0.04568085880252308,0.015307573939977597,0.004060046835735308,0.06371849681007319,0.2817769316787011
581,MSE,2000,582,0.060754368338398965,0.04536816750120015,0.015386200837198816,0.004031393663061245,0.0634932568314246,0.2774482254558186
582,MSE,2000,583,0.060603809341021726,0.04530943691459096,0.015294372426430766,0.004022477845360685,0.06342300722419811,0.2769882897416762
583,MSE,2000,584,0.06041316075729452,0.04520347560911697,0.015209685148177549,0.004083732089295241,0.06390408507517528,0.28037552143423383
584,MSE,2000,585,0.060263519195501304,0.045080789224678806,0.0151827299708225,0.004155495626227805,0.06446313385360508,0.2867253600751427
585,MSE,2000,586,0.06011734764648279,0.04496957796805236,0.015147769678430434,0.004233422511285355,0.06506475629160041,0.2914827547724421
586,MSE,2000,587,0.05993181059971243,0.04473268661062903,0.015199123989083399,0.004360770964211264,0.06603613377698049,0.2989304993910107
587,MSE,2000,588,0.05986310256186089,0.04481122986065805,0.015051872701202836,0.0043053744104288045,0.06561535194166686,0.29634028098140774
588,MSE,2000,589,0.05972437571432372,0.044640695610699145,0.01508368010362458,0.004280043389069817,0.0654220405449862,0.2954263630817344
589,MSE,2000,590,0.05959868769360346,0.04451240586363041,0.015086281829973049,0.004205386146946362,0.0648489486957681,0.29165454745512154
590,MSE,2000,591,0.0594516170424345,0.04430482368240079,0.015146793360033712,0.004151853316083482,0.06443487655054118,0.28757455962640055
591,MSE,2000,592,0.05923578002887275,0.044035178835803976,0.015200601193068779,0.004103250470242401,0.06405661925392567,0.2824303516637592
592,MSE,2000,593,0.05909746271244011,0.043785762466802755,0.015311700245637352,0.004177321168265357,0.06463219916005765,0.2765811357330601
593,MSE,2000,594,0.0589669272889705,0.0438249152913436,0.015142011997626898,0.004106684762598513,0.06408342034097832,0.27902789322775545
594,MSE,2000,595,0.05884270158839292,0.04368328877045503,0.015159412817937893,0.004124446039702959,0.06422185017346478,0.28093883722763335
595,MSE,2000,596,0.05878825328658499,0.043601981293117764,0.015186271993467226,0.004141974587372024,0.06435817420788151,0.28279857425124577
596,MSE,2000,597,0.058710583474845354,0.04349217909928189,0.015218404375563465,0.004144077917364192,0.06437451294855902,0.2844332175472899
597,MSE,2000,598,0.05863981223726673,0.043288523665193174,0.015351288572073551,0.0041706499999849,0.06458056983323157,0.2856620014596616
598,MSE,2000,599,0.058590375108729616,0.043004388964781946,0.01558598614394767,0.004209941063870962,0.06488405862668396,0.2841682417122331
599,MSE,2000,600,0.0585059733515336,0.0428664397895134,0.0156395335620202,0.004220449382605206,0.06496498582009547,0.2848199664794051
600,MSE,2000,601,0.058443458668413606,0.04274823129837919,0.015695227370034422,0.004243637007830474,0.0651432038499065,0.28493336645866796
601,MSE,2000,602,0.05838070258222579,0.042589607368164716,0.015791095214061076,0.004307559427979717,0.06563200003031841,0.2864200640272765
602,MSE,2000,603,0.05830714494446147,0.04242238586479414,0.015884759079667337,0.0043859334080575,0.06622638000115588,0.2889614943252452
603,MSE,2000,604,0.05822344908304635,0.04224296085905171,0.015980488223994643,0.004529044971698166,0.0672981795570888,0.2935525988672789
604,MSE,2000,605,0.05811471101296202,0.04205752107621601,0.016057189936746007,0.004648206021199906,0.06817775312519404,0.29848273706980555
605,MSE,2000,606,0.057879755971554384,0.04173276135345244,0.016146994618101942,0.004898158402701614,0.06998684449738832,0.30811323144181246
606,MSE,2000,607,0.05758284160905902,0.0415811609775989,0.016001680631460128,0.005032174066541381,0.07093781830970967,0.31555746169413723
607,MSE,2000,608,0.05729293147013506,0.04149919557128217,0.015793735898852895,0.005218591066392816,0.07223981635076888,0.32046754198005
608,MSE,2000,609,0.05684834649989025,0.04151468503884493,0.015333661461045317,0.004948813863979396,0.07034780639067145,0.3137089768879173
609,MSE,2000,610,0.05629949999285059,0.04187926383005511,0.014420236162795483,0.004325799572655813,0.06577081094722653,0.29467774685590387
610,MSE,2000,611,0.05594275742254217,0.04197360940212131,0.013969148020420858,0.003994096516011582,0.0631988648316691,0.28121549842593563
611,MSE,2000,612,0.055603115522138064,0.04223335811744407,0.013369757404693993,0.0037215997179957543,0.06100491552322447,0.2677221138624697
612,MSE,2000,613,0.055184210161178394,0.0422061111287919,0.012978099032386496,0.0035877124414530667,0.059897516154286956,0.26855007143586196
613,MSE,2000,614,0.054642000403154575,0.04181484815383226,0.012827152249322318,0.0034975669464606023,0.05914023120060153,0.27057367057047665
614,MSE,2000,615,0.054100571337495636,0.04155756245645856,0.012543008881037076,0.0033978559844002392,0.058291131267116776,0.2688847335997364
615,MSE,2000,616,0.05322874222962644,0.04086916377334464,0.0123595784562818,0.003245886771846114,0.05697268443601823,0.26420743840601624
616,MSE,2000,617,0.05230065247022151,0.04009401779294156,0.01220663467727995,0.0031730183559638496,0.056329551355961016,0.2582234662009545
617,MSE,2000,618,0.05133942278118132,0.038994810514861034,0.012344612266320281,0.003170012769221366,0.05630286643876461,0.2712856344258009
618,MSE,2000,619,0.051002756483298994,0.03854442848529871,0.012458327998000281,0.0032146060263275266,0.05669749576769265,0.2829888704823226
619,MSE,2000,620,0.050467371571962474,0.03805191201406064,0.012415459557901834,0.0033466909050978893,0.05785059122513692,0.2842084045527139
620,MSE,2000,621,0.049767061469986454,0.03761568513888397,0.012151376331102486,0.0031758005766812742,0.056354241869457124,0.27116212884832225
621,MSE,2000,622,0.04918904433982288,0.037137563410418656,0.012051480929404225,0.0031422391430260817,0.05605567895428688,0.2694996180799224
622,MSE,2000,623,0.04847214358232066,0.03664977273841586,0.011822370843904795,0.0031023599322588355,0.055698832413784365,0.27381423541908256
623,MSE,2000,624,0.0477164700339517,0.03598256157845286,0.011733908455498841,0.003106149453092031,0.0557328399876772,0.27270048538708436
624,MSE,2000,625,0.04710990737604982,0.035305913810131206,0.011803993565918616,0.00315293088068839,0.0561509650913356,0.2721750726683364
625,MSE,2000,626,0.04696322814180661,0.03550057707116112,0.011462651070645492,0.0030336482551770235,0.05507856438921609,0.27573198864549775
626,MSE,2000,627,0.04648742910635498,0.034983768258835535,0.011503660847519442,0.0030296420221183457,0.05504218402387705,0.27781680362085603
627,MSE,2000,628,0.04619613401544955,0.03473691053900756,0.011459223476441995,0.002961874169536073,0.054423103269990704,0.27100495074501285
628,MSE,2000,629,0.045732375982973784,0.03442785249622428,0.011304523486749506,0.0028344303110678106,0.053239368056615874,0.2718417311920297
629,MSE,2000,630,0.04530117484207527,0.03454548693698107,0.010755687905094203,0.0026514653956189954,0.05149238191828958,0.2653732055000556
630,MSE,2000,631,0.045058346665224236,0.03431319286328078,0.010745153801943453,0.0025797119466940605,0.05079086479568999,0.2671384580394921
631,MSE,2000,632,0.044734279808093275,0.03404400627719856,0.010690273530894715,0.0025905426147632355,0.050897373358192416,0.2652952832443193
632,MSE,2000,633,0.04414081752649579,0.03378807087201429,0.010352746654481501,0.0025931043612693653,0.0509225329423956,0.25602276138404123
633,MSE,2000,634,0.04367831570403247,0.03359904023242749,0.010079275471604974,0.00259495445450653,0.0509406954654776,0.24781816596862616
634,MSE,2000,635,0.04309090625727288,0.033699745064432435,0.009391161192840445,0.002492833700051605,0.04992828557092267,0.23289802666092518
635,MSE,2000,636,0.04249171485920632,0.033272205063899774,0.00921950979530654,0.0026384644196446746,0.05136598504501471,0.24066345312058468
636,MSE,2000,637,0.04200733571630075,0.03293214619869319,0.009075189517607557,0.002551874801518361,0.05051608458222352,0.23533518665879605
637,MSE,2000,638,0.04170843984879709,0.03278352950350986,0.008924910345287229,0.002416568897313268,0.04915860959499636,0.22453761090400537
638,MSE,2000,639,0.04157396463123324,0.032419296894336334,0.009154667736896906,0.0024844868643279275,0.049844627236322346,0.22428901736367868
639,MSE,2000,640,0.041268830442118556,0.03226667962388394,0.009002150818234618,0.002485822574904727,0.04985802417770611,0.22386674968993603
640,MSE,2000,641,0.040958239011885104,0.0319815293482131,0.008976709663672006,0.0025714929175931368,0.050709889741480774,0.2240629509827774
641,MSE,2000,642,0.04060915803971189,0.03162206916373293,0.008987088875978957,0.002590101131097831,0.050893036174881834,0.22400410490076172
642,MSE,2000,643,0.03989820951552479,0.03097086820636776,0.008927341309157037,0.0026136966448806033,0.05112432537335435,0.22423343456379152
643,MSE,2000,644,0.03973078873746933,0.03095526299943958,0.008775525738029751,0.002305438022932228,0.048014977068954516,0.2167760632447302
644,MSE,2000,645,0.03908051649971382,0.030331616787684347,0.008748899712029478,0.0022604612330829115,0.047544308103945644,0.21699478863207267
645,MSE,2000,646,0.03891669513717201,0.03042746779170177,0.008489227345470241,0.0023490334865059566,0.04846682872342646,0.21735918204035265
646,MSE,2000,647,0.03845854211783853,0.029918647253156884,0.008539894864681647,0.0022827861782980796,0.04777851167939495,0.22016829818474548
647,MSE,2000,648,0.038168111170853086,0.029797213052244566,0.008370898118608517,0.002161557246912325,0.04649255044533828,0.22052120560099775
648,MSE,2000,649,0.03795550617275275,0.029606715805506542,0.00834879036724621,0.0021214880083923067,0.04605961363702812,0.2197861218270023
649,MSE,2000,650,0.037577992602015206,0.029473270279552623,0.008104722322462584,0.0021060481218777927,0.04589169992360048,0.21982226787499037
650,MSE,2000,651,0.03727024469130414,0.02942356729586404,0.007846677395440102,0.002063424848093332,0.0454249364126504,0.2177971494798192
651,MSE,2000,652,0.03689799422971589,0.02940168679460337,0.00749630743511252,0.0019534277392179978,0.04419759879470827,0.21371045336139138
652,MSE,2000,653,0.036610959454287294,0.029281853411075885,0.0073291060432114094,0.001860805914406364,0.043137059640248596,0.21177707564470483
653,MSE,2000,654,0.03652726481752502,0.029358363265693674,0.0071689015518313455,0.0018318894900635617,0.04280057815104326,0.21287399890638614
654,MSE,2000,655,0.03644610871905286,0.029220494075469994,0.007225614643582863,0.0018743984834441577,0.04329432391716214,0.21495873982980251
655,MSE,2000,656,0.036383102201161976,0.029066671587889163,0.007316430613272812,0.0019066640649583679,0.04366536459206963,0.21590737913965974
656,MSE,2000,657,0.0363295945108439,0.028994073422331266,0.007335521088512637,0.001907207505898411,0.043671586940462914,0.21556417131248207
657,MSE,2000,658,0.03625473120398978,0.028876461513420118,0.007378269690569661,0.001922767905871477,0.04384937748556388,0.2161150580690414
658,MSE,2000,659,0.03623981141778614,0.028992955487070923,0.007246855930715218,0.0018221696970099526,0.0426868796822859,0.2111164045265248
659,MSE,2000,660,0.036150627226017966,0.028862985433405094,0.007287641792612871,0.0018514458631433048,0.043028430870103836,0.21272965560649526
660,MSE,2000,661,0.036102402688331786,0.028850866173677225,0.007251536514654559,0.001846436842696345,0.042970185509214935,0.21210856210261841
661,MSE,2000,662,0.03605481324763489,0.028879733056006916,0.007175080191627975,0.0018174482382365806,0.04263154041594768,0.2095625539978654
662,MSE,2000,663,0.03601391452141526,0.028905410107479337,0.007108504413935922,0.0017921099378675474,0.04233331947612362,0.207385133753899
663,MSE,2000,664,0.035964550800301,0.028909567339804838,0.00705498346049616,0.001769360099357082,0.04206376230625456,0.2057691082123667
664,MSE,2000,665,0.03591381572071494,0.028895760259135136,0.007018055461579804,0.0017550733539454528,0.041893595619682165,0.20486258165519278
665,MSE,2000,666,0.03586429814930281,0.028849807156401425,0.007014490992901388,0.0017575585891507898,0.041923246405196124,0.20589976535484356
666,MSE,2000,667,0.03581649141576677,0.02881236583202462,0.007004125583742146,0.0017527879851577622,0.04186631086157177,0.20635569496692652
667,MSE,2000,668,0.03575767528995031,0.028782113603466664,0.006975561686483648,0.001728834439123803,0.04157925491304291,0.20513494253623454
668,MSE,2000,669,0.03569379343632528,0.028722889179874492,0.006970904256450792,0.0017152978538499822,0.04141615450340582,0.20396022018536053
669,MSE,2000,670,0.03562698875822023,0.028720915872109194,0.006906072886111034,0.001685205798672244,0.041051258186226694,0.20141183997231815
670,MSE,2000,671,0.035524059196807865,0.02864246661565815,0.006881592581149712,0.0016609272629080668,0.04075447537274976,0.19857803229815252
671,MSE,2000,672,0.03538612832920741,0.02862317125358401,0.0067629570756233956,0.0016386702825769354,0.04048049261776511,0.19796583018209146
672,MSE,2000,673,0.035247137601335105,0.028555548216582276,0.006691589384752828,0.0016257081990714494,0.04032007191302428,0.19769986764202985
673,MSE,2000,674,0.035236223770236164,0.028681724088116534,0.00655449968211963,0.0017737101800481346,0.042115438737452736,0.20918520974354804
674,MSE,2000,675,0.03516957892632532,0.028574399909594785,0.006595179016730538,0.0016776461424733138,0.04095907887725643,0.20366628232870587
675,MSE,2000,676,0.035030485815954734,0.02854815640239401,0.006482329413560729,0.0016550266284572701,0.04068201849044944,0.20509716902220765
676,MSE,2000,677,0.03493144612117751,0.028482210135537873,0.006449235985639637,0.0016724751244584955,0.04089590596207028,0.20804541476628735
677,MSE,2000,678,0.03484306434103787,0.028488600353485542,0.006354463987552326,0.0016367421050121785,0.04045666947503438,0.2071513044224531
678,MSE,2000,679,0.03472429256691577,0.028506234722380924,0.00621805784453484,0.0015790296312539439,0.039737005816416815,0.20367182701663644
679,MSE,2000,680,0.03462613268659677,0.02851303644080482,0.0061130962457919494,0.0015379773578824076,0.03921705442638965,0.20020729665520953
680,MSE,2000,681,0.03454152256552499,0.028505867118462234,0.006035655447062761,0.0015166063426444317,0.0389436303218438,0.198105004576429
681,MSE,2000,682,0.034480996605124256,0.028486331521895177,0.005994665083229083,0.001528492380963574,0.03909593816451492,0.19857067258727712
682,MSE,2000,683,0.0344256704467835,0.02837496975943397,0.00605070068734953,0.0015715188487834002,0.03964238702176497,0.20216443541068374
683,MSE,2000,684,0.034373215831680314,0.028298047946513402,0.006075167885166914,0.00160372474691914,0.040046532270836384,0.20503900656400376
684,MSE,2000,685,0.03429404451539151,0.028203675540338508,0.006090368975053003,0.0016361999530657954,0.04044996851748831,0.2084346485889239
685,MSE,2000,686,0.03422579518868166,0.02815649778799506,0.006069297400686595,0.0016410568125839271,0.040509959424614675,0.2091281959557736
686,MSE,2000,687,0.03414108795702045,0.02815839457875526,0.0059826933782651925,0.0015900379909343687,0.039875280449601466,0.2049380040261295
687,MSE,2000,688,0.034080720447559845,0.0281312417687092,0.005949478678850645,0.0015572152070106784,0.03946156620068036,0.2001512373799481
688,MSE,2000,689,0.034155142126554086,0.028324310306043023,0.005830831820511066,0.0015041572726902023,0.03878346648625162,0.1969084661693108
689,MSE,2000,690,0.0340569848576623,0.028147560922736604,0.005909423934925696,0.001539075726522123,0.03923105563864071,0.19907556075838917
690,MSE,2000,691,0.03401294445709725,0.028134129780829475,0.005878814676267774,0.0015228032154779901,0.03902311129930557,0.19711076018477058
691,MSE,2000,692,0.03393981557432828,0.0280448466930827,0.005894968881245576,0.0015223967517459364,0.0390179029644846,0.19495971315760308
692,MSE,2000,693,0.03382974343163238,0.027897237475985333,0.005932505955647049,0.0015515116458532838,0.03938923261315564,0.1940996438555569
693,MSE,2000,694,0.03357751711570603,0.027508531416124478,0.00606898569958155,0.0016275313474880039,0.040342674025007366,0.19343896839908714
694,MSE,2000,695,0.033263128925885024,0.02706189532006552,0.006201233605819503,0.001815793654983506,0.04261213037368005,0.197084755647984
695,MSE,2000,696,0.03286620866089077,0.026469295266278572,0.006396913394612193,0.002000485270210656,0.04472678470682479,0.20436390249940883
696,MSE,2000,697,0.03245280342515422,0.02605480027771282,0.006398003147441398,0.002046445804601055,0.0452376591414836,0.20762090369755448
697,MSE,2000,698,0.03207497603149687,0.02573850009862504,0.006336475932871832,0.0020128959522172332,0.04486530900614898,0.2100229604845869
698,MSE,2000,699,0.0315652025218816,0.025500682448703568,0.006064520073178034,0.001805804902796408,0.042494763239679406,0.20745940666406693
699,MSE,2000,700,0.031012667086069194,0.02532682345866298,0.005685843627406212,0.001551199739140179,0.03938527312511847,0.20022360568097364
700,MSE,2000,701,0.0306971984355094,0.024982237473187233,0.00571496096232217,0.0014256895998971011,0.03775830504534203,0.19505883502424304
701,MSE,2000,702,0.030285580356925575,0.02484103517748574,0.005444545179439836,0.001357934296089243,0.03685016005513739,0.1923835527304134
702,MSE,2000,703,0.03011303348199715,0.02462109871019552,0.00549193477180163,0.0014007480661769425,0.037426568987511295,0.1948137588472858
703,MSE,2000,704,0.029908758050716924,0.024398670915805717,0.0055100871349112075,0.0014370995544793705,0.03790909593328982,0.19711936806177555
704,MSE,2000,705,0.02973629648238746,0.02417521630685055,0.0055610801755369066,0.0014525395073713605,0.03811219630736807,0.19850243813514634
705,MSE,2000,706,0.03072943681653821,0.024764855803432306,0.0059645810131059036,0.0016463157314153098,0.040574816468042216,0.19558421852605168
706,MSE,2000,707,0.02947310463150131,0.02383326624064903,0.00563983839085228,0.00149218359125914,0.03862879225731941,0.19709637608878783
707,MSE,2000,708,0.02904977351285456,0.02357048105388762,0.005479292458966938,0.001418317828478315,0.03766056065007948,0.19067770236592763
708,MSE,2000,709,0.028939067163357896,0.02352329851306776,0.005415768650290135,0.00138071070252182,0.037157915745125156,0.19180929106461075
709,MSE,2000,710,0.02873459312485204,0.0233568915279856,0.005377701596866441,0.001376087588300397,0.03709565457436217,0.18799941638026763
710,MSE,2000,711,0.02862285694537838,0.023300962081912544,0.005321894863465833,0.0013562963790682463,0.03682792933451793,0.1843003012419695
711,MSE,2000,712,0.028496054160693778,0.023230826071384086,0.00526522808930969,0.0013367452793237717,0.03656152731114733,0.18000591794359977
712,MSE,2000,713,0.028387320903894803,0.023226749863896598,0.005160571039998205,0.0013026593092523334,0.03609237189839888,0.17913522540095173
713,MSE,2000,714,0.028261042282342143,0.023266575524467512,0.00499446675787463,0.0012485640961106218,0.035335026476721675,0.17950434086211908
714,MSE,2000,715,0.028209654771014267,0.02325366327512968,0.004955991495884586,0.001237864877411891,0.03518330395815451,0.1808145473857672
715,MSE,2000,716,0.028156546536063125,0.023266098547214936,0.00489044798884819,0.0012221615401061838,0.03495942705632036,0.1818756885815178
716,MSE,2000,717,0.028104493518526494,0.02320870105696464,0.004895792461561853,0.0012250871631942451,0.03500124516634009,0.1817370104133338
717,MSE,2000,718,0.028042346374064414,0.023132844699244294,0.004909501674820122,0.0012281090175588411,0.035044386391529826,0.1795940255521944
718,MSE,2000,719,0.027993414445744116,0.023016253976334704,0.004977160469409411,0.001243754282268434,0.035266900661504605,0.1785980541074026
719,MSE,2000,720,0.027912776361384534,0.022831307579336258,0.005081468782048275,0.001268418700789329,0.03561486628908396,0.1766275949281888
720,MSE,2000,721,0.027860560321295386,0.022666358209599183,0.005194202111696203,0.0013030909104628258,0.036098350522743086,0.17839051610888346
721,MSE,2000,722,0.027807712982790632,0.022643704382750023,0.0051640086000406095,0.0012892475091401303,0.03590609292501943,0.17657816882040178
722,MSE,2000,723,0.027761789887390934,0.022631582930167742,0.00513020695722319,0.0012795226778228928,0.03577041623776403,0.1760057488766762
723,MSE,2000,724,0.027702454579240716,0.02258879877476494,0.005113655804475777,0.001284621796184235,0.035841621003858556,0.17660190428770184
724,MSE,2000,725,0.02770306943477798,0.022602836554387606,0.005100232880390375,0.001286919312659561,0.03587365764261516,0.1785938925260866
725,MSE,2000,726,0.027668689957089838,0.022563902866374556,0.005104787090715282,0.0012846074142578293,0.035841420371656996,0.17758654862202716
726,MSE,2000,727,0.02762530206767276,0.022507691851725457,0.005117610215947303,0.001295285587199816,0.035990076232203454,0.1787044122403878
727,MSE,2000,728,0.027581585489017128,0.0224607981855005,0.0051207873035166275,0.0012977358592424005,0.036024101088610115,0.17932528431198413
728,MSE,2000,729,0.02753051553856622,0.022411734315192316,0.005118781223373905,0.0012969418378900143,0.036013078706075854,0.17982174357125613
729,MSE,2000,730,0.027448290533951786,0.022350400088263306,0.005097890445688478,0.001271650955245065,0.03566021530003801,0.1778184267355285
730,MSE,2000,731,0.027534402155067406,0.022403474635367033,0.0051309275197003726,0.0012800050789867786,0.03577715862092431,0.18032825161943844
731,MSE,2000,732,0.02741282678376396,0.022310411457125427,0.005102415326638534,0.0012703654369029223,0.035642186197018304,0.17869808261166398
732,MSE,2000,733,0.0273633523377686,0.022298901521864038,0.00506445081590456,0.00125267592238758,0.035393162085176566,0.17755504700754443
733,MSE,2000,734,0.0273223246293949,0.022265247364639557,0.005057077264755342,0.0012399703563675635,0.03521321280950609,0.17680215774483177
734,MSE,2000,735,0.027300390410275807,0.022247074113361208,0.005053316296914599,0.001244264420782506,0.035274132459672286,0.1779203803051992
735,MSE,2000,736,0.02725373145065294,0.022195738168592796,0.005057993282060143,0.0012484913010734691,0.03533399639261697,0.18019098082300555
736,MSE,2000,737,0.027198240268764103,0.022131994240525525,0.005066246028238579,0.0012681028091772577,0.03561043118493874,0.18277235981354822
737,MSE,2000,738,0.0271378375871094,0.022042106477047692,0.005095731110061711,0.0012868942816654503,0.03587330876383513,0.1849553410201823
738,MSE,2000,739,0.027091577628643636,0.021967308162497735,0.0051242694661458995,0.0012835610835695694,0.035826820729302364,0.18334001034863823
739,MSE,2000,740,0.027048885734444077,0.021891543571820663,0.0051573421626234135,0.0012850049205325982,0.03584696529042031,0.18212430719611827
740,MSE,2000,741,0.026989133044096572,0.021779815536286527,0.0052093175078100455,0.001281063985512861,0.035791954200809724,0.18059959582469665
741,MSE,2000,742,0.026955146590650875,0.021717063089365364,0.005238083501285512,0.0012891786786925696,0.03590513443356771,0.18159038485547985
742,MSE,2000,743,0.02690765801295219,0.021659051345778804,0.0052486066671733845,0.0012924093219103922,0.03595009488040876,0.18313572802068911
743,MSE,2000,744,0.026867316365149788,0.02163518259965742,0.005232133765492366,0.0012948161853780613,0.03598355437388115,0.18522036331391112
744,MSE,2000,745,0.026819239718515537,0.021598732864445025,0.005220506854070511,0.0012947966377160494,0.0359832827534683,0.18618955853225705
745,MSE,2000,746,0.026750359071450354,0.021549872611382137,0.005200486460068215,0.0013027524286897691,0.03609366189083298,0.18761324814909885
746,MSE,2000,747,0.02666590493869976,0.02150175506435288,0.005164149874346878,0.0012903075666785993,0.03592085141917713,0.18579182986986087
747,MSE,2000,748,0.02654497846779344,0.02138700676162966,0.005157971706163783,0.0012840963929105346,0.035834290741000224,0.18294931430718542
748,MSE,2000,749,0.026387238816980175,0.021358811925174883,0.005028426891805291,0.0012611965323643445,0.03551332893948896,0.17910665592321084
749,MSE,2000,750,0.026237154332129264,0.021192724999059144,0.0050444293330701205,0.0012565392175705827,0.03544769692900489,0.1759483470570231
750,MSE,2000,751,0.026064882403722657,0.02108386173488681,0.004981020668835846,0.001236502395809772,0.035163936011342246,0.17410083058613912
751,MSE,2000,752,0.0257958592017896,0.020853554133874713,0.004942305067914887,0.0012398776381841146,0.03521189625941941,0.17408862287895976
752,MSE,2000,753,0.025432615298539508,0.02060448629556349,0.004828129002976018,0.0012495473013237493,0.03534893635349937,0.17457882164986938
753,MSE,2000,754,0.02523431665900815,0.0203965342376811,0.004837782421327049,0.0012816465292826336,0.03580009119098209,0.17411415965817856
754,MSE,2000,755,0.02505891342214528,0.020294030660244284,0.004764882761900994,0.0012862620618267603,0.03586449583957316,0.17320544400106286
755,MSE,2000,756,0.024941004643001852,0.020186169226606935,0.004754835416394917,0.0012740120369077617,0.03569330521131045,0.1727584892326952
756,MSE,2000,757,0.02484174068105148,0.02027440495349147,0.004567335727560013,0.0012122905034840832,0.034817962368353536,0.16869573716575337
757,MSE,2000,758,0.024761569914121942,0.020239178148290654,0.00452239176583129,0.0011984235210693538,0.03461825415975441,0.16721254977118383
758,MSE,2000,759,0.024667649929446474,0.020221696089739054,0.0044459538397074215,0.0011860533230987264,0.034439124888689124,0.16508126585968164
759,MSE,2000,760,0.024559254391980777,0.02028950350801693,0.0042697508839638475,0.0011283271333695022,0.033590581021612324,0.15976646348383206
760,MSE,2000,761,0.0244110984755294,0.02029097649468462,0.004120121980844782,0.0010729167746192489,0.03275540832624818,0.15392571340111827
761,MSE,2000,762,0.024246294043320064,0.020196990797852168,0.0040493032454678975,0.001026875992686327,0.03204490587732046,0.15720017802357145
762,MSE,2000,763,0.024174330562470345,0.020195367241469142,0.0039789633210012025,0.0009761613291183345,0.031243580606555556,0.1589087292571203
763,MSE,2000,764,0.024050582121398267,0.019987909349775713,0.004062672771622552,0.0010101983779761332,0.031783618075608276,0.1610643543722532
764,MSE,2000,765,0.02398588267387057,0.019870593136276822,0.004115289537593747,0.0010296424457161514,0.032088042098516255,0.1600123918233396
765,MSE,2000,766,0.02391927482859455,0.019776014814537685,0.004143260014056864,0.0010400967570579022,0.03225053111280343,0.15758582702372181
766,MSE,2000,767,0.023881905128163364,0.019754818482742353,0.004127086645421011,0.0010279976880288315,0.03206240302954274,0.15691533614253372
767,MSE,2000,768,0.023845951188875662,0.019747578436312106,0.004098372752563556,0.0010230944022905967,0.031985846905945706,0.15529969085158934
768,MSE,2000,769,0.023794621387005725,0.01971350374904737,0.004081117637958355,0.0010077891373836585,0.0317456947850202,0.1580247688058365
769,MSE,2000,770,0.023759099702819135,0.01966910275812956,0.004089996944689577,0.0010069197497572955,0.03173199883016031,0.16053133423908483
770,MSE,2000,771,0.023716215114372146,0.01955674810204129,0.004159467012330855,0.001021845224175885,0.03196631389722445,0.1655165739988531
771,MSE,2000,772,0.023691858554962787,0.01953969252896286,0.004152166025999927,0.0010129343444385181,0.03182662948599047,0.16676455460859074
772,MSE,2000,773,0.02366048445806279,0.019507441357728278,0.004153043100334512,0.0010079789193919249,0.03174868374266758,0.1675513214134443
773,MSE,2000,774,0.0235470404729894,0.019422129023441235,0.004124911449548165,0.0009963718305954564,0.03156535807804905,0.169083892350125
774,MSE,2000,775,0.02345945415443612,0.019316793731143544,0.004142660423292579,0.0010098885726185878,0.03177874403777764,0.1690560886730268
775,MSE,2000,776,0.023367020343745305,0.019241701061838187,0.004125319281907116,0.0010389299903251488,0.03223243692811868,0.16661254942402204
776,MSE,2000,777,0.023239671539813787,0.019173497211415088,0.004066174328398698,0.0010833496428146485,0.03291427718809344,0.15987476617314522
777,MSE,2000,778,0.023176926490191024,0.019051045530207138,0.004125880959983885,0.0011433427159752358,0.03381335114973427,0.1562933666438031
778,MSE,2000,779,0.023107824976384608,0.01904221190319841,0.0040656130731861985,0.0011141574633845481,0.03337899733941312,0.15672514790964032
779,MSE,2000,780,0.02303992525105349,0.0189824906340169,0.0040574346170365915,0.0010936633601700287,0.033070581491259396,0.15783373649590304
780,MSE,2000,781,0.022969884785252567,0.018938603761171815,0.004031281024080754,0.0010682304170668503,0.032683794410484995,0.15827647241768572
781,MSE,2000,782,0.022893538380978646,0.01890443021841439,0.003989108162564256,0.001049465757660335,0.032395458904919607,0.1584950121969837
782,MSE,2000,783,0.02272674068084876,0.01884342901365123,0.0038833116671975316,0.001020078151523345,0.031938662331465056,0.15888958003429332
783,MSE,2000,784,0.022520137981846697,0.018744227881756222,0.0037759101000904758,0.0009871399076921787,0.03141878272136237,0.16001384299440335
784,MSE,2000,785,0.022258312806222324,0.01861613447848939,0.003642178327732935,0.0009639768500581421,0.03104797658557063,0.1588831895485745
785,MSE,2000,786,0.021986384173768716,0.018447819954741776,0.0035385642190269412,0.0009270141285274653,0.030446906715255417,0.15813328654624303
786,MSE,2000,787,0.021754197805487457,0.018310374922189517,0.0034438228832979405,0.000910512282328959,0.030174696060258153,0.1555337854923624
787,MSE,2000,788,0.021581747091571943,0.018052886802705503,0.003528860288866439,0.0009514219106825962,0.030845127827301935,0.15472943689707863
788,MSE,2000,789,0.021451656524330186,0.017909711605093623,0.0035419449192365627,0.0009599717107894563,0.030983410251124006,0.15178440793423986
789,MSE,2000,790,0.021334805701220393,0.017740658727054576,0.003594146974165817,0.0009424587499870205,0.03069949103791495,0.15198415985971225
790,MSE,2000,791,0.021220037357101776,0.017638462901977573,0.0035815744551242045,0.0009211744184661342,0.030350855316879196,0.15190771999961505
791,MSE,2000,792,0.02109169513190828,0.017578873481552317,0.0035128216503559615,0.0008906021804947334,0.029842958641775674,0.15101283650940367
792,MSE,2000,793,0.02093729768799583,0.01757372365724645,0.003363574030749381,0.0008357114891345637,0.028908674980610297,0.14701411084906724
793,MSE,2000,794,0.020785444093443517,0.017524258055775295,0.003261186037668223,0.0008528221615906774,0.029203119038737582,0.147241688372441
794,MSE,2000,795,0.020645905432791607,0.01749460880319196,0.003151296629599648,0.0007786518294822987,0.027904333525140834,0.13537373617773696
795,MSE,2000,796,0.020512850504741928,0.017362396584303438,0.0031504539204384907,0.0007855494392373026,0.028027654900781525,0.13801021892463705
796,MSE,2000,797,0.0203375493533537,0.01722297404851806,0.0031145753048356394,0.0007776076744220926,0.027885617698413866,0.13991573708168614
797,MSE,2000,798,0.020192786820922005,0.017123530535109795,0.003069256285812209,0.0007511126410264331,0.027406434299748535,0.14143503318522832
798,MSE,2000,799,0.02008689328773933,0.017100581051743495,0.002986312235995834,0.0007196832200406266,0.02682691223455705,0.14029759244699935
799,MSE,2000,800,0.020009866893020676,0.017048395528947123,0.0029614713640735524,0.0006902956738279769,0.026273478525463217,0.1382090009614272
800,MSE,2000,801,0.019902273052252988,0.017020105705233258,0.0028821673470197304,0.0006614186661537036,0.02571806108853666,0.13586423523639102
801,MSE,2000,802,0.019809875994544153,0.016880159693920625,0.002929716300623529,0.0006784644512378359,0.026047350176895842,0.13612464663868318
802,MSE,2000,803,0.01974760806111511,0.01684233052156566,0.0029052775395494476,0.0006742166209349709,0.025965681599660943,0.1348529110175143
803,MSE,2000,804,0.019715184956922253,0.016789468389453346,0.0029257165674689057,0.0006801030719024002,0.026078785859437556,0.13479036175494796
804,MSE,2000,805,0.0196616008376412,0.01670459821798438,0.002957002619656821,0.0006852084665031637,0.026176486901476365,0.1344164571176707
805,MSE,2000,806,0.019592613611953753,0.01660294969561866,0.002989663916335094,0.0006865740738103655,0.026202558535577503,0.1351710481427737
806,MSE,2000,807,0.019538271496652288,0.01655226559508136,0.0029860059015709285,0.0006824947834744065,0.026124601116082263,0.13541923458187655
807,MSE,2000,808,0.019502846804832198,0.01653919742508282,0.0029636493797493765,0.0006737743310698522,0.02595716338643058,0.13435812497281807
808,MSE,2000,809,0.01947917099008334,0.016557832434626687,0.0029213385554566506,0.0006662255888738306,0.025811346126729435,0.13350224397653943
809,MSE,2000,810,0.019465969849280437,0.016565333821185226,0.0029006360280952105,0.0006654074992024764,0.025795493777062622,0.13409082639873304
810,MSE,2000,811,0.01945622813030838,0.01656182629573691,0.0028944018345714736,0.0006659958532611175,0.025806895459568893,0.13416571953081924
811,MSE,2000,812,0.0194447595451086,0.016549498723711913,0.0028952608213966857,0.000666930866810893,0.02582500468172064,0.13405860912210255
812,MSE,2000,813,0.019430033907926445,0.01653272831736386,0.0028973055905625843,0.0006689980086899231,0.02586499581847875,0.13441496819849785
813,MSE,2000,814,0.019406702032083778,0.016507564102597377,0.002899137929486402,0.000672277974593823,0.02592832379066998,0.13514372394172947
814,MSE,2000,815,0.019356667416795554,0.016453368624574843,0.00290329879222071,0.0006827262261622524,0.026129030333371585,0.13768764255548893
815,MSE,2000,816,0.019284338655646695,0.01633867779894578,0.0029456608567009156,0.0007079478608452581,0.026607289618547362,0.1404522571312139
816,MSE,2000,817,0.019455992531822588,0.016338683912821325,0.0031173086190012626,0.0008724429236106171,0.02953714481141698,0.1612593864406775
817,MSE,2000,818,0.019224701655384813,0.016253438677748686,0.0029712629776361284,0.0007458364793553306,0.027310006945354858,0.1473894814419041
818,MSE,2000,819,0.019139085715863445,0.016134331097967004,0.0030047546178964394,0.0007687256154708777,0.02772590152674711,0.14961506196896135
819,MSE,2000,820,0.019004642843123715,0.01595701192007284,0.0030476309230508753,0.0008021671820547697,0.02832255606499473,0.15271325160068994
820,MSE,2000,821,0.018927382633966133,0.015855193846714903,0.0030721887872512286,0.0008173564375374425,0.028589446261469326,0.15400668786458427
821,MSE,2000,822,0.018703216609023326,0.015602677535767826,0.003100539073255501,0.0008218952519271486,0.028668715561167867,0.1543954907190921
822,MSE,2000,823,0.018728116776901376,0.015569926604316065,0.00315819017258531,0.0008872541519676635,0.029786811712025567,0.15367807917118448
823,MSE,2000,824,0.018567454551966178,0.015446542753970779,0.003120911797995398,0.0008487057735231395,0.02913255521788536,0.1540145344239514
824,MSE,2000,825,0.018256623193324984,0.015135969612183586,0.003120653581141399,0.0008198155522607292,0.028632421348197733,0.15220838732558928
825,MSE,2000,826,0.017696887279258135,0.014639544544914191,0.0030573427343439457,0.0007524552535445624,0.027430917839995118,0.14321568790289652
826,MSE,2000,827,0.017327546426522282,0.014313108943075853,0.0030144374834464283,0.0007325407004599771,0.027065489104392278,0.1420953464902026
827,MSE,2000,828,0.017050722753610303,0.013954878092630222,0.003095844660980081,0.0007486743962323926,0.02736191506880307,0.14162579153385746
828,MSE,2000,829,0.01668815360560381,0.013610404968276035,0.0030777486373277747,0.0007376685935516386,0.027160055109510337,0.14151414241255322
829,MSE,2000,830,0.016507997034443563,0.01354147593774331,0.0029665210967002534,0.0006940260894086786,0.026344374910190576,0.13987230980738063
830,MSE,2000,831,0.016349470846677393,0.013259960932585116,0.003089509914092275,0.0007246404474821548,0.026919146485023533,0.1404346138697039
831,MSE,2000,832,0.016246212723886277,0.013170235333864843,0.003075977390021433,0.0007136781394239791,0.026714755088227536,0.13985113272573413
832,MSE,2000,833,0.016062194200705822,0.013106541328570108,0.0029556528721357144,0.0006673260401140008,0.025832654530922695,0.14106459309091246
833,MSE,2000,834,0.015976102842832924,0.013005622832631238,0.0029704800102016865,0.0006603021812337347,0.025696345678592795,0.1467323393039115
834,MSE,2000,835,0.01583700609384409,0.012898553047628767,0.002938453046215322,0.0006471227919008516,0.02543860829331769,0.14953939775860592
835,MSE,2000,836,0.01570716651767503,0.012786953541199983,0.002920212976475045,0.000640065122843197,0.025299508351807887,0.1502139630096544
836,MSE,2000,837,0.015609411389837775,0.01278909699287933,0.002820314396958444,0.0006305737167432346,0.025111226906370677,0.14206813618628278
837,MSE,2000,838,0.015557243214962007,0.01281664424754573,0.0027405989674162763,0.0006190839164054657,0.02488139699465176,0.13526359761724494
838,MSE,2000,839,0.015525451311936564,0.012791135073172439,0.0027343162387641257,0.0006160755766625707,0.024820869780540943,0.13482916750774332
839,MSE,2000,840,0.015501909810652605,0.01281137392542241,0.002690535885230196,0.0005984832691329903,0.024463917697968785,0.13446354631771462
840,MSE,2000,841,0.015481570809947323,0.012799852643329114,0.0026817181666182084,0.0005952487468278242,0.024397720115367835,0.13460113467734414
841,MSE,2000,842,0.01546126646314709,0.012795542351618443,0.0026657241115286474,0.000590802125635291,0.024306421489707016,0.13445612174873744
842,MSE,2000,843,0.015446391755434826,0.012794281161686405,0.0026521105937484207,0.0005890098721271281,0.024269525585126878,0.13398230578519654
843,MSE,2000,844,0.015420841016347626,0.0127944015629393,0.002626439453408325,0.0005909821269451381,0.02431012395988836,0.13210341687884442
844,MSE,2000,845,0.015424574727136207,0.012785082929708775,0.0026394917974274317,0.000601503469784665,0.02452556767507462,0.13248303773392567
845,MSE,2000,846,0.015408987040021617,0.012777377522562468,0.0026316095174591493,0.0005950496035339527,0.024393638587425878,0.1322829570126729
846,MSE,2000,847,0.015378945079638084,0.012753472589582203,0.002625472490055882,0.0006066809751596499,0.024630894729173968,0.13097144697241792
847,MSE,2000,848,0.015354109380084163,0.01271510902262846,0.0026390003574557033,0.0006157796881431486,0.024814908586233975,0.13109984018067755
848,MSE,2000,849,0.015326931414007969,0.012661232516452762,0.0026656988975552066,0.0006228507710356667,0.024956978403558126,0.13201689223900392
849,MSE,2000,850,0.015305358160400052,0.012626536342189553,0.0026788218182104994,0.0006260047805804429,0.025020087541422452,0.13232070109755134
850,MSE,2000,851,0.015278518914499826,0.012589450635078037,0.0026890682794217884,0.0006231995242728426,0.024963964514332308,0.13360518742941552
851,MSE,2000,852,0.015286450552180806,0.01261580455282547,0.002670645999355335,0.000641802922989126,0.02533382961553831,0.13259448434019694
852,MSE,2000,853,0.015264574773694852,0.012586388871596093,0.0026781859020987594,0.0006301953468965897,0.025103691897738662,0.131577852713191
853,MSE,2000,854,0.015251437044191976,0.012591612182444865,0.0026598248617471115,0.0006225702259783234,0.02495135719712103,0.13150716584173572
854,MSE,2000,855,0.015271104306190286,0.012572540935113648,0.0026985633710766375,0.000631622979822056,0.025132110532584725,0.13400868429637125
855,MSE,2000,856,0.015238696958267337,0.012567384913992105,0.002671312044275231,0.0006244644778253593,0.024989287261251755,0.13243972085877087
856,MSE,2000,857,0.015218376206838247,0.012576968221540521,0.002641407985297726,0.0006120291124999785,0.0247392221482402,0.1326595564106008
857,MSE,2000,858,0.015197772791462325,0.012578646510644505,0.0026191262808178194,0.0006019419997259773,0.024534506306954237,0.13317515893156595
858,MSE,2000,859,0.015167450940229242,0.012570950198520224,0.0025965007417090187,0.0005906492822936226,0.024303277192461566,0.1347288274653291
859,MSE,2000,860,0.015140608160186413,0.012555392643819932,0.0025852155163664818,0.0005803112980593431,0.024089651264793,0.13705317708068998
860,MSE,2000,861,0.015109308193493085,0.01251547904960843,0.0025938291438846544,0.000583039979014768,0.02414622080191366,0.13800375424224898
861,MSE,2000,862,0.015067013555942553,0.012479346057919177,0.002587667498023376,0.0005820705708164643,0.024126138746522707,0.13802734254828275
862,MSE,2000,863,0.014883342989534988,0.012315258270886132,0.0025680847186488557,0.0005821712381479927,0.024128224927416286,0.13963623414802306
863,MSE,2000,864,0.014718406488330824,0.012210823880739644,0.0025075826075911804,0.0005816231355403091,0.02411686413156381,0.13839543364720908
864,MSE,2000,865,0.014397584725904087,0.011971435606757475,0.0024261491191466113,0.0006040158842306454,0.024576734612853788,0.13731117396978876
865,MSE,2000,866,0.014078242678031394,0.011673087644213567,0.0024051550338178283,0.0006885506426503223,0.026240248524934406,0.13114186622753943
866,MSE,2000,867,0.013837460075279317,0.011588272644903226,0.0022491874303760904,0.000640153317179474,0.025301251296714043,0.12657826059948873
867,MSE,2000,868,0.013617843328865582,0.011445794865599074,0.002172048463266508,0.000561680513237647,0.02369979985648923,0.12567365582255574
868,MSE,2000,869,0.013487355599260169,0.011384507524260354,0.0021028480749998154,0.0005210558995120401,0.022826648889226822,0.12499391522686687
869,MSE,2000,870,0.013375962387538451,0.011297354006027037,0.0020786083815114145,0.00048136248971997,0.021939974697341155,0.13057826925883553
870,MSE,2000,871,0.013188164088460942,0.011071061329510275,0.002117102758950667,0.0004859313193474461,0.022043849921178606,0.1323217601577542
871,MSE,2000,872,0.013053446023593412,0.010942836951879765,0.0021106090717136474,0.0004917503950852267,0.022175445769707237,0.13100139497067542
872,MSE,2000,873,0.012853719516949514,0.010708983761093428,0.0021447357558560865,0.0005115854479913495,0.022618254751225822,0.13137436707764083
873,MSE,2000,874,0.01275919625552029,0.010610636982851212,0.0021485592726690774,0.000521195387585175,0.022829704062584232,0.1307940309350819
874,MSE,2000,875,0.012713666870474778,0.010513038350894201,0.002200628519580577,0.000563932743074027,0.023747268118123124,0.12879562335106676
875,MSE,2000,876,0.012659247421744329,0.010510799617053524,0.0021484478046908053,0.0005455966943800759,0.023358011353282537,0.12646558938895192
876,MSE,2000,877,0.012613247281877439,0.010491216554191078,0.002122030727686361,0.0005299566768603908,0.023020787928748024,0.1257862164795538
877,MSE,2000,878,0.012553268286556642,0.010475014702120871,0.0020782535844357706,0.0005193322595913763,0.022788862621714503,0.1226284710266965
878,MSE,2000,879,0.012465014265046077,0.010456203610040982,0.0020088106550050946,0.000510142822763423,0.022586341509049736,0.11589981495273238
879,MSE,2000,880,0.012455098623076939,0.01049523644810181,0.0019598621749751283,0.0005113386759704923,0.022612798941539555,0.11304403549347164
880,MSE,2000,881,0.012414606990585171,0.010436579145715188,0.0019780278448699833,0.000508047875812255,0.022539917386988247,0.1143692354282917
881,MSE,2000,882,0.012339430810840567,0.010394984298955466,0.0019444465118851012,0.0004967483618797929,0.022287852338881666,0.1116006560318843
882,MSE,2000,883,0.01225908516485314,0.010322031384562814,0.0019370537802903243,0.00046313222200520507,0.021520507010876974,0.11046849355236454
883,MSE,2000,884,0.012182448725102133,0.010226817986265131,0.001955630738837002,0.00047674403941975997,0.021834469066587352,0.11112017032760901
884,MSE,2000,885,0.012121110676684097,0.010149329455500265,0.0019717812211838322,0.000485991225099919,0.022045208665374866,0.11198845735803631
885,MSE,2000,886,0.012037844931660076,0.010021683464366183,0.002016161467293893,0.0004919869369261877,0.02218077854643943,0.11257755134047587
886,MSE,2000,887,0.012007972328996586,0.009944198556375286,0.002063773772621301,0.00047868671774107434,0.021878910341721187,0.11975596485754969
887,MSE,2000,888,0.011962787191873348,0.009913675665298074,0.0020491115265752736,0.0004824662489900821,0.02196511436323704,0.11596098609900851
888,MSE,2000,889,0.011940695909574304,0.009905870056873904,0.0020348258527004,0.00048570313652970386,0.02203867365631843,0.11342230465898373
889,MSE,2000,890,0.01191939891509436,0.009886958260870308,0.0020324406542240533,0.00048688052711401696,0.022065369408056982,0.11267633372741082
890,MSE,2000,891,0.01190098957620424,0.009879479247655042,0.002021510328549197,0.0004869495105467837,0.022066932513305597,0.11275581339777152
891,MSE,2000,892,0.011884722759938675,0.009848016571860683,0.0020367061880779917,0.0004809545172029715,0.021930675256429555,0.11587299362996051
892,MSE,2000,893,0.011869554029544045,0.0098300815002131,0.0020394725293309463,0.00048035739512445426,0.0219170571729978,0.11690160765194979
893,MSE,2000,894,0.011851909220336646,0.00980247763879675,0.0020494315815398952,0.00047791263468535976,0.0218612130195321,0.11894044830134853
894,MSE,2000,895,0.011842810000847921,0.00978485392291972,0.002057956077928201,0.000479587123514855,0.021899477699590348,0.11946242301616539
895,MSE,2000,896,0.011828519965913898,0.00975549519263901,0.0020730247732748887,0.0004811819405362609,0.02193585969448795,0.1206776847716231
896,MSE,2000,897,0.011814554587202637,0.009716311394039787,0.0020982431931628504,0.000493759749135268,0.02222070541488879,0.1199958392275946
897,MSE,2000,898,0.01180564352024109,0.009706261459284115,0.0020993820609569746,0.0004978784661325807,0.022313190406855327,0.11994227949050806
898,MSE,2000,899,0.011791107000431296,0.009675765770219535,0.0021153412302117604,0.0005089680484753541,0.02256032022102865,0.12062091725391544
899,MSE,2000,900,0.011781229119474816,0.00965056453472196,0.0021306645847528555,0.0005171755351408058,0.022741493687548447,0.121431398723155
900,MSE,2000,901,0.011772044567761382,0.009632249296088843,0.002139795271672538,0.0005242098460479823,0.022895629409299546,0.12159534790266036
901,MSE,2000,902,0.011756865719634045,0.009623659268874062,0.0021332064507599835,0.0005140991698547864,0.022673755089415305,0.12224875506470734
902,MSE,2000,903,0.011737966992487463,0.009620193925988249,0.0021177730664992144,0.0005101257168229587,0.02258596282700737,0.12111399277929369
903,MSE,2000,904,0.01171357922123479,0.00962958423663908,0.0020839949845957093,0.0004953722754419747,0.022256960157262598,0.11894730605773751
904,MSE,2000,905,0.011682384539841776,0.009645140073586096,0.0020372444662556813,0.00047321567724218364,0.02175352103090862,0.11624041588023615
905,MSE,2000,906,0.011661114924144806,0.009637785464389346,0.0020233294597554606,0.0004650867729134363,0.02156587055774555,0.1159459266197087
906,MSE,2000,907,0.011670263291744962,0.00967812514516288,0.001992138146582083,0.0004552262462141571,0.021336031641665632,0.11206043587256653
907,MSE,2000,908,0.01164797136839477,0.009639446170595853,0.0020085251977989163,0.0004600410507860467,0.02144856756956153,0.11426192676108626
908,MSE,2000,909,0.011632547130354458,0.009616065602164077,0.0020164815281903813,0.00046193950295705764,0.021492777925551123,0.11530115501869109
909,MSE,2000,910,0.011608624511871257,0.009573127518212064,0.002035496993659193,0.0004663384956449886,0.021594871975656363,0.11710908709441448
910,MSE,2000,911,0.011571424729158009,0.009516029729406177,0.0020553949997518316,0.0004720213343430393,0.021726051973219602,0.118236214554303
911,MSE,2000,912,0.011491012666590826,0.009426105899882069,0.0020649067667087577,0.00047496409159205716,0.021793670906757705,0.11729789616953501
912,MSE,2000,913,0.011398175661952552,0.009337643264903368,0.002060532397049184,0.00048144098795369994,0.02194176355614334,0.11367435523684821
913,MSE,2000,914,0.011349750309348781,0.00932102077299028,0.0020287295363585005,0.000484529486907311,0.022012030503961034,0.10717537270860866
914,MSE,2000,915,0.011297061325842926,0.00928331036354102,0.0020137509623019065,0.00047965240915894095,0.021900968224234766,0.10806497574293106
915,MSE,2000,916,0.011274349856667847,0.009275640844049854,0.001998709012617994,0.0004726897510027342,0.021741429368896937,0.10818270835131738
916,MSE,2000,917,0.011264431261083056,0.009280074925846978,0.0019843563352360777,0.00046754062900343605,0.02162268783022675,0.10720919462434741
917,MSE,2000,918,0.011257983990972099,0.009281172129165792,0.0019768118618063075,0.00046455006769691837,0.021553423572530615,0.10650165149821911
918,MSE,2000,919,0.011251092232143241,0.009267669681807079,0.0019834225503361624,0.0004667802142246241,0.021605096950132487,0.10621659390677207
919,MSE,2000,920,0.011240255035726579,0.00924855595185155,0.0019916990838750293,0.00046783896212330457,0.02162958534330477,0.1061036095232053
920,MSE,2000,921,0.011221782275950538,0.009206147488310626,0.0020156347876399117,0.0004730474025972194,0.02174965293050028,0.10694455265394609
921,MSE,2000,922,0.011212659713635397,0.009190086626086426,0.0020225730875489717,0.0004691225198428609,0.021659236363336103,0.10625036142726207
922,MSE,2000,923,0.011186784910115061,0.00914042020110925,0.002046364709005811,0.00046959092003561283,0.021670046608985704,0.10735381396693677
923,MSE,2000,924,0.011166343028880922,0.009116639286111368,0.002049703742769554,0.00046963242027643355,0.021671004136320806,0.108625810754714
924,MSE,2000,925,0.011141702562965148,0.009090388448997656,0.002051314113967492,0.00047165090621121143,0.021717525324290783,0.11023777175450222
925,MSE,2000,926,0.011118247939198023,0.009071672435063492,0.002046575504134531,0.0004709986892080738,0.021702504215137794,0.11074895919228878
926,MSE,2000,927,0.01117758598103415,0.009141654341825038,0.0020359316392091127,0.0005199470162621598,0.02280234672708403,0.11725918224544563
927,MSE,2000,928,0.011105477923865712,0.009067572495792164,0.0020379054280735484,0.0004804508885994831,0.02191918996221081,0.11269482365044103
928,MSE,2000,929,0.011075415640689125,0.009041626765327968,0.0020337888753611567,0.0004832968065914179,0.021984012522545057,0.11273778774786081
929,MSE,2000,930,0.011055118002268145,0.009027467597236905,0.0020276504050312396,0.00048556701778657913,0.022035585260813454,0.11269761579637727
930,MSE,2000,931,0.011038623799770785,0.008999560305163853,0.0020390634946069316,0.0004962594048510066,0.02227688050089165,0.11282608805944028
931,MSE,2000,932,0.01102226536455376,0.008997302027612581,0.0020249633369411792,0.0004933732431753523,0.022212006734542298,0.11276174838307051
932,MSE,2000,933,0.01100709237378112,0.00898622243886284,0.002020869934918279,0.0004895918503066049,0.022126722538744977,0.11251043830581464
933,MSE,2000,934,0.01102366015857366,0.008993546532604268,0.002030113625969393,0.0004932265491920926,0.022208704356447555,0.11003263670368346
934,MSE,2000,935,0.01099657530200626,0.008973396524234682,0.002023178777771578,0.0004904611839124692,0.022146358253953835,0.1115605071900303
935,MSE,2000,936,0.010975935479513914,0.008972045087858581,0.0020038903916553335,0.0004771639915284841,0.02184408367335385,0.11099362128355361
936,MSE,2000,937,0.010965851884828355,0.008968529908274181,0.0019973219765541746,0.0004721977505932425,0.02173011161023437,0.11039017751647195
937,MSE,2000,938,0.010936847674845866,0.00895457018105574,0.0019822774937901253,0.0004605313890935714,0.021459995086056553,0.10797952238745934
938,MSE,2000,939,0.010912916688274711,0.008935844973661554,0.0019770717146131572,0.0004551373877880518,0.021333949184059942,0.10610668362672415
939,MSE,2000,940,0.010876931578453965,0.008898744220884748,0.0019781873575692175,0.00045521788677928716,0.021335835741289517,0.10603942910502173
940,MSE,2000,941,0.01084114676618495,0.00886559153992682,0.001975555226258131,0.000448701498284334,0.02118257534589064,0.1069510356902672
941,MSE,2000,942,0.010792456159980379,0.00881497917816794,0.00197747698181244,0.00045278346740595975,0.021278709251408078,0.10692617755486356
942,MSE,2000,943,0.01064310393713177,0.008680960060736442,0.0019621438763953295,0.00046200619780670097,0.02149432943375301,0.10462171348716143
943,MSE,2000,944,0.010570602727830409,0.008614058493700876,0.001956544234129532,0.0004670437777544079,0.021611195657677246,0.10313213129228971
944,MSE,2000,945,0.010553356602857644,0.008593461261481077,0.0019598953413765673,0.0004527476964182951,0.021277868700090595,0.10572036875439816
945,MSE,2000,946,0.010458336607811192,0.00849801648024748,0.0019603201275637133,0.00045999286866693726,0.021447444338823618,0.10218995698882694
946,MSE,2000,947,0.010432027454944369,0.008504836407818196,0.0019271910471261732,0.0004523009788029887,0.021267368873534608,0.10224458904912304
947,MSE,2000,948,0.010395013395480213,0.008473694625406746,0.0019213187700734663,0.0004374357482947897,0.020914964697431114,0.10179731008417026
948,MSE,2000,949,0.010375321043454273,0.008503029263374408,0.0018722917800798658,0.00042947208932456453,0.020723708387365532,0.10187635779364479
949,MSE,2000,950,0.010356993791463528,0.008473161482423032,0.0018838323090404957,0.0004286025038818761,0.020702717306717883,0.10150331555154102
950,MSE,2000,951,0.010343317249241235,0.008444297605734112,0.0018990196435071224,0.0004310873774762876,0.020762643797847317,0.10214521717032365
951,MSE,2000,952,0.010329563281915668,0.008420826675955836,0.0019087366059598314,0.0004304214492492385,0.020746600908323237,0.10314937817836078
952,MSE,2000,953,0.010325471423665333,0.00839113740714816,0.0019343340165171718,0.00044006298409208936,0.020977678234067976,0.10355335982899083
953,MSE,2000,954,0.010301037834903121,0.008374779053351324,0.0019262587815517976,0.00043258211039079583,0.020798608376302388,0.10335262812957402
954,MSE,2000,955,0.010290169854240614,0.008369753315407855,0.0019204165388327585,0.0004287109998825812,0.020705337473284062,0.10318743377544526
955,MSE,2000,956,0.010276977865681092,0.008360341337001713,0.0019166365286793785,0.0004260338486104624,0.020640587409530342,0.10246462649021248
956,MSE,2000,957,0.010261869792089668,0.008348007758287224,0.0019138620338024434,0.00042586289682026936,0.020636445837892467,0.1016349381680004
957,MSE,2000,958,0.010241620229387004,0.008335685072481148,0.0019059351569058556,0.0004259995320773309,0.020639756105083482,0.1021748591541356
958,MSE,2000,959,0.010221771456023147,0.008311208267033169,0.0019105631889899785,0.00043416289558743015,0.020836575908421952,0.10492242555260534
959,MSE,2000,960,0.010207784311544305,0.008296875676846676,0.0019109086346976293,0.00044020974641477255,0.020981176001710976,0.1068086493486402
960,MSE,2000,961,0.010193311380950174,0.008278175652974376,0.0019151357279757985,0.00044750426387857615,0.021154296581984856,0.10829055260348008
961,MSE,2000,962,0.010183893521237745,0.008266223300398548,0.001917670220839197,0.00044879694362317727,0.021184828147124,0.10917305097416152
962,MSE,2000,963,0.010170241412790484,0.008248388079023335,0.001921853333767149,0.00045118837092495784,0.021241195138808875,0.10898444261633022
963,MSE,2000,964,0.010161686250853733,0.008240661333226432,0.0019210249176273009,0.00044927456583534743,0.021196097891719303,0.1087754634726652
964,MSE,2000,965,0.010154188308557887,0.008234569662613123,0.0019196186459447641,0.0004475213611260866,0.02115470068627979,0.10875233987258603
965,MSE,2000,966,0.010146174666830269,0.008226029538323762,0.0019201451285065076,0.00044702064806033935,0.021142862816097997,0.10893475939238906
966,MSE,2000,967,0.010126995085705307,0.008215194468926625,0.0019118006167786821,0.00044601367540626703,0.021119035854088298,0.10951707754819484
967,MSE,2000,968,0.010105789172055709,0.008196224832264306,0.0019095643397914028,0.00044530637125259813,0.0211022835554022,0.11011483981546855
968,MSE,2000,969,0.01008833393422012,0.00820001419431363,0.0018883197399064903,0.00044576616387060323,0.02111317512527671,0.11070885311262302
969,MSE,2000,970,0.010075063119465294,0.008195239949913424,0.0018798231695518707,0.00044341260196307164,0.021057364554071614,0.11032828350174428
970,MSE,2000,971,0.01006618261643298,0.00818679774719071,0.0018793848692422695,0.0004436685777157725,0.021063441734810874,0.11007197782679912
971,MSE,2000,972,0.010058811784698418,0.008177686176000884,0.0018811256086975336,0.0004430032609803751,0.02104764264663326,0.10961340285456656
972,MSE,2000,973,0.010048798838184223,0.008163405469236034,0.0018853933689481888,0.00044354447674798916,0.02106049564345505,0.10924813931742028
973,MSE,2000,974,0.010037617123033827,0.008146548240406028,0.0018910688826277984,0.000442857044632976,0.021044168898604096,0.10883177443148773
974,MSE,2000,975,0.010027142233505457,0.00813617362806846,0.0018909686054369979,0.0004421868961408369,0.021028240443290467,0.10839952984569212
975,MSE,2000,976,0.010017152210690149,0.00812249875853716,0.0018946534521529883,0.000437046029352301,0.020905645872641702,0.10716648569033405
976,MSE,2000,977,0.010001445798485956,0.008106740782000342,0.0018947050164856139,0.0004367789803575362,0.020899257890115052,0.10748338814958247
977,MSE,2000,978,0.009981575731838188,0.008096504919824693,0.0018850708120134957,0.0004319337037326686,0.02078301478930977,0.10697516489125958
978,MSE,2000,979,0.009968902839578646,0.008082085353543243,0.0018868174860354038,0.00043211997019323783,0.02078749552479177,0.1073307472239251
979,MSE,2000,980,0.009954626552413515,0.008072974661977638,0.0018816518904358785,0.0004268272600340245,0.020659798160534495,0.10645778152255625
980,MSE,2000,981,0.009933773120963125,0.008059149032580088,0.0018746240883830377,0.00042445534361278966,0.020602314035389074,0.10597300440762725
981,MSE,2000,982,0.009923296119322078,0.008057604181180771,0.001865691938141306,0.00041783501852728564,0.020441013148258715,0.10449606117059718
982,MSE,2000,983,0.009909605462427739,0.008037547318635912,0.0018720581437918263,0.0004209610898741891,0.02051733632502497,0.10529742323781255
983,MSE,2000,984,0.009880432325494959,0.007991459291788086,0.0018889730337068732,0.0004286896939176392,0.020704822962721494,0.1067882988353479
984,MSE,2000,985,0.009861997109429232,0.007968730743096038,0.0018932663663331947,0.00043010294735645063,0.02073892348595873,0.10687400991728113
985,MSE,2000,986,0.009906912919258456,0.008007024491415491,0.0018998884278429652,0.00043957053724818975,0.020965937547560085,0.10928235528840924
986,MSE,2000,987,0.00984877016793733,0.007954690063824574,0.0018940801041127551,0.000432455183089323,0.020795556811235495,0.10765192128609602
987,MSE,2000,988,0.009809902904215241,0.007926393978644253,0.001883508925570988,0.000430839072350172,0.020756663324103225,0.10725101350082022
988,MSE,2000,989,0.00978123224578382,0.007908532523830072,0.0018726997219537477,0.00042849990778712324,0.02070023931714615,0.10736921689629986
989,MSE,2000,990,0.009754092043292072,0.007927234808516096,0.0018268572347759763,0.00042886816374933424,0.02070913237558093,0.10645412717021108
990,MSE,2000,991,0.00971530796104563,0.007893278065008072,0.0018220298960375584,0.0004221368686225023,0.020545969644251455,0.10703401191807949
991,MSE,2000,992,0.009674748119000681,0.007868669022681933,0.0018060790963187487,0.000416835766549606,0.020416556187310485,0.1072253043874225
992,MSE,2000,993,0.009634177454575434,0.00785331690157792,0.001780860552997512,0.0004140827261753343,0.020349022732685084,0.1069034299537015
993,MSE,2000,994,0.00959219701277944,0.007837640295827774,0.0017545567169516656,0.00041432992341492966,0.020355095760396943,0.10596662068461749
994,MSE,2000,995,0.009587108267867066,0.007865710815637835,0.0017213974522292304,0.00042233211358637596,0.020550720512584855,0.10409357024365518
995,MSE,2000,996,0.009562171064231495,0.007836342701170115,0.0017258283630613804,0.0004168869810723359,0.020417810388784,0.10384780638700475
996,MSE,2000,997,0.009558111913966357,0.007819105488994248,0.0017390064249721085,0.0004155121637113141,0.020384115475323282,0.10356620000749173
997,MSE,2000,998,0.009550563771797652,0.007821071832003574,0.001729491939794077,0.00041543329051604773,0.02038218071051397,0.10321325458554842
998,MSE,2000,999,0.009543607991692224,0.007826665734774071,0.0017169422569181525,0.00041182319524394603,0.020293427390264712,0.10242900029042623
999,MSE,2000,1000,0.009532656113547939,0.00783751974088874,0.0016951363726591992,0.00040183198020175457,0.02004574718492066,0.10086563044495778
1000,MSE,2000,1001,0.009520351037122416,0.007847616920079964,0.001672734117042452,0.0003880944724593951,0.019700113513870805,0.09891187387061295
1001,MSE,2000,1002,0.009516848841174161,0.007864734719377108,0.0016521141217970532,0.00037298883523124234,0.019312918868758352,0.09632382970446018
1002,MSE,2000,1003,0.009509279245012589,0.007848788720996615,0.001660490524015973,0.00037755087059140885,0.019430668300174567,0.09727268118372123
1003,MSE,2000,1004,0.00950568233145443,0.007843035176206598,0.0016626471552478323,0.0003794559974771693,0.019479630321881606,0.09785273629047131
1004,MSE,2000,1005,0.009497205022570518,0.007831941394926831,0.0016652636276436872,0.00037956605624947943,0.01948245508783427,0.09835680829482074
1005,MSE,2000,1006,0.00948363284141477,0.007828888026891679,0.0016547448145230912,0.0003756544283730587,0.019381806633362607,0.09838062922450685
1006,MSE,2000,1007,0.009467786577251556,0.007826761180325405,0.00164102539692615,0.00036897707492959724,0.019208775987282406,0.09792777935957053
1007,MSE,2000,1008,0.009478526119049854,0.007857261902105487,0.0016212642169443682,0.00036074169785513325,0.018993201358779233,0.09474647563770411
1008,MSE,2000,1009,0.009461588756007168,0.00782863640970072,0.0016329523463064492,0.000365562700267615,0.01911969404220724,0.09672896304653289
1009,MSE,2000,1010,0.009450853790535192,0.007835105440891697,0.0016157483496434947,0.00035991760859961213,0.0189714946327276,0.0960829635675986
1010,MSE,2000,1011,0.009441651173295557,0.007825887666108998,0.0016157635071865598,0.00035834272248444217,0.01892994248497449,0.09555223894711995
1011,MSE,2000,1012,0.009428921490962331,0.007819465237064154,0.0016094562538981768,0.00035387483626740353,0.018811561239498533,0.0944016973138857
1012,MSE,2000,1013,0.009399209144881338,0.007780971563836559,0.001618237581044778,0.00035520200633026627,0.018846803610433952,0.09613351150891614
1013,MSE,2000,1014,0.009355921974064329,0.00773193452882192,0.0016239874452424088,0.00034713531123939996,0.018631567600161828,0.10124268559062055
1014,MSE,2000,1015,0.00931018634650411,0.007677245994216218,0.0016329403522878916,0.00034636234319617803,0.018610812534550394,0.10435764309650564
1015,MSE,2000,1016,0.009306516663662459,0.007663589290141375,0.0016429273735210838,0.00034545115766734916,0.018586316409319764,0.10811625649859846
1016,MSE,2000,1017,0.009287124183851123,0.00765073943583505,0.001636384748016073,0.00034470106427321077,0.018566126797832948,0.10631361004988449
1017,MSE,2000,1018,0.009256826529283552,0.007626481418892173,0.001630345110391379,0.00034499238570946433,0.018573970650064685,0.10502727949076718
1018,MSE,2000,1019,0.009210916303751118,0.007601353570155442,0.0016095627335956755,0.00034174765327805724,0.018486418075929614,0.10235988798068685
1019,MSE,2000,1020,0.009131919473471847,0.0075501691968987246,0.0015817502765731227,0.00033537890012396267,0.018313353055187973,0.0991681501174888
1020,MSE,2000,1021,0.00908640861778758,0.007568282686485005,0.0015181259313025751,0.0003200601739344659,0.01789022565353679,0.0965751932941552
1021,MSE,2000,1022,0.008994697191522492,0.007452182735142549,0.0015425144563799423,0.0003293681349612577,0.018148502278735226,0.09482226124399284
1022,MSE,2000,1023,0.008963090654839814,0.0074397554543312525,0.0015233352005085616,0.0003228895548167538,0.017969127825711348,0.09536977485059994
1023,MSE,2000,1024,0.008925574310835353,0.007405714581174737,0.0015198597296606157,0.0003215674688279603,0.017932302385024638,0.09677103011814303
1024,MSE,2000,1025,0.008865291069846603,0.007336602410300944,0.001528688659545659,0.00032411702077853575,0.01800325028372754,0.09817681847748139
1025,MSE,2000,1026,0.008782768170479972,0.007232284461925387,0.001550483708554585,0.00033314674171624564,0.018252307846303866,0.09776558181128392
1026,MSE,2000,1027,0.008705021495892216,0.007134608173331642,0.0015704133225605734,0.000347363760992823,0.018637697309292878,0.09471309719543308
1027,MSE,2000,1028,0.008681485484073067,0.007072229633476696,0.001609255850596372,0.0003586063202235767,0.018936903659880003,0.0958616037193658
1028,MSE,2000,1029,0.008587709060565345,0.0070008827305654536,0.0015868263299998909,0.0003594545302809316,0.018959286122661147,0.09693952890200608
1029,MSE,2000,1030,0.008549066283561498,0.006969261133385088,0.0015798051501764113,0.0003561885158723964,0.018872957263566206,0.09703303693567955
1030,MSE,2000,1031,0.008488229126767558,0.006927595666886838,0.0015606334598807195,0.00035063175957436723,0.018725163806342714,0.09712617250047728
1031,MSE,2000,1032,0.008440751813752645,0.0068793543421265075,0.0015613974716261374,0.0003491554461259181,0.01868570164928034,0.09773599856332282
1032,MSE,2000,1033,0.008415199306224593,0.006871522017871376,0.001543677288353217,0.00034365292738645,0.018537878179188953,0.09715299768771812
1033,MSE,2000,1034,0.00840054204042445,0.006849142273555655,0.001551399766868796,0.0003483187281883709,0.01866329896316219,0.09762818977340837
1034,MSE,2000,1035,0.0083912139445212,0.006831444565608681,0.0015597693789125195,0.0003520575513187671,0.018763196724406187,0.0989699402626667
1035,MSE,2000,1036,0.008379923550370382,0.006819248431507934,0.0015606751188624477,0.00035348597522093526,0.01880122270547677,0.09921230865498254
1036,MSE,2000,1037,0.008368194006310902,0.006802593442083669,0.0015656005642272334,0.00035891755973641156,0.018945119681237476,0.09970022892211405
1037,MSE,2000,1038,0.008358225829737501,0.006782819908420933,0.0015754059213165684,0.0003638596390884807,0.01907510521828073,0.09997701342891441
1038,MSE,2000,1039,0.008343431493866488,0.006755369577080454,0.0015880619167860331,0.0003728392687863289,0.019309046294064575,0.1003345350287348
1039,MSE,2000,1040,0.008318493720719817,0.006724941524735514,0.0015935521959843024,0.00038050016962198685,0.01950641355098335,0.10134761213247989
1040,MSE,2000,1041,0.008294398716876468,0.006697189344070041,0.0015972093728064264,0.00039846734804893104,0.019961646927268577,0.10396323616766745
1041,MSE,2000,1042,0.008282545959036264,0.0067013807058435735,0.0015811652531926906,0.0003867544806489666,0.01966607435786224,0.10281574334891497
1042,MSE,2000,1043,0.008262289474533174,0.006693037764359049,0.0015692517101741244,0.0003781725919055195,0.019446660173549582,0.10272008541500544
1043,MSE,2000,1044,0.008248738998694119,0.00668518898628947,0.0015635500124046484,0.00037573853524915584,0.01938397624970573,0.10294945648921638
1044,MSE,2000,1045,0.008228505493456509,0.006668647459914268,0.0015598580335422416,0.00037313255129292427,0.019316639233907234,0.1031402848681453
1045,MSE,2000,1046,0.008196065739941489,0.006632897253539491,0.001563168486401998,0.00037501296226223477,0.019365251412316722,0.10428190871626031
1046,MSE,2000,1047,0.008172209983382799,0.006616036481225219,0.0015561735021575795,0.0003810275908291368,0.01951992804364649,0.10336245049801951
1047,MSE,2000,1048,0.0081466893593219,0.00657484981150193,0.0015718395478199712,0.0003849302017193426,0.019619638164842454,0.10555291232258712
1048,MSE,2000,1049,0.00812394533074311,0.006561225487721186,0.0015627198430219252,0.00038186836515194844,0.019541452483168912,0.10583365561913904
1049,MSE,2000,1050,0.008092270937648893,0.006535579772613922,0.0015566911650349703,0.00038096786448708176,0.019518398102484787,0.10620818446866576
1050,MSE,2000,1051,0.008049500714633178,0.006507255002366704,0.0015422457122664743,0.00037528740607874043,0.019372336102771406,0.10609928629372645
1051,MSE,2000,1052,0.008009003182179746,0.006500306676385399,0.001508696505794347,0.0003559504221881048,0.018866648408980988,0.10440361101848694
1052,MSE,2000,1053,0.007946635077679894,0.006432599313988124,0.0015140357636917693,0.00035333067804528475,0.018797092276341167,0.10386904117748719
1053,MSE,2000,1054,0.007909975917813014,0.006384424031652044,0.0015255518861609701,0.00035281427914775755,0.018783351116021803,0.10324808506879446
1054,MSE,2000,1055,0.007875671244600016,0.006334455473651798,0.0015412157709482188,0.0003530202090087475,0.018788832028860853,0.1020858647187266
1055,MSE,2000,1056,0.00786414529238675,0.006297778722104447,0.0015663665702823023,0.00035171633872420766,0.01875410191729286,0.10133670426444974
1056,MSE,2000,1057,0.007851808916921402,0.006287478448368846,0.0015643304685525547,0.0003529351380892083,0.018786568023170393,0.10123131761254855
1057,MSE,2000,1058,0.007843106022018414,0.006281712546072146,0.0015613934759462686,0.00035343165968451483,0.0187997781817902,0.10098247082585887
1058,MSE,2000,1059,0.0078348303299755,0.006271898072208646,0.001562932257766854,0.00035416674900460123,0.018819318505317914,0.10060403103057469
1059,MSE,2000,1060,0.007822245973062364,0.006254593637641767,0.001567652335420597,0.0003536881440169766,0.018806598416964634,0.10012082983692494
1060,MSE,2000,1061,0.007801985188842361,0.006213657779972095,0.0015883274088702658,0.00035637792947122536,0.018877974718470872,0.10111595861082989
1061,MSE,2000,1062,0.0078055919923591555,0.006185297573089112,0.0016202944192700436,0.000355093915468167,0.018843935774359003,0.10348456988572452
1062,MSE,2000,1063,0.007792618634363164,0.006191357719141684,0.0016012609152214797,0.00035418609155165107,0.01881983239966953,0.10220359580204041
1063,MSE,2000,1064,0.007775262803511042,0.006149128662845433,0.0016261341406656085,0.0003596038813044437,0.01896322444376071,0.10424363413853888
1064,MSE,2000,1065,0.007760236688220737,0.0061134625048173685,0.0016467741834033684,0.0003667969641368932,0.019151944134653622,0.10478264775432966
1065,MSE,2000,1066,0.0077425562896820945,0.006098988213042019,0.001643568076640075,0.0003635967347615552,0.019068212678737227,0.10545558374246844
1066,MSE,2000,1067,0.007718873957669167,0.006093562576649308,0.0016253113810198601,0.00036037754420876827,0.018983612517346857,0.10439720182998391
1067,MSE,2000,1068,0.007688356490539947,0.006071083100261894,0.0016172733902780525,0.0003558699077249226,0.018864514510713564,0.10591693182800088
1068,MSE,2000,1069,0.007655497247686243,0.006048790620782914,0.0016067066269033292,0.000355048205704827,0.018842722884573424,0.10624918698867236
1069,MSE,2000,1070,0.007608132912475677,0.006017877813536813,0.0015902550989388637,0.0003620521637568136,0.019027668374154875,0.10455903076214423
1070,MSE,2000,1071,0.007574449336668928,0.00598408327588426,0.0015903660607846678,0.0003786839466935275,0.019459803357010766,0.10238079552225177
1071,MSE,2000,1072,0.007548115058517479,0.005947018869646269,0.0016010961888712099,0.00040624188653330657,0.02015544309940386,0.10528424091017952
1072,MSE,2000,1073,0.007487897658064535,0.005879000304883221,0.0016088973531813136,0.0004220784960744029,0.02054454905989428,0.10599360519990153
1073,MSE,2000,1074,0.007447616278809601,0.005840127953605401,0.0016074883252042004,0.0004160687072378056,0.020397762309572236,0.10524556026130316
1074,MSE,2000,1075,0.007395481470426464,0.00579380359332384,0.0016016778771026237,0.00039763770130195553,0.01994085507950839,0.10370264047132327
1075,MSE,2000,1076,0.007339221565003145,0.005715343542692056,0.0016238780223110892,0.0004013731447594369,0.020034299208094027,0.10601096085212802
1076,MSE,2000,1077,0.0073195960215658015,0.0057177585019713515,0.0016018375195944498,0.00034383599036111404,0.018542815060316867,0.10831185161564161
1077,MSE,2000,1078,0.007244816224939088,0.005641134862770553,0.0016036813621685343,0.00036034595603268843,0.01898278051373635,0.10289155099229652
1078,MSE,2000,1079,0.007209264010047648,0.005605104088891596,0.0016041599211560529,0.0003665232786416394,0.01914479769132177,0.10251988703931136
1079,MSE,2000,1080,0.007177565328188677,0.005566540867688579,0.0016110244605000979,0.00036786927652836986,0.019179918574602182,0.10275832781892102
1080,MSE,2000,1081,0.007152210757856476,0.005524030880280429,0.0016281798775760474,0.0003691920558934963,0.01921437107723009,0.1023234810671898
1081,MSE,2000,1082,0.007139326616473558,0.005500074297872333,0.0016392523186012239,0.00036898280051359325,0.019208925022332544,0.10260694724978814
1082,MSE,2000,1083,0.007129629854985385,0.005483739466599533,0.0016458903883858514,0.00036955286014482515,0.019223757700949758,0.10323671383385014
1083,MSE,2000,1084,0.007116876172946462,0.005458480040499792,0.00165839613244667,0.00037144911244926424,0.0192730151364353,0.10376222628521004
1084,MSE,2000,1085,0.0071042136508131775,0.005442353119458499,0.0016618605313546786,0.00037498580392245686,0.019364550186422014,0.1038477524526693
1085,MSE,2000,1086,0.007087012840448051,0.005422177477314081,0.00166483536313397,0.00037320336309850483,0.019318472069459965,0.10456259162266757
1086,MSE,2000,1087,0.0070510508973784525,0.005389225020289716,0.0016618258770887365,0.0003689813669139606,0.01920888770631867,0.10569143579015172
1087,MSE,2000,1088,0.007034237532359846,0.005368480630975441,0.0016657569013844042,0.0003600531345349973,0.01897506612728918,0.10831670676936334
1088,MSE,2000,1089,0.007018316746464802,0.005349918122117923,0.001668398624346879,0.00035812134928897874,0.018924094411331253,0.10935574779348745
1089,MSE,2000,1090,0.006985734848595864,0.005326322711854808,0.0016594121367410563,0.00035668803687755274,0.018886186403759567,0.11038748022287082
1090,MSE,2000,1091,0.007019630224720856,0.005328177528877396,0.0016914526958434603,0.00036088077359241696,0.018996862203859273,0.11412878015471706
1091,MSE,2000,1092,0.006975246621960866,0.005306728686969285,0.0016685179349915807,0.00035734105147987544,0.018903466652439055,0.11161531652628542
1092,MSE,2000,1093,0.006959385413513753,0.005302719432992175,0.0016566659805215777,0.0003577481886738735,0.018914232436815233,0.1106751532434298
1093,MSE,2000,1094,0.006942360570091611,0.005303040838715191,0.0016393197313764201,0.0003593913938125084,0.01895762099559194,0.1094504765924944
1094,MSE,2000,1095,0.006931446622655135,0.00530033978990484,0.0016311068327502947,0.0003583306414053471,0.018929623382554314,0.10932139611633507
1095,MSE,2000,1096,0.006921436321432766,0.0052827950411168485,0.0016386412803159178,0.00035786219512211196,0.01891724597086246,0.1103715114859194
1096,MSE,2000,1097,0.006906091124410583,0.005261810284197391,0.001644280840213192,0.0003556426195273629,0.018858489322513692,0.11273313769954885
1097,MSE,2000,1098,0.006889866176077271,0.005242304967927916,0.0016475612081493553,0.0003563921042203906,0.01887835014561364,0.11321626450238176
1098,MSE,2000,1099,0.006857367967160846,0.005209650624297687,0.0016477173428631592,0.00035697677303464715,0.018893828967010556,0.11423137013003948
1099,MSE,2000,1100,0.006816011463726164,0.005187451579989846,0.001628559883736317,0.0003570479159558747,0.018895711575801392,0.112953919175653
1100,MSE,2000,1101,0.0067773289254776945,0.0051563923539300095,0.0016209365715476847,0.00036587775441475985,0.01912793126333216,0.11296273795146083
1101,MSE,2000,1102,0.006732572585457185,0.005129350465416562,0.0016032221200406242,0.00035926115052248455,0.01895418556737494,0.11117936927683836
1102,MSE,2000,1103,0.006699243386166412,0.00512009787900261,0.0015791455071638024,0.00035819490866622196,0.018926037849117335,0.10840019672346979
1103,MSE,2000,1104,0.006652467948743203,0.005097602285547221,0.0015548656631959824,0.00036479449763866903,0.019099594174711385,0.10388741028962678
1104,MSE,2000,1105,0.0065902183729559145,0.005052063301148912,0.0015381550718070029,0.00037219292866434744,0.01929230231632159,0.10023119862041852
1105,MSE,2000,1106,0.006519377214661675,0.0049999715282196275,0.0015194056864420483,0.0003853638129401239,0.019630685493383156,0.09607410986813458
1106,MSE,2000,1107,0.006474746104045726,0.004953207395270872,0.001521538708774854,0.0003803356538887779,0.019502196129892086,0.09781874800732004
1107,MSE,2000,1108,0.006430410282070009,0.004916386949726638,0.0015140233323433718,0.00036574770524949875,0.019124531504052557,0.10131413512613663
1108,MSE,2000,1109,0.006383658706478473,0.004885105832890267,0.0014985528735882061,0.0003463013679861049,0.018609174296193395,0.10532944407147116
1109,MSE,2000,1110,0.0063884446302580125,0.00486404332627286,0.0015244013039851527,0.00033544213423886084,0.01831507942212812,0.11040704654859046
1110,MSE,2000,1111,0.006357346142642807,0.004848596370323069,0.0015087497723197377,0.0003399352083498961,0.018437331920586993,0.10773169191854293
1111,MSE,2000,1112,0.006321306290136818,0.0048263722519781465,0.001494934038158671,0.0003361703611083954,0.018334949171142947,0.10781233780844679
1112,MSE,2000,1113,0.006302646246854604,0.004812402415749484,0.0014902438311051203,0.0003421450499536321,0.018497163294776638,0.10706615118845164
1113,MSE,2000,1114,0.006286023230089062,0.004793705427652003,0.0014923178024370599,0.00035258075031870595,0.018777133708814717,0.10543727722239216
1114,MSE,2000,1115,0.006271452436196661,0.004776468667531384,0.0014949837686652767,0.00035942695446120905,0.018958558870895464,0.10538211521625929
1115,MSE,2000,1116,0.006255733258271827,0.004769779022590341,0.0014859542356814859,0.00036326868268184175,0.019059608670742474,0.10514050963551513
1116,MSE,2000,1117,0.00623752483497517,0.00475931899960558,0.0014782058353695904,0.0003570734832230193,0.01889638809992585,0.10573799628026537
1117,MSE,2000,1118,0.006221265974888892,0.0047602535612770586,0.0014610124136118332,0.0003401544425285554,0.018443276350164996,0.10665436998724531
1118,MSE,2000,1119,0.0062133932785224735,0.004766312810639412,0.0014470804678830607,0.00033108763803642175,0.0181958137503224,0.10657782055711085
1119,MSE,2000,1120,0.006207858184461593,0.004767372208688557,0.0014404859757730364,0.00032495620871905945,0.018026541784797755,0.10663224378077674
1120,MSE,2000,1121,0.006198586747588345,0.0047666113024859265,0.0014319754451024185,0.00031854831930181436,0.017847921988338428,0.1065244429303227
1121,MSE,2000,1122,0.006183776309065354,0.004762095709807552,0.0014216805992578018,0.00031114494478670776,0.01763930114224222,0.10632152187103516
1122,MSE,2000,1123,0.0061766692931211195,0.00475063915260048,0.0014260301405206394,0.00030984303133209953,0.01760235868661071,0.1055561379519967
1123,MSE,2000,1124,0.006150219031020282,0.004731077403275048,0.0014191416277452337,0.0003065739379887791,0.017509252924918842,0.1056741383418176
1124,MSE,2000,1125,0.00613847567575593,0.004712710805822821,0.0014257648699331092,0.0003087792084448663,0.01757211451262671,0.10604785806656025
1125,MSE,2000,1126,0.006130029540242533,0.004693997281094907,0.0014360322591476268,0.0003123459580710951,0.01767331202890661,0.10599948392213765
1126,MSE,2000,1127,0.006122324205677609,0.004681379727210675,0.0014409444784669338,0.00031557678846001654,0.01776448109177458,0.10553807081846855
1127,MSE,2000,1128,0.006112589794533879,0.004658543035532705,0.0014540467590011743,0.0003244501853454762,0.01801250080764679,0.10446906043367576
1128,MSE,2000,1129,0.006106656401018808,0.004654478767530961,0.001452177633487847,0.0003262143891118544,0.01806140606685577,0.10413146627149872
1129,MSE,2000,1130,0.006101219110401473,0.0046475437007160985,0.0014536754096853748,0.00032961658810788365,0.01815534599251371,0.1039844076461014
1130,MSE,2000,1131,0.006094005232671147,0.004640251008858789,0.0014537542238123571,0.0003338088021064918,0.01827043519203885,0.10401047018243714
1131,MSE,2000,1132,0.006088007991988802,0.004637015494980776,0.001450992497008026,0.00033551714617222284,0.018317127126605385,0.1040323485230168
1132,MSE,2000,1133,0.006082870680229488,0.004638729756784744,0.0014441409234447447,0.00033847663471631335,0.018397734499560357,0.10313537898545322
1133,MSE,2000,1134,0.006078342659588752,0.004638730866705083,0.0014396117928836692,0.0003354418217438764,0.01831507089104152,0.10288319183691308
1134,MSE,2000,1135,0.006072626328541136,0.0046339771872834275,0.001438649141257709,0.0003332937867236243,0.018256335522870527,0.10269138300073077
1135,MSE,2000,1136,0.0060610866242134485,0.004628744593261062,0.001432342030952386,0.0003246177561814278,0.01801715172221813,0.10199572090938691
1136,MSE,2000,1137,0.0060680958092409485,0.004628482667443247,0.0014396131417977016,0.0003296950566281011,0.018157506894618026,0.10083579115488606
1137,MSE,2000,1138,0.00605757168840953,0.004622999021076895,0.0014345726673326358,0.0003263167692319512,0.018064240067933973,0.1015661484038648
1138,MSE,2000,1139,0.006050487581372992,0.004621501782349214,0.0014289857990237777,0.0003213562502441809,0.017926412085082194,0.10184696999706455
1139,MSE,2000,1140,0.006045264642825876,0.004616467866607621,0.0014287967762182552,0.0003211683795508347,0.017921171266154307,0.10201835645841095
1140,MSE,2000,1141,0.006042335530309332,0.004616100732103931,0.0014262347982054017,0.00032232722657006584,0.017953473941554204,0.10210100833412628
1141,MSE,2000,1142,0.006036619108197156,0.0046150130980208365,0.0014216060101763198,0.00032065080697649595,0.017906725188500994,0.102790643376786
1142,MSE,2000,1143,0.006031035549401304,0.004621650783119705,0.0014093847662815986,0.0003225991048050022,0.017961044090057856,0.1023912936694038
1143,MSE,2000,1144,0.006024786313884813,0.004619596277713731,0.001405190036171082,0.0003170269277288391,0.017805250004671067,0.10305640679077488
1144,MSE,2000,1145,0.006017852139698526,0.0046154942230683385,0.0014023579166301877,0.00031404917934817347,0.01772143276792747,0.10329010644301517
1145,MSE,2000,1146,0.006007268487708264,0.004613183031793529,0.0013940854559147354,0.00030993601241701145,0.017604999642630258,0.10331819367871109
1146,MSE,2000,1147,0.005989708615874358,0.004605574133913613,0.001384134481960745,0.0003085484752729194,0.017565547963924136,0.10299614248267241
1147,MSE,2000,1148,0.005966595746330272,0.004604761976163169,0.001361833770167103,0.0002989082817844322,0.01728896416169668,0.10325292971581246
1148,MSE,2000,1149,0.0059577345400004655,0.004633170540678073,0.0013245639993223917,0.0002979291607970242,0.01726062457725746,0.10014092478151171
1149,MSE,2000,1150,0.005935141368554138,0.004598894152749307,0.0013362472158048315,0.00030050947377316937,0.01733520907786143,0.10112234382409135
1150,MSE,2000,1151,0.00592808287228818,0.004585754708048397,0.0013423281642397833,0.0003010374723541816,0.017350431474582456,0.10132985656603521
1151,MSE,2000,1152,0.005922219130936965,0.004580445869499864,0.0013417732614371006,0.0003013837250603843,0.017360406823009197,0.10128708367869121
1152,MSE,2000,1153,0.005917619153633554,0.004577571669571161,0.0013400474840623924,0.00030112777551482645,0.017353033611297666,0.10021406522437526
1153,MSE,2000,1154,0.0059114347996824385,0.004572302438649289,0.0013391323610331494,0.000299416836629988,0.017303665410253053,0.10044928938799047
1154,MSE,2000,1155,0.00590747229500058,0.004575781178947002,0.0013316911160535779,0.00029529185480845746,0.017184058158899996,0.10032688672206214
1155,MSE,2000,1156,0.005901313225299424,0.004581412556909094,0.00131990066839033,0.0002957308423711902,0.01719682652035515,0.09892311435741985
1156,MSE,2000,1157,0.005895730051715435,0.004577939713097782,0.0013177903386176531,0.00029633018298770765,0.017214243607771667,0.09783125796291059
1157,MSE,2000,1158,0.0058889707330238026,0.004577182423388589,0.0013117883096352134,0.00029628536961057324,0.017212941922012438,0.09648857517972664
1158,MSE,2000,1159,0.005882934260774379,0.004578617103948944,0.0013043171568254352,0.0002886046267021797,0.016988367393666163,0.09591495957338392
1159,MSE,2000,1160,0.005879725937424978,0.004577868892938324,0.0013018570444866537,0.00028692470611262815,0.016938851971507046,0.09588330346748708
1160,MSE,2000,1161,0.005876598189877917,0.004574373375755029,0.0013022248141228874,0.00028723223198330236,0.016947927070391305,0.09612511114629307
1161,MSE,2000,1162,0.005872660402789736,0.004570463281581129,0.0013021971212086067,0.0002870263201749332,0.0169418511436895,0.09647806984268148
1162,MSE,2000,1163,0.005869064659894383,0.00456968269300268,0.0012993819668917035,0.00029059910294095264,0.017046967558511768,0.09569403061333204
1163,MSE,2000,1164,0.005866985250727813,0.004565669522019381,0.0013013157287084325,0.0002903486918912195,0.017039621236729984,0.09577182260923323
1164,MSE,2000,1165,0.005865284049196619,0.004567083769175971,0.0012982002800206482,0.0002913575632739947,0.01706919925696559,0.09506789156021189
1165,MSE,2000,1166,0.005864458502073006,0.0045694001259336215,0.0012950583761393842,0.00029131138596243,0.017067846553166278,0.09464124316983047
1166,MSE,2000,1167,0.005862514532897275,0.004570126589983024,0.001292387942914251,0.0002914878241062906,0.017073014499680208,0.09420333792067948
1167,MSE,2000,1168,0.005858199712610363,0.0045703340472237975,0.0012878656653865657,0.0002919326202594366,0.017086035826353537,0.09366520799191203
1168,MSE,2000,1169,0.0058540122192012115,0.004566796256564547,0.0012872159626366644,0.0002942648721621951,0.01715415028971692,0.09346313092554603
1169,MSE,2000,1170,0.005848009231772092,0.004562848974334763,0.00128516025743733,0.00029508244313387915,0.017177963882075174,0.09372053233245525
1170,MSE,2000,1171,0.005843138444430105,0.004552857463304098,0.0012902809811260068,0.0002934354128307826,0.017129956591619918,0.09511976930394761
1171,MSE,2000,1172,0.005839888042548496,0.004545659220340227,0.0012942288222082695,0.00029184067301234006,0.017083344901170264,0.09620650573286249
1172,MSE,2000,1173,0.005836563271269931,0.004543475792926487,0.0012930874783434446,0.00029211402550924023,0.017091343584084904,0.09662183461197449
1173,MSE,2000,1174,0.005831742266342111,0.004542893653622393,0.0012888486127197178,0.0002906906055950836,0.017049651186903606,0.09622952039902821
1174,MSE,2000,1175,0.005818467478302209,0.004544436972241926,0.0012740305060602837,0.0002879207470581213,0.016968227575622663,0.09489333135511457
1175,MSE,2000,1176,0.005840502129309427,0.0045822476781612505,0.0012582544511481766,0.0002795364715041693,0.01671934423068588,0.09292392407159822
1176,MSE,2000,1177,0.005815223410069135,0.004545905253143683,0.001269318156925452,0.00028537544344481856,0.01689305903159101,0.09437142715340796
1177,MSE,2000,1178,0.0058092067405944164,0.004542357544346649,0.0012668491962477674,0.0002830157635614414,0.016823072357968427,0.0944141515655752
1178,MSE,2000,1179,0.005800877210918596,0.004532028069219934,0.001268849141698662,0.00028065254265347835,0.01675268762478064,0.09534652034239177
1179,MSE,2000,1180,0.005793580014496229,0.004520096045329711,0.0012734839691665183,0.000277591335260917,0.016661072452303815,0.09687182474846412
1180,MSE,2000,1181,0.005790583886414021,0.004506720849629569,0.0012838630367844525,0.00027461742593940755,0.016571584895217702,0.09913039935194079
1181,MSE,2000,1182,0.00578759702736298,0.0045021593561219275,0.001285437671241053,0.00027573306509410904,0.016605211985822675,0.09929678174032475
1182,MSE,2000,1183,0.0057858679559016,0.0045045918468211085,0.0012812761090804914,0.0002756302776093481,0.016602116660514952,0.09881750220073204
1183,MSE,2000,1184,0.005785095806475592,0.004505202867921382,0.0012798929385542098,0.0002756842207865647,0.016603741168380235,0.09857134123263167
1184,MSE,2000,1185,0.005783281252027055,0.004505868457107479,0.0012774127949195756,0.00027587911659186895,0.016609609164332222,0.09818358704557162
1185,MSE,2000,1186,0.005780740211435035,0.004505508783265565,0.0012752314281694694,0.00027739335399062904,0.01665512996018431,0.09771964950602507
1186,MSE,2000,1187,0.005777209043355413,0.004504243713300186,0.0012729653300552275,0.00028012242093086037,0.016736858155904304,0.09727026967242125
1187,MSE,2000,1188,0.005785269288607527,0.004504150433856067,0.0012811188547514599,0.00029811613932866185,0.017266040059280004,0.09644998326354792
1188,MSE,2000,1189,0.005775622923092798,0.0045009392892274925,0.0012746836338653048,0.00028474186609044375,0.016874296017625263,0.09703348166799786
1189,MSE,2000,1190,0.005772006723614161,0.004496256180875561,0.0012757505427386006,0.00028782624596503635,0.016965442698763752,0.09704451954855497
1190,MSE,2000,1191,0.005766783744610558,0.004486428800605665,0.0012803549440048932,0.0002926756346173443,0.017107765330905855,0.0974738035143039
1191,MSE,2000,1192,0.0057621343067141674,0.0044759430930295194,0.001286191213684648,0.0002956999814184769,0.017195929210673,0.09813624078874672
1192,MSE,2000,1193,0.005755974375738004,0.004465189651269666,0.0012907847244683376,0.0002963396804378373,0.01721451946578345,0.0989951490977461
1193,MSE,2000,1194,0.005765451573368692,0.004443141111074813,0.0013223104622938791,0.0003080158743724618,0.017550381032116133,0.10026915543166703
1194,MSE,2000,1195,0.005752903695769298,0.0044521812525262295,0.0013007224432430692,0.0003000295345232852,0.01732136064295427,0.09941106271870348
1195,MSE,2000,1196,0.005744681886528854,0.004445450715076298,0.0012992311714525564,0.0002965721487031508,0.017221270240698007,0.10010774785021881
1196,MSE,2000,1197,0.005733629552971285,0.004440426521232177,0.0012932030317391076,0.00029015135091496147,0.017033829602146472,0.1006440224389138
1197,MSE,2000,1198,0.005722880657765914,0.004436853014159023,0.0012860276436068917,0.00028449865363803855,0.016867087882561072,0.10080760392445764
1198,MSE,2000,1199,0.005710270841945492,0.004428120221682722,0.00128215062026277,0.00028062742643977513,0.0167519379905662,0.101003727770836
1199,MSE,2000,1200,0.005691923172273791,0.004407983136561875,0.0012839400357119158,0.0002781269905550086,0.01667713975941344,0.10098618478111643
1200,MSE,2000,1201,0.005674663782902029,0.0043831789989443,0.0012914847839577282,0.0002804857728039253,0.016747709479326578,0.10092448692249967
1201,MSE,2000,1202,0.0056609435650054885,0.004377246499720355,0.0012836970652851337,0.0002816751355708342,0.01678318013878282,0.09922871686270529
1202,MSE,2000,1203,0.0056490434522565415,0.004363236911283612,0.0012858065409729294,0.0002844846171888485,0.016866671787547433,0.09854640254125546
1203,MSE,2000,1204,0.005635020824614848,0.004351086921186669,0.0012839339034281783,0.00028454787695464623,0.016868546972239377,0.09769632790660276
1204,MSE,2000,1205,0.005629061219399383,0.004358100758345397,0.0012709604610539856,0.0002809759129831475,0.016762336143364608,0.0961069409344133
1205,MSE,2000,1206,0.005618142649063895,0.004346198024629141,0.0012719446244347545,0.00027907595741452374,0.016705566659485804,0.09637312186963509
1206,MSE,2000,1207,0.005613696435814086,0.004342114172269961,0.0012715822635441247,0.00027760417109636525,0.016661457652209343,0.09667672340861189
1207,MSE,2000,1208,0.005608695250075565,0.00433816609203363,0.0012705291580419344,0.0002774122967087444,0.01665569862565796,0.09696675726639459
1208,MSE,2000,1209,0.005602851850885526,0.004335985557870806,0.0012668662930147203,0.00027784870013132713,0.016668794201481017,0.09697018776048827
1209,MSE,2000,1210,0.00559655292343628,0.004331734318567771,0.0012648186048685082,0.0002751266934027132,0.016586943461732583,0.09821853378942436
1210,MSE,2000,1211,0.005587356614503915,0.004329501153887831,0.0012578554606160841,0.00027358924916142985,0.016540533521063636,0.09805357425960759
1211,MSE,2000,1212,0.005578687066531509,0.004326784059970341,0.001251903006561168,0.0002708158271406999,0.016456482830200986,0.09786553930306585
1212,MSE,2000,1213,0.005574749731880256,0.004325337376660876,0.0012494123552193798,0.0002682637852195207,0.016378760185664868,0.09785016888328868
1213,MSE,2000,1214,0.005569691265534629,0.004318151204113442,0.0012515400614211867,0.00026719561706124435,0.016346119327266772,0.09795757778010628
1214,MSE,2000,1215,0.005562197308670235,0.004307091857518696,0.0012551054511515392,0.00026729641836136095,0.016349202376916158,0.09821882929466774
1215,MSE,2000,1216,0.005555266117840861,0.004297435521482379,0.0012578305963584825,0.0002693518496444324,0.016411942287384282,0.09800264702978989
1216,MSE,2000,1217,0.005545862529111802,0.0042895568389230455,0.001256305690188756,0.00027238598708454007,0.0165041203062914,0.09743393826804558
1217,MSE,2000,1218,0.005539171815557825,0.004291054784172248,0.0012481170313855768,0.00027814193692257086,0.016677587862834686,0.09575085677802431
1218,MSE,2000,1219,0.005532323392712724,0.00428881737786311,0.0012435060148496134,0.0002778161685016859,0.016667818348592774,0.09559627571934115
1219,MSE,2000,1220,0.005525310825119013,0.004289017740806791,0.0012362930843122222,0.0002787351102083059,0.016695361937026282,0.09446800530662491
1220,MSE,2000,1221,0.005513798426351718,0.004290222563132094,0.0012235758632196247,0.0002770048205794825,0.016643461796738156,0.09258976530754648
1221,MSE,2000,1222,0.005504364128486792,0.004285689076176919,0.0012186750523098728,0.00027820791470686064,0.016679565782923147,0.0914774721489855
1222,MSE,2000,1223,0.005488824242895168,0.004279348458006869,0.001209475784888299,0.000278216427436904,0.01667982096537322,0.08944899438936638
1223,MSE,2000,1224,0.005495038256983244,0.0042704851908237414,0.0012245530661595025,0.00029025024650450944,0.017036732271903242,0.0881767793765551
1224,MSE,2000,1225,0.005483359209376889,0.004268380427864642,0.0012149787815122477,0.0002827820924197058,0.016816125963482368,0.0889304929798107
1225,MSE,2000,1226,0.005471458552007346,0.004258444617602586,0.0012130139344047601,0.0002835622759906484,0.016839307467667677,0.08801493352550849
1226,MSE,2000,1227,0.00545475359057685,0.0042411394722216235,0.0012136141183552269,0.0002881645198223573,0.016975409268184295,0.08664277080838856
1227,MSE,2000,1228,0.005441947964603457,0.004224049197096723,0.001217898767506734,0.00029508441550093307,0.017178021291782506,0.08542181987525321
1228,MSE,2000,1229,0.005424598227623436,0.004203483543018942,0.0012211146846044937,0.0003036884733493079,0.017426659844884444,0.08364679421640941
1229,MSE,2000,1230,0.005406653344880119,0.004178812176184073,0.0012278411686960464,0.0003206865440572877,0.017907723028271566,0.08495596038914233
1230,MSE,2000,1231,0.005374678067993956,0.004153673230095544,0.0012210048378984116,0.00032450959276881527,0.018014149793115834,0.08441000340732563
1231,MSE,2000,1232,0.005350923735660885,0.004132644330388809,0.0012182794052720764,0.0003192662056032826,0.017868021871580597,0.0834620777117494
1232,MSE,2000,1233,0.005308836341370428,0.004113154538211877,0.0011956818031585517,0.00030271071739194823,0.017398583775467134,0.08108956070789275
1233,MSE,2000,1234,0.005277975396031324,0.004107448725259282,0.0011705266707720417,0.0002785954122911792,0.016691177678377855,0.08341047082855235
1234,MSE,2000,1235,0.0052459260084369375,0.004085448659412818,0.0011604773490241195,0.00026936831949796994,0.016412444044016417,0.08371379839789728
1235,MSE,2000,1236,0.005207217210589617,0.004056602677945709,0.0011506145326439078,0.00025945260465732185,0.01610753254404044,0.08345487252787742
1236,MSE,2000,1237,0.005185768774363124,0.004037228185358586,0.0011485405890045387,0.0002533572692386421,0.01591720042088564,0.08343643182542015
1237,MSE,2000,1238,0.00516872924912698,0.004018845798821069,0.001149883450305911,0.0002516531134029556,0.01586357820300816,0.08136397497573489
1238,MSE,2000,1239,0.005152063450460242,0.004005712035694633,0.0011463514147656093,0.0002496592808568431,0.01580061014191677,0.08219832235339064
1239,MSE,2000,1240,0.00514290027360764,0.003999624457479661,0.0011432758161279786,0.0002496213809127726,0.015799410777392067,0.08214193846052065
1240,MSE,2000,1241,0.0051308804391272484,0.003996065291917037,0.0011348151472102119,0.000246479508967279,0.015699665887122533,0.08248968569881932
1241,MSE,2000,1242,0.005108610547687662,0.003983925280245663,0.0011246852674419994,0.0002434245071392884,0.015602067399523962,0.0823990660598044
1242,MSE,2000,1243,0.005089550845174345,0.0039998513308164224,0.0010896995143579228,0.0002286244186858844,0.01512033130212048,0.08259944613931758
1243,MSE,2000,1244,0.005065387220271465,0.0039683330682557605,0.0010970541520157046,0.00023202994025428028,0.015232529017017505,0.08155876739324297
1244,MSE,2000,1245,0.005056435218004972,0.003960299594444267,0.0010961356235607055,0.00023210406782038428,0.01523496202228231,0.08080549799891146
1245,MSE,2000,1246,0.0050452345936833525,0.003951614398245543,0.001093620195437809,0.00023185758825183578,0.015226870599431643,0.07957290817355811
1246,MSE,2000,1247,0.005037056734397189,0.003949286126587839,0.00108777060780935,0.000232208681134428,0.015238394965823271,0.07819963864031565
1247,MSE,2000,1248,0.005026510030407515,0.003942536459829884,0.0010839735705776307,0.000235752076869364,0.015354220164806939,0.07571741198992887
1248,MSE,2000,1249,0.005017954660729825,0.003934545763325166,0.0010834088974046585,0.0002379273851250134,0.0154248949793836,0.07477069419368387
1249,MSE,2000,1250,0.005006139422900885,0.003923431410920193,0.0010827080119806922,0.00024112426577282728,0.015528176511516969,0.07398753563746752
1250,MSE,2000,1251,0.0049934643043816045,0.0039163157227628115,0.001077148581618793,0.00023921944572456887,0.015466720587266353,0.0745145371116509
1251,MSE,2000,1252,0.005072684699355602,0.003959174380188996,0.001113510319166606,0.00026607979962123865,0.016311952661200273,0.07696482828069207
1252,MSE,2000,1253,0.004987334934075561,0.0039058431395771697,0.0010814917944983913,0.00024333654578428363,0.015599248244203424,0.0750210362414161
1253,MSE,2000,1254,0.004970668942844659,0.003892080845752076,0.0010785880970925834,0.00024128113464101875,0.015533226794231093,0.07575956026195141
1254,MSE,2000,1255,0.004957901483619358,0.00388557223200016,0.0010723292516191978,0.000237274574966248,0.015403719517254525,0.0763239224133665
1255,MSE,2000,1256,0.004949519941493277,0.0038804525340945897,0.0010690674073986868,0.0002360896315700748,0.015365208477924237,0.07646765275234957
1256,MSE,2000,1257,0.004941058275686049,0.003874266080481874,0.001066792195204175,0.00023645281692775687,0.015377022368708347,0.07609675364349666
1257,MSE,2000,1258,0.004927929748451981,0.003869551994193196,0.001058377754258785,0.0002356411661741103,0.015350608006659225,0.07550110030067803
1258,MSE,2000,1259,0.004915032860344471,0.0038591912379193193,0.0010558416224251516,0.0002339149146433804,0.015294277186038588,0.07555084649815536
1259,MSE,2000,1260,0.0049053652289283356,0.003856460107816808,0.0010489051211115274,0.0002298341009058246,0.015160280370290801,0.07505309614784572
1260,MSE,2000,1261,0.0049001789379012495,0.0038556518780417325,0.001044527059859517,0.0002262617584202856,0.015041999814528837,0.07589506119328071
1261,MSE,2000,1262,0.004896268567479364,0.0038487717279901473,0.001047496839489217,0.0002260433131489572,0.015034736883263278,0.07616079815518084
1262,MSE,2000,1263,0.004893645378692984,0.0038436512649486936,0.0010499941137442905,0.0002257262142203915,0.015024187639283246,0.07635763677361784
1263,MSE,2000,1264,0.00489036229396147,0.0038384060894189847,0.0010519562045424858,0.00022480561532097434,0.014993519110634913,0.07672215208746991
1264,MSE,2000,1265,0.004886830132309036,0.0038333016184022546,0.0010535285139067813,0.0002251007753577986,0.01500335880254147,0.07687011002688005
1265,MSE,2000,1266,0.004882940330465673,0.0038319287262053425,0.0010510116042603303,0.00022298968849945012,0.014932839264501917,0.07726487809542681
1266,MSE,2000,1267,0.004878518860469581,0.0038294809055159675,0.0010490379549536132,0.00022484559086412086,0.01499485214545715,0.07688867641828168
1267,MSE,2000,1268,0.004873493505920016,0.0038278985927774566,0.0010455949131425598,0.0002256939381331054,0.01502311346336389,0.07673701803509925
1268,MSE,2000,1269,0.004868042939091977,0.0038263677226689327,0.0010416752164230446,0.00022763599101540495,0.015087610513776028,0.07614638868165069
1269,MSE,2000,1270,0.004864102178760292,0.003825345068229358,0.0010387571105309342,0.00022839998982126142,0.0151129080530936,0.07583875383788574
1270,MSE,2000,1271,0.004856668562210964,0.0038247485096672535,0.0010319200525437109,0.000229371699974237,0.015145022283715432,0.07488553602467585
1271,MSE,2000,1272,0.004846835704389022,0.003826008483311052,0.0010208272210779701,0.000228463409093531,0.015115006089761625,0.07398930970652895
1272,MSE,2000,1273,0.004837958159755839,0.0038304175426931127,0.001007540617062726,0.0002245950586607777,0.014986495876647672,0.07304401552324702
1273,MSE,2000,1274,0.0048323513338790845,0.0038323886892117852,0.0009999626446672992,0.0002202801888113038,0.014841839131701428,0.07301514046671231
1274,MSE,2000,1275,0.004825923426773732,0.003833990075270957,0.0009919333515027754,0.00021474167402766794,0.014654066808489305,0.073074648773507
1275,MSE,2000,1276,0.004818586568993443,0.0038305353250609893,0.0009880512439324537,0.0002105753216052719,0.014511213650321323,0.07322960333948836
1276,MSE,2000,1277,0.004810415665523466,0.0038244819005014696,0.0009859337650219963,0.0002077213041172378,0.014412539821878649,0.07312319674934198
1277,MSE,2000,1278,0.0048014178226946855,0.0038175837902875227,0.0009838340324071632,0.00020592789998409355,0.014350188151522388,0.07243684324853761
1278,MSE,2000,1279,0.004793359054587081,0.003813049447109512,0.0009803096074775693,0.00020480032915145099,0.01431084655607246,0.0713770321817544
1279,MSE,2000,1280,0.0047843742002703195,0.0038079795770746983,0.0009763946231956212,0.00020535818452440706,0.014330323950434863,0.06877906303936299
1280,MSE,2000,1281,0.004806735689672276,0.0038354424182348084,0.0009712932714374676,0.00020468175072235962,0.014306702999725675,0.06699270631374343
1281,MSE,2000,1282,0.004777983021404013,0.0038040131154032145,0.0009739699060007981,0.00020476002053814772,0.01430943816291009,0.06820222926040431
1282,MSE,2000,1283,0.004771303854941482,0.003796546491756359,0.0009747573631851232,0.00020613295854375003,0.014357331177616195,0.06766405067030257
1283,MSE,2000,1284,0.004762582634753625,0.0037823704823305953,0.00098021215242303,0.0002097693343719605,0.014483415839226618,0.06698367609672218
1284,MSE,2000,1285,0.004757005655224928,0.0037740100336257905,0.0009829956215991371,0.00021113756415128024,0.0145305734281645,0.06690938956963421
1285,MSE,2000,1286,0.00474459390226176,0.0037624800290295243,0.0009821138732322354,0.00021205569858614198,0.014562132350248091,0.06672278508620555
1286,MSE,2000,1287,0.00473382847998536,0.0037541138299990065,0.000979714649986354,0.00021516426252083819,0.014668478534627856,0.06545998747657045
1287,MSE,2000,1288,0.0047311785353535965,0.0037633006596034003,0.0009678778757501961,0.0002134109373425959,0.014608591216903699,0.06519583400647289
1288,MSE,2000,1289,0.0047238137113972765,0.0037571821795531262,0.0009666315318441502,0.00021302844860755264,0.014595494120020489,0.06511097213804007
1289,MSE,2000,1290,0.0047211284034790555,0.0037562075692514334,0.0009649208342276223,0.00021229401554874878,0.014570312815747943,0.0652548186086177
1290,MSE,2000,1291,0.004717080742756776,0.003756940409985283,0.0009601403327714927,0.00021019681738430936,0.014498166000715724,0.06559195871767676
1291,MSE,2000,1292,0.004715022038801562,0.003751265119291858,0.000963756919509704,0.0002107888858473813,0.014518570378910635,0.06612686709706495
1292,MSE,2000,1293,0.004712871001681375,0.0037507832680797235,0.0009620877336016518,0.0002097362534156247,0.014482273765387282,0.06625366526712906
1293,MSE,2000,1294,0.00471096012525196,0.0037490218451325195,0.0009619382801194408,0.00020975534205842938,0.014482932785124338,0.06625847895742876
1294,MSE,2000,1295,0.004706680292539645,0.003737189933922516,0.0009694903586171289,0.00021560297335060705,0.01468342512326763,0.06540287081926044
1295,MSE,2000,1296,0.004700927352724629,0.0037357393731618236,0.0009651879795628053,0.0002139685976669134,0.014627665489301887,0.06581590873965948
1296,MSE,2000,1297,0.004695830289188602,0.0037331599896353192,0.000962670299553282,0.00021358650184143645,0.014614598928517896,0.06577336725531846
1297,MSE,2000,1298,0.004689120003588843,0.0037259903715795933,0.0009631296320092502,0.00021481507478098675,0.014656571044449201,0.06561894129880175
1298,MSE,2000,1299,0.004688390465025533,0.0037279502529341787,0.0009604402120913544,0.0002156112098643255,0.014683705590358502,0.0644049214913962
1299,MSE,2000,1300,0.00468503283105163,0.0037222765800887865,0.0009627562509628432,0.00021618515343212974,0.014703236155082655,0.06472241775267085
1300,MSE,2000,1301,0.004684060642322133,0.0037204011315545406,0.0009636595107675929,0.0002169389559462522,0.014728847746726566,0.06461993346063433
1301,MSE,2000,1302,0.004681666300268387,0.0037172331418685693,0.0009644331583998177,0.0002186139315701132,0.014785598789704568,0.06413834902966786
1302,MSE,2000,1303,0.004678825873676938,0.003716345443167207,0.0009624804305097313,0.00021938099448725267,0.014811515603990452,0.06362329318841331
1303,MSE,2000,1304,0.004675249876214716,0.0037168291769046824,0.0009584206993100333,0.00021929085289250008,0.014808472334866284,0.06314949705641593
1304,MSE,2000,1305,0.0046727616910880124,0.0037210153644080023,0.0009517463266800106,0.0002180160251331584,0.014765365729746027,0.06338115007922163
1305,MSE,2000,1306,0.004669560457666292,0.003718667497863138,0.0009508929598031536,0.00021877759850370398,0.014791132428036197,0.0630974962610209
1306,MSE,2000,1307,0.004666913838697984,0.0037171426813484487,0.000949771157349536,0.00021860659246225988,0.014785350603291756,0.06316652349523189
1307,MSE,2000,1308,0.004663117803610386,0.0037147052632470977,0.0009484125403632884,0.00021862100891599848,0.014785838120174265,0.06307937565920918
1308,MSE,2000,1309,0.004662754798988951,0.0037171760448612297,0.0009455787541277218,0.00022097613821334258,0.014865266166918861,0.06281226216946978
1309,MSE,2000,1310,0.0046607294944804286,0.003713887642291125,0.0009468418521893032,0.00021978592347507637,0.014825178699600094,0.06294045652445668
1310,MSE,2000,1311,0.004656621059950162,0.003709008284806336,0.0009476127751438261,0.00022001065321452227,0.014832756089632238,0.0626541159509193
1311,MSE,2000,1312,0.004652927813280388,0.00370351507404626,0.0009494127392341273,0.00021941024163248533,0.01481250288210893,0.06252775095597407
1312,MSE,2000,1313,0.0046507775187508635,0.003698413153481924,0.0009523643652689398,0.00021941580110832455,0.014812690542515378,0.06189985124351205
1313,MSE,2000,1314,0.004648004262390701,0.003695610526035464,0.000952393736355237,0.00021838668583045446,0.014777912093068305,0.06192486488235893
1314,MSE,2000,1315,0.004644841698512427,0.003692950312337533,0.0009518913861748937,0.00021648303379799566,0.014713362423253077,0.06187029580717596
1315,MSE,2000,1316,0.004642496503037511,0.003691359653284353,0.0009511368497531586,0.00021506113415902843,0.014664962807966081,0.06186457898349906
1316,MSE,2000,1317,0.004639539759003156,0.003687077152068363,0.0009524626069347932,0.00021578285092962947,0.014689549037653588,0.061243878766555904
1317,MSE,2000,1318,0.004635810603056911,0.0036855213522426957,0.0009502892508142153,0.00021388261031019662,0.014624725990944125,0.0614731150011143
1318,MSE,2000,1319,0.004630659531170606,0.003679567358472913,0.0009510921726976929,0.00021566231914294158,0.0146854458271767,0.06141938482351916
1319,MSE,2000,1320,0.004617415632045223,0.003668610377466503,0.0009488052545787201,0.00021837905720831658,0.01477765398188483,0.061408230651355034
1320,MSE,2000,1321,0.004613105392033922,0.0036655068303280652,0.0009475985617058563,0.00021979938099997567,0.014825632566604895,0.062128672001432905
1321,MSE,2000,1322,0.0046097911038799596,0.0036669279150802793,0.0009428631887996805,0.0002141518436207413,0.01463392782614228,0.06316009549828117
1322,MSE,2000,1323,0.00460841180668002,0.0036658259615360614,0.0009425858451439586,0.00021336603323518136,0.014607054228528808,0.06337157259300374
1323,MSE,2000,1324,0.004607316465449168,0.0036646724576729394,0.0009426440077762291,0.00021266769463244183,0.014583130481225278,0.06380900226857245
1324,MSE,2000,1325,0.0046056539971531885,0.0036644421859321832,0.000941211811221005,0.0002120205964486961,0.014560927046335206,0.06419575937608579
1325,MSE,2000,1326,0.0046032424669636765,0.0036641748899116787,0.0009390675770519981,0.0002123886981194222,0.01457356161408124,0.06437471909272374
1326,MSE,2000,1327,0.004598674051511606,0.0036635340754984334,0.0009351399760131725,0.00021376115451162805,0.01462057298848537,0.0643620172941397
1327,MSE,2000,1328,0.004591250474288103,0.0036603074410507816,0.000930943033237322,0.00021665218414946582,0.014719109489010054,0.06407237189658299
1328,MSE,2000,1329,0.0046093194848788495,0.0036953235684666613,0.0009139959164121881,0.00020536310588880764,0.014330495660960497,0.06615470486983055
1329,MSE,2000,1330,0.004588025086126226,0.003662660432735379,0.0009253646533908467,0.000212914394545326,0.01459158643003995,0.06465601861331693
1330,MSE,2000,1331,0.004578047699643061,0.0036577753206388118,0.0009202723790042495,0.0002148490472086763,0.014657729947323913,0.06392356014826861
1331,MSE,2000,1332,0.004569530237825137,0.003649677228267639,0.0009198530095574978,0.0002157039578730443,0.014686863445713802,0.06383036945702436
1332,MSE,2000,1333,0.004562149748459181,0.003645998897667145,0.0009161508507920357,0.00020800204295455123,0.014422275928387698,0.06430164186589615
1333,MSE,2000,1334,0.004555946260318998,0.003638136924545104,0.0009178093357738943,0.00020746119215671877,0.01440351318799406,0.0651374394812212
1334,MSE,2000,1335,0.004549628354148894,0.0036302713146935854,0.0009193570394553084,0.00020497656679638364,0.014317002716923108,0.06676999377032722
1335,MSE,2000,1336,0.004543203280710118,0.003619769771310345,0.0009234335093997734,0.00020582561777790788,0.014346623915678137,0.06821616833960786
1336,MSE,2000,1337,0.004532324922877055,0.0036092756711299467,0.0009230492517471088,0.0002066278664257318,0.0143745562166535,0.0692129067980729
1337,MSE,2000,1338,0.004519137379545452,0.003596180849291844,0.0009229565302536082,0.00021192579343962652,0.01455767129178381,0.06918571989414612
1338,MSE,2000,1339,0.0045075383191766644,0.003584975970921269,0.0009225623482553954,0.00021738142142066515,0.014743860465314543,0.06767079114852526
1339,MSE,2000,1340,0.0044975198435590604,0.003580215665907113,0.0009173041776519476,0.00021560771949573774,0.014683586738114695,0.06720879957408799
1340,MSE,2000,1341,0.004488211670831317,0.0035654502525534143,0.0009227614182779028,0.00021658218284461967,0.0147167313913321,0.0669925184681448
1341,MSE,2000,1342,0.004481236941832554,0.0035553691900426817,0.0009258677517898725,0.00021640046218749363,0.014710556148137079,0.06616789039009374
1342,MSE,2000,1343,0.004476287015687442,0.003544393036506985,0.0009318939791804565,0.00021931441005378826,0.014809267708222046,0.06548750659224423
1343,MSE,2000,1344,0.00446865546402408,0.0035279634237796497,0.0009406920402444305,0.00022012536065085087,0.014836622279038139,0.0664166819311447
1344,MSE,2000,1345,0.0044634885364136095,0.0035213211613266972,0.0009421673750869121,0.00021950396723369322,0.014815666277076209,0.06672283396953294
1345,MSE,2000,1346,0.004457376903326614,0.003517008836091995,0.0009403680672346187,0.00021771848076394817,0.01475528653615199,0.06696802338918362
1346,MSE,2000,1347,0.004452362003698449,0.0035064826021631093,0.0009458794015353396,0.00022173583613905288,0.01489079702833441,0.06607919078371527
1347,MSE,2000,1348,0.004446286247071842,0.00350741923406107,0.0009388670130107724,0.00021701363302685712,0.01473138259047185,0.06652064706514915
1348,MSE,2000,1349,0.004439202453385652,0.00350831174642419,0.0009308907069614615,0.00021038810959965435,0.014504761618160236,0.06675115677344201
1349,MSE,2000,1350,0.004439041157116593,0.0035156178686915978,0.0009234232884249948,0.0002046116171634877,0.014304251716307557,0.06833468095383144
1350,MSE,2000,1351,0.0044357542298841075,0.0035088923379859352,0.0009268618918981726,0.00020733289363175455,0.01439905877589763,0.06755190869644911
1351,MSE,2000,1352,0.004430342920095459,0.003505635099352894,0.000924707820742565,0.00020395354443782535,0.01428123049452761,0.06783444138647621
1352,MSE,2000,1353,0.004426069643418425,0.0035022460661205514,0.0009238235772978735,0.00020153524271410795,0.014196310883962353,0.06842724528897115
1353,MSE,2000,1354,0.00442353276052511,0.003498182926201909,0.0009253498343232012,0.00020145029208360905,0.014193318571905904,0.0686943257366206
1354,MSE,2000,1355,0.004420578228968805,0.0034934546881107372,0.0009271235408580684,0.00020197205667038583,0.014211687326647241,0.06909827074819463
1355,MSE,2000,1356,0.004415189905003713,0.0034882473425675866,0.0009269425624361268,0.0002019685943955709,0.01421156551529672,0.0692450420554298
1356,MSE,2000,1357,0.004400920419902151,0.003476058542738845,0.0009248618771633063,0.00020198078026459007,0.014211994239535494,0.06904461092648218
1357,MSE,2000,1358,0.004388342106128805,0.003468091545821517,0.0009202505603072887,0.000200866026735264,0.014172721218427461,0.06874738610101616
1358,MSE,2000,1359,0.004376752775432521,0.0034636717846520644,0.0009130809907804566,0.00019959029760494972,0.014127643030773029,0.06835948378221413
1359,MSE,2000,1360,0.0043746517661483195,0.0034703310836872343,0.0009043206824610853,0.00019554625173122744,0.013983785314829009,0.0670760131733168
1360,MSE,2000,1361,0.00436659684144379,0.003461058920758304,0.0009055379206854863,0.00019732019850846866,0.014047070815955498,0.06714582940633496
1361,MSE,2000,1362,0.004364224861028536,0.003459249163114364,0.0009049756979141714,0.00019736314060853042,0.014048599240085483,0.06689494967717513
1362,MSE,2000,1363,0.004358936504691116,0.003458328927081498,0.0009006075776096179,0.00019660081458480538,0.014021441244922198,0.06583533840962086
1363,MSE,2000,1364,0.004351906525415066,0.003458317781490178,0.000893588743924888,0.0001952767165082721,0.013974144571610532,0.06432960315119773
1364,MSE,2000,1365,0.004343968646081068,0.0034616445147912706,0.0008823241312897975,0.00019479472811641734,0.0139568881960277,0.06176344003016032
1365,MSE,2000,1366,0.004336399652796597,0.0034607787252144925,0.0008756209275821042,0.00019381957314925358,0.013921909824059829,0.06042202963788945
1366,MSE,2000,1367,0.004328573907791804,0.003452453238832481,0.0008761206689593227,0.0001960809559382379,0.01400289098501584,0.0600639037675581
1367,MSE,2000,1368,0.004319206893717968,0.0034400528784748934,0.0008791540152430745,0.00020086663490931535,0.014172742674207959,0.059940495912698566
1368,MSE,2000,1369,0.004310475434722587,0.0034232252559624086,0.0008872501787601786,0.00020622232871327065,0.014360443193483641,0.060562873268179995
1369,MSE,2000,1370,0.004300440907166645,0.0034040434989084244,0.0008963974082582207,0.00021073968119937302,0.014516875738235588,0.061889273971601044
1370,MSE,2000,1371,0.004347017114821539,0.003424317945495165,0.0009226991693263748,0.00023370000305224622,0.015287249688948179,0.06054182144845077
1371,MSE,2000,1372,0.004297014287169016,0.0033963580376268794,0.0009006562495421364,0.00021459954019116475,0.014649216367818612,0.061603186531569376
1372,MSE,2000,1373,0.00429168516153238,0.0033932955946294682,0.0008983895669029122,0.0002130578548924156,0.014596501460706795,0.06191155121936731
1373,MSE,2000,1374,0.004276056007170969,0.003385340219867111,0.0008907157873038579,0.0002081025672068361,0.014425760541712735,0.06281094288991795
1374,MSE,2000,1375,0.004257898821942906,0.0033713933718570997,0.000886505450085806,0.00020541716830953536,0.014332381808671418,0.06343370891169764
1375,MSE,2000,1376,0.004441905664935777,0.003544650676503021,0.0008972549884327556,0.00021101860112970853,0.014526479309512974,0.07161853694809195
1376,MSE,2000,1377,0.004247207778529047,0.003360527148904068,0.0008866806296249789,0.00020585952755081447,0.014347805670234541,0.06499079244940287
1377,MSE,2000,1378,0.004226555429271496,0.0033425353582744333,0.0008840200709970624,0.00020917439710420882,0.014462862687041207,0.0644483663663018
1378,MSE,2000,1379,0.004218178315155881,0.0033265848784458578,0.0008915934367100232,0.0002131860121824442,0.014600890800990337,0.06448533053566319
1379,MSE,2000,1380,0.004200399711072659,0.003316884195407534,0.0008835155156651248,0.00021542890537284943,0.01467749656354412,0.06382035622653226
1380,MSE,2000,1381,0.004190525410124213,0.0033077138473630203,0.000882811562761193,0.00021594348907392572,0.014695015790189737,0.06390663133288133
1381,MSE,2000,1382,0.004178683342095579,0.0032909878226942066,0.0008876955194013728,0.00021775947723615884,0.014756675683776439,0.064177054960592
1382,MSE,2000,1383,0.004168789611281983,0.0032808937499874406,0.0008878958612945429,0.00021413559652909582,0.01463337269835959,0.0647795177877395
1383,MSE,2000,1384,0.004155888701660716,0.003270573210725918,0.0008853154909347977,0.00020588946683394168,0.014348848972441717,0.06570460335634909
1384,MSE,2000,1385,0.004141395408816515,0.0032586917938673015,0.0008827036149492135,0.00019912846178322667,0.014111288452272056,0.06664294865404208
1385,MSE,2000,1386,0.0041053184132730045,0.0032302260149635444,0.0008750923983094601,0.00018802072656711288,0.013712065000105304,0.06708708661958274
1386,MSE,2000,1387,0.004066289784034545,0.003195425880565777,0.0008708639034687678,0.00018433510843698315,0.013577006608121805,0.0668235301704212
1387,MSE,2000,1388,0.004028021780346149,0.0031677341610954583,0.0008602876192506907,0.00018233471973533555,0.013503137403408718,0.06578132011407334
1388,MSE,2000,1389,0.004006393637142142,0.0031564627405523183,0.0008499308965898233,0.00018561590028901847,0.01362409264094378,0.061959468919213556
1389,MSE,2000,1390,0.0039878150105579786,0.0031358389349770816,0.0008519760755808974,0.00018716182845164144,0.0136807100857975,0.06298485144835331
1390,MSE,2000,1391,0.0039731585305978765,0.003121386898358674,0.0008517716322392025,0.00018957481982262035,0.013768617208079406,0.06320623893005961
1391,MSE,2000,1392,0.0039552529174700524,0.0030989633477223394,0.0008562895697477131,0.00019498847258184927,0.013963827289889017,0.06238066191513836
1392,MSE,2000,1393,0.003928019485717065,0.003070491324741001,0.0008575281609760646,0.0002012191224194728,0.01418517262564939,0.05980797162525042
1393,MSE,2000,1394,0.003926757578871424,0.003058229061989961,0.0008685285168814632,0.00020871452226488518,0.014446955466979373,0.056643341537274766
1394,MSE,2000,1395,0.003909948200294692,0.0030490571564268363,0.0008608910438678561,0.00020393151651510813,0.014280459254348515,0.05721943207011804
1395,MSE,2000,1396,0.0038797152447015907,0.0030102184118085155,0.0008694968328930753,0.00020933890905116604,0.014468548961494585,0.05649044697498948
1396,MSE,2000,1397,0.0038625021506895805,0.00299885795808234,0.0008636441926072403,0.00021201423782902026,0.014560708699408153,0.05677909260294564
1397,MSE,2000,1398,0.003843409147508683,0.002980296804181166,0.0008631123433275171,0.0002100184061034148,0.014492011803176769,0.05595844311708584
1398,MSE,2000,1399,0.0038280261519807735,0.00296850256893134,0.0008595235830494337,0.00020556050095515564,0.014337381244674902,0.05420039390542472
1399,MSE,2000,1400,0.003812298149401712,0.0029682652462500038,0.000844032903151708,0.00020065817274358651,0.014165386431142164,0.053397856413410966
1400,MSE,2000,1401,0.0037982846225988465,0.0029547841576851655,0.0008435004649136811,0.000202933034428924,0.01424545662409331,0.05368626361658932
1401,MSE,2000,1402,0.0037836275450281237,0.0029346646266780662,0.0008489629183500574,0.00021104761917625358,0.014527478073507927,0.05508577332851769
1402,MSE,2000,1403,0.003773615720773391,0.0029171759028035612,0.00085643981796983,0.0002164790773916288,0.014713227973209305,0.055499658285294656
1403,MSE,2000,1404,0.0037545087486886885,0.0028896172174686006,0.0008648915312200881,0.00022316531793911337,0.014938718751590224,0.05619331055587082
1404,MSE,2000,1405,0.00373357811784041,0.002885516074881328,0.0008480620429590823,0.0002081864938512482,0.014428669164245475,0.05392951630016371
1405,MSE,2000,1406,0.003706719131756982,0.002864993772870841,0.0008417253588861408,0.0002047966491190529,0.01431071798055754,0.05357539074064918
1406,MSE,2000,1407,0.0036911467984937865,0.0028646189359773336,0.000826527862516453,0.000197350023781447,0.014048132394786398,0.05312819164877833
1407,MSE,2000,1408,0.0036770109602980794,0.0028589051943643494,0.0008181057659337298,0.00018984449640792965,0.013778406889329754,0.05444489864392699
1408,MSE,2000,1409,0.0036622666305941927,0.002851556190082749,0.0008107104405114438,0.0001878405960536134,0.013705495104286215,0.05432040927306314
1409,MSE,2000,1410,0.0036469709364497695,0.002838189990778674,0.0008087809456710957,0.00019008520872977798,0.013787139251120153,0.05408180843647625
1410,MSE,2000,1411,0.0036320171115729154,0.00282315182773916,0.0008088652838337555,0.00019511951471774523,0.013968518701628503,0.05408408762698125
1411,MSE,2000,1412,0.003613422922123861,0.002797706697015728,0.0008157162251081328,0.0002037581088532539,0.014274386461535006,0.0550824890378139
1412,MSE,2000,1413,0.0036602219611454865,0.0028178947636197994,0.0008423271975256872,0.000221048842113577,0.014867711394615414,0.05708361887994132
1413,MSE,2000,1414,0.003607080515990766,0.0027852127919905903,0.0008218677240001759,0.00020795460868378151,0.01442063135524175,0.05561070531002124
1414,MSE,2000,1415,0.0035937935792118123,0.0027677262669347793,0.0008260673122770329,0.00021389782443273495,0.014625246132381326,0.056095387772744726
1415,MSE,2000,1416,0.0035876153014021816,0.002761971023050463,0.0008256442783517189,0.0002142060779438072,0.014635780742543502,0.05603621191342115
1416,MSE,2000,1417,0.003579697248923843,0.0027558988403175084,0.0008237984086063347,0.00021366016979847455,0.014617119066302859,0.05601385913927656
1417,MSE,2000,1418,0.0035679384537387554,0.0027463503188511693,0.000821588134887586,0.0002139985376823849,0.014628688857255285,0.05619455324945419
1418,MSE,2000,1419,0.003557018965082066,0.002737773016577522,0.0008192459485045436,0.0002131404484024168,0.014599330409385795,0.05619329830047101
1419,MSE,2000,1420,0.003549891073203059,0.002732635696660648,0.0008172553765424109,0.00021006577709349115,0.014493646093840264,0.05555627173599506
1420,MSE,2000,1421,0.003543842233505399,0.0027249846070793557,0.0008188576264260437,0.00021135150614726554,0.014537933352002461,0.05566055731034422
1421,MSE,2000,1422,0.0035394771874901303,0.00271909991654084,0.0008203772709492902,0.00021177129599998524,0.014552363931677397,0.05557529252370749
1422,MSE,2000,1423,0.0035322815844433487,0.0027127669276549022,0.0008195146567884462,0.0002063650225074659,0.014365410627875067,0.05515740842033834
1423,MSE,2000,1424,0.0035244658288141255,0.002706108082959865,0.0008183577458542604,0.00020248734299454534,0.014229804741968364,0.05567261696043957
1424,MSE,2000,1425,0.0035195877549477764,0.002703684711817087,0.0008159030431306891,0.00019820027954287286,0.014078362104409478,0.05579543707158119
1425,MSE,2000,1426,0.003517193027537981,0.002703028676167524,0.0008141643513704572,0.00019647505502103598,0.014016955982703092,0.05567977062894891
1426,MSE,2000,1427,0.003514286001863708,0.0027012196873002626,0.0008130663145634454,0.0001960081210476448,0.0140002900344116,0.055431488871813483
1427,MSE,2000,1428,0.003507993742087508,0.002692419884375037,0.0008155738577124707,0.0001968610237493637,0.01403071715021594,0.054884561083373695
1428,MSE,2000,1429,0.003499140493970961,0.0026818569966772354,0.0008172834972937253,0.0001977973525856812,0.014064044673765838,0.054459704808154985
1429,MSE,2000,1430,0.003491555575252729,0.002666180343268109,0.0008253752319846199,0.000199925915609401,0.014139516102377797,0.05437337698659617
1430,MSE,2000,1431,0.003485250326363407,0.0026601650183931194,0.0008250853079702873,0.0001989494164319911,0.01410494297868627,0.05533084648468778
1431,MSE,2000,1432,0.0034809324500228054,0.0026551854450511357,0.0008257470049716695,0.00019859111821025302,0.01409223609688161,0.056181823470551784
1432,MSE,2000,1433,0.0034773504124987536,0.002650264116670182,0.0008270862958285716,0.00019889781530470416,0.014103113674104176,0.05667073803529221
1433,MSE,2000,1434,0.0034715242768719266,0.0026438956962155234,0.0008276285806564032,0.00019989405413758967,0.014138389375653426,0.057027123297997084
1434,MSE,2000,1435,0.0034640995730031996,0.0026281504376054234,0.0008359491353977762,0.00020346017071126173,0.014263946533525066,0.05835986891453904
1435,MSE,2000,1436,0.003459340812099379,0.0026261819916343332,0.0008331588204650459,0.00020311863040239176,0.014251969351720897,0.05843879472941804
1436,MSE,2000,1437,0.003456632337133953,0.0026283386915793086,0.0008282936455546443,0.00020187337754376948,0.014208215142788678,0.05793435574663941
1437,MSE,2000,1438,0.00345363788586678,0.002627341538163973,0.0008262963477028071,0.0002007879880529453,0.014169967821168307,0.057586786754867836
1438,MSE,2000,1439,0.0034488656336964098,0.0026256704776521384,0.0008231951560442715,0.00019930782246279228,0.014117642241634837,0.05722058123662532
1439,MSE,2000,1440,0.00344298347472144,0.002624055469492944,0.000818928005228496,0.000197621332713169,0.014057785483964714,0.05764184608737999
1440,MSE,2000,1441,0.0034363336321690807,0.0026226635439757302,0.0008136700881933503,0.00019642321271840784,0.014015106589619925,0.057687520056032504
1441,MSE,2000,1442,0.003427564386226591,0.002620750104484195,0.0008068142817423961,0.00019528579591787218,0.013974469432428274,0.05700617496267091
1442,MSE,2000,1443,0.0034553451025304224,0.002656818067901759,0.0007985270346286635,0.00020684947750554799,0.01438226260035423,0.05463575512875041
1443,MSE,2000,1444,0.0034242938416768048,0.002620832330286761,0.0008034615113900437,0.00019707133770196272,0.0140382099180046,0.056172255521659054
1444,MSE,2000,1445,0.003415847074030608,0.0026176495058905236,0.0007981975681400844,0.00019622293125417218,0.014007959567837572,0.05497601432849297
1445,MSE,2000,1446,0.0034100720508346803,0.00261463302372551,0.00079543902710917,0.0001964119173987993,0.014014703614375842,0.05449469993934275
1446,MSE,2000,1447,0.003407072974590793,0.002611199736954617,0.000795873237636176,0.000197299232366056,0.014046324514479082,0.054628252143482214
1447,MSE,2000,1448,0.0034033534803148136,0.0026057733031951075,0.000797580177119706,0.00019898343475561854,0.014106148827926726,0.054867717960887186
1448,MSE,2000,1449,0.003397931835503724,0.0025964024583417177,0.000801529377162006,0.00020193017388748963,0.014210213717164483,0.05516694220878149
1449,MSE,2000,1450,0.0033917706769579486,0.002584936318006848,0.0008068343589511004,0.00020523701290377412,0.014326095521940866,0.05542760360914678
1450,MSE,2000,1451,0.003387470465532314,0.0025773884294468183,0.0008100820360854956,0.00020631778020868834,0.014363766226470282,0.055392375411629446
1451,MSE,2000,1452,0.0033851422793837217,0.002577525407280643,0.0008076168721030787,0.00020489656736945444,0.014314208583413,0.055099636520036244
1452,MSE,2000,1453,0.00338361697569827,0.0025782629305366412,0.0008053540451616285,0.00020329309008833589,0.014258088584671366,0.05491960395767381
1453,MSE,2000,1454,0.0033802449733735945,0.002579392826936583,0.0008008521464370116,0.00020046096297096934,0.014158423745988441,0.05489998328791312
1454,MSE,2000,1455,0.003375129326705445,0.00258175023895794,0.0007933790877475049,0.0001967721676476745,0.014027550308149834,0.054873058520968465
1455,MSE,2000,1456,0.003372228544683146,0.0025802476106049667,0.0007919809340781791,0.00019477331811084545,0.01395612116996859,0.05548798047964776
1456,MSE,2000,1457,0.003370027579608983,0.0025802398411839595,0.0007897877384250235,0.00019406401579285517,0.013930686120678161,0.055583386084418374
1457,MSE,2000,1458,0.003368928113014788,0.00257725048914513,0.000791677623869658,0.00019489801241022578,0.013960587824666474,0.05554225242918909
1458,MSE,2000,1459,0.003367903239496126,0.002573865613909207,0.0007940376255869187,0.0001956130410480582,0.013986173209568735,0.055365377322451614
1459,MSE,2000,1460,0.0033662500747785535,0.002573546286660694,0.0007927037881178597,0.00019550659080575091,0.01398236713885567,0.05511333190119805
1460,MSE,2000,1461,0.0033645320813250773,0.002570859655838562,0.0007936724254865155,0.0001943794230078365,0.013942002116189643,0.05437665683589388
1461,MSE,2000,1462,0.003362629447044084,0.002572746679280616,0.0007898827677634678,0.00019246340992413056,0.013873118248041086,0.054370005566767965
1462,MSE,2000,1463,0.0033606562960741214,0.0025740130698822866,0.0007866432261918349,0.0001913991372833544,0.01383470770502053,0.05456706804510625
1463,MSE,2000,1464,0.0033570716489339947,0.0025722380867682225,0.0007848335621657725,0.00019047533367768933,0.013801280146337488,0.055089151653931134
1464,MSE,2000,1465,0.0033531659893958387,0.0025656465277070282,0.0007875194616888103,0.0001910437448841061,0.013821857504840154,0.055876031070360765
1465,MSE,2000,1466,0.0033498277638015126,0.0025564861739065057,0.000793341589895007,0.00019390596864086602,0.013925012338984336,0.056627341928979336
1466,MSE,2000,1467,0.0033472989018181023,0.0025509295511256867,0.0007963693506924153,0.00019525312123515773,0.013973300298610838,0.05670609721380404
1467,MSE,2000,1468,0.00334496846629399,0.0025460670907647815,0.0007989013755292087,0.0001968141411214983,0.014029046336850495,0.05634452568377046
1468,MSE,2000,1469,0.003342853201451496,0.0025447949464024555,0.0007980582550490404,0.0001964303329357024,0.014015360606695155,0.05586381571069099
1469,MSE,2000,1470,0.003340506762791948,0.002544451144910155,0.000796055617881793,0.00019566142390518788,0.013987902770079148,0.05512966131454777
1470,MSE,2000,1471,0.003337686126926626,0.00254513268955764,0.0007925534373689861,0.00019426504085026894,0.013937899441819378,0.054473411457464094
1471,MSE,2000,1472,0.0033336717980441705,0.002543408051157465,0.0007902637468867057,0.000193881296562991,0.013924126420102304,0.05382738734983561
1472,MSE,2000,1473,0.003388674768054446,0.0025881245699792233,0.0008005501980752225,0.0002069654454820873,0.014386293667310122,0.050622045215371836
1473,MSE,2000,1474,0.003333135344144304,0.002542321424142234,0.0007908139200020698,0.00019463989196492583,0.013951340149423848,0.053533567185541475
1474,MSE,2000,1475,0.003329590519797449,0.0025385219700375583,0.0007910685497598907,0.00019564088635833196,0.013987168632655143,0.05328700248995877
1475,MSE,2000,1476,0.0033257232137313213,0.0025358428626833817,0.0007898803510479395,0.00019604855553428995,0.014001734018838165,0.05349757975892322
1476,MSE,2000,1477,0.0033224155964490065,0.0025344242772735713,0.0007879913191754354,0.00019494883340509915,0.013962407865590346,0.05359423375815142
1477,MSE,2000,1478,0.0033198223671439425,0.002529843575094852,0.0007899787920490907,0.000196863938371476,0.014030821015588361,0.05370268256446642
1478,MSE,2000,1479,0.0033168978129433043,0.002530058297566602,0.0007868395153767023,0.0001962623500889485,0.014009366512763827,0.05367379937609984
1479,MSE,2000,1480,0.003310592130682315,0.002532830607703763,0.0007777615229785519,0.00019569710177765463,0.013989178023660098,0.05234402315922804
1480,MSE,2000,1481,0.003305736387430694,0.0025381473733398752,0.0007675890140908186,0.00019426984925514408,0.013938071934638021,0.05310249747824458
1481,MSE,2000,1482,0.0033022170622797613,0.00253049612344764,0.0007717209388321216,0.00019609980759579347,0.014003564103320036,0.05311148598524973
1482,MSE,2000,1483,0.003299095056628359,0.0025244855233301964,0.0007746095332981625,0.0001989607695598672,0.014105345425046038,0.05331257703734793
1483,MSE,2000,1484,0.003296399810266586,0.0025203595262991586,0.0007760402839674271,0.0002020859341504782,0.014215693234959673,0.053572629890483725
1484,MSE,2000,1485,0.003289853476667281,0.0025114499331161033,0.0007784035435511774,0.00020729005800977496,0.014397571253853025,0.05364143754105144
1485,MSE,2000,1486,0.0032817213608213333,0.002502491089905238,0.0007792302709160953,0.00021010478796221085,0.01449499182346133,0.05421015307347132
1486,MSE,2000,1487,0.003273537473471627,0.002495647373130685,0.0007778901003409421,0.0002096935072824415,0.014480797881416669,0.054124482435391696
1487,MSE,2000,1488,0.0032643827962298604,0.0024901013530708046,0.0007742814431590556,0.0002042966274398841,0.014293237122495523,0.05432653558326872
1488,MSE,2000,1489,0.0032574797967659837,0.0024866573643785635,0.0007708224323874201,0.0001991512278005949,0.01411209508898643,0.05442566277281857
1489,MSE,2000,1490,0.003256200797882262,0.002488850360447091,0.0007673504374351709,0.00018952565180352943,0.013766831581868408,0.055817280169816685
1490,MSE,2000,1491,0.0032496798017578655,0.002481661348044571,0.0007680184537132943,0.00019205082939508563,0.013858240486984112,0.05580188409543574
1491,MSE,2000,1492,0.0032471210601428,0.002478834035885715,0.000768287024257085,0.00019306133499427477,0.013894651308840923,0.056141430277924176
1492,MSE,2000,1493,0.00324345982219979,0.002476312352669146,0.0007671474695306442,0.00019330531517869194,0.013903428180801019,0.05690875717489097
1493,MSE,2000,1494,0.0032392355827277164,0.002475132973747003,0.0007641026089807134,0.00019241971902352493,0.013871543498238577,0.05769015219224616
1494,MSE,2000,1495,0.0032366850393830593,0.002475578020028508,0.0007611070193545515,0.0001900653746950401,0.013786419937570453,0.059981721262602594
1495,MSE,2000,1496,0.003235108464540222,0.002474869366344809,0.0007602390981954131,0.00018524857173769644,0.013610605120188317,0.060689912173476745
1496,MSE,2000,1497,0.003229049233286433,0.0024705974798714435,0.0007584517534149895,0.00018884535241965098,0.013742101455732706,0.05936965107798109
1497,MSE,2000,1498,0.0032269710680658268,0.00246960894566983,0.0007573621223959966,0.00019015994633006923,0.01378984939475661,0.058941333053139866
1498,MSE,2000,1499,0.0032235697255863847,0.002467567903708579,0.0007560018218778058,0.00019225035612918223,0.01386543746620287,0.05848742090475989
1499,MSE,2000,1500,0.0032205490133726984,0.0024648094875602826,0.0007557395258124157,0.00019202014600638523,0.01385713339787076,0.05893743953592745
1500,MSE,2000,1501,0.003219771617114147,0.0024634095561238568,0.0007563620609902901,0.00019680644473706496,0.01402877203240059,0.05851529673682143
1501,MSE,2000,1502,0.0032135138084330426,0.002458319337475996,0.0007551944709570467,0.00019168379272679794,0.013844991611655023,0.05909699296189497
1502,MSE,2000,1503,0.0032110549758230427,0.0024569591566863712,0.0007540958191366717,0.0001885104874910859,0.013729912144332385,0.05934216393903857
1503,MSE,2000,1504,0.0032078899457151575,0.002456348227413763,0.0007515417183013944,0.00018426790492126734,0.0135745314807277,0.05976997492119973
1504,MSE,2000,1505,0.0032071704206811987,0.0024590058010861616,0.0007481646195950372,0.00018084786869789602,0.01344796894322321,0.05950151424722727
1505,MSE,2000,1506,0.00320198979757267,0.00245620326366335,0.00074578653390932,0.00017941453605203834,0.013394571141027186,0.05990394532454624
1506,MSE,2000,1507,0.003198651565007606,0.002455672372527692,0.0007429791924799138,0.00017953888115484836,0.013399211960217972,0.059999793224147835
1507,MSE,2000,1508,0.00319430661904095,0.002456388248596068,0.000737918370444882,0.00017859494836257656,0.013363942096648599,0.05984154357639038
1508,MSE,2000,1509,0.0031911899779087393,0.002456204784273272,0.0007349851936354674,0.0001789874094696381,0.013378617621773862,0.05960078899531651
1509,MSE,2000,1510,0.003204230859796965,0.002474037073697983,0.0007301937860989818,0.0001789765992616013,0.013378213605022208,0.058697236465916625
1510,MSE,2000,1511,0.003190285259885041,0.0024563708053153173,0.0007339144545697238,0.00017893755008023245,0.013376754093584603,0.05941326078339193
1511,MSE,2000,1512,0.003187872824252855,0.002454412010758437,0.0007334608134944177,0.00017934328270228554,0.013391911092233458,0.05919610020943411
1512,MSE,2000,1513,0.0031836161723648596,0.002450064548424216,0.0007335516239406438,0.00018053626305345992,0.013436378345873561,0.05873754111955787
1513,MSE,2000,1514,0.0031778907026450585,0.002444259644362532,0.0007336310582825265,0.000182642132060215,0.01351451560582972,0.057951277505132515
1514,MSE,2000,1515,0.0031692644659137683,0.0024367173980421146,0.0007325470678716538,0.0001862544853091206,0.01364750839197839,0.056660376947314406
1515,MSE,2000,1516,0.0031716558041922013,0.0024438831536921168,0.0007277726505000846,0.00018954178053232253,0.01376741735157043,0.05458603936726858
1516,MSE,2000,1517,0.0031649573827582968,0.002434715363609149,0.0007302420191491481,0.00018760561670199216,0.013696919971365538,0.055736291705177576
1517,MSE,2000,1518,0.003155721052277331,0.002427590910389076,0.0007281301418882552,0.00019149715109290772,0.01383824956751784,0.054522986194566414
1518,MSE,2000,1519,0.003147523148897713,0.002423286033481609,0.0007242371154161038,0.00019294952498563617,0.01389062723514083,0.053410627231192054
1519,MSE,2000,1520,0.0031406490687198416,0.002421318386533664,0.0007193306821861777,0.00019083120639404595,0.01381416687296219,0.05243539296550259
1520,MSE,2000,1521,0.0031334086076342856,0.002419405109988212,0.0007140034976460738,0.0001875643732258568,0.013695414313771482,0.052197032523343845
1521,MSE,2000,1522,0.00312546389069106,0.002417488131431687,0.0007079757592593735,0.00018202516828321242,0.013491670329622363,0.052312499732435125
1522,MSE,2000,1523,0.0031200957549911445,0.0024205505291220644,0.0006995452258690803,0.00017371681422298957,0.013180167458078427,0.053269422348589
1523,MSE,2000,1524,0.003113426780732325,0.002415626920693844,0.0006977998600384813,0.0001716420386969176,0.01310122279395773,0.053489111301175285
1524,MSE,2000,1525,0.0031091613582172432,0.0024107357433984576,0.0006984256148187854,0.00017350164243781112,0.013172002218258663,0.053340599343162154
1525,MSE,2000,1526,0.003099598583428214,0.0024026916470990044,0.0006969069363292098,0.00017525708144801872,0.013238469754772214,0.05344488837901684
1526,MSE,2000,1527,0.0030929637537962912,0.0023992296704322307,0.0006937340833640607,0.00017383994692354192,0.013184837766295872,0.053732685640889066
1527,MSE,2000,1528,0.0030919031105952222,0.002409340165254282,0.0006825629453409402,0.00016272268972096902,0.012756280403039479,0.05435140677043271
1528,MSE,2000,1529,0.0030859044709108797,0.002398467954581779,0.0006874365163291005,0.00016766598865893315,0.012948590218974928,0.054052609988796574
1529,MSE,2000,1530,0.003075424045489417,0.0023936656326028942,0.000681758412886523,0.0001615863037117895,0.012711660147745827,0.05496113340402986
1530,MSE,2000,1531,0.003069494897934347,0.0023911693467799588,0.0006783255511543883,0.00015960108140054466,0.01263333215745334,0.0549593791053562
1531,MSE,2000,1532,0.003061243151068792,0.002385746914556192,0.0006754962365126002,0.00015576417615678528,0.012480551917154357,0.05475725462335923
1532,MSE,2000,1533,0.0030559522451570364,0.00238209295887889,0.0006738592862781462,0.0001558463041372715,0.012483841721892805,0.05414262369737832
1533,MSE,2000,1534,0.0030491894577225134,0.002375219200205267,0.0006739702575172463,0.0001571710779525882,0.012536788980938787,0.053403887924563076
1534,MSE,2000,1535,0.0030457707582681563,0.0023734350452050803,0.000672335713063076,0.00015712002381605746,0.01253475264279505,0.0527131654911992
1535,MSE,2000,1536,0.0030412980370513425,0.0023703297992198986,0.0006709682378314441,0.00015722391097037269,0.012538895923101551,0.05267071226387632
1536,MSE,2000,1537,0.0030290818020021486,0.0023622080947715784,0.0006668737072305701,0.0001575972516883795,0.012553774400090974,0.05297782410896068
1537,MSE,2000,1538,0.0030243912623264787,0.0023632032473916067,0.0006611880149348722,0.00015669245452436118,0.012517685669657996,0.05126135512668628
1538,MSE,2000,1539,0.003017452424438367,0.002354782712537114,0.0006626697119012532,0.0001571804441702665,0.012537162524681032,0.051695726943510545
1539,MSE,2000,1540,0.003011130876455915,0.002348258783839222,0.000662872092616693,0.0001588324836828063,0.012602876008388176,0.05140109745069177
1540,MSE,2000,1541,0.0030020207446041806,0.0023390342995428374,0.0006629864450613434,0.00016128540934126566,0.012699819264118117,0.05221943174012944
1541,MSE,2000,1542,0.0029926183226160986,0.0023307159030409664,0.000661902419575132,0.00016244631319161005,0.012745442840153106,0.05301454370838554
1542,MSE,2000,1543,0.002984902689788637,0.002325610871243411,0.0006592918185452263,0.00016264589132932868,0.012753269828923431,0.052485326864398996
1543,MSE,2000,1544,0.002978329169466126,0.00231903373977587,0.0006592954296902558,0.0001606881393227215,0.012676282551391851,0.05218909401438099
1544,MSE,2000,1545,0.002969858868290638,0.0023130994154054274,0.0006567594528852107,0.00015274683929303992,0.012359079225129998,0.05257971103439063
1545,MSE,2000,1546,0.002965279106974252,0.0023064611004100554,0.0006588180065641963,0.00014832527769392494,0.012178886553947572,0.05420924125913196
1546,MSE,2000,1547,0.002961749651076522,0.002303000537531105,0.0006587491135454171,0.00014842994507792182,0.01218318287960588,0.05452473453671769
1547,MSE,2000,1548,0.0029581072894439425,0.0023002654747098453,0.0006578418147340972,0.00014726304994263826,0.01213519880111728,0.054991756679525494
1548,MSE,2000,1549,0.00295212649249097,0.002295110788520519,0.0006570157039704514,0.0001476058805721833,0.012149316053679042,0.05483876118509201
1549,MSE,2000,1550,0.0029442892502974946,0.0022845882532728165,0.0006597009970246784,0.0001463242386732413,0.012096455624406734,0.05676032077637694
1550,MSE,2000,1551,0.002937032098150136,0.002276797605069708,0.0006602344930804282,0.00014839009727895606,0.012181547409050955,0.05613237417693284
1551,MSE,2000,1552,0.0029319599858707076,0.0022699769149117123,0.0006619830709589952,0.0001499367323052753,0.012244865548681018,0.055832769390770975
1552,MSE,2000,1553,0.002927243739759187,0.002264399942295071,0.0006628437974641162,0.0001513713011266822,0.012303304479963187,0.05592891087241458
1553,MSE,2000,1554,0.0029214306770009445,0.002258861127067105,0.0006625695499338395,0.00015111459785668388,0.012292867763735355,0.05629835178746423
1554,MSE,2000,1555,0.002914268512183657,0.0022490314148472497,0.0006652370973364072,0.0001515382904647438,0.012310088970626647,0.056779570731572804
1555,MSE,2000,1556,0.0029227222193018345,0.0022538682748191752,0.0006688539444826594,0.000147600871768483,0.01214910991671748,0.057395462741416825
1556,MSE,2000,1557,0.0029090611746159234,0.0022432592977789786,0.0006658018768369449,0.00014953050831191493,0.012228266774646149,0.0570075319031762
1557,MSE,2000,1558,0.0029028352146789702,0.0022384128391691183,0.0006644223755098521,0.00014938968307539973,0.012222507233599812,0.0566451324981454
1558,MSE,2000,1559,0.002896216588412957,0.002231400467944816,0.0006648161204681411,0.00015018865396503633,0.0122551480596946,0.05564850095896823
1559,MSE,2000,1560,0.002892705447169861,0.0022269335004309714,0.0006657719467388894,0.0001515181484238698,0.012309270832338924,0.05497475347610381
1560,MSE,2000,1561,0.0028874451863998268,0.0022213922864678885,0.0006660528999319381,0.0001545285156538294,0.012430949909553549,0.054386085530058415
1561,MSE,2000,1562,0.002883727269381354,0.002214410574677897,0.0006693166947034574,0.0001562706579121096,0.012500826289174233,0.05451904908601346
1562,MSE,2000,1563,0.002880141416299649,0.002212519977111127,0.000667621439188522,0.00015527028523200235,0.012460749786108472,0.05406828071935044
1563,MSE,2000,1564,0.002869615239074551,0.0022092557785417426,0.0006603594605328081,0.00015036991472182993,0.01226254112008722,0.053664149653684046
1564,MSE,2000,1565,0.0028621743590677446,0.0022080360097095505,0.0006541383493581939,0.00014915935922905346,0.0122130814796698,0.05359443950072573
1565,MSE,2000,1566,0.002853828346141982,0.0022031235689318734,0.0006507047772101084,0.00014513316232505342,0.012047122574501076,0.0532732483202476
1566,MSE,2000,1567,0.002848829529884716,0.0021980954810937904,0.0006507340487909259,0.00014404028901618214,0.012001678591604682,0.05284901310243484
1567,MSE,2000,1568,0.0028449029368744433,0.0021953535209566955,0.000649549415917748,0.0001436770238457936,0.011986535105934224,0.05312808487522114
1568,MSE,2000,1569,0.0028421384270172143,0.0021920524645742917,0.0006500859624429227,0.00014416112172886163,0.012006711528510279,0.05362247498045347
1569,MSE,2000,1570,0.002839396661294825,0.0021901825723900188,0.0006492140889048062,0.00014470070949349154,0.01202916079755739,0.05364391177357719
1570,MSE,2000,1571,0.002836706693345748,0.002188031004853584,0.0006486756884921638,0.00014510549547123473,0.012045974243340998,0.053245801798575076
1571,MSE,2000,1572,0.0028336367989541655,0.0021864745136676383,0.0006471622852865272,0.00014518552685065052,0.012049295699361457,0.05275567549772253
1572,MSE,2000,1573,0.002828991369153958,0.002182795796285502,0.0006461955728684561,0.0001457510710900819,0.01207274082758683,0.05308584616339229
1573,MSE,2000,1574,0.0028240497543301673,0.0021781819887752773,0.0006458677655548902,0.00014671834465700893,0.012112734813286756,0.05353527685054127
1574,MSE,2000,1575,0.0028205711789548093,0.0021734052329921622,0.0006471659459626473,0.00014885387388257628,0.012200568588495221,0.053335781818099504
1575,MSE,2000,1576,0.0028177607923938596,0.0021698883332383987,0.000647872459155461,0.00014905410963329734,0.012208771831486463,0.05342303001757398
1576,MSE,2000,1577,0.0028147134565452603,0.002164795747296242,0.0006499177092490184,0.0001505862977216864,0.012271360874886143,0.053259826297981316
1577,MSE,2000,1578,0.002814122463680958,0.0021627227166716324,0.0006513997470093256,0.0001524122234659338,0.012345534555698015,0.05319398326093139
1578,MSE,2000,1579,0.0028123303141245645,0.002160189514056503,0.0006521408000680614,0.00015289086737900245,0.012364904665180499,0.053056291199426564
1579,MSE,2000,1580,0.0028116585901123425,0.0021591379545080006,0.000652520635604342,0.00015355222512826387,0.012391619148774057,0.0529518267494824
1580,MSE,2000,1581,0.0028111148999672847,0.002158284189435766,0.0006528307105315186,0.00015426363864218807,0.012420291407297498,0.05279920015017758
1581,MSE,2000,1582,0.002810388905768613,0.0021574577754642833,0.0006529311303043297,0.00015475440797686144,0.01244003247491185,0.05258359753261921
1582,MSE,2000,1583,0.002808937391442524,0.0021554882355061923,0.0006534491559363316,0.00015509048059748098,0.012453532856080678,0.05204626288844216
1583,MSE,2000,1584,0.0028074170986726607,0.0021543768895359843,0.0006530402091366762,0.00015566370820966038,0.0124765262877798,0.05141800918193962
1584,MSE,2000,1585,0.002808117597101612,0.0021517576444519165,0.0006563599526496952,0.00015354899430420807,0.01239148878481549,0.05113570426597125
1585,MSE,2000,1586,0.0028060557484995935,0.0021519421234273634,0.0006541136250722302,0.00015447427683108484,0.012428768113979955,0.05082959679641763
1586,MSE,2000,1587,0.002804096737692354,0.0021500152312407916,0.0006540815064515623,0.00015359020361210311,0.012393151480237103,0.05084437657971996
1587,MSE,2000,1588,0.002801592342355242,0.0021508480740434306,0.0006507442683118114,0.00015141912589357768,0.012305247900533238,0.05093100378349025
1588,MSE,2000,1589,0.0028006262324134727,0.002151309593674034,0.0006493166387394384,0.00015083595253506275,0.012281528916835344,0.05122589793402721
1589,MSE,2000,1590,0.0027993552049642625,0.002153760024592499,0.0006455951803717634,0.00014950861927421748,0.01222737172389134,0.05120374992549115
1590,MSE,2000,1591,0.0027981770465464414,0.0021529865737838815,0.0006451904727625598,0.0001500275907037767,0.012248575047889313,0.05104323613537165
1591,MSE,2000,1592,0.002797680468198436,0.002152925560012988,0.0006447549081854477,0.0001503106432113416,0.012260124110764197,0.05101745776914779
1592,MSE,2000,1593,0.002796885863476296,0.0021532705308968947,0.0006436153325794014,0.00015037612037354262,0.012262794150337134,0.05100347909215763
1593,MSE,2000,1594,0.002795525822362207,0.002153202880125279,0.0006423229422369281,0.00015010515926377314,0.012251741070712079,0.051070265245204194
1594,MSE,2000,1595,0.0027939234904054695,0.0021535761283237075,0.000640347362081762,0.00014962959447214702,0.012232317624724556,0.051190837140780765
1595,MSE,2000,1596,0.0027927749538966392,0.0021532809669705224,0.0006394939869261169,0.00014878944608915428,0.012197927942448023,0.05134641429527509
1596,MSE,2000,1597,0.002791925374284073,0.002153329571799242,0.0006385958024848311,0.00014887764143512372,0.012201542584244163,0.05146557603498003
1597,MSE,2000,1598,0.0027909961104685835,0.0021517356122585448,0.0006392604982100387,0.0001487380446870136,0.01219582078775404,0.05151571814608147
1598,MSE,2000,1599,0.0027900959289429783,0.002149944255678161,0.0006401516732648175,0.00014910396975819506,0.012210813640302397,0.051484778415456844
1599,MSE,2000,1600,0.002789134576097321,0.002148355196587762,0.0006407793795095588,0.00014955792207515013,0.01222938764105342,0.05134349733760546
1600,MSE,2000,1601,0.0027881892716599267,0.0021473195359787644,0.0006408697356811622,0.0001497227228252921,0.01223612368461892,0.05113807340145371
1601,MSE,2000,1602,0.0027867892914421664,0.002146053067037045,0.0006407362244051215,0.00014952604402634017,0.012228084233694998,0.0509503904728148
1602,MSE,2000,1603,0.002784875391803696,0.0021442253894884246,0.0006406500023152711,0.00014866332914955047,0.012192757241475387,0.050737942891803556
1603,MSE,2000,1604,0.0027872745568843236,0.00214689842167886,0.0006403761352054635,0.00015068810701669334,0.012275508421922626,0.050798586401151535
1604,MSE,2000,1605,0.0027841048394376426,0.0021436004837602812,0.0006405043556773611,0.00014929258689975856,0.012218534564331295,0.050757285951005926
1605,MSE,2000,1606,0.0027828954394889045,0.002142762980068305,0.0006401324594205994,0.000148743038108548,0.012196025504587468,0.05082206737502215
1606,MSE,2000,1607,0.0027818887093363793,0.002142444881423774,0.0006394438279126051,0.00014835469178721533,0.012180094079571607,0.05099720590727319
1607,MSE,2000,1608,0.002781193436519466,0.0021421147079618186,0.0006390787285576475,0.00014832955395048403,0.012179062112924953,0.05110953797193618
1608,MSE,2000,1609,0.0027797096290572195,0.0021412954454929703,0.0006384141835642493,0.00014835336609960053,0.012180039659196538,0.05120046534990763
1609,MSE,2000,1610,0.0027781746918351695,0.002140415303343218,0.0006377593884919516,0.00014787995189298163,0.012160590112859722,0.051077805191511505
1610,MSE,2000,1611,0.0027775326518750384,0.002140255778558366,0.0006372768733166724,0.00014756865398339415,0.012147783912442391,0.050520411546746136
1611,MSE,2000,1612,0.002776649442459406,0.002139796913737948,0.0006368525287214581,0.00014699057969018496,0.012123967159728905,0.05037404065063811
1612,MSE,2000,1613,0.002776182625886827,0.0021396808029756306,0.0006365018229111963,0.0001465934245036209,0.012107577152495082,0.05019621403750474
1613,MSE,2000,1614,0.002775634858509682,0.0021396685331050522,0.0006359663254046299,0.00014590530583572116,0.012079126865619103,0.04985965360362421
1614,MSE,2000,1615,0.0027817632798052315,0.002152219197546989,0.0006295440822582422,0.0001432407848146015,0.01196832422750159,0.04950770593465115
1615,MSE,2000,1616,0.002775475405987486,0.002140480162598897,0.0006349952433885892,0.00014550722464924453,0.01206263754944351,0.04964989250376206
1616,MSE,2000,1617,0.002775017174911852,0.0021398849651415755,0.0006351322097702767,0.00014535420061278047,0.012056292988011716,0.049576444600014646
1617,MSE,2000,1618,0.0027740005841814658,0.0021390036329119832,0.0006349969512694825,0.0001448222209140291,0.012034210439992692,0.04959572038295956
1618,MSE,2000,1619,0.002773279978027937,0.002138666025415082,0.000634613952612855,0.00014487223123928157,0.012036288100543356,0.04968354499403471
1619,MSE,2000,1620,0.0027723243755636614,0.002138922637095576,0.0006334017384680855,0.00014529415412254857,0.012053802475673333,0.049782342894033604
1620,MSE,2000,1621,0.0027725608559632914,0.002139704356121364,0.0006328564998419275,0.0001452555371034415,0.012052200508763596,0.05001262481435376
1621,MSE,2000,1622,0.0027720185168519174,0.0021388784374499065,0.0006331400794020111,0.00014526503863742876,0.0120525946848564,0.04988108791064638
1622,MSE,2000,1623,0.0027714206397973277,0.0021393874766406874,0.0006320331631566404,0.00014632900490567613,0.012096652632264684,0.049778496845425124
1623,MSE,2000,1624,0.00277102608006741,0.00213928506713219,0.0006317410129352202,0.00014703682516756502,0.012125874202199403,0.049703728352009424
1624,MSE,2000,1625,0.0027703799610086944,0.002139450819041424,0.0006309291419672703,0.00014843223170170832,0.012183276722692805,0.04953103761492894
1625,MSE,2000,1626,0.002769684646511475,0.0021385437435955204,0.000631140902915955,0.00014926651582579078,0.01221746765192324,0.04952580533490725
1626,MSE,2000,1627,0.002768696765337074,0.002137916285855703,0.000630780479481371,0.00015027942627138908,0.012258850936013093,0.04953019149877225
1627,MSE,2000,1628,0.0027676183269605735,0.0021366904327056553,0.0006309278942549184,0.0001504429693625655,0.012265519530886799,0.049638889139480113
1628,MSE,2000,1629,0.0027666129603155826,0.0021355615073798567,0.0006310514529357259,0.00015020663873617374,0.01225588180165645,0.04952934227246608
1629,MSE,2000,1630,0.002765528672763387,0.0021345957937860356,0.0006309328789773513,0.000149697985282982,0.012235112802217315,0.04972536336509492
1630,MSE,2000,1631,0.0027641769738880094,0.0021333319730877653,0.0006308450008002443,0.00014855427725360887,0.012188284426186028,0.050440059562308015
1631,MSE,2000,1632,0.0027629883440288446,0.0021331239751920155,0.000629864368836829,0.00014809866815079136,0.012169579620956154,0.05034148843105157
1632,MSE,2000,1633,0.0027604834595671866,0.002132448935800534,0.0006280345237666523,0.00014709320879638138,0.012128198909829167,0.05036828532662563
1633,MSE,2000,1634,0.002759383613661366,0.0021320123524071932,0.0006273712612541726,0.00014661746210968175,0.01210856977969247,0.05033192446969181
1634,MSE,2000,1635,0.0028155618513480978,0.0021845857754841853,0.0006309760758639126,0.00014528370729631666,0.012053369126361171,0.053414304476315344
1635,MSE,2000,1636,0.0027589366389224614,0.0021317026181243716,0.0006272340207980899,0.0001462486001705462,0.012093328746484411,0.05058566069482451
1636,MSE,2000,1637,0.0027576386526752036,0.0021300845523243915,0.000627554100350812,0.00014587287864505728,0.012077784508967581,0.05059225063503758
1637,MSE,2000,1638,0.0027566612011028146,0.0021286371914967525,0.0006280240096060622,0.00014589326396988238,0.01207862839770652,0.050513224618334185
1638,MSE,2000,1639,0.0027559837531853644,0.002126611359150188,0.0006293723940351765,0.00014619105471501938,0.012090949289241907,0.05046679237419749
1639,MSE,2000,1640,0.002755174900944679,0.002125825548257134,0.000629349352687545,0.00014613744331407698,0.01208873208049864,0.0501709322251529
1640,MSE,2000,1641,0.0027539407040802254,0.002124292998644961,0.0006296477054352647,0.00014615570573301922,0.01208948740571821,0.05044102245059179
1641,MSE,2000,1642,0.0027524235287308824,0.0021237658254266894,0.0006286577033041928,0.00014548087613743766,0.012061545346158496,0.05099193988969475
1642,MSE,2000,1643,0.0027511361561863646,0.0021246213150119893,0.000626514841174375,0.00014587099462762883,0.012077706513557482,0.051223720471523126
1643,MSE,2000,1644,0.002750512579671504,0.0021272706479938245,0.0006232419316776794,0.00014304360394703543,0.011960083776756558,0.05136166958366317
1644,MSE,2000,1645,0.002749411272599908,0.0021259460397189435,0.0006234652328809649,0.0001439431279256907,0.011997630096218615,0.051115718188461834
1645,MSE,2000,1646,0.002748754420863378,0.0021256556236852082,0.0006230987971781698,0.0001446920472747602,0.01202880074133578,0.051039539906942544
1646,MSE,2000,1647,0.002748239937210868,0.002126482483393796,0.0006217574538170718,0.00014479163847567678,0.01203293972708568,0.051037539604598336
1647,MSE,2000,1648,0.002748053575166184,0.0021272878058926615,0.0006207657692735228,0.0001453649690143214,0.01205673956815529,0.05145304028850006
1648,MSE,2000,1649,0.0027474530920015504,0.0021268115739476443,0.0006206415180539061,0.00014480134306098008,0.012033342971135664,0.05150147620723988
1649,MSE,2000,1650,0.002747136889686042,0.002126488290377335,0.0006206485993087068,0.000144437388250921,0.012018210692566552,0.05163096834038772
1650,MSE,2000,1651,0.0027467560947830477,0.0021261752515754112,0.0006205808432076366,0.00014414025663652397,0.012005842604187512,0.05180937026132959
1651,MSE,2000,1652,0.002746262305763865,0.0021259379919397756,0.0006203243138240893,0.0001439965924119503,0.011999858016324623,0.051950454503980836
1652,MSE,2000,1653,0.002744854513860709,0.0021250285704187393,0.0006198259434419694,0.00014415091073825218,0.012006286300861403,0.05218034471445687
1653,MSE,2000,1654,0.002744378071583773,0.0021260056687946705,0.0006183724027891026,0.00014489796464241172,0.012037357045564932,0.05124138419697477
1654,MSE,2000,1655,0.0027411056493455823,0.002126312113247642,0.0006147935360979403,0.00014565629400915828,0.01206881493806075,0.052570026746755705
1655,MSE,2000,1656,0.0027389807382232926,0.0021231892025191834,0.0006157915357041092,0.00014599221006608555,0.012082723619535687,0.05208399597202984
1656,MSE,2000,1657,0.002737273999826008,0.0021229065021924174,0.0006143674976335907,0.00014620197182016448,0.012091400738548221,0.051432991588148624
1657,MSE,2000,1658,0.0027357506739046234,0.0021238903090873246,0.0006118603648172991,0.00014638602939986208,0.012099009438787214,0.05091468161659218
1658,MSE,2000,1659,0.002734944798884851,0.0021265302992463063,0.0006084144996385448,0.00014432522884352396,0.012013543558980587,0.05021048867007849
1659,MSE,2000,1660,0.0027333155443448704,0.00212604230587673,0.0006072732384681406,0.00014491004712750992,0.012037858909603067,0.05003067100076519
1660,MSE,2000,1661,0.0027314062964671503,0.0021262400859050393,0.000605166210562111,0.00014422696688306787,0.012009453229979618,0.04982023320993578
1661,MSE,2000,1662,0.002730502874467776,0.002126863630291804,0.000603639244175972,0.0001421764416038907,0.01192377631473732,0.04944178137454136
1662,MSE,2000,1663,0.002729653653226901,0.0021277761024071687,0.0006018775508197321,0.00014036137521167215,0.01184742061428023,0.049155094579941494
1663,MSE,2000,1664,0.0027290619801502826,0.002127111896786774,0.0006019500833635089,0.00014012507216310557,0.011837443649838658,0.0490087184646284
1664,MSE,2000,1665,0.002728015069955964,0.002125284142261152,0.0006027309276948119,0.00013993328155276994,0.011829339861242044,0.04875122840526469
1665,MSE,2000,1666,0.0027275587418996838,0.0021256147974766182,0.0006019439444230655,0.00014017376011547263,0.011839499994318705,0.04851740108588665
1666,MSE,2000,1667,0.002727025994039211,0.0021244964551350486,0.0006025295389041624,0.00014038710488321427,0.011848506441033581,0.0484598434634691
1667,MSE,2000,1668,0.002726290453284768,0.0021234170060255935,0.0006028734472591743,0.00014057744575722396,0.011856535993165288,0.048611323351285485
1668,MSE,2000,1669,0.002725513408441546,0.0021214085059495084,0.0006041049024920378,0.00014075039327480726,0.011863827092250092,0.04874041555427322
1669,MSE,2000,1670,0.0027256924665650566,0.002122870925903452,0.0006028215406616048,0.0001393544703465675,0.01180484944192714,0.04864045932613492
1670,MSE,2000,1671,0.002725165517073081,0.0021216641283737367,0.0006035013886993442,0.0001401089128449354,0.011836761079152328,0.04869424766548214
1671,MSE,2000,1672,0.002724702182514081,0.0021203894568657196,0.0006043127256483612,0.00013995296650817443,0.011830171871455394,0.04868369545354856
1672,MSE,2000,1673,0.002724166703144819,0.002119755534563826,0.0006044111685809929,0.0001396321814724001,0.011816606174041686,0.048871737629137435
1673,MSE,2000,1674,0.002723636554646766,0.0021198739661298562,0.0006037625885169101,0.00013923954284054868,0.011799980628820908,0.04895777291487313
1674,MSE,2000,1675,0.0027229906212435586,0.002120798692750894,0.0006021919284926644,0.00013868827206540003,0.01177659849300298,0.048936341392283644
1675,MSE,2000,1676,0.0027223846654517636,0.002122160937265196,0.0006002237281865676,0.0001384171552964539,0.011765082035262393,0.048873914916046424
1676,MSE,2000,1677,0.0027220029313167918,0.0021239614266850707,0.000598041504631721,0.00013823988504183072,0.011757545876662813,0.048910031094358875
1677,MSE,2000,1678,0.002721126054821813,0.002124670027327874,0.0005964560274939392,0.0001382846599501349,0.011759449814941807,0.04889367250052512
1678,MSE,2000,1679,0.0027201859025556257,0.002124192614028276,0.0005959932885273498,0.00013854870406013195,0.011770671351292242,0.049024765052291475
1679,MSE,2000,1680,0.002718522881371844,0.0021234997195025223,0.0005950231618693217,0.0001392239333122791,0.011799319188507408,0.049406269813714765
1680,MSE,2000,1681,0.0027176610243590947,0.0021225329181105263,0.0005951281062485683,0.00013980992703373349,0.011824124789333606,0.04972191830510031
1681,MSE,2000,1682,0.002717026629186509,0.0021220631090111083,0.0005949635201754006,0.00014010825530355462,0.011836733303726777,0.049841383451569854
1682,MSE,2000,1683,0.0027165039842829562,0.002121326454110288,0.0005951775301726681,0.00014029236133024646,0.01184450764406214,0.04986370218043046
1683,MSE,2000,1684,0.00271601205429831,0.0021213400713987036,0.0005946719828996066,0.00014027717342075149,0.011843866489485242,0.04973888868641385
1684,MSE,2000,1685,0.002715275898872086,0.0021207067671661843,0.0005945691317059018,0.00014008314952565886,0.011835672753403536,0.049530994665092365
1685,MSE,2000,1686,0.002715074144020126,0.002122943091216782,0.0005921310528033444,0.00013958669657761482,0.011814681399750686,0.04897805747059891
1686,MSE,2000,1687,0.0027142272664194816,0.002121605642889428,0.0005926216235300538,0.0001395314859129676,0.011812344640797084,0.049105263534079846
1687,MSE,2000,1688,0.0027138161827680485,0.002120931661825594,0.0005928845209424548,0.00013942878453145283,0.011807996634969576,0.04916715594691734
1688,MSE,2000,1689,0.0027132713951131125,0.002120947897232124,0.0005923234978809886,0.0001392275420042389,0.01179947210701559,0.049185707037784354
1689,MSE,2000,1690,0.002712386195787466,0.0021203458751575224,0.0005920403206299433,0.00013902792152785731,0.011791010199633334,0.049167153035125644
1690,MSE,2000,1691,0.0027106810580574013,0.002120793719339637,0.0005898873387177642,0.00013878804386334946,0.011780833750772882,0.04883844872945087
1691,MSE,2000,1692,0.0027290610027952958,0.00213763259390897,0.0005914284088863258,0.00013754009550449547,0.011727748952995859,0.050762554817685324
1692,MSE,2000,1693,0.0027100778057593524,0.0021202332429076662,0.0005898445628516864,0.0001384534828476295,0.01176662580554126,0.04912565658359069
1693,MSE,2000,1694,0.0027075476073346342,0.0021190622946911978,0.0005884853126434363,0.00013826278579256134,0.011758519710939865,0.0484780517249499
1694,MSE,2000,1695,0.002704478366587254,0.002119493692781468,0.0005849846738057856,0.00013778059813438853,0.011737998046276397,0.04757141795568387
1695,MSE,2000,1696,0.0027018216490628235,0.0021161339592420014,0.0005856876898208221,0.0001369813973390974,0.011703905217451883,0.04690559260514959
1696,MSE,2000,1697,0.002699361121222766,0.0021161984075895386,0.0005831627136332273,0.0001355253862465116,0.011641537108411055,0.046568600588469566
1697,MSE,2000,1698,0.0026970228132244044,0.0021136251342296487,0.0005833976789947558,0.0001342575005985157,0.011586953896452496,0.046720554477785114
1698,MSE,2000,1699,0.002694098103912258,0.0021103114883423294,0.0005837866155699283,0.00013348101331907384,0.011553398345035708,0.04716299339287566
1699,MSE,2000,1700,0.0026927623648547055,0.002110666996686877,0.0005820953681678287,0.0001329392021397299,0.011529926371826054,0.047883452014137795
1700,MSE,2000,1701,0.002690065002909983,0.0021072850810152483,0.0005827799218947351,0.0001339128647081743,0.011572072619378704,0.04787950591212686
1701,MSE,2000,1702,0.0026877865751473427,0.0021057852072017083,0.0005820013679456345,0.00013485519513531638,0.011612716957513276,0.04778742899847632
1702,MSE,2000,1703,0.0026844701977395045,0.002103947266604372,0.0005805229311351325,0.00013660896087220735,0.011687983610195874,0.04777979812898803
1703,MSE,2000,1704,0.0026798845297100115,0.002102091825490495,0.0005777927042195168,0.00013776015859445108,0.011737127357000566,0.04767111049237105
1704,MSE,2000,1705,0.0027114182314781528,0.002136627711394714,0.0005747905200834391,0.00015250078918627798,0.012349120988405531,0.04852627449859526
1705,MSE,2000,1706,0.002678502623163907,0.002101942116867558,0.0005765605062963489,0.00013980453082833785,0.011823896600881532,0.04782103876658006
1706,MSE,2000,1707,0.002674379354169929,0.0021002376727989667,0.0005741416813709623,0.00014021897771317936,0.011841409447915369,0.04781787450785657
1707,MSE,2000,1708,0.002670971561376853,0.0021008159308599627,0.0005701556305168901,0.0001388347589703777,0.011782816258024976,0.04751226525373209
1708,MSE,2000,1709,0.0026672453349902156,0.0020978257955876186,0.0005694195394025973,0.00013860923298483416,0.011773242246077932,0.047589758663479476
1709,MSE,2000,1710,0.0026643213773907704,0.0020979726593867523,0.0005663487180040179,0.0001380702071838339,0.011750327960692582,0.04731625247671456
1710,MSE,2000,1711,0.0026612042939051506,0.0020933070230586817,0.0005678972708464689,0.00013730942966094767,0.011717910635473701,0.04767943856159906
1711,MSE,2000,1712,0.0026586660366516284,0.002090292117709725,0.0005683739189419034,0.00013798362278355747,0.011746643043165885,0.04797155546747156
1712,MSE,2000,1713,0.0026565119389135904,0.0020887996223179803,0.0005677123165956099,0.00013819893623310867,0.011755804363509486,0.04832369114793256
1713,MSE,2000,1714,0.00265466138313751,0.002088832322692869,0.0005658290604446409,0.00013735617651573087,0.011719905141072212,0.048543808814806244
1714,MSE,2000,1715,0.002653611818036713,0.0020877800755641283,0.0005658317424725848,0.00013730641879406327,0.011717782161913716,0.049029566080967424
1715,MSE,2000,1716,0.002651642908424133,0.002087074363641159,0.000564568544782974,0.00013615785366938234,0.011668669747206935,0.04891793004500533
1716,MSE,2000,1717,0.0026500438323400362,0.0020852252641070544,0.0005648185682329819,0.00013560805250585687,0.01164508705445592,0.048858102694128824
1717,MSE,2000,1718,0.0026468725346225964,0.002082880224297243,0.0005639923103253533,0.00013488358764096923,0.011613939367887592,0.048799866736630726
1718,MSE,2000,1719,0.0026441987246705427,0.0020796867119597107,0.0005645120127108321,0.0001340629051397551,0.011578553672188728,0.04846311163847439
1719,MSE,2000,1720,0.0026406206179460873,0.0020783067171031167,0.0005623139008429708,0.00013420933394189572,0.01158487522340641,0.048405992096181905
1720,MSE,2000,1721,0.0026365037685516547,0.0020756881209600835,0.0005608156475915712,0.0001349114056650243,0.011615136919770869,0.04771632811230342
1721,MSE,2000,1722,0.00263448985813366,0.002074599508079106,0.0005598903500545537,0.0001354967134174291,0.011640305555157437,0.04821148781796225
1722,MSE,2000,1723,0.002631547216383481,0.002072268395330166,0.0005592788210533148,0.0001358135745562827,0.011653908123727538,0.04750686509424451
1723,MSE,2000,1724,0.0026289440711324136,0.002070528002836246,0.0005584160682961677,0.0001361469038761107,0.011668200541476423,0.047057507326799364
1724,MSE,2000,1725,0.002626878773460686,0.00207027754550723,0.0005566012279534565,0.00013544245582822247,0.011637974730520017,0.04682156285648098
1725,MSE,2000,1726,0.002625424738847337,0.0020681291782858797,0.000557295560561457,0.00013515921806017214,0.011625799674008327,0.04716797633428471
1726,MSE,2000,1727,0.002624387398600797,0.002068438936394443,0.000555948462206354,0.00013435117456627057,0.011590995408776183,0.047109626657005244
1727,MSE,2000,1728,0.0026227212246373883,0.0020696335741406894,0.000553087650496699,0.00013228535007214404,0.011501536856965857,0.047214618815825116
1728,MSE,2000,1729,0.002620896375340636,0.002070516812028993,0.0005503795633116427,0.00013038670222039505,0.011418699672922266,0.047502734868742236
1729,MSE,2000,1730,0.0026194721142896037,0.002068917429254132,0.000550554685035472,0.00012728089372382296,0.011281883429810067,0.04834263612821221
1730,MSE,2000,1731,0.0026175429313606805,0.002070172388868067,0.0005473705424926135,0.00012597856499133928,0.011224017328538801,0.04891464088949049
1731,MSE,2000,1732,0.002615432262135282,0.002066676522783865,0.0005487557393514167,0.00012651344741132088,0.011247819673666577,0.04901653950910889
1732,MSE,2000,1733,0.002612394517503811,0.0020605203048855106,0.0005518742126183005,0.00012720530789891212,0.01127853305616081,0.04950407375058208
1733,MSE,2000,1734,0.0026097257417074015,0.002056459731932365,0.0005532660097750364,0.00012639461938475843,0.011242536163373389,0.05034214989051988
1734,MSE,2000,1735,0.0026079764945987505,0.0020500329880811835,0.000557943506517567,0.00012961658525885634,0.01138492798654679,0.05105523265035061
1735,MSE,2000,1736,0.0026035924454186803,0.0020482287782547593,0.0005553636671639209,0.00012833000816044624,0.011328283548730859,0.05090922378418972
1736,MSE,2000,1737,0.0025999385145123407,0.002047573386468356,0.0005523651280439848,0.00012793064522821667,0.011310643006841684,0.05085016273824383
1737,MSE,2000,1738,0.002594850830725986,0.002046197859544032,0.000548652971181954,0.00012863674811932786,0.011341814145864314,0.05087095969916344
1738,MSE,2000,1739,0.002587319532645631,0.002044138872036714,0.000543180660608917,0.00013036732425460577,0.011417851122457578,0.050990195054883
1739,MSE,2000,1740,0.0025817902954674505,0.0020437440183602397,0.0005380462771072107,0.00013638547647307935,0.011678419262600541,0.05016535429861624
1740,MSE,2000,1741,0.002569323169763806,0.0020350602452371904,0.0005342629245266156,0.00013753659459515665,0.011727599694530704,0.05028574511664985
1741,MSE,2000,1742,0.0025583575710251506,0.0020288084098837545,0.0005295491611413958,0.0001370984421254315,0.011708904394751522,0.050001912004312477
1742,MSE,2000,1743,0.0025509739207061296,0.0020271893235451295,0.000523784597161,0.0001348443590708817,0.01161225038788269,0.049441610053911234
1743,MSE,2000,1744,0.0025427988917849156,0.002026471369566143,0.0005163275222187725,0.00013056287724088966,0.011426411389447243,0.048722656629763605
1744,MSE,2000,1745,0.0025291959178377187,0.0020242187200184853,0.0005049771978192336,0.0001233397310042485,0.011105842201483349,0.04765487825851178
1745,MSE,2000,1746,0.002517173188873319,0.002024502513805055,0.000492670675068264,0.00011128549833196916,0.010549194202969682,0.04560564818425572
1746,MSE,2000,1747,0.0025073413226927624,0.0020132248360285976,0.0004941164866641648,0.00011264064360315464,0.010613229649977175,0.045905570330442735
1747,MSE,2000,1748,0.0024963091870393262,0.0020039334735080655,0.0004923757135312607,0.00011412115877358257,0.01068275052472829,0.04528377302272957
1748,MSE,2000,1749,0.0024936021817997664,0.0020087309871081186,0.0004848711946916476,0.00011286478730373956,0.010623784038831905,0.0449538865354544
1749,MSE,2000,1750,0.0024916253683405836,0.002002011022142566,0.0004896143461980173,0.00011379250144407895,0.010667356816197673,0.044922793520160376
1750,MSE,2000,1751,0.002484495686088621,0.001998855890687355,0.000485639795401266,0.00011307604745957388,0.010633722182734224,0.04481526194036256
1751,MSE,2000,1752,0.0024806057585121714,0.002000076080112221,0.00048052967839995047,0.0001125005087689652,0.01060662570137012,0.044669202264847385
1752,MSE,2000,1753,0.0024742534487065407,0.0020041060291771844,0.00047014741952935616,0.00011165421885350698,0.010566655992011236,0.044419042009819165
1753,MSE,2000,1754,0.002467691798553585,0.002002703973726896,0.0004649878248266888,0.00011183369852861063,0.01057514531950321,0.04427156188211878
1754,MSE,2000,1755,0.002456519581077794,0.0020018346376672806,0.0004546849434105131,0.0001116217202312114,0.010565118088843655,0.04386320313211467
1755,MSE,2000,1756,0.0024491443605510403,0.001996652379052105,0.0004524919814989351,0.00011484659231168069,0.0107166502374427,0.04325273204699398
1756,MSE,2000,1757,0.002447325171413696,0.002004103275762801,0.0004432218956508948,0.00011586979150741782,0.010764283139504359,0.04265346000384884
1757,MSE,2000,1758,0.0024414011719717053,0.0019920801487531346,0.00044932102321857065,0.0001146222057856187,0.01070617605803392,0.04348541368674508
1758,MSE,2000,1759,0.0024401511479995243,0.0019914589501330263,0.0004486921978664982,0.00011350068480020684,0.010653670015548953,0.043859038334144396
1759,MSE,2000,1760,0.002436515000147001,0.00198742537317519,0.00044908962697181096,0.0001130970062325662,0.010634707623276072,0.04392165110036439
1760,MSE,2000,1761,0.002433095520084052,0.0019849538246425945,0.0004481416954414575,0.00011228077135320965,0.010596262140642314,0.04423366976392895
1761,MSE,2000,1762,0.0024286229341533134,0.0019817746506440967,0.0004468482835092167,0.00011066584353795463,0.010519783435886627,0.044684476067836876
1762,MSE,2000,1763,0.002422377252274555,0.001978311526663436,0.00044406572561111893,0.0001090535339952186,0.010442870007580225,0.04585637951812194
1763,MSE,2000,1764,0.0024152626299812656,0.0019730090364866756,0.0004422535934945901,0.00010684040426650192,0.010336363203104946,0.046422377286385874
1764,MSE,2000,1765,0.002404997791965038,0.001965281694836015,0.00043971609712902313,0.00010258284361266788,0.010128318893709257,0.04831801930917479
1765,MSE,2000,1766,0.0023924115227526503,0.0019561755830948225,0.0004362359396578278,0.00010004444856718325,0.010002222181454641,0.049609091587040854
1766,MSE,2000,1767,0.0023824443617430436,0.001956424968022402,0.0004260193937206418,9.843992842208412e-05,0.009921689796707218,0.04945047897813071
1767,MSE,2000,1768,0.0023774620001266304,0.0019563242312529453,0.00042113776887368497,9.601390734085228e-05,0.009798668651447108,0.04908798671702552
1768,MSE,2000,1769,0.002371698375458805,0.0019513413231838279,0.0004203570522749769,9.66465718237568e-05,0.009830898830918606,0.04887188402968867
1769,MSE,2000,1770,0.0023674585446531904,0.001945485862382778,0.0004219726822704125,9.750521955217213e-05,0.009874473127826727,0.0481238006262803
1770,MSE,2000,1771,0.0023629157544665085,0.0019428730148251406,0.0004200427396413681,9.742786105354574e-05,0.009870555255584447,0.04746692004662445
1771,MSE,2000,1772,0.0023584739341510627,0.0019395245990350015,0.00041894933511606104,9.658726082052291e-05,0.009827881807415213,0.04688144460548971
1772,MSE,2000,1773,0.0023549416321632915,0.001938622224536763,0.0004163194076265285,9.568085458019261e-05,0.009781659091391021,0.04623419568502518
1773,MSE,2000,1774,0.002352252577752963,0.0019373778847982636,0.00041487469295469934,9.534099175443368e-05,0.009764271183986734,0.04585670735656788
1774,MSE,2000,1775,0.002344665843109214,0.001933914317558763,0.00041075152555045114,9.432514421388445e-05,0.009712113272294782,0.0448351526512194
1775,MSE,2000,1776,0.0023381889623508394,0.0019291559188156083,0.0004090330435352309,9.373688165395259e-05,0.009681780913341955,0.04434831746303103
1776,MSE,2000,1777,0.0023714610401191993,0.001972813779827048,0.0003986472602921512,8.812335370679929e-05,0.00938740399188185,0.04415157457355301
1777,MSE,2000,1778,0.0023362508144581344,0.001929954736707998,0.0004062960777501362,9.227125014438475e-05,0.009605792530779787,0.044307711665078964
1778,MSE,2000,1779,0.0023322281050348094,0.0019262789027144165,0.00040594920232039314,9.216553466385268e-05,0.009600288259414542,0.0442655784270507
1779,MSE,2000,1780,0.0023284284688756115,0.0019223726167642927,0.00040605585211131874,9.276819218213394e-05,0.009631624586856256,0.04435883604837909
1780,MSE,2000,1781,0.0023230235458291783,0.001917807493200113,0.0004052160526290653,9.359337330211784e-05,0.00967436681659931,0.044402487330257534
1781,MSE,2000,1782,0.002315629035984003,0.0019128807951943304,0.0004027482407896727,9.54147875436896e-05,0.009768049321317415,0.0438551875213502
1782,MSE,2000,1783,0.0023096807625047873,0.001910636011712475,0.0003990447507923123,9.651478775661002e-05,0.009824194000354941,0.043487342441331345
1783,MSE,2000,1784,0.002303491393793958,0.0019059925950251032,0.00039749879876885464,9.903750979539787e-05,0.009951759130696335,0.04237989584980095
1784,MSE,2000,1785,0.0022999763252810257,0.0019084103408715757,0.0003915659844094501,9.894473829894025e-05,0.009947096978462622,0.041187261723251156
1785,MSE,2000,1786,0.002296498768409915,0.0019066342283259833,0.0003898645400839317,9.710357779873808e-05,0.009854114764845094,0.04150633007939897
1786,MSE,2000,1787,0.0022948687266079355,0.0019071385241876686,0.00038773020242026705,9.613002940268306e-05,0.009804592260909326,0.04137407826404904
1787,MSE,2000,1788,0.0022905669682147163,0.0019091736995981738,0.00038139326861654237,9.427505725523849e-05,0.009709534348012704,0.040563041968955105
1788,MSE,2000,1789,0.002287231048739486,0.001908099505207605,0.00037913154353188085,9.22389661494781e-05,0.009604111939657831,0.03987443512527067
1789,MSE,2000,1790,0.0022825529332870854,0.0019082218810021134,0.00037433105228497213,9.156703844624486e-05,0.009569066748970081,0.03875665379337456
1790,MSE,2000,1791,0.0022782125890764746,0.0019010634430887052,0.00037714914598776947,9.223063882905597e-05,0.009603678400959497,0.03865885295495075
1791,MSE,2000,1792,0.002274762484302443,0.001896548952677697,0.00037821353162474576,9.227867547439343e-05,0.00960617902573096,0.03849483715861757
1792,MSE,2000,1793,0.002271868847199202,0.0018947738819342361,0.0003770949652649661,9.108698204341474e-05,0.009543950023099174,0.03841326471421547
1793,MSE,2000,1794,0.0022671048429123205,0.001893561669213069,0.00037354317369925154,9.022103466370209e-05,0.009498475386276583,0.03769367636644838
1794,MSE,2000,1795,0.0022606393737553835,0.0018906624422400503,0.0003699769315153332,8.980581798945399e-05,0.009476593163656124,0.03707022896885248
1795,MSE,2000,1796,0.002253810253274701,0.001881735581631018,0.00037207467164368274,9.388141041819058e-05,0.00968924199399471,0.03546389487572932
1796,MSE,2000,1797,0.002246443273752566,0.0018718932051150412,0.0003745500686375249,9.687788689193176e-05,0.009842656495678987,0.03541700581524099
1797,MSE,2000,1798,0.0022406683149187997,0.001858751272018283,0.00038191704290051675,0.00010184748466659018,0.010091951479599482,0.035669132702931705
1798,MSE,2000,1799,0.002237823742783707,0.0018553583787481237,0.000382465364035583,0.00010249232175207046,0.010123849156920033,0.03580110558229377
1799,MSE,2000,1800,0.0022330856458884244,0.001846853194087105,0.00038623245180131925,0.00010314309413104194,0.010155938860146901,0.03645422248420305
1800,MSE,2000,1801,0.0022246793187369754,0.0018338538640212418,0.0003908254547157338,0.0001032537857016505,0.010161386996943404,0.037697769755096644
1801,MSE,2000,1802,0.002218458397532122,0.0018235412812473894,0.00039491711628473255,0.00010119682520077272,0.010059663274721114,0.040116113645440876
1802,MSE,2000,1803,0.0022123407316316855,0.0018198214201266508,0.00039251931150503485,9.938057046046508e-05,0.009968980412282145,0.04096496495872115
1803,MSE,2000,1804,0.002209210461297682,0.001822466570188139,0.0003867438911095431,9.65206679841956e-05,0.009824493268570935,0.04105247140366419
1804,MSE,2000,1805,0.0022072035981173695,0.0018242606674240519,0.0003829429306933178,9.462845160756351e-05,0.009727715641791937,0.04150064372040774
1805,MSE,2000,1806,0.0022053086627672625,0.0018238745562760147,0.00038143410649124794,9.374577238034938e-05,0.009682240049717286,0.041655258554941677
1806,MSE,2000,1807,0.00220114462204341,0.001820821511988778,0.000380323110054632,9.273028229708193e-05,0.00962965639558764,0.04203450975059231
1807,MSE,2000,1808,0.002196160653430778,0.0018174144630017576,0.0003787461904290205,9.139958622389667e-05,0.0095603130818973,0.042324315641913746
1808,MSE,2000,1809,0.0021896921744299627,0.001811360348516124,0.0003783318259138386,9.020647426918126e-05,0.009497708895790671,0.04211080965610492
1809,MSE,2000,1810,0.002211907835887035,0.0018537084017509384,0.0003581994341360966,8.141590799635556e-05,0.009023076415300691,0.04530674598671203
1810,MSE,2000,1811,0.0021869012169638304,0.0018148495660087768,0.0003720516509550537,8.754461341393468e-05,0.00935652785032646,0.0429052916683097
1811,MSE,2000,1812,0.002177251800677088,0.0018058796202058604,0.00037137218047122734,8.753797829687909e-05,0.009356173272063697,0.04148669746597422
1812,MSE,2000,1813,0.002168074657872544,0.0017942108324756304,0.00037386382539691384,8.961450198899932e-05,0.009466493648072623,0.039558196460094175
1813,MSE,2000,1814,0.0021604314538980407,0.0017888509232727888,0.000371580530625252,9.143160467440878e-05,0.009561987485581059,0.039355382919789905
1814,MSE,2000,1815,0.0021549729327991884,0.0017840704982180053,0.00037090243458118315,9.377442220392713e-05,0.009683719440583103,0.039358039431960146
1815,MSE,2000,1816,0.0021474353344711496,0.001779195179407216,0.00036824015506393363,9.505803390133093e-05,0.009749770966608956,0.03942382529994304
1816,MSE,2000,1817,0.002142526814487669,0.0017772518650106212,0.00036527494947704816,9.502296133487101e-05,0.009747972165269606,0.038783418114558765
1817,MSE,2000,1818,0.002137523810922291,0.0017769311912162972,0.00036059261970599346,9.352277278733367e-05,0.009670717284014339,0.03803168696815118
1818,MSE,2000,1819,0.002133190405644742,0.0017755933104952888,0.0003575970951494529,9.231510698742628e-05,0.009608075092724155,0.037469209223964794
1819,MSE,2000,1820,0.0021281038244897093,0.001777512348422037,0.00035059147606767224,8.790040599882752e-05,0.009375521638758428,0.0376865465130809
1820,MSE,2000,1821,0.0021231689736499627,0.0017717984820007021,0.0003513704916492604,8.935270396758542e-05,0.009452655921358051,0.03770033518683813
1821,MSE,2000,1822,0.0021195469877686095,0.0017669459282566814,0.00035260105951192807,8.959623585074532e-05,0.009465528820448718,0.03813766882107439
1822,MSE,2000,1823,0.002115605151055425,0.0017639385618090889,0.0003516665892463364,8.905600601242525e-05,0.009436948977949666,0.0388823724231262
1823,MSE,2000,1824,0.002112096716906698,0.0017619053677026175,0.0003501913492040805,8.822959552865869e-05,0.009393061030817306,0.038910232737120465
1824,MSE,2000,1825,0.0021053556987167582,0.0017599765436110148,0.00034537915510574323,8.648120478113002e-05,0.009299527126748435,0.03874137602730232
1825,MSE,2000,1826,0.0020964740747973862,0.0017602301649396392,0.00033624390985774683,8.447338016105395e-05,0.009190940113016402,0.037892920185967016
1826,MSE,2000,1827,0.002091477183046048,0.0017587980540675332,0.0003326791289785146,8.440050171767446e-05,0.00918697456825012,0.03718642226850921
1827,MSE,2000,1828,0.002088662661656684,0.0017587516899581002,0.00032991097169858395,8.477767340327344e-05,0.009207479210037535,0.03639591812373655
1828,MSE,2000,1829,0.0020857618372727353,0.0017556394251111416,0.0003301224121615938,8.542722498533451e-05,0.009242684944610766,0.03637334857013541
1829,MSE,2000,1830,0.0020836341979395176,0.0017554647204162269,0.00032816947752329094,8.609934834216045e-05,0.009278973453036734,0.036265993038062216
1830,MSE,2000,1831,0.0020797094305952907,0.0017517231084132326,0.0003279863221820581,8.68090501367193e-05,0.009317137443266536,0.03586005004890924
1831,MSE,2000,1832,0.002072521304020138,0.001750820074599956,0.0003217012294201822,8.604502862761472e-05,0.009276045958683836,0.03474066570459722
1832,MSE,2000,1833,0.0020633436385004075,0.001746541085542619,0.00031680255295778864,8.329899129344463e-05,0.009126828106929845,0.03377262883950749
1833,MSE,2000,1834,0.0020578031758825286,0.0017526649239700983,0.0003051382519124304,8.016403957490206e-05,0.008953437305018786,0.033142136935187194
1834,MSE,2000,1835,0.0020470293213373744,0.0017413233962389743,0.0003057059250984001,7.659533998996848e-05,0.008751876369668878,0.033377669837969304
1835,MSE,2000,1836,0.0020498702341052964,0.0017494200727512595,0.0003004501613540369,7.440019798745487e-05,0.008625554937941957,0.03267318750358128
1836,MSE,2000,1837,0.0020429667032396993,0.0017397745689384668,0.00030319213430123266,7.55002594513771e-05,0.008689088528227635,0.033057079091175945
1837,MSE,2000,1838,0.0020389189412720354,0.0017380588430277017,0.00030086009824433364,7.457241143967776e-05,0.008635531914113788,0.03375782457544885
1838,MSE,2000,1839,0.002034307870347956,0.0017376204774686092,0.00029668739287934664,7.425732943993482e-05,0.008617269256553078,0.03408355979756772
1839,MSE,2000,1840,0.0020705227232206145,0.001777084792191227,0.0002934379310293875,6.811497584526885e-05,0.008253179741485633,0.03668023350133254
1840,MSE,2000,1841,0.002032941007328468,0.0017370343571350795,0.00029590665019338874,7.298140309320053e-05,0.008542915374343851,0.034498668592745085
1841,MSE,2000,1842,0.0020300540730808264,0.001733591445009874,0.00029646262807095223,7.396270086709545e-05,0.00860015702572316,0.034826502093247225
1842,MSE,2000,1843,0.0020269225288542976,0.0017275958004570365,0.000299326728397261,7.630921678057697e-05,0.00873551468320997,0.03486260488450332
1843,MSE,2000,1844,0.002023354083884043,0.0017239178936354987,0.00029943619024854433,7.696191219052027e-05,0.008772793864586143,0.0347254130488428
1844,MSE,2000,1845,0.002019163703215398,0.0017198547260555903,0.0002993089771598075,7.70133141891853e-05,0.008775723000937603,0.034691852322837224
1845,MSE,2000,1846,0.002015728366670602,0.0017229343731375772,0.00029279399353302464,7.529930694253917e-05,0.008677517325971707,0.03398717589211464
1846,MSE,2000,1847,0.0020111789508201377,0.0017255728432413796,0.0002856061075787579,7.075932142040545e-05,0.008411856003308987,0.03509308801668887
1847,MSE,2000,1848,0.0020076482160942145,0.001724693669005196,0.0002829545470890185,6.943761018466097e-05,0.008332923267657093,0.03516014238098575
1848,MSE,2000,1849,0.002005219775239834,0.0017318993499716854,0.00027332042526814884,6.61044140824854e-05,0.008130462107561008,0.03509938789329925
1849,MSE,2000,1850,0.002003787914915193,0.0017316729260071985,0.0002721149889079947,6.551754161956918e-05,0.008094290680446878,0.03537800589687645
1850,MSE,2000,1851,0.0020022982296853315,0.0017300153413346779,0.0002722828883506537,6.591287044076444e-05,0.008118674179985574,0.03540713325523548
1851,MSE,2000,1852,0.0020012635573754406,0.0017300872304242259,0.00027117632695121494,6.610283075294869e-05,0.008130364736772188,0.03537899910190401
1852,MSE,2000,1853,0.002000295740731594,0.0017290001714413347,0.00027129556929025964,6.670979236849169e-05,0.008167606281432259,0.03528886493097594
1853,MSE,2000,1854,0.001998942465756645,0.0017288007917731242,0.000270141673983521,6.726040255537898e-05,0.008201243963898342,0.035160731614844565
1854,MSE,2000,1855,0.0019975781597478997,0.0017264775088016912,0.0002711006509462083,6.785323354884143e-05,0.008237307421047332,0.03517255213404891
1855,MSE,2000,1856,0.0019956700204319085,0.0017237452314092059,0.0002719247890227024,6.845737503500777e-05,0.008273897209598858,0.03543894305809969
1856,MSE,2000,1857,0.0019937961539063776,0.0017209523296779386,0.00027284382422843885,6.933151162899982e-05,0.008326554607339089,0.03577195018860979
1857,MSE,2000,1858,0.0019917057764050087,0.0017179774650485705,0.000273728311356438,6.996397870891587e-05,0.0083644473044497,0.036001766232820254
1858,MSE,2000,1859,0.0019900278611884787,0.0017161014927768463,0.0002739263684116323,7.023214230161254e-05,0.00838046193843827,0.03602868440596296
1859,MSE,2000,1860,0.0019881979062787844,0.0017162252582760935,0.0002719726480026908,6.968724703725933e-05,0.008347888777245377,0.03593776135403637
1860,MSE,2000,1861,0.001985050118660314,0.001715047162262347,0.00027000295639796737,6.850603199733876e-05,0.008276837076887448,0.03592124777029726
1861,MSE,2000,1862,0.0019820576499213626,0.0017176277347085561,0.00026442991521280647,6.588302109657008e-05,0.00811683565785153,0.03581207652336715
1862,MSE,2000,1863,0.0019796393975981368,0.001717062040634234,0.0002625773569639027,6.398389630790775e-05,0.007998993455923548,0.035396618065174135
1863,MSE,2000,1864,0.0019779023552033777,0.0017196114954072248,0.00025829085979615294,6.210558510687796e-05,0.007880709682945944,0.035076155775874085
1864,MSE,2000,1865,0.0019765062494826796,0.0017207710912318164,0.00025573515825086303,6.116716049517354e-05,0.007820943708733208,0.034513596024127624
1865,MSE,2000,1866,0.0019740005612516516,0.001720457465369532,0.0002535430958821193,6.0707689043473815e-05,0.007791513912165838,0.03364466584948422
1866,MSE,2000,1867,0.0019686131783854047,0.0017192826265780721,0.0002493305518073325,6.0224283196205e-05,0.0077604306063648945,0.031840378104764255
1867,MSE,2000,1868,0.0019811134649987596,0.0017299340185807691,0.00025117944641799055,6.625532953730751e-05,0.008139737682340107,0.029306828376205463
1868,MSE,2000,1869,0.001966216014674814,0.0017169907112086025,0.0002492253034662118,6.141817473100464e-05,0.007836974845627911,0.031098999032420416
1869,MSE,2000,1870,0.0019583873510293694,0.0017112765183676343,0.00024711083266173506,6.400603851829474e-05,0.008000377398491569,0.029217501820594682
1870,MSE,2000,1871,0.0019507790155378023,0.0017047428012121363,0.0002460362143256659,6.416648276385219e-05,0.008010398414801364,0.02931173641885576
1871,MSE,2000,1872,0.0019447391442535599,0.001700986488728507,0.00024375265552505285,6.331373610823254e-05,0.007956992906131848,0.029991229809568365
1872,MSE,2000,1873,0.0019418099280230129,0.0016955968137580386,0.0002462131142649744,6.31213376597994e-05,0.007944893810479747,0.03081009013976521
1873,MSE,2000,1874,0.001937504819048723,0.0016959012671531226,0.0002416035518956003,6.041430273110377e-05,0.007772663811789609,0.03081817111599472
1874,MSE,2000,1875,0.001934445344782662,0.0016928724960205792,0.00024157284876208287,5.945763016821433e-05,0.007710877392892091,0.03061330303180454
1875,MSE,2000,1876,0.0019313598401590037,0.0016851559309924448,0.0002462039091665589,6.11765405114386e-05,0.007821543358662572,0.029330484889186215
1876,MSE,2000,1877,0.0019255663937608877,0.001682572542801054,0.0002429938509598337,5.823538139873665e-05,0.0076312110047315985,0.02968853521376169
1877,MSE,2000,1878,0.0019234068587427604,0.0016827984946898111,0.0002406083640529493,5.7646163210404715e-05,0.0075925070438166015,0.029770203291767716
1878,MSE,2000,1879,0.0019175779548920712,0.0016828128675719463,0.0002347650873201249,5.675239120357357e-05,0.007533418294743335,0.029852987201517633
1879,MSE,2000,1880,0.001913616946817831,0.0016832698201571118,0.00023034712666071942,5.600427675127367e-05,0.00748360052055651,0.029892155348183014
1880,MSE,2000,1881,0.001910186494363991,0.0016827309167350567,0.00022745557762893435,5.6359619873352335e-05,0.0075073044345725275,0.02970656803422944
1881,MSE,2000,1882,0.001907307241890944,0.001682445812136443,0.00022486142975450087,5.5186935666257096e-05,0.0074287909962696555,0.02998277515180936
1882,MSE,2000,1883,0.0019044841691403865,0.0016832908249554417,0.00022119334418494482,5.342088860059538e-05,0.007308959474548712,0.030013394654315517
1883,MSE,2000,1884,0.001900313306407074,0.001679284588961969,0.00022102871744510505,5.290101882103774e-05,0.007273308657071948,0.030259498041651067
1884,MSE,2000,1885,0.0018943394602258141,0.0016758936128168412,0.00021844584740897288,5.1935881452936394e-05,0.0072066553582737945,0.03051573796953999
1885,MSE,2000,1886,0.001887497727306822,0.001669374275366475,0.00021812345194034704,5.20787437300991e-05,0.0072165603808254175,0.03041722416075565
1886,MSE,2000,1887,0.0018806396570920716,0.00166301562044578,0.00021762403664629166,5.2064550746699536e-05,0.007215576951755108,0.029853192988337218
1887,MSE,2000,1888,0.0018741198426376136,0.0016540698979933125,0.00022004994464430114,5.412182927536107e-05,0.007356753990406439,0.029087131600460614
1888,MSE,2000,1889,0.0018690539421020243,0.0016476528567974248,0.0002214010853045994,5.542103106849529e-05,0.007444530278566626,0.028356832436067014
1889,MSE,2000,1890,0.001864143128693012,0.0016449153706884327,0.0002192277580045793,5.516241696825439e-05,0.007427140564729766,0.02734652203309418
1890,MSE,2000,1891,0.0018600765430443161,0.0016408779539339468,0.0002191985891103692,5.5178419822343535e-05,0.007428217809296086,0.027779348525545533
1891,MSE,2000,1892,0.0018573175660192242,0.0016410022434200531,0.0002163153225991711,5.427030648591042e-05,0.007366838296441047,0.027912923295988712
1892,MSE,2000,1893,0.0018553173679709814,0.0016399791919804048,0.00021533817599057642,5.444618191280324e-05,0.007378765609016405,0.027934005875159595
1893,MSE,2000,1894,0.001854263583391659,0.0016414071382282792,0.0002128564451633798,5.377869174730599e-05,0.007333395649172761,0.027541423369329188
1894,MSE,2000,1895,0.0018526741110575836,0.0016397705909454892,0.00021290352011209442,5.468285823449544e-05,0.007394785881585445,0.02722712480169287
1895,MSE,2000,1896,0.0018509695537004443,0.0016370561474912534,0.00021391340620919091,5.56171846401256e-05,0.00745769298376687,0.02708266695931094
1896,MSE,2000,1897,0.0018476734550652617,0.0016338782190891336,0.00021379523597612798,5.575928364695304e-05,0.007467213914637309,0.026761278063657024
1897,MSE,2000,1898,0.0018424833804979728,0.001630241912987473,0.00021224146751049958,5.4063562390092856e-05,0.0073527928292651396,0.02663928152429884
1898,MSE,2000,1899,0.0018371114397151991,0.0016274073693353258,0.00020970407037987338,5.1882892610150265e-05,0.007202978037600161,0.026743826715848407
1899,MSE,2000,1900,0.0018350344204646123,0.0016290220998522753,0.00020601232061233705,4.800568836035779e-05,0.006928613740161721,0.027064376868385587
1900,MSE,2000,1901,0.001830621768442653,0.0016245186210193038,0.00020610314742334923,4.893988130322562e-05,0.0069957044894153175,0.027189191251449696
1901,MSE,2000,1902,0.0018284732818575574,0.0016233832418934694,0.00020509003996408803,4.919932750332097e-05,0.007014223228791694,0.027389226849320103
1902,MSE,2000,1903,0.0018259010555959046,0.0016208592558341996,0.00020504179976170507,4.9677578592978276e-05,0.007048232302710963,0.027841450700265558
1903,MSE,2000,1904,0.0018222293025479906,0.0016193119805971296,0.000202917321950861,4.9634550540067486e-05,0.007045179241159694,0.028081332257458236
1904,MSE,2000,1905,0.0018170192979165924,0.0016148162048225576,0.00020220309309403473,5.031183459413443e-05,0.007093083574450144,0.028252129999069453
1905,MSE,2000,1906,0.0018125401279651576,0.0016111925536476703,0.00020134757431748747,5.0667158879350046e-05,0.007118086742893068,0.028055916630122635
1906,MSE,2000,1907,0.001808951347497241,0.0016058020505052566,0.00020314929699198454,5.198746192384958e-05,0.0072102331393547586,0.02781639147947068
1907,MSE,2000,1908,0.0018063716392749127,0.001602455783865072,0.00020391585540984074,5.2046258763457394e-05,0.007214309306056776,0.02759310224766276
1908,MSE,2000,1909,0.0018027892899966289,0.0015958180142460242,0.00020697127575060472,5.300216558083469e-05,0.007280258620463609,0.028085657015679777
1909,MSE,2000,1910,0.001800560114262795,0.0015942490491478588,0.00020631106511493619,5.233154382159629e-05,0.007234054452490408,0.028279029908078845
1910,MSE,2000,1911,0.0017982019819449812,0.001592662686990725,0.00020553929495425614,5.2154746407229924e-05,0.007221824312957905,0.02788034355622493
1911,MSE,2000,1912,0.0017930125398679777,0.0015900152343159436,0.00020299730555203401,5.106080529799085e-05,0.007145684382757949,0.028309660487571886
1912,MSE,2000,1913,0.0017888237484224672,0.0015860223101520998,0.00020280143827036728,5.055113690377727e-05,0.00710993227139171,0.02898945647859552
1913,MSE,2000,1914,0.0018031286688828029,0.001608329789165028,0.00019479887971777482,4.86372402406976e-05,0.006974040453044246,0.02912471539171646
1914,MSE,2000,1915,0.001787094067541095,0.0015864504968183888,0.00020064357072270618,5.000993595148936e-05,0.007071770354832612,0.029032787714792896
1915,MSE,2000,1916,0.0017837349569190262,0.0015808682973558214,0.00020286665956320468,5.038512937742498e-05,0.007098248331625555,0.029434801445539893
1916,MSE,2000,1917,0.001782534302052565,0.0015793205469532732,0.0002032137550992918,5.034883512059668e-05,0.007095691306743599,0.02928863782993929
1917,MSE,2000,1918,0.0017817201276216369,0.001577845590437166,0.0002038745371844708,5.041763487189506e-05,0.007100537646678247,0.02910387427282135
1918,MSE,2000,1919,0.0017807816577849879,0.0015772424070557485,0.0002035392507292395,5.02585244772595e-05,0.007089324684147249,0.028850892630837066
1919,MSE,2000,1920,0.0017786212740400563,0.0015759812711165385,0.00020264000292351784,4.9919736040396046e-05,0.007065390013325241,0.028422816844690058
1920,MSE,2000,1921,0.0017761169565173984,0.001575784761122045,0.0002003321953953534,4.9224940720534993e-05,0.007016048796903781,0.027934389896315803
1921,MSE,2000,1922,0.0017739589182909075,0.0015754815629894798,0.00019847735530142765,4.8735760370909404e-05,0.006981100226390494,0.027556796880901402
1922,MSE,2000,1923,0.00177214509868359,0.001576162637110813,0.000195982461572777,4.8002362753549915e-05,0.0069283737452269355,0.027271524567499927
1923,MSE,2000,1924,0.0017702008557228062,0.0015766040376746812,0.00019359681804812493,4.7126345294251344e-05,0.006864863093627676,0.02712108744525432
1924,MSE,2000,1925,0.0017671641395355315,0.0015769992388455323,0.00019016490068999922,4.596739622837255e-05,0.006779925975139592,0.026829737163539313
1925,MSE,2000,1926,0.001762561519499169,0.0015775539898882655,0.00018500752961090353,4.430755383232899e-05,0.00665639195302748,0.02645868231206272
1926,MSE,2000,1927,0.001757153342577157,0.0015769919829282744,0.0001801613596488825,4.300934747570424e-05,0.006558151223912441,0.02568107713433454
1927,MSE,2000,1928,0.0017520651660069902,0.0015764127586906627,0.00017565240731632744,4.1992794110034105e-05,0.006480184728079447,0.025463978208716487
1928,MSE,2000,1929,0.001747192965443796,0.001573693962385946,0.00017349900305784987,4.168915946181369e-05,0.006456714293029674,0.02536389522547644
1929,MSE,2000,1930,0.0017431073805431144,0.0015720841841175373,0.00017102319642557716,4.150912424492235e-05,0.006442757503190877,0.02555798132326137
1930,MSE,2000,1931,0.0017382979827892358,0.0015673284491316763,0.00017096953365755948,4.204945595150146e-05,0.006484555185323158,0.02650778797244291
1931,MSE,2000,1932,0.0017332470834178185,0.0015661737456943027,0.0001670733377235158,4.127565065427234e-05,0.006424612879720641,0.026786919965294143
1932,MSE,2000,1933,0.0017274100025846003,0.0015582162429988086,0.00016919375958579155,4.228236615107294e-05,0.006502489227293878,0.027576935070845465
1933,MSE,2000,1934,0.001729524342791786,0.0015626517297386725,0.00016687261305311347,4.069633330272717e-05,0.006379367782368969,0.028591823863662214
1934,MSE,2000,1935,0.0017245752369628566,0.0015567588117454533,0.00016781642521740322,4.143954047740617e-05,0.006437355083992662,0.027795109776239224
1935,MSE,2000,1936,0.001721183364249633,0.0015511193510493204,0.00017006401320031282,4.218246759335577e-05,0.006494803121985744,0.02842554560592947
1936,MSE,2000,1937,0.0017171818686459244,0.0015466683870192833,0.000170513481626641,4.254668171360828e-05,0.006522781746586979,0.02896814622588284
1937,MSE,2000,1938,0.0017124477446941583,0.001539704929527442,0.00017274281516671636,4.3387376671457984e-05,0.006586909493188592,0.02937449358225841
1938,MSE,2000,1939,0.0017074624946944558,0.0015360709552060083,0.00017139153948844744,4.298494821025492e-05,0.006556290735641223,0.0292854069850077
1939,MSE,2000,1940,0.0017007691485197954,0.0015301032807389426,0.00017066586778085278,4.291703535838958e-05,0.006551109475378165,0.02904665057440825
1940,MSE,2000,1941,0.0016917740135481464,0.0015261344290196503,0.00016563958452849609,4.06211833399814e-05,0.006373474981513727,0.028528683132886812
1941,MSE,2000,1942,0.0016849860774321935,0.0015214203242073932,0.00016356575322480033,3.979045108105417e-05,0.006307967270131811,0.02836082484818192
1942,MSE,2000,1943,0.001677350794733853,0.0015172633942689188,0.00016008740046493408,3.756631205006356e-05,0.006129136321706637,0.02874454593152076
1943,MSE,2000,1944,0.0016801380961990482,0.0015182664962000122,0.00016187159999903603,4.06007024854884e-05,0.006371868053050722,0.02940492138782025
1944,MSE,2000,1945,0.0016746690348275208,0.0015142166910357877,0.00016045234379173312,3.8559050445780184e-05,0.0062095934203279515,0.029017187400676825
1945,MSE,2000,1946,0.0016717693755850353,0.0015113361038931266,0.00016043327169190872,3.781390746361265e-05,0.006149301380125441,0.0294459937572924
1946,MSE,2000,1947,0.0016706298112117094,0.0015133480136352705,0.000157281797576439,3.632105571984232e-05,0.006026695256925002,0.02977480195689508
1947,MSE,2000,1948,0.0016683751472663564,0.0015085740199143906,0.00015980112735196588,3.729422401976229e-05,0.006106899706050713,0.02969497420914169
1948,MSE,2000,1949,0.0016668546216441614,0.0015059893179175856,0.00016086530372657576,3.8109380193583285e-05,0.006173279533083147,0.029775284864104856
1949,MSE,2000,1950,0.0016650000569378577,0.001503304838645862,0.00016169521829199562,3.889999537750593e-05,0.006236986081233942,0.029488340161984983
1950,MSE,2000,1951,0.0016656322545509825,0.0015072288456703616,0.00015840340888062084,3.815489707103489e-05,0.006176965037219726,0.02904640169720274
1951,MSE,2000,1952,0.0016636136018673769,0.0015034719862612694,0.00016014161560610741,3.854787521621502e-05,0.006208693519269172,0.029283281125151328
1952,MSE,2000,1953,0.0016623266063730533,0.0015025974273966307,0.00015972917897642258,3.84016793474417e-05,0.00619690885421447,0.029245972527149
1953,MSE,2000,1954,0.0016610451263204906,0.001501783157037381,0.00015926196928310965,3.799102795545514e-05,0.006163686231100278,0.029298861483596728
1954,MSE,2000,1955,0.0016596592641363673,0.0015005744586645971,0.0001590848054717702,3.768995511359028e-05,0.006139214535556668,0.02941031730705479
1955,MSE,2000,1956,0.0016592391570077844,0.0014997436275976772,0.00015949552941010728,3.857458009624971e-05,0.0062108437507515605,0.030126822675879072
1956,MSE,2000,1957,0.00165408935928261,0.0014952818965663416,0.00015880746271626847,3.740330348778623e-05,0.006115824023611719,0.02999533809630961
1957,MSE,2000,1958,0.0016519866652943782,0.0014934780272359532,0.00015850863805842494,3.7037959594095914e-05,0.006085881989826611,0.029931904437240142
1958,MSE,2000,1959,0.00164965710804636,0.0014915068428936612,0.00015815026515269876,3.667978002430936e-05,0.00605638341127024,0.02982755885562094
1959,MSE,2000,1960,0.001647274867406267,0.0014885689506315704,0.00015870591677469664,3.6875452290734205e-05,0.006072516141661067,0.02988424657104516
1960,MSE,2000,1961,0.001642851318952513,0.0014840131092689467,0.00015883820968356615,3.746670430689353e-05,0.006121005171284659,0.029414448296105622
1961,MSE,2000,1962,0.001638846154804615,0.0014786554238170376,0.00016019073098757748,3.837142702387163e-05,0.006194467452805901,0.029391981952240354
1962,MSE,2000,1963,0.001635200115992979,0.00147283178026339,0.0001623683357295889,4.007427326012327e-05,0.0063304244139017465,0.02868184105623861
1963,MSE,2000,1964,0.001631791788407923,0.0014692215449987253,0.00016257024340919765,4.076371675047257e-05,0.00638464695582086,0.028518890556097798
1964,MSE,2000,1965,0.0016285852464741474,0.001465358666296633,0.00016322658017751433,4.193003167556969e-05,0.006475340274886695,0.028083858091656033
1965,MSE,2000,1966,0.0016248293135404125,0.001462795281443114,0.0001620340320972984,4.30467394521389e-05,0.006561001406198515,0.027067204850523385
1966,MSE,2000,1967,0.0016231555959155997,0.001458594251701266,0.0001645613442143335,4.4434219911674295e-05,0.006665899782600568,0.026591548759248296
1967,MSE,2000,1968,0.0016204915491104177,0.001456146259153818,0.00016434528995659962,4.431420518249053e-05,0.006656891555560337,0.026817310388025373
1968,MSE,2000,1969,0.0016171920860127563,0.001453046017363186,0.00016414606864957048,4.3508929809664156e-05,0.006596129911521161,0.027220545371385407
1969,MSE,2000,1970,0.0016144266961657858,0.0014500135521703854,0.00016441314399540046,4.2328545551204505e-05,0.0065060391599808635,0.027482405182176484
1970,MSE,2000,1971,0.0016107827569519946,0.0014456879862714683,0.0001650947706805263,4.0640794990526464e-05,0.006375013332576369,0.027974166237030307
1971,MSE,2000,1972,0.0016082652884471093,0.0014420921592688846,0.00016617312917822466,4.025281957305129e-05,0.006344510979819587,0.027975162130335463
1972,MSE,2000,1973,0.0016061503187524933,0.0014400688791931335,0.0001660814395593598,3.984309890587691e-05,0.006312139011925903,0.028380844545349282
1973,MSE,2000,1974,0.0016038493237753647,0.0014387747147609328,0.0001650746090144319,3.971920423952893e-05,0.0063023173705811526,0.028430415985598367
1974,MSE,2000,1975,0.0016002027440509257,0.0014364438634797353,0.0001637588805711903,3.988184515311785e-05,0.0063152074513128905,0.028861675366522732
1975,MSE,2000,1976,0.00160204664684416,0.0014422321536578578,0.00015981449318630225,3.856139154119845e-05,0.006209781923803641,0.028453193269309063
1976,MSE,2000,1977,0.0015988696258486105,0.0014367123457901892,0.00016215728005842143,3.9347557943501e-05,0.006272763182481943,0.02869796977329675
1977,MSE,2000,1978,0.0015958985182907468,0.0014333414020499449,0.00016255711624080205,3.998760445968689e-05,0.006323575290900464,0.029360177835489054
1978,MSE,2000,1979,0.0015941390082078815,0.0014314130313059052,0.00016272597690197618,4.010988903140738e-05,0.006333236852621839,0.02979424914205331
1979,MSE,2000,1980,0.0015927472189171804,0.0014297771016399889,0.00016297011727719156,3.985749600113156e-05,0.006313279338119894,0.03020892124533381
1980,MSE,2000,1981,0.0015913907890735897,0.0014284130105882398,0.00016297777848534985,3.930148236254553e-05,0.006269089436476842,0.03085522198530044
1981,MSE,2000,1982,0.0015889483540035068,0.0014245354764351543,0.00016441287756835242,3.920290384240584e-05,0.006261222232312621,0.031847923607940753
1982,MSE,2000,1983,0.001586374421410738,0.0014213173881785148,0.00016505703323222332,3.8934810090256476e-05,0.0062397764455352465,0.03256500084926728
1983,MSE,2000,1984,0.001584539178474648,0.0014189479824746707,0.0001655911959999774,3.8890586811927645e-05,0.006236231779843309,0.03278219992731657
1984,MSE,2000,1985,0.0015828918837931085,0.0014182105565820633,0.00016468132721104514,3.840616655190389e-05,0.006197270895475193,0.03259976215351035
1985,MSE,2000,1986,0.001581197378501161,0.0014171105501100852,0.00016408682839107584,3.834781732244512e-05,0.006192561450841252,0.03215661604352471
1986,MSE,2000,1987,0.0015793732072260304,0.0014161944313572836,0.00016317877586874676,3.793902042420214e-05,0.006159465920370219,0.03193292924956648
1987,MSE,2000,1988,0.0015773164746157276,0.0014151629451692146,0.00016215352944651314,3.772502424013736e-05,0.006142070028918374,0.031621207314628696
1988,MSE,2000,1989,0.0015754506614873228,0.0014142921078562454,0.00016115855363107748,3.761021763916753e-05,0.006132716986717024,0.03136376287491016
1989,MSE,2000,1990,0.0015739782635393353,0.0014130460808371693,0.00016093218270216603,3.821880486124905e-05,0.00618213594651954,0.0306326984563432
1990,MSE,2000,1991,0.0015727880204177529,0.0014135282893707453,0.00015925973104700757,3.759090768814688e-05,0.006131142445592573,0.030335098039845798
1991,MSE,2000,1992,0.001571956803436375,0.001412215305625345,0.00015974149781102992,3.7818408726727034e-05,0.006149667367161173,0.030398307373162403
1992,MSE,2000,1993,0.0015713941210363897,0.0014117120952112172,0.0001596820258251725,3.7881095320619926e-05,0.006154762003572512,0.030376668827524433
1993,MSE,2000,1994,0.0015708629267683933,0.0014114634591670424,0.00015939946760135085,3.794288352480114e-05,0.0061597795029368655,0.030099116699576323
1994,MSE,2000,1995,0.0015698977528383633,0.0014109400546241093,0.00015895769821425393,3.77798331249343e-05,0.006146530169529334,0.029834057471720188
1995,MSE,2000,1996,0.0015685914520115335,0.0014105177034505166,0.00015807374856101689,3.762739024005829e-05,0.006134116907922304,0.029223997735726703
1996,MSE,2000,1997,0.0015679093465842471,0.001409863395881228,0.00015804595070301907,3.736564301987679e-05,0.006112744311671869,0.02921185780272606
1997,MSE,2000,1998,0.0015669853880760903,0.001408861069254762,0.00015812431882132824,3.704643741835842e-05,0.006086578465637194,0.029237789698104866
1998,MSE,2000,1999,0.001565629551443321,0.0014070597080370225,0.00015856984340629842,3.6766546466813566e-05,0.006063542402491597,0.02943401511199273
1999,MSE,2000,2000,0.001563489335029604,0.0014040408097528248,0.0001594485252767792,3.6450306258526885e-05,0.0060374089027104075,0.029752454337835132
2000,MSE,2000,2001,0.0015613345362442675,0.0014007172016808208,0.00016061733456344658,3.6449145218273695e-05,0.00603731274809196,0.03011707957396248
2001,MSE,2000,2002,0.001560288402195118,0.0013977571881332897,0.00016253121406182848,3.6534004756359667e-05,0.006044336585296989,0.030014838607697047
2002,MSE,2000,2003,0.00155903667147674,0.0013970548684305404,0.00016198180304619964,3.652252177425897e-05,0.006043386614660605,0.03017426873264295
2003,MSE,2000,2004,0.0015584772104160999,0.0013967369470229297,0.00016174026339317016,3.655499769970885e-05,0.0060460729155137425,0.030160178163471052
2004,MSE,2000,2005,0.0015581358047588479,0.0013961798461477684,0.00016195595861107946,3.6532749024284466e-05,0.006044232707654832,0.03024885749325623
2005,MSE,2000,2006,0.0015576345046194287,0.0013949781784900418,0.0001626563261293868,3.667889306848998e-05,0.006056310185953984,0.030334859078207987
2006,MSE,2000,2007,0.0015570653554291694,0.0013935382792087587,0.00016352707622041066,3.686002299880749e-05,0.006071245588741036,0.030502158596581008
2007,MSE,2000,2008,0.0015564506818517838,0.0013916391052107334,0.00016481157664105037,3.734011189778126e-05,0.006110655602943211,0.030830332176010167
2008,MSE,2000,2009,0.0015559601846744737,0.0013903023759225647,0.000165657808751909,3.764029538164983e-05,0.006135168732940426,0.031005936979491278
2009,MSE,2000,2010,0.0015554842040048189,0.0013886102746989066,0.00016687392930591225,3.7949178376359004e-05,0.006160290445779241,0.031248053633665895
2010,MSE,2000,2011,0.0015550134274798344,0.001388050225692067,0.00016696320178776728,3.801061657252854e-05,0.006165275060573416,0.031231405908786147
2011,MSE,2000,2012,0.001554432562370654,0.0013874156876509576,0.00016701687471969644,3.788717193568846e-05,0.006155255635283434,0.031095755403996117
2012,MSE,2000,2013,0.0015538993042957822,0.0013865256201145925,0.0001673736841811897,3.792214114084419e-05,0.006158095577436598,0.031005899724395825
2013,MSE,2000,2014,0.0015525703704184774,0.0013842678598859012,0.0001683025105325762,3.789857457587635e-05,0.006156181817967721,0.030589410149302054
2014,MSE,2000,2015,0.001550949188198866,0.0013808849530896681,0.00017006423510919786,3.845284816344448e-05,0.006201036055647836,0.030305687753310773
2015,MSE,2000,2016,0.0015490743046295476,0.0013776568271805078,0.00017141747744903985,3.882580592128677e-05,0.006231035702135462,0.030476993334900282
2016,MSE,2000,2017,0.0015465754445215987,0.0013745307293201736,0.00017204471520142501,3.893755056279701e-05,0.0062399960386844006,0.03102279862186874
2017,MSE,2000,2018,0.0015448554366479697,0.001372899888061734,0.0001719555485862356,3.9083245887735925e-05,0.00625165945071674,0.03063557940515027
2018,MSE,2000,2019,0.0015428409517140554,0.00137213587481658,0.00017070507689747528,3.8913996615620046e-05,0.006238108416468893,0.030399494570155783
2019,MSE,2000,2020,0.0015397781633788264,0.0013700135337813245,0.00016976462959750202,3.914454677129114e-05,0.006256560298701767,0.031185696554571596
2020,MSE,2000,2021,0.0015367614611462295,0.0013692862106974787,0.00016747525044875076,3.85949203956008e-05,0.0062124810177255916,0.03080536404265377
2021,MSE,2000,2022,0.0015344561776300819,0.00136727420590559,0.00016718197172449186,3.8895536887296325e-05,0.006236628647538374,0.03078576764225005
2022,MSE,2000,2023,0.0015300373573169084,0.0013627554362506881,0.0001672819210662202,3.908129808647474e-05,0.006251503666037056,0.03169552813512144
2023,MSE,2000,2024,0.001525778089457241,0.001361028186604667,0.00016474990285257398,3.9647930138076154e-05,0.0062966602368300095,0.0313769883789865
2024,MSE,2000,2025,0.001520585017701411,0.0013578237703556876,0.00016276124734572334,3.952917040254697e-05,0.0062872227893201755,0.031033952712292923
2025,MSE,2000,2026,0.0015150411808272817,0.0013536728326205576,0.00016136834820672415,3.799862199679229e-05,0.006164302231136326,0.030583186219436342
2026,MSE,2000,2027,0.0015115325712802196,0.001353573837225404,0.00015795873405481548,3.695191248681425e-05,0.0060788084759115625,0.030438631884921685
2027,MSE,2000,2028,0.0015086836595595446,0.0013506225914242092,0.0001580610681353354,3.644342016153935e-05,0.006036838589985602,0.030872977038099325
2028,MSE,2000,2029,0.0015058321255291855,0.0013498589035769958,0.00015597322195218981,3.563392515805436e-05,0.005969415813800741,0.030937766675876555
2029,MSE,2000,2030,0.001503502775303626,0.0013494751916124361,0.0001540275836911899,3.398957573766494e-05,0.005830057953199517,0.031022837747579635
2030,MSE,2000,2031,0.001501265399068694,0.0013484284349210925,0.00015283696414760146,3.366297505643119e-05,0.0058019802702552505,0.03078529559111942
2031,MSE,2000,2032,0.0014988447035952153,0.0013471415781091476,0.00015170312548606768,3.314879408961307e-05,0.0057574989439524065,0.030313448594188497
2032,MSE,2000,2033,0.0014958331584567774,0.001343647105874885,0.00015218605258189244,3.306174541512016e-05,0.0057499343835490995,0.030279382255859133
2033,MSE,2000,2034,0.0014918795297529648,0.0013388469701880548,0.00015303255956491005,3.315989497567081e-05,0.005758462900433657,0.03069259126255064
2034,MSE,2000,2035,0.001490194205498765,0.001335499651463548,0.00015469455403521704,3.3373699442762e-05,0.005776997441817159,0.031090359015632396
2035,MSE,2000,2036,0.0014889933490160798,0.0013356800246611962,0.00015331332435488364,3.291277910512754e-05,0.0057369660191714175,0.03121248929835918
2036,MSE,2000,2037,0.0014876448159759467,0.0013350231415972893,0.00015262167437865736,3.280958083039188e-05,0.005727964807014083,0.031170223507101857
2037,MSE,2000,2038,0.0014851947373928458,0.0013347093869469468,0.00015048535044589892,3.274363000246924e-05,0.005722204994796083,0.030950739888549128
2038,MSE,2000,2039,0.0014879455603224582,0.00134112424435981,0.0001468213159626483,3.4582277421736545e-05,0.005880669810636926,0.03137630371904887
2039,MSE,2000,2040,0.0014837749364703585,0.0013351516264888486,0.00014862330998150996,3.314720750707264e-05,0.005757361158297492,0.031110296201612098
2040,MSE,2000,2041,0.0014806191069350486,0.0013323714404479144,0.0001482476664871342,3.393317173798464e-05,0.0058252186000170535,0.03094299868066175
2041,MSE,2000,2042,0.001477338154978687,0.0013290806134628767,0.00014825754151581017,3.542703295708646e-05,0.00595206123599938,0.030662578888312808
2042,MSE,2000,2043,0.0014751585456865852,0.0013246173630071573,0.00015054118267942795,3.701062042240098e-05,0.006083635461005285,0.03099050049372365
2043,MSE,2000,2044,0.0014723883263247774,0.0013222014883165361,0.00015018683800824124,3.767639315985085e-05,0.006138109901252246,0.03150667769616078
2044,MSE,2000,2045,0.0014697329384287029,0.001319144461310804,0.00015058847711789885,3.6775703456918875e-05,0.006064297441329776,0.03213743206250674
2045,MSE,2000,2046,0.0014664944646081432,0.001315521967208594,0.00015097249739954904,3.4756205195191924e-05,0.005895439355569008,0.033432753506152046
2046,MSE,2000,2047,0.001497064811046974,0.0013293607223899587,0.00016770408865701515,3.684341957259039e-05,0.006069878052530412,0.038184260768455935
2047,MSE,2000,2048,0.0014651928510734707,0.0013120454041780781,0.0001531474468953927,3.486911438255668e-05,0.005905007568374208,0.03422939554269622
2048,MSE,2000,2049,0.0014635909389525829,0.0013104035993657948,0.00015318733958678818,3.497322764051187e-05,0.005913816672886628,0.03413401993840881
2049,MSE,2000,2050,0.001461164274563294,0.0013066472752280354,0.0001545169993352587,3.598846825755007e-05,0.005999038944493532,0.0341988908888311
2050,MSE,2000,2051,0.0014599280449175843,0.0013041793154276848,0.00015574872948989954,3.696568183168958e-05,0.006079940939819201,0.03434143771271403
2051,MSE,2000,2052,0.0014584242914307142,0.0013010881778378015,0.00015733611359291266,3.822813601521597e-05,0.006182890587356044,0.03440669038649369
2052,MSE,2000,2053,0.0014559306931432809,0.0012960772773290567,0.00015985341581422404,3.912391643664761e-05,0.006254911385195446,0.03520644083171032
2053,MSE,2000,2054,0.0014558393260610217,0.001291473750037378,0.00016436557602364377,4.1429322244725945e-05,0.00643656136805406,0.035510912399665084
2054,MSE,2000,2055,0.001454210335281323,0.0012922241473481695,0.0001619861879331534,4.023507795209286e-05,0.0063431126390828705,0.03535994636107098
2055,MSE,2000,2056,0.0014524792315064807,0.0012907383972320225,0.00016174083427445814,3.915149605369851e-05,0.006257115633716425,0.03568050656539379
2056,MSE,2000,2057,0.0014507786351264217,0.0012893566046433746,0.0001614220304830471,3.7777179334417705e-05,0.006146314288613763,0.036270701993104115
2057,MSE,2000,2058,0.0014494861147937887,0.0012883602645436508,0.00016112585025013793,3.6641998061528535e-05,0.0060532634224464855,0.03648989952414361
2058,MSE,2000,2059,0.0014472978634965162,0.0012863572759698539,0.00016094058752666224,3.542799267981874e-05,0.005952141856493236,0.036919956309828805
2059,MSE,2000,2060,0.0014455166633616841,0.0012863254091000046,0.00015919125426167965,3.3884864369696935e-05,0.005821070723646719,0.037077954983714134
2060,MSE,2000,2061,0.0014432917971805815,0.0012823709462145999,0.0001609208509659816,3.429338072581188e-05,0.0058560550480517065,0.038180779301186796
2061,MSE,2000,2062,0.001441703388414242,0.0012798913265001848,0.0001618120619140574,3.485529534031767e-05,0.005903837340265877,0.03813126373310527
2062,MSE,2000,2063,0.0014387688057443107,0.0012765490930989132,0.00016221971264539743,3.573496720364473e-05,0.005977873133786358,0.03792582439228798
2063,MSE,2000,2064,0.0014352076961152778,0.0012712103699548277,0.00016399732616045006,3.6573267059969784e-05,0.006047583571970691,0.03787482902657535
2064,MSE,2000,2065,0.0014350028121699495,0.0012715580966798637,0.00016344471549008583,3.803419819132494e-05,0.006167187218767154,0.0371373111936939
2065,MSE,2000,2066,0.0014325767941146927,0.0012690430252322383,0.00016353376888245453,3.725858456670671e-05,0.006103981042459643,0.03748771961560693
2066,MSE,2000,2067,0.0014289334699355636,0.001264396014630712,0.00016453745530485155,3.7705456804739176e-05,0.006140476919974472,0.037611029122662565
2067,MSE,2000,2068,0.0014285285449592803,0.0012628694144182953,0.00016565913054098492,3.812051175214271e-05,0.006174181059229047,0.03831233765069131
2068,MSE,2000,2069,0.001427046377656952,0.0012619923400125786,0.00016505403764437336,3.788287078135712e-05,0.006154906236601587,0.03799847640850196
2069,MSE,2000,2070,0.00142510518015462,0.0012599480532468914,0.00016515712690772863,3.796964401577143e-05,0.006161951315595688,0.03806371836418121
2070,MSE,2000,2071,0.0014234984517497871,0.0012573183893479928,0.00016618006240179438,3.883821890693367e-05,0.006232031683723508,0.03805103355041961
2071,MSE,2000,2072,0.00142195861726648,0.0012553622315729478,0.0001665963856935323,3.990292833697398e-05,0.006316876469978971,0.03791330849502783
2072,MSE,2000,2073,0.0014199788496701247,0.0012495994422548865,0.0001703794074152384,4.2027337868431e-05,0.006482849517645077,0.03808365669415492
2073,MSE,2000,2074,0.0014178814082453103,0.0012470595967111293,0.00017082181153418107,4.265059950523407e-05,0.006530742645766565,0.038083625675427335
2074,MSE,2000,2075,0.0014156475758284183,0.0012428452381809598,0.00017280233764745847,4.250098171142228e-05,0.006519277698596853,0.03853344373747136
2075,MSE,2000,2076,0.0014137190137489962,0.0012406952703860447,0.00017302374336295148,4.144761925889996e-05,0.00643798254571259,0.03886696056911498
2076,MSE,2000,2077,0.001412627483573068,0.0012406628464254404,0.00017196463714762766,4.02594043655501e-05,0.006345029894771978,0.03905906134485959
2077,MSE,2000,2078,0.001411358685598397,0.0012398818420588911,0.00017147684353950593,4.013545821359619e-05,0.0063352551814111,0.039222123658367636
2078,MSE,2000,2079,0.0014104978153956053,0.001239544110086746,0.0001709537053088594,4.045601354734751e-05,0.0063605041897122835,0.03904070898099432
2079,MSE,2000,2080,0.0014086392409162322,0.0012390831492057382,0.00016955609171049398,4.0466213493289645e-05,0.006361305958157463,0.038459931244892775
2080,MSE,2000,2081,0.0014070041657156824,0.0012377835224703863,0.00016922064324529618,4.232989852722483e-05,0.0065061431376219215,0.03838282179784125
2081,MSE,2000,2082,0.0014037222742505138,0.0012375629913392945,0.00016615928291121933,4.038016185811519e-05,0.006354538681770314,0.03783094199163073
2082,MSE,2000,2083,0.0014012563204584393,0.0012373866387388093,0.00016386968171963,3.8748664920289295e-05,0.006224842561887754,0.037615433979209634
2083,MSE,2000,2084,0.001399283545135675,0.0012364955244947321,0.00016278802064094279,3.86758660004317e-05,0.006218992362146114,0.03762783592903318
2084,MSE,2000,2085,0.0013976082828533066,0.0012345848144368575,0.00016302346841644895,3.88590353696638e-05,0.0062337015784896055,0.03803423863390498
2085,MSE,2000,2086,0.0013958161981180498,0.0012321047127370815,0.00016371148538096833,3.897014634853232e-05,0.006242607335763825,0.038509369305641306
2086,MSE,2000,2087,0.0013928077101137658,0.0012283480189427078,0.00016445969117105793,3.894066900546769e-05,0.006240245909054201,0.03882783222300312
2087,MSE,2000,2088,0.0013908112147420196,0.0012259101722283353,0.00016490104251368434,3.846470286315956e-05,0.006201991846428013,0.03881433440917159
2088,MSE,2000,2089,0.001389015827458885,0.0012250912645610317,0.00016392456289785322,3.81851748134515e-05,0.006179415410332235,0.038356680367656715
2089,MSE,2000,2090,0.0013880365480055871,0.0012250707435855137,0.00016296580442007357,3.783144734599913e-05,0.006150727383488812,0.0378994435269433
2090,MSE,2000,2091,0.0013868796118242353,0.0012243348514948637,0.00016254476032937157,3.7902834907090306e-05,0.006156527828824483,0.03757654804405974
2091,MSE,2000,2092,0.0013901876632425414,0.0012273618903133445,0.0001628257729291968,3.822146914445111e-05,0.006182351425182097,0.036878587940547325
2092,MSE,2000,2093,0.0013862979196358292,0.0012237376125201003,0.00016256030711572897,3.7968097294938666e-05,0.006161825808552094,0.03738130437537723
2093,MSE,2000,2094,0.001385220993000969,0.0012233793929366868,0.00016184160006428214,3.8132741624532924e-05,0.006175171384223512,0.0372852793125098
2094,MSE,2000,2095,0.0013839643796903867,0.0012228551962423827,0.00016110918344800396,3.860961190529924e-05,0.006213663324102718,0.03728887791491298
2095,MSE,2000,2096,0.0013830835921992027,0.0012224943325126298,0.0001605892596865728,3.8733512218934304e-05,0.0062236253276474075,0.037400182612749244
2096,MSE,2000,2097,0.0013816060695098394,0.00122229644351985,0.00015930962598998918,3.899078180066877e-05,0.006244259908161156,0.037011914309927896
2097,MSE,2000,2098,0.001380041928517106,0.0012213793589081054,0.00015866256960900057,3.859775390615924e-05,0.006212709063376398,0.03679555803521595
2098,MSE,2000,2099,0.0013784653249103596,0.0012215169542645237,0.00015694837064583598,3.738218358297569e-05,0.006114097119197215,0.03605097396214241
2099,MSE,2000,2100,0.001377647915311952,0.001220467536215696,0.00015718037909625594,3.7350283243725607e-05,0.00611148780934116,0.03602262238386178
2100,MSE,2000,2101,0.0013765358576779498,0.0012186090662896617,0.00015792679138828798,3.7556112256605864e-05,0.0061283041909329095,0.03591148773785613
2101,MSE,2000,2102,0.0013748468803817084,0.001215360364422996,0.00015948651595871228,3.791941591842932e-05,0.006157874301934826,0.0361263052612939
2102,MSE,2000,2103,0.0013745242029318291,0.0012123229039134023,0.00016220129901842683,3.884390606009301e-05,0.006232487951058791,0.03664945152643373
2103,MSE,2000,2104,0.0013738261849793871,0.0012127323115804906,0.00016109387339889648,3.84643424728897e-05,0.006201962791962694,0.036571361102385236
2104,MSE,2000,2105,0.001373047684793707,0.001212938778678418,0.0001601089061152892,3.8207276087005195e-05,0.006181203449734137,0.03655763343430429
2105,MSE,2000,2106,0.0013717630691031698,0.001212600154168463,0.00015916291493470685,3.7793033888933254e-05,0.0061476039144477464,0.03662409529139499
2106,MSE,2000,2107,0.0013697746857045884,0.0012126673104111267,0.00015710737529346175,3.6905012594026685e-05,0.006074949596007088,0.03641511864269109
2107,MSE,2000,2108,0.0013701607809198464,0.0012112466331720753,0.00015891414774777104,3.6357457177656644e-05,0.006029714518752662,0.03646788246866928
2108,MSE,2000,2109,0.0013689083505696005,0.0012111418079382113,0.0001577665426313892,3.6584701699598526e-05,0.006048528887225267,0.03643201733902468
2109,MSE,2000,2110,0.0013676444692788193,0.0012111078219841918,0.00015653664729462738,3.6459713505438425e-05,0.006038187932272266,0.03595786752429908
2110,MSE,2000,2111,0.001366681972404485,0.0012096338094108672,0.0001570481629936178,3.622815864698176e-05,0.006018983190455159,0.03591783532562376
2111,MSE,2000,2112,0.0013659878722234982,0.0012080597657302572,0.00015792810649324106,3.663383533898229e-05,0.006052589143414766,0.03575073339083912
2112,MSE,2000,2113,0.0013652224425310627,0.0012060064503064529,0.00015921599222460992,3.7125017011229517e-05,0.006093030199435213,0.03566447348034285
2113,MSE,2000,2114,0.001364363097726946,0.0012040156746837142,0.00016034742304323188,3.764767873362922e-05,0.00613577042706368,0.035475312308306695
2114,MSE,2000,2115,0.0013635121403423368,0.0012018920348963373,0.00016162010544599952,3.8816221302319164e-05,0.00623026655146625,0.035146136985897414
2115,MSE,2000,2116,0.0013629266294266794,0.0012024354227000975,0.00016049120672658184,3.8331243591297404e-05,0.00619122310947501,0.034541970159758684
2116,MSE,2000,2117,0.001362486230026658,0.0012026309985864185,0.00015985523144023954,3.810721987273673e-05,0.006173104557087684,0.03460735643221868
2117,MSE,2000,2118,0.0013619394479513298,0.001203152645069568,0.00015878680288176184,3.758941181531073e-05,0.006131020454647883,0.034710762903762404
2118,SINOS,2000,1,2483.8130974267365,2464.254824812193,19.558272614543377,0.9545661592025833,0.977019016807034,3.5250074927389115
2119,SINOS,2000,2,2482.778166398553,2464.2432411163436,18.534925282209358,0.896321997858706,0.9467428361802935,3.45649658457498
2120,SINOS,2000,3,2475.7043000143804,2464.382952666257,11.321347348123181,0.5451240656761134,0.7383251761088154,2.833875127260032
2121,SINOS,2000,4,2466.9727507331677,2456.9809879366007,9.991762796567121,0.8115710255533412,0.900872369180752,2.2468647947554445
2122,SINOS,2000,5,2447.2922957169762,2411.1176198698045,36.17467584717179,4.5019279474615255,2.121774716472398,4.351454393964085
2123,SINOS,2000,6,2433.8579147703504,2397.209959691915,36.64795507843519,4.799352441612852,2.1907424407293643,4.438216938459293
2124,SINOS,2000,7,2429.784245425023,2411.342920583001,18.441324842021885,0.9607657760618938,0.9801866026741509,3.0867769126679967
2125,SINOS,2000,8,2396.120411424201,2382.865874188965,13.254537235236093,0.8058184721682785,0.8976739230746755,2.688057688684681
2126,SINOS,2000,9,3944.289218462165,3918.803829559782,25.485388902383193,6.368655289707394,2.5236194819559055,5.048804203283961
2127,SINOS,2000,10,2380.491707893095,2364.0760806598005,16.415627233294355,1.6322699591685956,1.2776032088127345,2.8739996104450514
2128,SINOS,2000,11,2369.733741361103,2356.686809991464,13.046931369638877,1.0317081947627376,1.0157303750320443,2.710379605047904
2129,SINOS,2000,12,2364.848058208689,2354.1160437240733,10.732014484615672,0.8635228901832537,0.9292593234308998,2.6287252366609386
2130,SINOS,2000,13,2361.4915321591957,2350.860488623871,10.631043535324709,0.7847135501098043,0.8858405895587559,2.6578582632230305
2131,SINOS,2000,14,2355.641038761581,2347.191891974062,8.449146787518988,0.665351333216685,0.8156907092867278,2.59434556310561
2132,SINOS,2000,15,2349.773803530829,2341.4702668456002,8.303536685228709,0.6671704367457286,0.8168050175811413,2.479656077740415
2133,SINOS,2000,16,2341.6620294979025,2332.2311377468695,9.430891751032847,0.8456429026670319,0.9195884420038303,2.267256371776341
2134,SINOS,2000,17,2336.0858240749244,2328.4824191589355,7.603404915988756,0.7075497944347481,0.8411597912612966,2.2058524552294694
2135,SINOS,2000,18,2326.581209168781,2319.144508907296,7.4367002614847415,0.584431120596655,0.7644809484850849,2.055243013748717
2136,SINOS,2000,19,2321.85525520303,2314.366691110947,7.488564092083032,0.5709598797074981,0.7556188719900384,2.035085476359231
2137,SINOS,2000,20,2322.320875027773,2315.0240521801215,7.296822847651487,0.5885335695635757,0.7671594160039853,1.9556823693531937
2138,SINOS,2000,21,2313.884869690899,2306.5231434151992,7.36172627569997,0.5515539501420432,0.742666782710822,1.976647420049416
2139,SINOS,2000,22,2335.694555566525,2326.166079520052,9.528476046473408,0.502453185070983,0.7088393224638311,2.1332419960373463
2140,SINOS,2000,23,2309.208764067459,2301.9857940786987,7.222969988760491,0.47025994770013785,0.6857550201785896,2.04208273440313
2141,SINOS,2000,24,2280.689989253328,2268.1854664124576,12.50452284087029,0.6009347967916279,0.7751998431318391,2.3330247226472904
2142,SINOS,2000,25,7538.7506272513365,7374.590404808963,164.16022244237317,5.820265184992538,2.4125225770948835,12.510752783239216
2143,SINOS,2000,26,2277.8788761658557,2246.966794488407,30.91208167744903,1.8923329996086684,1.3756209505560275,3.6883759513303556
2144,SINOS,2000,27,2264.9556022202623,2242.972428230894,21.983173989368254,1.238395625773535,1.112832254103706,2.9725843320053102
2145,SINOS,2000,28,2272.8295679274343,2193.7835496292337,79.04601829820041,8.377042241204528,2.894312049728662,5.234937162869983
2146,SINOS,2000,29,2251.337065789925,2212.8207530257205,38.51631276420439,3.131852530719523,1.769704079986121,3.917728784509605
2147,SINOS,2000,30,2243.3588380861156,2228.851215190188,14.50762289592732,0.9217293086088308,0.960067345871544,3.3180265626680066
2148,SINOS,2000,31,2210.325066463644,2188.87417464822,21.450891815423656,1.3897361581849,1.1788707130915161,3.14105877084277
2149,SINOS,2000,32,4453.231629514302,3887.415438621885,565.8161908924164,82.19627748473174,9.066216271672088,13.8581060345796
2150,SINOS,2000,33,2185.374912015995,2169.7943719919595,15.580540024035406,1.031068940121628,1.015415648944622,3.4258977385505465
2151,SINOS,2000,34,2515.704404635549,2481.0862998657985,34.61810476975031,2.08825753953653,1.445080461267306,4.551574458534082
2152,SINOS,2000,35,2147.9994987334776,2129.4828615549945,18.51663717848313,1.0818584897239731,1.0401242664816417,3.471332215627181
2153,SINOS,2000,36,2116.6847739722057,2083.8527581150347,32.8320158571709,1.945192118956701,1.3947014443803738,4.133056614617439
2154,SINOS,2000,37,2071.80513653233,2036.5349765378458,35.270159994484004,2.1467230725434754,1.4651699807679228,4.18348493855597
2155,SINOS,2000,38,2061.247948851406,2038.568249053809,22.679699797596896,1.4238866203523155,1.1932672040881354,3.6404408991998265
2156,SINOS,2000,39,2259.274390733816,2149.2883678121934,109.9860229216226,10.655620458450949,3.2642947873087302,6.528886624390954
2157,SINOS,2000,40,2004.2123837070192,1978.1417647423696,26.070618964649714,1.5287190837490034,1.236413799562672,4.1419529786648175
2158,SINOS,2000,41,2005.3645543003456,1971.8207542627647,33.543800037580944,2.274345037312905,1.508093179254155,4.911913692903166
2159,SINOS,2000,42,1963.371154805522,1935.3222186342505,28.048936171271748,1.581707769194888,1.2576596396461517,4.104077640843617
2160,SINOS,2000,43,1942.6322691600237,1916.6171095174698,26.01515964255401,1.6481874381435564,1.2838175252517612,4.140813946404746
2161,SINOS,2000,44,1924.386869732044,1900.2334436163685,24.153426115675494,1.6595040519513933,1.2882173931256298,4.1047395923120575
2162,SINOS,2000,45,1889.5004482935854,1862.2922003248668,27.208247968718585,1.6481418251024795,1.2837997605166,4.098015002230364
2163,SINOS,2000,46,1897.950821964738,1865.5829683889722,32.36785357576587,2.1254151812054247,1.4578803727348224,4.523589077199178
2164,SINOS,2000,47,1870.5288901187264,1841.800331305979,28.72855881274743,1.7992832448091431,1.341373641014741,4.3261253486740525
2165,SINOS,2000,48,1864.1274253027123,1832.0874481945966,32.039977108115615,1.9822484104388818,1.4079234391254667,4.045936800788829
2166,SINOS,2000,49,1852.8568016250983,1822.5484207744257,30.308380850672563,1.8459564810476399,1.3586598106397494,4.1692077722830465
2167,SINOS,2000,50,1838.3985359433616,1807.384841227235,31.01369471612648,1.9563213295832516,1.398685572093761,4.352194208531791
2168,SINOS,2000,51,1828.1839998545033,1798.0553080284521,30.128691826051174,1.958715153797926,1.3995410511299502,4.203295973023103
2169,SINOS,2000,52,1797.9407083004407,1765.1621334297326,32.77857487070806,2.302315699465684,1.517338360243253,4.77746665226056
2170,SINOS,2000,53,1777.7019303165134,1748.1756850143643,29.526245302149057,2.103494088564853,1.4503427486511087,4.2843447461739155
2171,SINOS,2000,54,1755.1705522671218,1725.6914250500033,29.479127217118435,2.079893671811588,1.4421836470476248,4.356749262582207
2172,SINOS,2000,55,1742.6203370735313,1719.5603687504943,23.059968323037015,1.544750839087217,1.2428800582064292,3.823295469405058
2173,SINOS,2000,56,1715.5495518005655,1696.8017114861486,18.74784031441696,1.1021460674673993,1.0498314471701633,3.549686304610959
2174,SINOS,2000,57,1696.7576375408382,1679.7223323193386,17.035305221499677,1.0060747212673158,1.003032761811555,3.7973119400538042
2175,SINOS,2000,58,1684.3464680408906,1668.1708602936596,16.175607747231066,1.002939912755942,1.0014688775773024,3.425166160427037
2176,SINOS,2000,59,1655.5671901259634,1639.9384524431673,15.628737682796178,0.9765668397130417,0.9882139645405957,3.2528211681559096
2177,SINOS,2000,60,1613.5052679544117,1597.1892354454874,16.316032508924305,1.0332549104151352,1.016491470901323,3.792059418180218
2178,SINOS,2000,61,1579.7797110623137,1564.0889675102146,15.690743552098986,0.8405202179928681,0.9167988972467561,3.5379125783890917
2179,SINOS,2000,62,1539.2132089099641,1520.2209305879226,18.99227832204151,0.9995926966717783,0.9997963275946649,3.9822815366166937
2180,SINOS,2000,63,1501.0241343350103,1482.0952671564492,18.928867178561177,0.9044599142488183,0.9510309743898031,3.330647512527146
2181,SINOS,2000,64,1486.4843454696859,1465.407160557588,21.077184912097792,0.9406381227724097,0.9698650023443519,3.804726545861775
2182,SINOS,2000,65,1489.9097432950546,1468.8271881952137,21.08255509984085,0.8777768922438812,0.9368974822486617,4.003201726482946
2183,SINOS,2000,66,1474.1307775655077,1453.0991722033111,21.03160536219656,0.9071164650567681,0.9524266192504114,3.9005388247892387
2184,SINOS,2000,67,1470.0155796691738,1444.186614275306,25.828965393867648,1.1203171103201708,1.0584503343663183,4.069970101867408
2185,SINOS,2000,68,1460.0824740033977,1434.626398539986,25.456075463411757,1.1295163388868983,1.0627870618740607,4.057171677160813
2186,SINOS,2000,69,1455.0691485960629,1428.8591790646196,26.20996953144332,1.1656272387874613,1.0796421809041463,4.132341484349295
2187,SINOS,2000,70,1447.866859289155,1418.0602721243738,29.806587164781202,1.3648224991355953,1.1682561787277632,4.369350182617602
2188,SINOS,2000,71,1441.7442129721678,1410.355990119595,31.388222852572838,1.4592791336715905,1.2080062639206761,4.484465275755895
2189,SINOS,2000,72,1427.6645885692274,1389.3422120275486,38.32237654167865,1.9750945213261644,1.4053805610318382,4.672306673224227
2190,SINOS,2000,73,1419.3542721537153,1390.397760788337,28.956511365378145,1.539597274881795,1.2408050914151647,4.279468232180258
2191,SINOS,2000,74,1405.342292850839,1379.4479249449125,25.894367905926508,1.2432735326950581,1.115021763327989,3.9562292165369133
2192,SINOS,2000,75,1390.235058227918,1363.949052046069,26.286006181849036,1.2887596278501232,1.1352354944460303,3.8851257838828044
2193,SINOS,2000,76,1381.7883448358295,1355.0440864273269,26.74425840850278,1.4127235031354062,1.1885804571569425,3.618979297144253
2194,SINOS,2000,77,1365.3467757463934,1343.174118053213,22.17265769318025,1.1833377767441509,1.0878133004997461,3.391061909390384
2195,SINOS,2000,78,1350.948891045801,1332.5252535671095,18.42363747869145,0.9962348430548026,0.9981156461326526,3.6448146429076287
2196,SINOS,2000,79,1341.2969227086703,1322.8961860246845,18.400736683985805,1.0413677213269548,1.020474262941969,3.9925329971446613
2197,SINOS,2000,80,1323.0929391525121,1302.9409044563306,20.15203469618146,1.216207297009157,1.1028178893222385,4.194290366622504
2198,SINOS,2000,81,1302.0928022598027,1283.7259626071036,18.36683965269912,1.099088351219378,1.0483741465809704,4.301371171649732
2199,SINOS,2000,82,1300.2344660735237,1280.8910950746285,19.34337099889504,1.3161941082930375,1.1472550319318882,4.949158674261362
2200,SINOS,2000,83,1285.6131894363145,1267.0640682185146,18.549121217799822,1.1871302850279237,1.0895550858161893,4.651964686501905
2201,SINOS,2000,84,1319.093798839371,1305.4119031234657,13.681895715905178,1.0588518513654337,1.0290052727588104,4.24804308152852
2202,SINOS,2000,85,1266.8605387423725,1251.1312864379959,15.729252304376693,1.0575427550103207,1.0283689780474325,4.491927009604514
2203,SINOS,2000,86,1246.1739926715945,1225.855524300707,20.318468370887537,1.564138244331561,1.2506551260565644,4.752211056457804
2204,SINOS,2000,87,1217.8632512666288,1197.3191180654348,20.544133201193972,1.5118770353899798,1.229584090410241,4.55821775272349
2205,SINOS,2000,88,1181.554971487431,1162.9849844638993,18.569987023531567,1.5854692020093895,1.2591541613358506,4.608775879624739
2206,SINOS,2000,89,1277.7274915873973,1238.406088071927,39.32140351547032,5.446316604945039,2.3337344761015637,5.096579105947188
2207,SINOS,2000,90,1128.2268189929334,1104.5637400619266,23.663078931006744,2.823242774066661,1.68025080689362,4.754612376578414
2208,SINOS,2000,91,1320.5905945485206,1231.0310178003442,89.55957674817634,10.9386321613676,3.3073603011113866,7.438395784465118
2209,SINOS,2000,92,1087.6601562677897,1050.461775745031,37.198380522758626,4.843084369427047,2.2007008814073408,4.8522483099226745
2210,SINOS,2000,93,1507.2252129718056,1396.3665368560094,110.85867611579616,13.619592726784404,3.6904732388657697,7.0740897192513685
2211,SINOS,2000,94,1036.6694018755627,978.9057269407641,57.76367493479867,7.451613511594503,2.729764369244075,5.542794162090333
2212,SINOS,2000,95,1048.5141545575914,969.6858366120746,78.8283179455169,9.736381411092596,3.1203175176722957,6.015976319923153
2213,SINOS,2000,96,960.3731565761611,893.946383201272,66.42677337488905,8.405455444910649,2.8992163501385417,5.76380402340749
2214,SINOS,2000,97,1621.5114662799062,1553.67540485282,67.83606142708625,6.559626603094913,2.5611768004366495,5.246224581151552
2215,SINOS,2000,98,921.1934972467097,855.7785522711226,65.41494497558715,7.914763491816396,2.8133189459811336,5.460363995681667
2216,SINOS,2000,99,895.3235650818092,838.3159413354123,57.00762374639686,6.470333679304732,2.5436850589852376,4.8829195448521725
2217,SINOS,2000,100,850.7815778459053,795.9925107727163,54.789067073189024,5.7805329312946725,2.404273888577313,4.7918345436268455
2218,SINOS,2000,101,876.5396233604073,834.2306704817619,42.30895287864543,3.710252655403374,1.9262016133840647,5.139685098093663
2219,SINOS,2000,102,823.3169562133437,775.3803183565711,47.93663785677256,4.746482550261555,2.178642364010568,4.956000408401503
2220,SINOS,2000,103,923.3294338273735,889.961161719087,33.36827210828638,2.221608332866187,1.4905060660279739,5.36629600340272
2221,SINOS,2000,104,804.2705873592422,765.2067682428011,39.06381911644111,3.510486286330137,1.8736291752452343,5.082100041120094
2222,SINOS,2000,105,775.1079005636325,746.5081387953151,28.599761768317382,2.01869600566634,1.4208082226909937,4.945835524748556
2223,SINOS,2000,106,752.498366213543,714.5904235937256,37.90794261981745,2.498885587662376,1.5807863826786894,5.591205287559054
2224,SINOS,2000,107,727.3466680554438,698.2943702415693,29.052297813874585,1.837696517973321,1.3556166559810783,5.120786003650764
2225,SINOS,2000,108,710.694550191703,685.0687228292153,25.625827362487748,1.59164429312424,1.2616038574466393,4.86147532579621
2226,SINOS,2000,109,685.864452161922,662.0881147229093,23.776337439012742,1.4033500303363222,1.1846307569602952,4.8416208648785855
2227,SINOS,2000,110,645.9460308957704,627.8742638185884,18.07176707718205,1.0059816344238905,1.0029863580447596,4.071640584768153
2228,SINOS,2000,111,612.8403728679589,598.7598661236982,14.080506744260678,0.7413094186499007,0.8609932744510266,3.163642552249187
2229,SINOS,2000,112,577.6223169209422,560.999391093111,16.622925827831303,0.83437557160144,0.9134416082057134,3.1639245235067817
2230,SINOS,2000,113,563.3309005622236,548.4950455883201,14.83585497390353,0.7230944971222089,0.8503496322820449,2.87983747532458
2231,SINOS,2000,114,553.0019845031571,538.7251201602286,14.276864342928501,0.698445732262333,0.8357306577255216,2.67916051721145
2232,SINOS,2000,115,546.665808478054,531.6910184526233,14.974790025430764,0.7356306821970999,0.8576891524305877,2.7928926208618523
2233,SINOS,2000,116,544.1994732629157,528.8366875351435,15.36278572777223,0.7486160411933355,0.8652260058466432,2.988083990873261
2234,SINOS,2000,117,540.916631710342,525.4050005164531,15.511631193888878,0.7441822291998651,0.8626599731063597,2.9092662769537014
2235,SINOS,2000,118,535.4575700200363,519.1386277181348,16.3189423019015,0.759547130481892,0.8715200115211882,3.082840933623179
2236,SINOS,2000,119,529.8999243401248,512.9077109580799,16.992213382044962,0.7747360871837532,0.8801909379127651,3.172863974671663
2237,SINOS,2000,120,522.4863034814545,504.16644192977657,18.3198615516779,0.8115094179871105,0.9008381752496453,3.3990723804147516
2238,SINOS,2000,121,516.6315891475315,498.9046998044308,17.72688934310067,0.8090638568546319,0.8994797701197242,3.5697392348866916
2239,SINOS,2000,122,509.4897858100334,492.2514590044819,17.23832680555156,0.783581777875472,0.8852015464714643,3.3096028766713763
2240,SINOS,2000,123,505.0102231226933,487.65293520654194,17.35728791615134,0.8183568808768756,0.9046307981032238,3.3748866739929975
2241,SINOS,2000,124,503.45785708110844,485.65036725382316,17.807489827285288,0.8606966598025196,0.9277373873044675,3.4753681166462975
2242,SINOS,2000,125,500.62052893795743,481.78168971517266,18.83883922278475,0.9522536531374317,0.975834849314899,3.7209775483386345
2243,SINOS,2000,126,494.56125925756174,474.11868176889624,20.44257748866552,1.039073322041486,1.0193494602154287,3.8516031200689405
2244,SINOS,2000,127,488.9006717379037,467.1733785544852,21.727293183418453,1.087110861054236,1.0426460861933142,3.8313241327293834
2245,SINOS,2000,128,485.6693951744767,463.2641263266221,22.405268847854586,1.0478185441142547,1.0236300816770942,3.6408202887311454
2246,SINOS,2000,129,483.31765446215843,460.3178917468197,22.99976271533868,1.0042179000179765,1.0021067308515479,3.6090097609607685
2247,SINOS,2000,130,482.43702505746194,459.0699289409192,23.36709611654271,1.005383783188875,1.0026882781746653,3.703843034252526
2248,SINOS,2000,131,479.5791010144189,455.67069828106685,23.908402733352037,0.9948561346093846,0.9974247513518925,3.8503173725757582
2249,SINOS,2000,132,474.9469749767719,450.6763855868372,24.27058938993467,0.9805459532622247,0.9902252033059069,3.9493046151927755
2250,SINOS,2000,133,468.18696628359413,444.4921379760745,23.694828307519632,0.9511396085327628,0.9752638661063798,3.8491016851954396
2251,SINOS,2000,134,460.78099501258345,437.50834005640706,23.27265495617639,0.9479542630234664,0.9736294279773319,3.600795996336408
2252,SINOS,2000,135,452.66457059276183,429.96790813194195,22.69666246081985,0.9531898819092951,0.9763144380317722,3.977418371043401
2253,SINOS,2000,136,447.55962179366446,423.4877677698081,24.07185402385638,1.0257206224891364,1.01277866411627,4.376954624194546
2254,SINOS,2000,137,441.11131325018437,414.4633527464067,26.647960503777675,1.2020504153951517,1.0963805978742744,4.7805553215673795
2255,SINOS,2000,138,432.92081064007175,400.04554668208493,32.87526395798679,1.6788239020216977,1.2956943706066248,5.357186871118826
2256,SINOS,2000,139,424.3039424041165,386.9122631222972,37.391679281819336,2.0218321675822,1.4219114485727302,5.681972284971101
2257,SINOS,2000,140,416.93119335926946,381.4341369941985,35.497056365070954,1.841748318610063,1.357110282405252,5.516502480924316
2258,SINOS,2000,141,408.58025180997276,372.67703219816235,35.9032196118104,1.791570788911622,1.3384957186751185,5.3477595542539875
2259,SINOS,2000,142,397.19798367568507,360.80829142544434,36.38969225024073,1.672651229266394,1.2933101829284397,5.247017762573944
2260,SINOS,2000,143,375.37767129533154,337.30175421936536,38.0759170759662,1.7475063661656494,1.3219328145430271,5.4321112450228926
2261,SINOS,2000,144,390.4187745318127,346.4153794901907,44.00339504162204,2.312621865737872,1.5207307012544569,5.670739728856405
2262,SINOS,2000,145,361.9374779075059,321.43117602897956,40.50630187852637,1.94969183660346,1.3963136598212667,5.570047064594847
2263,SINOS,2000,146,349.085339817789,310.9485166355356,38.13682318225341,1.6732654743839506,1.2935476312776235,5.253041554184566
2264,SINOS,2000,147,359.69353850129113,314.60297210796244,45.09056639332867,1.9601167472622942,1.4000416948299412,5.469947411064194
2265,SINOS,2000,148,337.2863337580568,296.2152939417405,41.0710398163163,1.7849456228590856,1.3360185713002217,5.359351736773121
2266,SINOS,2000,149,328.37447740985255,286.69157430488457,41.68290310496796,1.8183055848744523,1.348445618063425,5.433495328798371
2267,SINOS,2000,150,320.4477276211311,279.69179266122234,40.75593495990874,1.694461635777488,1.3017148826749612,5.114636601360771
2268,SINOS,2000,151,313.523039595927,273.01484543195943,40.5081941639676,1.601518885282781,1.2655113137711496,4.862499250632932
2269,SINOS,2000,152,309.0953366059953,267.9330382389661,41.162298367029216,1.652012407182438,1.285306347600617,4.886442242307684
2270,SINOS,2000,153,304.9559352614495,265.22165628893015,39.734278972519334,1.6142914349397333,1.2705476909347926,4.962081217662884
2271,SINOS,2000,154,298.4292713439487,257.47888795842886,40.95038338551987,1.6648327457948695,1.2902839787406761,5.054744434510382
2272,SINOS,2000,155,293.22762220135957,251.55389573664948,41.673726464710086,1.6949048015195525,1.30188509535963,5.201608770830393
2273,SINOS,2000,156,288.3988580535645,246.23715691309837,42.16170114046612,1.6892252672034758,1.2997019916902013,5.370076225218373
2274,SINOS,2000,157,282.84718110442736,241.08648554060295,41.7606955638244,1.6949672311354378,1.3019090717617101,5.432391554795504
2275,SINOS,2000,158,277.1226859172729,234.92976228026697,42.192923637005926,1.7030312568931367,1.305002397274862,5.433332772479966
2276,SINOS,2000,159,271.21821186895977,229.1865281450775,42.03168372388226,1.6666553158591784,1.2909900525794837,5.264902815630132
2277,SINOS,2000,160,263.75330174472344,219.90513667035265,43.848165074370826,1.7755800610733625,1.332508934706767,5.5508290006013965
2278,SINOS,2000,161,258.0712178420558,213.0995649604928,44.971652881562974,1.762387826849365,1.3275495572103382,5.674748389008272
2279,SINOS,2000,162,248.0672353570808,202.74391687735542,45.32331847972539,1.7217309804544536,1.3121474690195662,5.628280426776328
2280,SINOS,2000,163,244.55097421973466,199.46414084505577,45.08683337467889,1.6755774254456162,1.2944409702437636,5.514888797347055
2281,SINOS,2000,164,241.32613987193753,196.75869137386465,44.56744849807288,1.546049764555898,1.2434024949934346,5.309535850013759
2282,SINOS,2000,165,238.70757854543234,194.19926425641108,44.508314289021264,1.4910725521792703,1.221094817030713,5.207940865988878
2283,SINOS,2000,166,233.77078798028984,188.83938269990256,44.93140528038729,1.4174729119932112,1.1905767140311503,5.32455399857335
2284,SINOS,2000,167,228.08494640159972,181.81191670566565,46.273029695934085,1.417761607507682,1.1906979497369103,5.694555904877638
2285,SINOS,2000,168,223.13339305195518,176.8330403317306,46.3003527202246,1.4095305101028042,1.1872365013352664,5.964610857252691
2286,SINOS,2000,169,216.67998008301987,171.34394520687252,45.336034876147366,1.3864733080435425,1.1774860118249995,5.657703893869095
2287,SINOS,2000,170,210.460334621662,167.4397973635443,43.02053725811773,1.3738459906625575,1.1721117654313336,5.118266267201657
2288,SINOS,2000,171,202.22712123988615,161.7310108773771,40.49611036250905,1.4278745746584256,1.1949370588689705,4.814007353675487
2289,SINOS,2000,172,200.55220943471952,162.74393226934907,37.80827716537044,1.613537063916399,1.2702507878038884,4.687011875868389
2290,SINOS,2000,173,197.0895144693605,158.21689007695286,38.872624392407644,1.5150538705395873,1.2308752457254095,4.740604732844542
2291,SINOS,2000,174,190.74755846845017,154.11333998746963,36.634218480980536,1.5187955850369996,1.232394249027883,4.542379298055941
2292,SINOS,2000,175,186.19987049384298,149.92990756059305,36.269962933249936,1.4431100688045113,1.2012951630654771,4.450837377297942
2293,SINOS,2000,176,183.62370616854147,147.64970867819812,35.97399749034334,1.5363951133731968,1.2395140634027502,4.534420193013689
2294,SINOS,2000,177,181.21892910201615,145.1169624398201,36.10196666219606,1.5134465351860265,1.2302221487138112,4.635610461142267
2295,SINOS,2000,178,178.4879169034466,144.57515206992161,33.912764833524975,1.3886225945744328,1.178398317452309,4.594199305015943
2296,SINOS,2000,179,174.4268585572937,141.75180521909883,32.67505333819488,1.319564287266877,1.1487228940292245,4.618881887510351
2297,SINOS,2000,180,169.78235285633028,139.02367815254135,30.75867470378892,1.1778989901759123,1.0853105501080842,4.400385566970748
2298,SINOS,2000,181,164.43091590629163,136.04602135289173,28.384894553399903,1.04074764589288,1.0201704004198906,4.080429147696615
2299,SINOS,2000,182,158.25432031375811,133.4284514123829,24.825868901375188,0.917534431651184,0.9578801760403981,4.3704921571593465
2300,SINOS,2000,183,155.1182562621252,131.01240175405835,24.10585450806683,0.8584896984829906,0.9265471917193374,4.616838226932738
2301,SINOS,2000,184,152.90167015069704,129.1556822624466,23.745987888250447,0.8609321868971896,0.9278643149174289,4.5985632351685375
2302,SINOS,2000,185,150.58055471539168,127.4313979175903,23.14915679780138,0.9053845286311892,0.9515169618200137,4.336538163800495
2303,SINOS,2000,186,148.89928590722855,125.47474348366147,23.424542423567075,0.9669724393169882,0.983347567911259,4.330798304601609
2304,SINOS,2000,187,146.68773237708933,124.06263769261041,22.62509468447893,0.951093305162546,0.9752401269239007,4.231546012553925
2305,SINOS,2000,188,143.72162567443178,121.83775478537684,21.883870889054947,0.9960124406553299,0.9980042287762763,4.064138567254924
2306,SINOS,2000,189,141.7496265591969,120.87357951311353,20.876047046083382,1.0164460826564006,1.008189507313184,3.8477371780014034
2307,SINOS,2000,190,139.27605679285045,118.13791936019058,21.13813743265988,1.0663313061206756,1.0326331904992574,3.77147248156576
2308,SINOS,2000,191,137.02097846630141,116.89529504419568,20.125683422105737,1.029958468451306,1.014868695177512,3.737339674905095
2309,SINOS,2000,192,133.93743553143614,114.62995935544109,19.307476175995042,0.9393949823866319,0.9692239072508643,3.676494140819857
2310,SINOS,2000,193,132.35651965641156,114.41709221447778,17.93942744193378,0.8472224379653058,0.9204468686270304,3.773632727457212
2311,SINOS,2000,194,130.71655230262462,112.84553109332514,17.87102120929949,0.8569642670887736,0.9257236450954321,3.7357132515332445
2312,SINOS,2000,195,128.9144066323377,111.37311767835567,17.541288953982022,0.846311128580729,0.9199516990476886,3.6364778721272177
2313,SINOS,2000,196,126.40514573157857,109.67269134937776,16.73245438220081,0.7883573535025372,0.8878949000318321,3.6692692573284216
2314,SINOS,2000,197,124.53248055470254,108.30589290136234,16.226587653340196,0.7697356966850203,0.8773458250228471,3.6613888565764032
2315,SINOS,2000,198,122.89768902687824,107.58852146909209,15.309167557786152,0.707685132972828,0.8412402349940402,3.7589527619679055
2316,SINOS,2000,199,121.06242374843879,105.84421833123464,15.218205417204143,0.6916301041108317,0.8316430148271743,3.9361895036514385
2317,SINOS,2000,200,119.45726829146243,104.51039826192985,14.946870029532572,0.6821480737868901,0.8259225591948014,3.9760109624188305
2318,SINOS,2000,201,117.55873373094201,103.04527605091893,14.513457680023073,0.6956737771265346,0.8340706067992892,3.9720191391449724
2319,SINOS,2000,202,116.05051116560259,102.61442135689084,13.436089808711738,0.7049286792501325,0.8396003092246527,3.5796190669277586
2320,SINOS,2000,203,114.1272342704709,100.58019000047652,13.547044269994377,0.6855044894656235,0.8279519850001107,3.490821042901805
2321,SINOS,2000,204,112.97445108422923,99.98018516889091,12.994265915338325,0.6902994685787168,0.8308426256390056,3.153378473603807
2322,SINOS,2000,205,110.9909324080458,98.5437920883698,12.447140319675997,0.6518069970740128,0.8073456490710857,3.048471025350474
2323,SINOS,2000,206,110.29250723357993,98.14983302059747,12.142674212982463,0.6318050174804221,0.7948616341731572,3.0961409404708493
2324,SINOS,2000,207,109.03327059304968,96.57494203086326,12.458328562186416,0.616901500532738,0.7854307738640867,3.051834247684325
2325,SINOS,2000,208,107.84956447318112,95.34569273429645,12.503871738884673,0.6238152775804584,0.7898197753794586,3.0807042931864395
2326,SINOS,2000,209,106.99346731322106,94.3454964311391,12.647970882081971,0.6274021650537533,0.7920872206100495,3.10835790042269
2327,SINOS,2000,210,106.59535130298976,93.89149582058515,12.703855482404602,0.6295755998218785,0.7934580012967785,3.11932856626746
2328,SINOS,2000,211,106.00133712900767,93.40508422337895,12.596252905628722,0.6237673286088479,0.7897894204209422,3.1119497725784924
2329,SINOS,2000,212,105.33491283068659,92.92136324270929,12.413549587977307,0.6205365436074922,0.7877414192534834,3.111153857977302
2330,SINOS,2000,213,104.33481805452942,92.42378823878761,11.911029815741815,0.6023784494024279,0.7761304332407201,3.0805687430765007
2331,SINOS,2000,214,103.5449456931908,91.849285293266,11.695660399924785,0.5920597555011015,0.7694541932442122,3.0029955400403283
2332,SINOS,2000,215,102.98261251641817,91.60379483582525,11.378817680592915,0.5767815664982519,0.7594613660340148,2.987997548150985
2333,SINOS,2000,216,102.61785493625251,91.20510185235818,11.412753083894327,0.5685845711552447,0.7540454702173104,2.958422505757976
2334,SINOS,2000,217,102.13499755848972,90.79516479514204,11.339832763347674,0.5570789154677914,0.7463771938288251,2.9266317870593577
2335,SINOS,2000,218,100.70684705674229,89.51562543125628,11.191221625486008,0.5236735937063544,0.7236529511487909,2.8645150336932277
2336,SINOS,2000,219,98.82661414162872,87.92821598510723,10.898398156521498,0.4857830699220714,0.6969813985481043,2.79177157692206
2337,SINOS,2000,220,96.41419142997984,85.73794404525681,10.676247384723021,0.46930162393517477,0.6850559275965538,2.781030618496775
2338,SINOS,2000,221,98.39783310362425,88.57477940802715,9.82305369559709,0.4379499055847293,0.6617778370304715,2.6144699163314367
2339,SINOS,2000,222,95.17285691938444,84.89399058932001,10.278866330064433,0.4537449478144285,0.6736059291710759,2.650365509230112
2340,SINOS,2000,223,93.74751419987805,83.91098516285271,9.836529037025336,0.4632710842679098,0.6806402017717657,2.555593615268685
2341,SINOS,2000,224,94.39972581351151,84.65915644415358,9.740569369357932,0.4981783313287214,0.7058174915151376,2.6547453726152557
2342,SINOS,2000,225,92.53999462384438,82.77954289545963,9.760451728384755,0.4767352094392502,0.6904601432662498,2.595905344442664
2343,SINOS,2000,226,91.77745098901259,81.90596361365436,9.871487375358232,0.48020993868123585,0.6929718166572403,2.6858454311474294
2344,SINOS,2000,227,90.29001535210686,80.5679285380685,9.722086814038363,0.486601062526656,0.6975679626578732,2.7094313345089858
2345,SINOS,2000,228,89.08918957814082,79.2870232174173,9.802166360723517,0.49143121142605867,0.7010215484748373,2.7806907824008484
2346,SINOS,2000,229,87.38800948561685,77.63897481747358,9.74903466814327,0.5020879949310393,0.7085816783766281,2.9003123518864644
2347,SINOS,2000,230,86.14417268871996,76.21699465466003,9.927178034059933,0.48310029535915044,0.695054167212276,2.9521982094371664
2348,SINOS,2000,231,84.8623799663012,74.82215112005979,10.04022884624142,0.48520536243051476,0.6965668398872535,3.105049278730514
2349,SINOS,2000,232,83.64583792271542,73.99226829180145,9.65356963091397,0.45667580769421984,0.6757779277944936,2.9931001720160264
2350,SINOS,2000,233,82.89751093365552,73.25593702596557,9.641573907689963,0.4534504439754308,0.6733872912191251,2.931631088302679
2351,SINOS,2000,234,81.65729492355537,71.7612152550632,9.896079668492163,0.46083158309382194,0.6788457726861249,2.932927737215971
2352,SINOS,2000,235,81.0938461959382,71.15411172374216,9.939734472196038,0.4521679855323169,0.6724343726582669,2.9503662579341037
2353,SINOS,2000,236,79.98914749892721,70.02308550954179,9.966061989385427,0.4571556588440256,0.6761328707022205,2.9298613055547538
2354,SINOS,2000,237,77.68403537593535,66.91200122790642,10.772034148028936,0.5057681635473571,0.7111737927872182,2.899776273593534
2355,SINOS,2000,238,76.01722479146328,64.90665798936428,11.110566802099004,0.5192637701193487,0.7205995907016244,2.848628700132045
2356,SINOS,2000,239,74.3579249961951,62.96438488721861,11.393540108976488,0.5368224134262346,0.7326816589940236,2.869259212045073
2357,SINOS,2000,240,73.30125290532497,62.18268271047109,11.118570194853877,0.47615904595329733,0.6900427855961523,2.972877830064856
2358,SINOS,2000,241,72.66885813293187,61.42556789877951,11.243290234152362,0.48372142349063774,0.6955008436304285,3.0415141599973547
2359,SINOS,2000,242,71.5664560280284,60.76702434844571,10.799431679582693,0.44367537994307027,0.6660896185522412,3.040734212437067
2360,SINOS,2000,243,70.19363950707896,59.256680923670295,10.936958583408662,0.4359179527020816,0.6602408293206969,3.024353826898648
2361,SINOS,2000,244,68.82700339043129,57.905040452616134,10.921962937815156,0.4270695033316833,0.6535055495798665,3.083883538875649
2362,SINOS,2000,245,68.0276415671505,57.112699721708914,10.914941845441582,0.4278406664019826,0.6540953037608377,3.0447372912465136
2363,SINOS,2000,246,67.23239933212207,56.65471066702354,10.577688665098536,0.42158964920496367,0.6492993525369971,3.0378585308339
2364,SINOS,2000,247,66.46629535233996,56.278639457381644,10.187655894958313,0.410286820360407,0.6405363536602797,2.9654969662149377
2365,SINOS,2000,248,64.174639596401,54.97862646094746,9.19601313545354,0.4185907200734352,0.6469858731637308,2.685734062599073
2366,SINOS,2000,249,62.80766370217812,53.84193716184709,8.965726540331023,0.4432547850072028,0.6657738242130001,2.5022905106812923
2367,SINOS,2000,250,61.70916046345444,52.52222290496529,9.186937558489147,0.4765343577088433,0.6903146802066745,2.4802192200327093
2368,SINOS,2000,251,60.46517712894465,51.072183481352994,9.392993647591661,0.5083964590655279,0.7130192557466649,2.429403245903761
2369,SINOS,2000,252,59.417829651702974,49.91845729010537,9.499372361597603,0.5097807137905893,0.7139892952913155,2.443292706886636
2370,SINOS,2000,253,58.3538094779872,48.701428456603416,9.652381021383784,0.48583039625169533,0.6970153486485755,2.4714609412907746
2371,SINOS,2000,254,56.40253646996366,47.04586684235453,9.356669627609127,0.4033439721074579,0.6350936719157717,2.4750282285273393
2372,SINOS,2000,255,55.67980715788104,46.36564398244823,9.314163175432801,0.3359227105132809,0.5795883974971211,2.570906104698994
2373,SINOS,2000,256,54.8675528553743,45.722173736393785,9.145379118980516,0.3326395709130147,0.5767491403660822,2.5597923285140336
2374,SINOS,2000,257,54.27191264397929,45.40462851053171,8.867284133447587,0.3366841812209344,0.5802449320941411,2.5226493695637213
2375,SINOS,2000,258,53.356476730503296,44.561581522595844,8.794895207907452,0.3345824771355843,0.5784310478661949,2.4971672565237797
2376,SINOS,2000,259,52.41193684075975,43.48938761130441,8.922549229455345,0.32822688492210034,0.5729108874180175,2.4970992174470465
2377,SINOS,2000,260,51.07599586185192,41.804712473997014,9.271283387854911,0.32997309446049994,0.5744328459102073,2.526128004986499
2378,SINOS,2000,261,49.49212974384318,39.99036046902651,9.501769274816667,0.3355469820860043,0.5792641729694702,2.4767502138771884
2379,SINOS,2000,262,47.82891077428703,38.02857120511803,9.800339569169006,0.3514193970257774,0.5928063739753288,2.494898988189864
2380,SINOS,2000,263,46.502337804571155,37.099237572169436,9.403100232401723,0.3291505888849099,0.573716470815428,2.4127534545420146
2381,SINOS,2000,264,44.85304930709231,36.04484514161236,8.808204165479948,0.31210087564091693,0.5586598926367606,2.37928276518157
2382,SINOS,2000,265,43.588218881755154,35.32920894704214,8.25900993471301,0.3475215200386535,0.5895095589035461,2.1549079016818493
2383,SINOS,2000,266,42.38678354191748,34.59310754491063,7.7936759970068525,0.35493056790582544,0.5957604954223009,2.1273856592307046
2384,SINOS,2000,267,42.093870095169216,34.35655981393177,7.7373102812374475,0.35040801457316006,0.5919527131225603,2.177144084874706
2385,SINOS,2000,268,41.837322906161354,33.41267764949198,8.42464525666937,0.37115475291761507,0.6092247146313214,2.172006615620072
2386,SINOS,2000,269,41.125907046670875,33.043887976094325,8.082019070576546,0.35902046378726976,0.5991831638049168,2.152143853763084
2387,SINOS,2000,270,39.7027884260599,31.630484455057772,8.072303971002121,0.376493376161898,0.6135905606851347,2.1241342223334434
2388,SINOS,2000,271,38.41790728216664,30.498432950699595,7.919474331467044,0.36438564839649384,0.6036436435484879,2.154835481102768
2389,SINOS,2000,272,35.76791098768651,28.481974208263445,7.285936779423068,0.3119367109967354,0.5585129461317216,2.3243504725668136
2390,SINOS,2000,273,36.439013225065935,29.41854385692021,7.020469368145723,0.30248802015966214,0.5499891091282282,2.532751169961716
2391,SINOS,2000,274,34.54101239109225,27.507163265179674,7.033849125912581,0.3007105728198502,0.5483708351287933,2.4233818497722934
2392,SINOS,2000,275,33.999987756695774,27.39438168702371,6.605606069672062,0.269485827957184,0.5191202442182197,2.553746671522912
2393,SINOS,2000,276,33.737346988054576,27.5394887219201,6.197858266134476,0.2901882281686465,0.5386912178313719,2.491652940849251
2394,SINOS,2000,277,33.158467067772186,26.816748615964723,6.3417184518074645,0.2794977920872982,0.5286755073646766,2.5199610085156845
2395,SINOS,2000,278,32.76272577696932,26.412871089115384,6.349854687853938,0.2939248352610788,0.5421483517092704,2.4710379677438437
2396,SINOS,2000,279,32.338413683532295,26.105953716101954,6.232459967430341,0.29470147186032275,0.5428641375706473,2.4439635464165232
2397,SINOS,2000,280,31.94689341827113,26.026833099470295,5.920060318800838,0.2966412206376178,0.5446477950360378,2.4668707369212743
2398,SINOS,2000,281,31.56301609331766,25.812197767316686,5.750818326000974,0.29068136363850716,0.5391487398098109,2.499829334320018
2399,SINOS,2000,282,31.226053052490073,25.356922219295022,5.869130833195053,0.2944908122101572,0.542670076759496,2.552977432001631
2400,SINOS,2000,283,30.85023310242925,25.07163756221994,5.77859554020931,0.2874238647795269,0.5361192635781025,2.5490582657822562
2401,SINOS,2000,284,30.47638940529744,24.667246822953917,5.809142582343522,0.2863503529583094,0.5351171394735076,2.557271185036253
2402,SINOS,2000,285,29.992338169903032,24.1834267594055,5.808911410497534,0.28050090089760843,0.5296233575831115,2.5674678466452674
2403,SINOS,2000,286,28.844398904756513,23.11832837351026,5.726070531246253,0.27164777166416176,0.5211983995218729,2.6232751219896935
2404,SINOS,2000,287,27.472858967228284,21.88439196728352,5.588466999944762,0.25342214326374707,0.5034105116738695,2.6498392270431212
2405,SINOS,2000,288,26.168131671742522,20.603919600764083,5.56421207097844,0.22984542193364493,0.4794219664696695,2.8134719853782935
2406,SINOS,2000,289,25.407208080254417,19.984382655682122,5.422825424572295,0.21748108620141737,0.4663486744930421,2.821277613686295
2407,SINOS,2000,290,24.83291732738831,19.502011853004852,5.3309054743834565,0.20255524946831313,0.45006138411144886,2.8311559251614344
2408,SINOS,2000,291,24.273600085028058,19.050487480609828,5.22311260441823,0.20103351639005299,0.44836761300305017,2.86251206218236
2409,SINOS,2000,292,23.70011118871664,18.603665720956613,5.096445467760026,0.19633742191219047,0.443099787759135,2.8710539255697474
2410,SINOS,2000,293,22.65572338032037,17.625511318753603,5.030212061566769,0.20066349266492284,0.4479547886393479,2.9258964353794985
2411,SINOS,2000,294,21.694087508330178,16.847170771416767,4.846916736913411,0.17978631533566466,0.42401216413643683,2.907360155616007
2412,SINOS,2000,295,20.937908845939035,16.13584947833424,4.802059367604795,0.17385781395862593,0.4169626049882962,2.8827461834228183
2413,SINOS,2000,296,20.652221532179627,15.758078192509462,4.894143339670166,0.18013778697153365,0.4244264211515745,2.8593252222422607
2414,SINOS,2000,297,20.324660156624535,15.32001834677566,5.004641809848875,0.17550759355764836,0.4189362643143326,2.8671618579947347
2415,SINOS,2000,298,19.974017714561004,15.140619750872059,4.833397963688944,0.16890036709710238,0.4109748983783588,2.8570719600652454
2416,SINOS,2000,299,19.722325799695714,14.918320375467037,4.804005424228678,0.16893289153593022,0.41101446633413063,2.8372356951441313
2417,SINOS,2000,300,19.013218290805952,14.271922959621184,4.741295331184768,0.16773736243913717,0.4095575203059238,2.7830622330020622
2418,SINOS,2000,301,17.235691745438885,12.930113962160757,4.305577783278126,0.14495204977029927,0.38072568835094284,2.552906219466138
2419,SINOS,2000,302,17.043238901029966,12.748682040680768,4.294556860349198,0.1587334868556464,0.39841371318724256,2.297699456584742
2420,SINOS,2000,303,15.939398869350164,11.756521245473657,4.182877623876506,0.14643848862016084,0.3826728218990223,2.333612652238796
2421,SINOS,2000,304,15.558996963450685,11.68554659779098,3.8734503656597052,0.12413261313289646,0.35232458491126684,2.345273288170278
2422,SINOS,2000,305,14.910824438602365,11.241255733588407,3.6695687050139574,0.11370303115429058,0.3371988006418329,2.267349882000003
2423,SINOS,2000,306,13.383597499831907,10.31854739584275,3.065050103989159,0.09267117508181193,0.30441940654598865,1.9523652769725999
2424,SINOS,2000,307,13.038185726256204,10.033537565084497,3.0046481611717066,0.09499869677916023,0.30821858603783164,1.8563600694652154
2425,SINOS,2000,308,12.590765978054051,9.6565314376048,2.9342345404492516,0.09373724350019738,0.3061653858622777,1.7828492723837392
2426,SINOS,2000,309,12.165708993697296,9.35698238519587,2.808726608501425,0.0853000584693055,0.29206173742773206,1.7817405323929432
2427,SINOS,2000,310,11.61039828072114,8.963802770614896,2.6465955101062444,0.0747981487674869,0.27349250221438776,1.6849785502528687
2428,SINOS,2000,311,11.175592277448812,8.737033169623585,2.4385591078252276,0.06709762631436786,0.25903209514337766,1.5547123187982583
2429,SINOS,2000,312,10.901130251541405,8.58694875431323,2.3141814972281747,0.06455164705523612,0.25407016167829727,1.472335403837704
2430,SINOS,2000,313,10.431811468038031,8.201946276267899,2.2298651917701315,0.0634614466525108,0.2519155546061235,1.4177037648697217
2431,SINOS,2000,314,10.035589572192627,7.933493369543108,2.1020962026495202,0.062222047454548186,0.24944347546999138,1.3677999863869577
2432,SINOS,2000,315,9.425043199753748,7.623575187513995,1.801468012239754,0.05788544661253628,0.24059394550265864,1.1478573319728125
2433,SINOS,2000,316,9.293362918885835,7.800833521708346,1.49252939717749,0.04693445828597778,0.21664362045991056,1.0827379010073672
2434,SINOS,2000,317,8.737821853492404,7.1512589895822885,1.5865628639101153,0.049072674342676134,0.2215235299977773,1.0523771164096773
2435,SINOS,2000,318,8.118778969755216,6.816427440424654,1.3023515293305605,0.04343337996772855,0.20840676564768368,0.9305180810046307
2436,SINOS,2000,319,7.1062056931992625,5.887706527317862,1.2184991658814002,0.04725238144133973,0.21737612895932187,0.8292195730262085
2437,SINOS,2000,320,7.043369221942857,5.784502451770411,1.2588667701724465,0.046677978079454896,0.2160508691939352,0.9289338422959302
2438,SINOS,2000,321,6.803069778604813,5.605427062777281,1.197642715827532,0.04856295550484598,0.22037004221274267,0.876582248010508
2439,SINOS,2000,322,6.729203431126247,5.543638681888458,1.1855647492377885,0.050114220931905026,0.22386205782111676,0.9299647908169947
2440,SINOS,2000,323,6.603991503253457,5.409196521639932,1.194794981613526,0.05104006191650963,0.22592047697477452,0.9232631396991545
2441,SINOS,2000,324,6.492071676603236,5.300486048321827,1.1915856282814088,0.05117709685649006,0.22622355504343497,0.9387539323511261
2442,SINOS,2000,325,6.333174367390397,5.130587282178332,1.2025870852120655,0.05254028389291282,0.22921667455251335,0.9653874642101491
2443,SINOS,2000,326,6.046947029374657,4.8768192731874755,1.1701277561871812,0.05247186195228792,0.22906737426418436,1.0164886819339563
2444,SINOS,2000,327,5.607937004642782,4.446790484684974,1.161146519957808,0.052982110509194096,0.2301784318940289,1.0293257086604193
2445,SINOS,2000,328,5.133055299609957,4.036138998997054,1.096916300612903,0.04946784146170929,0.2224136719307275,0.9886421124306656
2446,SINOS,2000,329,4.713077092643555,3.699236391001835,1.0138407016417204,0.0420183541994671,0.2049837900895266,0.8836238364810581
2447,SINOS,2000,330,4.459652002566269,3.49478737573612,0.9648646268301495,0.03626228302938562,0.1904265817300348,0.8995634332197193
2448,SINOS,2000,331,4.1554841527912485,3.2163526425522813,0.939131510238967,0.03261913957366294,0.18060769522272008,0.9520666415036922
2449,SINOS,2000,332,4.056606456136027,3.1497042776899553,0.9069021784460713,0.03248290955670395,0.18023015717882496,0.8944020360679348
2450,SINOS,2000,333,3.843770447089943,2.9664867356784734,0.8772837114114695,0.03153257904678452,0.17757415084066858,0.8649680605380032
2451,SINOS,2000,334,3.4285467145357433,2.7129987195004435,0.7155479950353001,0.026671102843022192,0.16331289858128842,0.6693475087252239
2452,SINOS,2000,335,3.1134171614065966,2.4528751602095857,0.6605420011970111,0.022030520598517636,0.14842681900019833,0.6233446918699832
2453,SINOS,2000,336,2.669629174394044,2.1164062816766305,0.5532228927174137,0.016126546377285528,0.12699033970064624,0.5548262868010905
2454,SINOS,2000,337,2.5336450384001212,1.9872746702568544,0.5463703681432669,0.015031941581091394,0.12260481875151316,0.5920826624244315
2455,SINOS,2000,338,2.4153093170743087,1.867718804188027,0.5475905128862815,0.014992272768745823,0.12244293678585884,0.5585398581968526
2456,SINOS,2000,339,2.349612275965162,1.8169856724334652,0.5326266035316966,0.014744108559529302,0.1214253209159,0.5699441792427293
2457,SINOS,2000,340,2.1947240247327557,1.7028478075989677,0.49187621713378815,0.01495487930746768,0.12229014395063766,0.6077264737925636
2458,SINOS,2000,341,2.053103204928958,1.6108100679970963,0.4422931369318615,0.013852153713148567,0.11769517285406639,0.5788538265237619
2459,SINOS,2000,342,1.8649560918511854,1.482056462951594,0.3828996288995914,0.013053524992090636,0.11425202401747916,0.49035662716679895
2460,SINOS,2000,343,1.7686390493414912,1.4111516118637788,0.3574874374777123,0.013106767016752017,0.11448478945585748,0.45519814958207827
2461,SINOS,2000,344,1.6884695745609533,1.3243133799131266,0.36415619464782667,0.014685718190150373,0.12118464502630015,0.47373672883681883
2462,SINOS,2000,345,1.6395887620232579,1.2716464542439307,0.3679423077793271,0.014636035878337379,0.12097948536151648,0.4640466495429063
2463,SINOS,2000,346,1.5601612199084711,1.1609386814266136,0.39922253848185757,0.015686232742625553,0.1252446914748308,0.4451494720712723
2464,SINOS,2000,347,1.5072170622142957,1.1038630203358222,0.40335404187847346,0.017688633020357367,0.13299862037012777,0.4496128382308834
2465,SINOS,2000,348,1.4529620529341938,1.0520877812645486,0.40087427166964507,0.01764849792199845,0.13284764929045018,0.4527180112378786
2466,SINOS,2000,349,1.4137081907075006,1.0272355315597392,0.3864726591477614,0.016500046552997607,0.1284525069938209,0.4692046957871856
2467,SINOS,2000,350,1.3671524543884792,0.9860524080149182,0.381100046373561,0.01587313112075447,0.12598861504419545,0.5067111793875596
2468,SINOS,2000,351,1.3084210251384554,0.9398044095040465,0.36861661563440873,0.014394917119748652,0.11997881946305627,0.5074712988674008
2469,SINOS,2000,352,1.23713372389563,0.87841232812757,0.35872139576806,0.013691920245869774,0.11701247901770893,0.5149221768389278
2470,SINOS,2000,353,1.162950539676011,0.8196640522967715,0.3432864873792394,0.013188050394701695,0.11483923717398029,0.5179140578083268
2471,SINOS,2000,354,1.12875211787399,0.814987026291264,0.3137650915827261,0.012208787738640708,0.11049338323465667,0.5036845313608302
2472,SINOS,2000,355,1.0996025671986807,0.7926784027047237,0.306924164493957,0.012178217328488495,0.11035496059755762,0.5014120929832313
2473,SINOS,2000,356,1.0771794228528637,0.7725889761093769,0.3045904467434868,0.011916655456179029,0.10916343461149905,0.4882356125040759
2474,SINOS,2000,357,1.0619048873666719,0.7682589131221367,0.2936459742445352,0.011478443956178789,0.10713750023301266,0.4869723991470858
2475,SINOS,2000,358,1.0309703575441427,0.7599463610162029,0.2710239965279397,0.010693734277515445,0.10341051338000139,0.4733005870774025
2476,SINOS,2000,359,1.0185511733407224,0.7627417091477504,0.25580946419297207,0.01002404508180509,0.100120153225038,0.4567138755273803
2477,SINOS,2000,360,1.000257514074669,0.7473974525403461,0.25286006153432306,0.009700499597284714,0.0984911143062394,0.4478474238869208
2478,SINOS,2000,361,0.9899395921697414,0.7417683530910346,0.24817123907870678,0.009326677847525422,0.09657472675356334,0.4400370895464085
2479,SINOS,2000,362,0.9771773479692138,0.729295365167486,0.24788198280172785,0.009265428942802316,0.09625709814243476,0.43549645822173044
2480,SINOS,2000,363,0.9625656154970565,0.723385611993715,0.23918000350334154,0.008983773380598171,0.09478276942882695,0.42241160739136996
2481,SINOS,2000,364,0.9450686748841466,0.7159151870740385,0.22915348781010808,0.008607009421908307,0.09277396952760136,0.4001247726379735
2482,SINOS,2000,365,0.9302710555522675,0.7088371424685121,0.2214339130837554,0.008031597112315367,0.08961917826177256,0.3743401201418721
2483,SINOS,2000,366,0.9113196112850181,0.6984590047880227,0.2128606064969954,0.007338569203695177,0.0856654492995582,0.3871418395680817
2484,SINOS,2000,367,0.8948673631588923,0.6768140054566966,0.2180533577021957,0.007052157545408845,0.08397712513184079,0.44318702349569916
2485,SINOS,2000,368,0.8708869682836775,0.6641537756373999,0.20673319264627762,0.006610415828334798,0.08130446376635662,0.4437436424630601
2486,SINOS,2000,369,0.8311241706694055,0.6383199780468085,0.1928041926225969,0.006519541713841917,0.08074367909528224,0.4290570240741305
2487,SINOS,2000,370,0.8051230314012998,0.6185641817641001,0.18655884963719965,0.006305302087829115,0.07940593232138966,0.40910558239626615
2488,SINOS,2000,371,0.7707930430225505,0.5985660777839865,0.172226965238564,0.006072960590280423,0.07792920242297122,0.36360299704422405
2489,SINOS,2000,372,0.7556673458373626,0.585606393399609,0.17006095243775368,0.006028837665143152,0.07764559012038708,0.36018900101076934
2490,SINOS,2000,373,0.7378306473764219,0.569889827478558,0.1679408198978639,0.005908007808073769,0.07686356619409335,0.35518448737261643
2491,SINOS,2000,374,0.725564478392883,0.5513178628287152,0.17424661556416782,0.006345431372949646,0.07965821597895377,0.3401387738965067
2492,SINOS,2000,375,0.7182398093204367,0.5457726915792297,0.172467117741207,0.006106863025532234,0.0781464204268643,0.3471043121363555
2493,SINOS,2000,376,0.7112615552016304,0.53799175539004,0.1732697998115904,0.006211002429796897,0.07880991327109108,0.3407557391617111
2494,SINOS,2000,377,0.699080299908323,0.5294406273864001,0.16963967252192289,0.0062432018541536335,0.07901393455684658,0.32639802668535745
2495,SINOS,2000,378,0.6896574393366027,0.5229786560613326,0.1666787832752701,0.006317303636908434,0.07948146725437594,0.32312570193098883
2496,SINOS,2000,379,0.6754980579570364,0.5133550983120598,0.16214295964497658,0.006373900214142795,0.07983670969010931,0.3186361806728293
2497,SINOS,2000,380,0.6530137690289104,0.49414553987842313,0.15886822915048732,0.00659292825545445,0.08119684880249017,0.3083862834897406
2498,SINOS,2000,381,0.6230933530695562,0.4823633521485045,0.14073000092105162,0.005882457337349823,0.07669717946150187,0.2849213339717025
2499,SINOS,2000,382,0.5889448669447997,0.46041416969545446,0.12853069724934532,0.00540013257976235,0.07348559436898058,0.2656292500958104
2500,SINOS,2000,383,0.5522284172565,0.44027299766611966,0.11195541959038033,0.004315075182081284,0.06568923185790258,0.2668247762105924
2501,SINOS,2000,384,0.5207207377149465,0.4265714298074236,0.09414930790752299,0.00343202578185207,0.058583494107573256,0.24898752971239846
2502,SINOS,2000,385,0.510174361092219,0.41725417551979554,0.09292018557242349,0.003362850284085208,0.057990087808911,0.2580758483344239
2503,SINOS,2000,386,0.4962332842209256,0.4135994486515043,0.0826338355694213,0.0030440530621943327,0.055172937770199736,0.24089357984220316
2504,SINOS,2000,387,0.4867273161282866,0.406492189466523,0.08023512666176365,0.003068678422271731,0.05539565346010218,0.24384440279067254
2505,SINOS,2000,388,0.47821370537192354,0.39988107934041306,0.07833262603151045,0.003153527211778078,0.05615627491009422,0.24771553220260278
2506,SINOS,2000,389,0.4704644542037739,0.3952293638621241,0.0752350903416498,0.0031351734411364266,0.05599261952379462,0.246290543099007
2507,SINOS,2000,390,0.4648380168702457,0.38918294982361934,0.07565506704662633,0.003216364245906196,0.05671299891476553,0.24461845258269888
2508,SINOS,2000,391,0.4590091082327008,0.3838107598151013,0.0751983484175995,0.003141464913897992,0.056048772635071964,0.2334890561431886
2509,SINOS,2000,392,0.4527390100426658,0.3737025274982456,0.07903648254442022,0.003261827976797588,0.05711241525971028,0.22914006828286904
2510,SINOS,2000,393,0.4446775206488468,0.3629967115660859,0.08168080908276093,0.00325581789654847,0.057059774767768495,0.2239239432191642
2511,SINOS,2000,394,0.4344028918266183,0.3497547361928127,0.08464815563380557,0.0032613807218197554,0.05710849955846989,0.22148145472888903
2512,SINOS,2000,395,0.4239494296497768,0.3407313921845626,0.0832180374652142,0.0031309150826937518,0.05595458053362345,0.2203503591816398
2513,SINOS,2000,396,0.4120570114639387,0.3308836539986693,0.08117335746526935,0.0029250595978316373,0.05408382011130165,0.2112940561211527
2514,SINOS,2000,397,0.3982396306300449,0.31784027387663166,0.08039935675341324,0.00300247775415708,0.05479486977954305,0.2005194889158024
2515,SINOS,2000,398,0.37736969975588236,0.3026433160117829,0.07472638374409944,0.0024966951368265403,0.04996694043891962,0.19064102114020232
2516,SINOS,2000,399,0.36213125439658533,0.29191683649491174,0.07021441790167361,0.0022354384854555423,0.047280423913661586,0.2077740816707867
2517,SINOS,2000,400,0.35462665383570535,0.2856994178573736,0.06892723597833172,0.002258317262720616,0.04752175567801147,0.21442237217947246
2518,SINOS,2000,401,0.3490170325321238,0.27762027169396974,0.07139676083815402,0.002456926413181273,0.049567392640538124,0.22681658550279193
2519,SINOS,2000,402,0.3439802642403163,0.2740232678006119,0.06995699643970439,0.0025052164975396074,0.05005213779190263,0.2272444481978717
2520,SINOS,2000,403,0.34007187467675726,0.26853454498998575,0.07153732968677153,0.0024965800182532544,0.04996578847825034,0.22565398696584227
2521,SINOS,2000,404,0.33570878036162227,0.26515389472735545,0.07055488563426682,0.0023240342608197126,0.048208238516043216,0.2221959939901217
2522,SINOS,2000,405,0.3327014349667998,0.26158313473720757,0.07111830022959223,0.002260334099289529,0.04754297108184899,0.2218305664039657
2523,SINOS,2000,406,0.32954649927599056,0.25983835957346624,0.06970813970252432,0.002120036803319287,0.04604385738965934,0.21704867694452123
2524,SINOS,2000,407,0.3238284012591546,0.2564980536288467,0.06733034763030786,0.002028600356729884,0.04503998619815379,0.21096791080914645
2525,SINOS,2000,408,0.31393911109639144,0.2531318782599765,0.060807232836414926,0.0019013907834371832,0.043604939897185765,0.20340668825947672
2526,SINOS,2000,409,0.30238001278436016,0.2489716170431768,0.053408395741183376,0.001636697852736947,0.04045612256181933,0.20728869865201283
2527,SINOS,2000,410,0.2924921138456428,0.2441330862734775,0.04835902757216531,0.0017757064309194203,0.042139131824462404,0.19587992489307915
2528,SINOS,2000,411,0.28718086572441714,0.23744451314088397,0.049736352583533205,0.0019056428775883426,0.04365366969211572,0.20223526762930222
2529,SINOS,2000,412,0.28478026115409966,0.235450870810871,0.04932939034322869,0.001979596693120151,0.044492658867729525,0.20217819489524658
2530,SINOS,2000,413,0.28282428098401824,0.23204808123912649,0.05077619974489174,0.001924630116408014,0.04387060651971903,0.21291920567036637
2531,SINOS,2000,414,0.2807796023680705,0.23064257009901595,0.05013703226905454,0.001721595508107175,0.04149211380620629,0.21952033158071949
2532,SINOS,2000,415,0.27670022547110595,0.22843090880175024,0.0482693166693557,0.0015021140451614468,0.03875711605836336,0.22536684348714964
2533,SINOS,2000,416,0.2697919751917846,0.2226925641741468,0.047099411017637816,0.001419460384599921,0.03767572672955256,0.23418853824878294
2534,SINOS,2000,417,0.25924448631637054,0.21421326775950603,0.045031218556864525,0.001419100052821988,0.03767094441107082,0.23754800387074892
2535,SINOS,2000,418,0.24791341622575708,0.2090883203643841,0.03882509586137296,0.001433539946963027,0.037862117571036975,0.19785508978333066
2536,SINOS,2000,419,0.23628134802416834,0.20241994215712017,0.03386140586704817,0.0014633530399457988,0.03825379771925656,0.15475421541085943
2537,SINOS,2000,420,0.2315455234812005,0.19853737541449248,0.033008148066708,0.001557029213721939,0.03945920949185296,0.14560906055256506
2538,SINOS,2000,421,0.22853266166014424,0.19484508824676522,0.03368757341337903,0.0017610593693879522,0.041964977890950356,0.13175073024108563
2539,SINOS,2000,422,0.22578855679480841,0.1926594171528244,0.03312913964198404,0.0018047935153340815,0.04248286143062966,0.13015248375417388
2540,SINOS,2000,423,0.2206763609716419,0.1889405144135616,0.031735846558080295,0.0017353286551705413,0.041657276137195304,0.13234344760657457
2541,SINOS,2000,424,0.21664102509507963,0.18614057095266856,0.030500454142411065,0.001636519919813468,0.0404539234168142,0.12784647449489972
2542,SINOS,2000,425,0.209017693295097,0.18040910934281879,0.02860858395227822,0.0014722886719417594,0.03837041401837827,0.12943883115815913
2543,SINOS,2000,426,0.20470463855020887,0.1778573155163662,0.026847323033842685,0.0012553331629618634,0.03543068109649973,0.13233080082341475
2544,SINOS,2000,427,0.19654261705230688,0.16931246174906595,0.027230155303240938,0.0013550017916691625,0.03681034897510702,0.15328701395367172
2545,SINOS,2000,428,0.1923947006501004,0.16448424570890535,0.027910454941195047,0.0014909250560182536,0.0386124987020816,0.1576889930336458
2546,SINOS,2000,429,0.1882391729638514,0.1592775398755825,0.028961633088268914,0.0016333783045407095,0.04041507521384452,0.16060601324950552
2547,SINOS,2000,430,0.18368841141785308,0.1538779116408487,0.029810499777004354,0.0016412691804485156,0.040512580520728564,0.16651743172012434
2548,SINOS,2000,431,0.17833998368679477,0.1479078903797112,0.030432093307083588,0.0014876115041313836,0.03856956707212804,0.16819549538908252
2549,SINOS,2000,432,0.17554147385294233,0.1449242480921119,0.030617225760830438,0.0013419259982301683,0.03663230812043063,0.16752614020812207
2550,SINOS,2000,433,0.17328841410012244,0.14299632780147103,0.030292086298651398,0.0012534198412017174,0.03540366988324399,0.16193502056319442
2551,SINOS,2000,434,0.17146126744027554,0.14183610228783514,0.029625165152440396,0.0012122600023384594,0.03481752435683013,0.15517541885316222
2552,SINOS,2000,435,0.16983079118657934,0.14096159770876815,0.028869193477811188,0.0012031910485654144,0.03468704439074356,0.15027446994933502
2553,SINOS,2000,436,0.1671903549371859,0.13922369493570477,0.027966660001481132,0.001195226616993225,0.03457204964987215,0.14468888156390358
2554,SINOS,2000,437,0.16117261057977988,0.13493195158697188,0.02624065899280801,0.0011989473581394108,0.03462581924141884,0.13436859336416784
2555,SINOS,2000,438,0.15189491670299535,0.12745760970665998,0.024437306996335367,0.0011196036310766931,0.033460478643867204,0.1308181792970684
2556,SINOS,2000,439,0.1444327556573155,0.11973121785808491,0.024701537799230594,0.0012031311816077274,0.03468618142153626,0.12050025628781569
2557,SINOS,2000,440,0.13920679983813042,0.11545359578402642,0.023753204054103996,0.001105951016654307,0.03325584184251403,0.13377976151821436
2558,SINOS,2000,441,0.1333299595633421,0.10887024555678786,0.024459714006554233,0.0010710119176348452,0.03272631842469979,0.14751255476815128
2559,SINOS,2000,442,0.13123666601354728,0.10641300165811501,0.02482366435543227,0.001082204705651296,0.032896879877144826,0.15245625490595227
2560,SINOS,2000,443,0.1289505063561884,0.10415802537483788,0.024792480981350513,0.0010028011996878088,0.03166703648413929,0.1600120770371234
2561,SINOS,2000,444,0.1272539053149983,0.1020416288304239,0.025212276484574386,0.0009687424200068759,0.031124627226793832,0.1594599384225983
2562,SINOS,2000,445,0.12527688345674784,0.1008146148844912,0.024462268572256633,0.0009349234709224783,0.030576518293005145,0.1558095769837582
2563,SINOS,2000,446,0.12333911092200606,0.09973457496052812,0.023604535961477935,0.000887281633426932,0.029787273010917464,0.1481689029059421
2564,SINOS,2000,447,0.12105146958513494,0.09816804837798572,0.022883421207149215,0.0008337790422635591,0.028875232332633432,0.1391876333674844
2565,SINOS,2000,448,0.1190913493112604,0.09673274592007254,0.022358603391187865,0.0008107175159562444,0.028473101621640105,0.12997604164894838
2566,SINOS,2000,449,0.11728089748830273,0.09638205796579108,0.020898839522511647,0.0007314958280586805,0.0270461795464476,0.12760626779510442
2567,SINOS,2000,450,0.11644127410877403,0.09577969037009942,0.020661583738674598,0.0006999261519064483,0.02645611747604792,0.11901846657186255
2568,SINOS,2000,451,0.11488981665882833,0.09474080338952695,0.020149013269301384,0.0007086230416422814,0.026619974486131303,0.12123839536749692
2569,SINOS,2000,452,0.11412074952134377,0.09411314344262667,0.020007606078717096,0.0007203672704519214,0.02683965853828847,0.11970761175950306
2570,SINOS,2000,453,0.11277138241856105,0.09310110298797135,0.0196702794305897,0.0007605901663556388,0.027578799218886212,0.11034718222074424
2571,SINOS,2000,454,0.11187114957941657,0.09275246414755897,0.019118685431857598,0.0007176685450142765,0.026789336404888356,0.11308744085598388
2572,SINOS,2000,455,0.11049039355303893,0.09165928300662139,0.018831110546417534,0.0007198436640866899,0.026829902424099307,0.10517322166260845
2573,SINOS,2000,456,0.10960191761802446,0.09103932010736293,0.01856259751066152,0.0007014136235549236,0.026484214610875734,0.10620914046462718
2574,SINOS,2000,457,0.10891813606576636,0.0903785087548173,0.018539627310949068,0.0006947013139995317,0.02635718714126247,0.10999604806717059
2575,SINOS,2000,458,0.10782408072558841,0.08916724534929237,0.018656835376296046,0.0006939516992658007,0.026342962993289133,0.11396599022461099
2576,SINOS,2000,459,0.10657996560031081,0.08763366087411162,0.018946304726199195,0.000700520900632231,0.02646735537661878,0.11565794808861077
2577,SINOS,2000,460,0.10528160469213389,0.08598985409790584,0.019291750594228052,0.0007110103443328454,0.02666477722263671,0.11459384479923954
2578,SINOS,2000,461,0.10407215844742748,0.08452026780269722,0.01955189064473025,0.0007236478910133385,0.02690070428470858,0.11351754295323147
2579,SINOS,2000,462,0.1025694557795609,0.08291592092383031,0.019653534855730598,0.0007372917511879415,0.027153116785885584,0.11927154006467655
2580,SINOS,2000,463,0.10051715063372256,0.08084325722830768,0.019673893405414877,0.0007366999573380563,0.027142217251692174,0.12318311047384423
2581,SINOS,2000,464,0.09871415304379193,0.07932653749865166,0.01938761554514026,0.000717272233292911,0.026781938564878215,0.1245310041708193
2582,SINOS,2000,465,0.09690262286224655,0.07836787408598234,0.018534748776264216,0.0006714403169696501,0.025912165424171907,0.12102450387253472
2583,SINOS,2000,466,0.09398162959479239,0.07764157414294001,0.01634005545185238,0.0005636638060369173,0.023741604959162246,0.11048454341741809
2584,SINOS,2000,467,0.09188760357493399,0.07688866141903605,0.014998942155897935,0.0005017775771054797,0.022400392342668458,0.10559748970620808
2585,SINOS,2000,468,0.08692661907017167,0.07324444674956058,0.01368217232061109,0.0004652674877585093,0.02157005998504662,0.10219725199355667
2586,SINOS,2000,469,0.08113227634624937,0.06718558177903178,0.01394669456721759,0.0004760318141494601,0.021818153316664087,0.10902841766032789
2587,SINOS,2000,470,0.07793196480572205,0.06296326792397935,0.014968696881742698,0.0005101504424092155,0.022586510186596236,0.11703203859155076
2588,SINOS,2000,471,0.07541307802046013,0.059578977152925885,0.01583410086753425,0.0005094562844687324,0.02257113830688945,0.12763129052377276
2589,SINOS,2000,472,0.07419339619407637,0.059001949086868365,0.015191447107208014,0.0004782118840353699,0.021868056247306707,0.12886653312533924
2590,SINOS,2000,473,0.07366504660581583,0.05859131911578776,0.015073727490028065,0.00047301157735492024,0.021748829332976068,0.12993580090579882
2591,SINOS,2000,474,0.07295540969361856,0.058181352292746236,0.014774057400872329,0.0004652900755735896,0.021570583570538596,0.1300001210547811
2592,SINOS,2000,475,0.07245692480907354,0.0575682883979407,0.01488863641113284,0.00047031724156978457,0.021686798785661855,0.130344477001756
2593,SINOS,2000,476,0.07199710423243874,0.057459960278563885,0.014537143953874853,0.0004612233912264732,0.021476112106861272,0.12840225106844516
2594,SINOS,2000,477,0.07162696280742932,0.05721801349422616,0.014408949313203162,0.00045979035133519516,0.021442722572826315,0.12782729057691566
2595,SINOS,2000,478,0.07122049640514086,0.05703111432008697,0.014189382085053883,0.0004543255230111306,0.021314913159830855,0.12707744573469137
2596,SINOS,2000,479,0.07068224752855722,0.056379490573322165,0.014302756955235049,0.0004602065363960848,0.02145242495374555,0.12837238652956484
2597,SINOS,2000,480,0.07008142682034595,0.055692450515047974,0.01438897630529797,0.00046529066970435814,0.02157059734231665,0.12840394531146015
2598,SINOS,2000,481,0.06933754677565782,0.05477948107507159,0.01455806570058623,0.000473399777665536,0.02175775212804705,0.12887274749842448
2599,SINOS,2000,482,0.0686737795436109,0.05407821085194849,0.014595568691662397,0.00047643627072183807,0.021827420157266367,0.1268717400265097
2600,SINOS,2000,483,0.06800309985218084,0.05370216082679879,0.014300939025382053,0.0004678567020636517,0.02162999542449447,0.12302594248351106
2601,SINOS,2000,484,0.06738417126998758,0.05302868846659388,0.014355482803393695,0.0004832083482715725,0.02198200055207834,0.11894388339158268
2602,SINOS,2000,485,0.06663396433201135,0.05273661393168135,0.013897350400330001,0.00047545302757951433,0.021804885406245873,0.11439469945073955
2603,SINOS,2000,486,0.06516620748537251,0.05159298249941547,0.013573224985957043,0.0004753894074783104,0.021803426507737502,0.11221798417025075
2604,SINOS,2000,487,0.06364826351400509,0.050966750283824316,0.012681513230180772,0.0004227230337344179,0.02056022941833135,0.11148477580358829
2605,SINOS,2000,488,0.062495777135187676,0.050179644492136605,0.01231613264305107,0.00040803939361222345,0.020199984990395995,0.11523518039686909
2606,SINOS,2000,489,0.060681530130791576,0.04862247484191871,0.012059055288872871,0.0004069119229965753,0.020172057976234732,0.12076303350387374
2607,SINOS,2000,490,0.06370500615171185,0.05054550266561553,0.013159503486096324,0.0005364878244986268,0.023162206814088912,0.12112661491238474
2608,SINOS,2000,491,0.05969505826594103,0.04773009766005061,0.011964960605890414,0.00042026628633091463,0.02050039722373483,0.12097927727238178
2609,SINOS,2000,492,0.057615791612832784,0.045743846471783894,0.01187194514104889,0.00042844494195970424,0.02069891161292555,0.12436789994750008
2610,SINOS,2000,493,0.05826450246635942,0.046552946279291026,0.01171155618706839,0.0004098764352406066,0.020245405287141242,0.11730186300669743
2611,SINOS,2000,494,0.056978363126359406,0.04527678670613559,0.011701576420223818,0.0004148567388409804,0.020368032277099827,0.12143839032682491
2612,SINOS,2000,495,0.055620678160417825,0.04398066740153482,0.011640010758883,0.0004178531356767943,0.020441456300293145,0.1225424276114605
2613,SINOS,2000,496,0.054844073771214,0.04321614025386323,0.011627933517350773,0.00040900698998254495,0.02022392123161443,0.12168306578428723
2614,SINOS,2000,497,0.053662441359501635,0.041904747928036154,0.011757693431465481,0.00039875119392993415,0.019968755442689317,0.12042264710140282
2615,SINOS,2000,498,0.05318792828867147,0.041486465595030594,0.011701462693640873,0.0003903982262589083,0.01975849757089107,0.11942436027133685
2616,SINOS,2000,499,0.052785081156084164,0.04108440281197849,0.011700678344105675,0.00039695002422675144,0.019923604699620786,0.12094950784668967
2617,SINOS,2000,500,0.05257770272827763,0.04095712112259515,0.01162058160568248,0.0003996598652461329,0.0199914948227023,0.12187492675299605
2618,SINOS,2000,501,0.0523998491763005,0.04086493805470498,0.011534911121595517,0.0004021511259059007,0.020053706039181402,0.12137141406357566
2619,SINOS,2000,502,0.05221720521187543,0.040849645405508735,0.011367559806366695,0.00040164022122688976,0.02004096358029947,0.12119263330720187
2620,SINOS,2000,503,0.05205593293837456,0.040731988824826926,0.011323944113547629,0.0003967699492851142,0.019919085051405203,0.12029466744780637
2621,SINOS,2000,504,0.05738334311439898,0.04608617427054841,0.011297168843850573,0.0004690162837683879,0.02165678378172502,0.11071944596796557
2622,SINOS,2000,505,0.05199173467184855,0.04074851340091597,0.011243221270932576,0.0003967658962242472,0.019918983313016937,0.11936062946733339
2623,SINOS,2000,506,0.051778111746816256,0.04063965643105844,0.011138455315757814,0.00038635779585794697,0.019655986260117983,0.11711825922138852
2624,SINOS,2000,507,0.051674107393477726,0.040628705714921845,0.011045401678555883,0.00038001930470238935,0.01949408383849801,0.11681109143989443
2625,SINOS,2000,508,0.05124117319707105,0.04060084994568114,0.010640323251389909,0.0003576194237518173,0.018910828214327824,0.11534571479526357
2626,SINOS,2000,509,0.05085821212466615,0.040461427778725544,0.010396784345940609,0.0003472368903527138,0.018634293395584225,0.11034876704203678
2627,SINOS,2000,510,0.050414944226033404,0.04041114116501844,0.010003803061014966,0.0003285217201816426,0.018125168142161953,0.10865361883073532
2628,SINOS,2000,511,0.04995170348562401,0.04001206104041155,0.00993964244521246,0.0003277930039280637,0.018105054651341535,0.10645927184823589
2629,SINOS,2000,512,0.04889017987043527,0.03883104276550102,0.010059137104934248,0.00034127910310515115,0.018473740907167427,0.10300053005367282
2630,SINOS,2000,513,0.04781777634229962,0.03768991742664631,0.010127858915653305,0.00034732803174190586,0.018636738763579477,0.10034894973059949
2631,SINOS,2000,514,0.046693198312653464,0.03691434622375091,0.009778852088902558,0.00032839135649912436,0.01812157157917393,0.09453565984091006
2632,SINOS,2000,515,0.045085365492233825,0.03577707499296938,0.00930829049926445,0.0003019315109082663,0.01737617653306579,0.09501196867915962
2633,SINOS,2000,516,0.04403402935492083,0.035406828292592465,0.008627201062328366,0.00026473122813372305,0.016270563239596934,0.09573855657442032
2634,SINOS,2000,517,0.04332598809545057,0.035253149469367084,0.008072838626083484,0.00024187301482786307,0.015552267192530582,0.09426808000497011
2635,SINOS,2000,518,0.042805385257509626,0.03499180620024526,0.00781357905726437,0.0002403090177232956,0.015501903680622441,0.09218205865587803
2636,SINOS,2000,519,0.04230165150672511,0.03476511368699207,0.007536537819733041,0.00022487611570567366,0.014995869954946717,0.0896652859866004
2637,SINOS,2000,520,0.04192739279511369,0.03445928323455194,0.00746810956056175,0.00021781936376091655,0.014758704677610314,0.08849983470774692
2638,SINOS,2000,521,0.041583558984825575,0.034164746140887436,0.007418812843938137,0.00021404613659733378,0.014630315669777388,0.08722613907658328
2639,SINOS,2000,522,0.041393793548055335,0.034150155673987395,0.007243637874067944,0.0002095790487012647,0.014476845260665899,0.0856331802647522
2640,SINOS,2000,523,0.04125028836701441,0.03406841053087233,0.0071818778361420746,0.00020748280162197007,0.014404263314101492,0.08518971233574091
2641,SINOS,2000,524,0.04117131500193162,0.03402805506733783,0.007143259934593787,0.00020566400541859194,0.0143409903918311,0.08507151305692717
2642,SINOS,2000,525,0.04110134118987022,0.03393896347765141,0.0071623777122188145,0.00020475148201368795,0.014309139806909706,0.08513516138656285
2643,SINOS,2000,526,0.04105601965692893,0.033885879460033755,0.007170140196895171,0.000204530539465471,0.014301417393582741,0.08525503870181661
2644,SINOS,2000,527,0.041013775808689,0.03384191929203858,0.007171856516650422,0.00020361314627623844,0.014269307841526106,0.0850318852155113
2645,SINOS,2000,528,0.04094045929713692,0.03376827859705436,0.0071721807000825555,0.00020226746768131477,0.014222076771038566,0.08512544347468498
2646,SINOS,2000,529,0.04084300230918977,0.03370812254990789,0.007134879759281878,0.0002007827728448566,0.01416978379668711,0.08490455896758642
2647,SINOS,2000,530,0.0406453522122524,0.03359319523503714,0.007052156977215259,0.00019683902205621268,0.014029933073832273,0.08424149183533458
2648,SINOS,2000,531,0.0405152125002436,0.03342358698715544,0.007091625513088161,0.0001987524277116236,0.014097958281667015,0.08488107574183112
2649,SINOS,2000,532,0.04038200840127284,0.03303175411977396,0.007350254281498879,0.00020487750431840966,0.014313542689299867,0.0858937267084613
2650,SINOS,2000,533,0.04019738353183453,0.032797936583170324,0.007399446948664206,0.00020826329565178532,0.014431330349340124,0.08702481723400235
2651,SINOS,2000,534,0.04010831937923853,0.032650256441863194,0.007458062937375338,0.00021120938371322582,0.014533044543839595,0.08789895306880002
2652,SINOS,2000,535,0.03998787806586768,0.032446838190720584,0.007541039875147094,0.00021610997539344502,0.014700679419450144,0.0893077878580143
2653,SINOS,2000,536,0.039861198550751015,0.0322244708261355,0.007636727724615515,0.00022274881453386496,0.014924771841936645,0.09258405209775511
2654,SINOS,2000,537,0.039619094640435795,0.03199435975883449,0.0076247348816013034,0.0002249550191314953,0.014998500562772776,0.09261693860931441
2655,SINOS,2000,538,0.03922390716817274,0.031680452339639883,0.007543454828532855,0.00022791662540157421,0.015096907809269228,0.09517055339885416
2656,SINOS,2000,539,0.038736933258266826,0.031132428321969666,0.007604504936297156,0.00023773726202294576,0.015418730882369851,0.09542914087432075
2657,SINOS,2000,540,0.038244256249176115,0.03060098199982817,0.007643274249347946,0.0002488950951710817,0.015776409451173663,0.09647806257836422
2658,SINOS,2000,541,0.03758890344773891,0.02975976890869071,0.007829134539048203,0.00025978796789499645,0.016117939319125023,0.09836143163755262
2659,SINOS,2000,542,0.03715247833143819,0.029314354838803007,0.007838123492635185,0.00025662226549880954,0.016019433994333556,0.0987598882266959
2660,SINOS,2000,543,0.03694953341172623,0.02907653255891189,0.007873000852814338,0.0002545711284265074,0.01595528528189037,0.09884704807512945
2661,SINOS,2000,544,0.036840567780134656,0.029020877137168485,0.007819690642966169,0.000251632118150035,0.015862916445283162,0.09881447249342135
2662,SINOS,2000,545,0.036772635003899594,0.028966264780568324,0.00780637022333127,0.00025350818853976377,0.015921940476580226,0.09945588842406494
2663,SINOS,2000,546,0.0367412909391289,0.028970395319499367,0.007770895619629538,0.00025769301763335287,0.016052819616296475,0.10108618674012859
2664,SINOS,2000,547,0.03670222259790447,0.02892209208532117,0.007780130512583297,0.00025807528604762154,0.01606472178556546,0.1009490532383327
2665,SINOS,2000,548,0.03668417740574096,0.02890196268593236,0.007782214719808601,0.00025818016778328813,0.016067985803556343,0.10075262535966079
2666,SINOS,2000,549,0.0366438443101957,0.028868658881698317,0.007775185428497379,0.0002582261931350871,0.01606941794636903,0.10039641703556323
2667,SINOS,2000,550,0.03659116333816518,0.028835376863138824,0.007755786475026353,0.0002571604227433265,0.01603622220921519,0.09991996639978684
2668,SINOS,2000,551,0.036458731732486545,0.028765572990488056,0.007693158741998487,0.0002528572368327978,0.015901485365612793,0.0986331848859755
2669,SINOS,2000,552,0.036217369172605915,0.02865072803045546,0.0075666411421504536,0.00024428981443675623,0.015629773332865585,0.09634714217125662
2670,SINOS,2000,553,0.03576525898721094,0.028389273238762322,0.007375985748448615,0.00023120323868617982,0.015205368745485254,0.09275829966510318
2671,SINOS,2000,554,0.038360538666710645,0.03159633849154991,0.006764200175160737,0.0002125665816846985,0.014579663291197725,0.0773093823370764
2672,SINOS,2000,555,0.03560602417441589,0.028453849774651395,0.007152174399764499,0.00022118137210454982,0.014872167700256404,0.08975854628834445
2673,SINOS,2000,556,0.03504562868033962,0.028128088081253295,0.006917540599086328,0.00020848187231908776,0.014438901354295892,0.08642096305908475
2674,SINOS,2000,557,0.03424675792036759,0.02767736788678006,0.006569390033587532,0.00019285084716765474,0.013887074824010085,0.08223518291663579
2675,SINOS,2000,558,0.03365605942528771,0.02737883853891491,0.006277220886372804,0.00017832722579506517,0.013353921738390756,0.07722155538604858
2676,SINOS,2000,559,0.03329343613145659,0.02711290880742835,0.006180527324028236,0.0001747702815987041,0.013220071164661108,0.07429174233525948
2677,SINOS,2000,560,0.032964009958631094,0.026679977524003674,0.006284032434627417,0.000176491600909342,0.01328501414787888,0.07276244532883325
2678,SINOS,2000,561,0.03256317411578478,0.026025592677758093,0.006537581438026687,0.00018439690401243989,0.013579282161161535,0.07501797269685828
2679,SINOS,2000,562,0.03231326429879929,0.02563887129220479,0.006674393006594501,0.00018881671079932756,0.013741059304119445,0.07740579890513744
2680,SINOS,2000,563,0.03206008746769422,0.02547120757941017,0.006588879888284051,0.00018620827375995849,0.013645815247172243,0.0791186750846401
2681,SINOS,2000,564,0.031784447521181675,0.025131579522862362,0.006652867998319309,0.00018449477626338295,0.013582885417442899,0.07769395219505981
2682,SINOS,2000,565,0.031601191333708825,0.02495459770224046,0.00664659363146837,0.0001807231560896127,0.01344333128690998,0.07811489956927542
2683,SINOS,2000,566,0.0313293151275564,0.024659364914749363,0.006669950212807035,0.00017842572406157764,0.013357609219526436,0.07938510334541571
2684,SINOS,2000,567,0.03112046109831383,0.02439745269411026,0.006723008404203571,0.00018020997157038325,0.013424230762706043,0.07937215190316482
2685,SINOS,2000,568,0.03247454096044081,0.02544000965224124,0.007034531308199571,0.00020465057535167466,0.014305613421020248,0.08432504488008796
2686,SINOS,2000,569,0.031072594650208785,0.02432424305498022,0.006748351595228566,0.0001825895483418338,0.013512570012467421,0.0801429945155544
2687,SINOS,2000,570,0.030883250801027495,0.02406990317755569,0.006813347623471808,0.00018924236451344748,0.013756538972919296,0.07918295509314344
2688,SINOS,2000,571,0.030754012873401196,0.0238796665858398,0.006874346287561395,0.0001969437406173606,0.014033664546987028,0.07860826609675498
2689,SINOS,2000,572,0.03063347076550591,0.023705107837209218,0.006928362928296693,0.00020416904069926986,0.014288773239829577,0.07818556922421538
2690,SINOS,2000,573,0.030516121017226783,0.023570442903462652,0.006945678113764131,0.00020544033627153285,0.014333190024259528,0.07884225839432435
2691,SINOS,2000,574,0.03062057686571297,0.023580887571721353,0.007039689293991617,0.00021077795697376997,0.014518193998351516,0.07676040383424076
2692,SINOS,2000,575,0.03045854483530359,0.023490147747411504,0.006968397087892087,0.0002066519355461776,0.014375393404918614,0.07805921276301986
2693,SINOS,2000,576,0.030368560732834986,0.023402970818625423,0.006965589914209564,0.0002026676624235016,0.014236139308938417,0.07941737014158068
2694,SINOS,2000,577,0.030309506431983838,0.023380441528720063,0.006929064903263773,0.00019795675287578166,0.01406971047590467,0.08000397576489127
2695,SINOS,2000,578,0.030240137769451995,0.02338991939084,0.006850218378611995,0.00019294910155766463,0.013890611993633133,0.07983809265946185
2696,SINOS,2000,579,0.030148967427407275,0.02343447607161443,0.006714491355792846,0.0001900972161222143,0.01378757470051257,0.07848922664873881
2697,SINOS,2000,580,0.030245058445842774,0.023833705135841078,0.006411353310001696,0.00017645388432007807,0.013283594555694557,0.07790513016453049
2698,SINOS,2000,581,0.030094629395889465,0.023503408767259537,0.006591220628629927,0.00018435101181843162,0.013577592268824087,0.07826429386858547
2699,SINOS,2000,582,0.0299239357541917,0.02348519711374245,0.006438738640449252,0.00018478108792932486,0.013593420758930582,0.07585717517003487
2700,SINOS,2000,583,0.029794751468964466,0.02340047260768316,0.006394278861281306,0.00019796749640454126,0.014070092267094103,0.07331452344204548
2701,SINOS,2000,584,0.02965422518963799,0.023298326958076536,0.006355898231561452,0.00019390137874842963,0.013924847530527206,0.07364343898635572
2702,SINOS,2000,585,0.029525444892910993,0.023160887420995056,0.0063645574719159385,0.00019002749057124528,0.013785045903849769,0.07510432956190072
2703,SINOS,2000,586,0.029321162319383615,0.023054395732460358,0.0062667665869232565,0.0001867756081493932,0.013666587289787938,0.07573062627656213
2704,SINOS,2000,587,0.0288515046407579,0.022687888178178864,0.006163616462579038,0.00018060040664605401,0.013438765071465979,0.07802187975834085
2705,SINOS,2000,588,0.032690542811673905,0.02749067161576568,0.005199871195908228,0.0001562488768932119,0.012499955075647749,0.06953876931772351
2706,SINOS,2000,589,0.02870358980300882,0.022803315201735955,0.005900274601272867,0.00017201643911091371,0.01311550376885744,0.07658395685359964
2707,SINOS,2000,590,0.028332542622373467,0.02248564312385127,0.005846899498522197,0.00017010432449842148,0.013042404858706905,0.07683736246034023
2708,SINOS,2000,591,0.027912358330366604,0.02214393084382699,0.005768427486539613,0.0001695714589732889,0.013021960642441249,0.07864602181317248
2709,SINOS,2000,592,0.027627784507145935,0.021910738531997903,0.005717045975148033,0.00016902466116389275,0.013000948471703622,0.07703417532483325
2710,SINOS,2000,593,0.02731156897616724,0.02159850956997407,0.005713059406193169,0.00016930899777477793,0.01301187910237326,0.07809108030119305
2711,SINOS,2000,594,0.026322855952071247,0.020398582692973517,0.005924273259097732,0.00017899500856367214,0.013378901620225486,0.08401691812353274
2712,SINOS,2000,595,0.025778761748360413,0.019639988205682038,0.006138773542678373,0.00018801468971754566,0.013711844869219666,0.0866844044006172
2713,SINOS,2000,596,0.02529363332473094,0.019028043771064044,0.0062655895536668955,0.0002045312083258197,0.014301440777971278,0.08956162810388157
2714,SINOS,2000,597,0.02478304839838869,0.018342761482314125,0.006440286916074563,0.00020487117305057948,0.014313321524041144,0.09428648240879622
2715,SINOS,2000,598,0.02459312439698785,0.018271771267808705,0.006321353129179145,0.00019896870748453905,0.014105626802256575,0.09353736513785316
2716,SINOS,2000,599,0.02452773643184254,0.0182713702607869,0.006256366171055638,0.00019647985263966002,0.014017127117910432,0.09290433097281092
2717,SINOS,2000,600,0.024475185610096036,0.01823265439531805,0.006242531214777987,0.0001958664339822977,0.013995228972128241,0.09273565692297148
2718,SINOS,2000,601,0.024418270999985767,0.018101573374115602,0.006316697625870163,0.00019853991575194773,0.014090419289430238,0.09368594332980129
2719,SINOS,2000,602,0.024331005183767594,0.01802687061495687,0.006304134568810725,0.00019842655137884804,0.014086395968410374,0.09367220098432394
2720,SINOS,2000,603,0.024232899744976562,0.017997401818292215,0.006235497926684349,0.00019631633064334472,0.01401129296829328,0.09328963772838172
2721,SINOS,2000,604,0.024252556541929593,0.018131185011109413,0.006121371530820178,0.0001950238291613903,0.013965093238549834,0.09153195360908295
2722,SINOS,2000,605,0.02420520832531227,0.018023581165830325,0.006181627159481943,0.0001953503064797126,0.013976777399662363,0.09252424969809214
2723,SINOS,2000,606,0.024151860041816867,0.018118013792411458,0.006033846249405407,0.00019003164245360796,0.013785196496735473,0.09088917887927661
2724,SINOS,2000,607,0.024113130160361186,0.0181907819650296,0.005922348195331587,0.0001861770696091852,0.013644671839556465,0.08962191599416547
2725,SINOS,2000,608,0.024089082729792315,0.018209625634035206,0.00587945709575711,0.00018441357332256274,0.01357989592458509,0.08881459371025546
2726,SINOS,2000,609,0.024058569169483363,0.01817783563162513,0.005880733537858233,0.00018445065457417268,0.01358126115551029,0.08818898620179139
2727,SINOS,2000,610,0.02402451294184927,0.018063951753995534,0.005960561187853734,0.00018796543745308532,0.013710048776466309,0.08694387153200178
2728,SINOS,2000,611,0.023975293546451816,0.01799663965405167,0.005978653892400149,0.0001892374354677767,0.013756359818926542,0.08687987599215863
2729,SINOS,2000,612,0.02392708176683475,0.017896919050211124,0.006030162716623625,0.00019271906202355442,0.013882329128195831,0.08697294675757716
2730,SINOS,2000,613,0.02387671303152473,0.017791303229386456,0.006085409802138276,0.0001970005222510825,0.014035687452030361,0.08700267046240484
2731,SINOS,2000,614,0.02380186759094652,0.017670395885719063,0.0061314717052274575,0.00020065557396450502,0.014165294700940924,0.08705867627017116
2732,SINOS,2000,615,0.02365344543152785,0.017367836207593357,0.006285609223934495,0.00020687363702768426,0.014383102482694208,0.08884156329822679
2733,SINOS,2000,616,0.024163641580252797,0.017595149485527452,0.006568492094725343,0.000214141657196642,0.014633579780649778,0.09129046697423482
2734,SINOS,2000,617,0.02358172062757681,0.017250794619023135,0.0063309260085536775,0.00020610666913077396,0.014356415608736533,0.0894705688010341
2735,SINOS,2000,618,0.023418908001692173,0.017158889982530588,0.006260018019161585,0.00020122027514294987,0.014185213256872449,0.08916931914565007
2736,SINOS,2000,619,0.02329083872560486,0.017100430601757845,0.006190408123847015,0.00019404123847558826,0.013929868573521728,0.0896782302235567
2737,SINOS,2000,620,0.023224709155303343,0.01708915742131472,0.006135551733988623,0.0001903135701395613,0.013795418447425266,0.08949135818195642
2738,SINOS,2000,621,0.023147210237405395,0.017017758878385802,0.006129451359019593,0.00018991693392355407,0.013781035299408897,0.09030244987115099
2739,SINOS,2000,622,0.023052416542229094,0.016903462887621422,0.0061489536546076706,0.0001909213827757902,0.013817430396994594,0.09009587990168277
2740,SINOS,2000,623,0.022927655888854894,0.016742491133452497,0.006185164755402397,0.00019411192223338567,0.013932405471898442,0.08976890893978873
2741,SINOS,2000,624,0.022809341426589306,0.016609423309855334,0.006199918116733972,0.00019571347154027886,0.013989763098075637,0.08820736378916749
2742,SINOS,2000,625,0.022667604938818715,0.01645156646059541,0.006216038478223306,0.00019741796273683751,0.014050550264556812,0.0862955396091416
2743,SINOS,2000,626,0.022544679627677856,0.01620149077174902,0.006343188855928834,0.0002038760388699444,0.014278516690116812,0.08174599021407725
2744,SINOS,2000,627,0.022314849227437504,0.016173482331639105,0.0061413668957984,0.00019167908140839586,0.013844821465385383,0.07923141887944773
2745,SINOS,2000,628,0.022078177847466234,0.01596251378303926,0.006115664064426972,0.00018814475650619783,0.013716586911699202,0.0788364353730463
2746,SINOS,2000,629,0.021751674459526475,0.015788188343222046,0.005963486116304429,0.00017701531222476773,0.013304710151851026,0.07634692337393967
2747,SINOS,2000,630,0.02136797470602695,0.015330957180978825,0.006037017525048127,0.00017434256096285504,0.01320388431344561,0.07661243199067969
2748,SINOS,2000,631,0.020891510457245653,0.015054973677001716,0.005836536780243939,0.00016375206150604502,0.012796564441522773,0.07290697700648086
2749,SINOS,2000,632,0.020598478992488296,0.014832205683869878,0.00576627330861842,0.00016097899175380594,0.012687749672570229,0.0737894521568444
2750,SINOS,2000,633,0.02030479028157983,0.014664848385468266,0.0056399418961115624,0.0001605826247864284,0.012672119979957118,0.07330551043080613
2751,SINOS,2000,634,0.02003847414680655,0.014406232900089626,0.005632241246716924,0.00016357628232862857,0.012789694379797689,0.07363810579109009
2752,SINOS,2000,635,0.019759090960424698,0.014221068653052543,0.0055380223073721565,0.00016203664559325323,0.012729361554817006,0.0726958651638403
2753,SINOS,2000,636,0.01961702156454493,0.014108946210532183,0.005508075354012747,0.0001585441555042809,0.012591431828997086,0.07440206510503344
2754,SINOS,2000,637,0.019554295138817884,0.014091477390151003,0.005462817748666879,0.00015517466585514262,0.012456912372459824,0.07528489185608278
2755,SINOS,2000,638,0.019478434886037947,0.013965603316724405,0.005512831569313542,0.00015647661782901162,0.012509061428780803,0.07491908679992954
2756,SINOS,2000,639,0.019372061016145026,0.013780206847211545,0.005591854168933481,0.00015871074688030012,0.012598045359511138,0.07498852487444851
2757,SINOS,2000,640,0.019317279961901877,0.013635589923565401,0.005681690038336475,0.00015987207035033168,0.01264405276603715,0.07544397350565113
2758,SINOS,2000,641,0.019298123483792017,0.013536567251737913,0.0057615562320541035,0.00016017899414537756,0.01265618402779359,0.07556790889296383
2759,SINOS,2000,642,0.01925988264686837,0.013538895560394532,0.005720987086473839,0.0001586399000258328,0.012595233226337366,0.07532647294610018
2760,SINOS,2000,643,0.019238108580589833,0.013526510786108876,0.005711597794480956,0.00015802938881943546,0.012570974060089196,0.07535925826740175
2761,SINOS,2000,644,0.019208436627372497,0.013528386537985458,0.005680050089387038,0.0001558889558122351,0.012485549880250973,0.07493987473234842
2762,SINOS,2000,645,0.019166358427295072,0.013500623517756705,0.005665734909538367,0.00015390306703291258,0.012405767490684024,0.07478840809949872
2763,SINOS,2000,646,0.01910699084582676,0.013509429571576952,0.0055975612742498095,0.00014958042248784358,0.012230307538563516,0.07343822423634472
2764,SINOS,2000,647,0.01906146503937924,0.013460943806003243,0.005600521233375996,0.00014867611482479703,0.01219328154455547,0.0738913370262011
2765,SINOS,2000,648,0.019030039527488746,0.013442659469943958,0.0055873800575447895,0.00014818806247682945,0.012173251926943329,0.0737676992700429
2766,SINOS,2000,649,0.01900145710257843,0.013424082408729974,0.0055773746938484565,0.00014888343638016008,0.012201780049655053,0.07357281234565938
2767,SINOS,2000,650,0.0189732240178953,0.01339544587956314,0.005577778138332159,0.00015028933569314235,0.012259255103518416,0.07342182099318584
2768,SINOS,2000,651,0.018963170126822592,0.013448405831994113,0.00551476429482848,0.0001510665133377817,0.012290911818810746,0.07235964573064158
2769,SINOS,2000,652,0.01892464773579928,0.013345727883620442,0.005578919852178834,0.00015425716438182565,0.012420030772177083,0.07260984465588782
2770,SINOS,2000,653,0.018913873737075933,0.01332774608983293,0.005586127647243004,0.00015438451680520364,0.012425156610892421,0.07280007396765475
2771,SINOS,2000,654,0.018896365429012844,0.013285002376024858,0.005611363052987987,0.00015627896812117905,0.01250115867114641,0.07334070627519695
2772,SINOS,2000,655,0.01892448531392224,0.013221064638248198,0.005703420675674043,0.00015681168904702278,0.012522447406438679,0.07417236807511562
2773,SINOS,2000,656,0.01888681827895334,0.01324650532321401,0.005640312955739331,0.0001563630846717703,0.012504522568725697,0.0736198003672367
2774,SINOS,2000,657,0.018871600052790823,0.013203715453620408,0.005667884599170413,0.0001577912674054288,0.012561499409124247,0.07416343384324675
2775,SINOS,2000,658,0.018835610156292294,0.01304852797205238,0.005787082184239912,0.00016217143803240184,0.012734655002488361,0.07616951886081547
2776,SINOS,2000,659,0.018815217336165653,0.012976671989012114,0.005838545347153539,0.00016297448437910294,0.012766146026859592,0.0769175272177085
2777,SINOS,2000,660,0.01879592911641377,0.012928238916904908,0.005867690199508861,0.00016489856802041192,0.012841283737244183,0.07727596954161986
2778,SINOS,2000,661,0.018760203334604313,0.01287765664979306,0.005882546684811252,0.00016415856006533108,0.012812437709715161,0.07745639107976343
2779,SINOS,2000,662,0.018700222021851832,0.012793157386264483,0.005907064635587349,0.0001631640165215098,0.012773567102478062,0.0775730106810788
2780,SINOS,2000,663,0.018878493255587693,0.012859164232874068,0.006019329022713625,0.00016625525747163272,0.012894000832621065,0.0795712980974922
2781,SINOS,2000,664,0.018677471041711337,0.01275454543488978,0.005922925606821559,0.0001634000405916668,0.012782802532765137,0.07807426822004437
2782,SINOS,2000,665,0.018607559231216812,0.012654293245528352,0.00595326598568846,0.00016347757149367317,0.012785834798466355,0.07775232659966169
2783,SINOS,2000,666,0.018523820024936355,0.012669062139704534,0.005854757885231819,0.00016008228177950048,0.012652362695540327,0.07593319679313582
2784,SINOS,2000,667,0.01844621771074607,0.012529444520827243,0.0059167731899188265,0.0001632424705794695,0.012776637686788708,0.07554026704507089
2785,SINOS,2000,668,0.01833362875484596,0.012442665071496313,0.005890963683349647,0.00016557887299332896,0.012867745451062083,0.07412122102876229
2786,SINOS,2000,669,0.018201932150682134,0.012357245003816361,0.0058446871468657725,0.00016672247802393593,0.0129121058710009,0.07313335797358311
2787,SINOS,2000,670,0.01804169474970084,0.012247614986132836,0.0057940797635680046,0.00016896846795683452,0.012998787172534002,0.07188227129324298
2788,SINOS,2000,671,0.01788539890220644,0.012215954671848382,0.0056694442303580565,0.00016562756878064322,0.012869637476659675,0.07155088013784305
2789,SINOS,2000,672,0.017663389979640478,0.01225981821422226,0.005403571765418217,0.00015626343806228105,0.012500537510934521,0.0707752235105037
2790,SINOS,2000,673,0.017531086225777648,0.012098652411718869,0.005432433814058779,0.00015690126083152135,0.012526023344682117,0.07123789962148175
2791,SINOS,2000,674,0.01733842646726365,0.012006606976599802,0.005331819490663846,0.00015378691904138325,0.01240108539771351,0.07005427294609867
2792,SINOS,2000,675,0.01710144532470858,0.011794680988667573,0.005306764336041006,0.00015392144489644085,0.012406508166943706,0.06802416584571913
2793,SINOS,2000,676,0.01689835308210682,0.011618800393257432,0.005279552688849385,0.0001521494891798762,0.012334889102860885,0.0673410267671044
2794,SINOS,2000,677,0.016714968173217135,0.011440202827289383,0.005274765345927753,0.00015168318174746788,0.01231597262693726,0.06667651846194944
2795,SINOS,2000,678,0.016529189731939925,0.011326738629514554,0.0052024511024253706,0.00014495724847640693,0.012039819287531143,0.06568004015713413
2796,SINOS,2000,679,0.016418136545993577,0.011294594159720063,0.005123542386273512,0.00013921827329187533,0.011799079340858562,0.06539541083987832
2797,SINOS,2000,680,0.016299144269500892,0.011248499286473698,0.005050644983027194,0.0001349055032194428,0.011614882832790127,0.06565859893678405
2798,SINOS,2000,681,0.016232936167774565,0.011294941741060887,0.004937994426713678,0.00013021173377347926,0.011411035613540047,0.06594399974319443
2799,SINOS,2000,682,0.01614400632406824,0.011185723140684972,0.004958283183383268,0.00013231877493085817,0.011502989825730447,0.06734688694562407
2800,SINOS,2000,683,0.016045194944240733,0.011021445513377776,0.005023749430862957,0.00013747885088525425,0.011725137563596184,0.06934080506342977
2801,SINOS,2000,684,0.015955393192180728,0.010892174288447899,0.0050632189037328286,0.00014271852613439903,0.011946485932457252,0.07066996880153809
2802,SINOS,2000,685,0.015855791054505373,0.010754188639672275,0.005101602414833099,0.0001481330514932318,0.012170992214820934,0.07211742835501156
2803,SINOS,2000,686,0.015724649285248908,0.010674035693443749,0.0050506135918051585,0.0001472200543273236,0.012133427146825566,0.07176196360693898
2804,SINOS,2000,687,0.015603347021437682,0.010620290184116043,0.004983056837321638,0.00014251364603105052,0.011937907941974194,0.07205906304401832
2805,SINOS,2000,688,0.015615325991533197,0.010638743295215585,0.0049765826963176114,0.00013680378769467065,0.011696315133180648,0.06636190537762376
2806,SINOS,2000,689,0.015561733352641797,0.010595946847827222,0.004965786504814575,0.00013890235369578923,0.011785684269306948,0.06938315458479472
2807,SINOS,2000,690,0.015524825052949257,0.010567351976280611,0.004957473076668646,0.0001369145805451239,0.011701050403494718,0.06929513484860983
2808,SINOS,2000,691,0.015492284625892305,0.01050230915617901,0.004989975469713294,0.0001362372927934381,0.01167207320031185,0.06934836888459006
2809,SINOS,2000,692,0.015462142439150025,0.01042843577398525,0.005033706665164775,0.00013735773677090208,0.011719971705209107,0.06930161439071181
2810,SINOS,2000,693,0.0154562701004168,0.010388483927817018,0.005067786172599781,0.00014039729578725144,0.011848936483383284,0.07030345374973457
2811,SINOS,2000,694,0.015389846463030753,0.010331471051016575,0.005058375412014178,0.00014067444012072592,0.011860625620966455,0.06950352020461559
2812,SINOS,2000,695,0.015360544028537263,0.010319271494618832,0.0050412725339184315,0.00014138025988394716,0.011890343135668842,0.06916659202617292
2813,SINOS,2000,696,0.015330734115768435,0.010324811237838261,0.005005922877930175,0.00014195285496897944,0.011914396962036285,0.06870830307728804
2814,SINOS,2000,697,0.015309290144438187,0.010330630495053143,0.004978659649385044,0.00014164913102597646,0.011901644047188457,0.0685065034472081
2815,SINOS,2000,698,0.015276718514460063,0.010335893581436757,0.004940824933023306,0.00013937742084515475,0.011805821481165754,0.06809279910870147
2816,SINOS,2000,699,0.015220985655613955,0.010312555469842841,0.004908430185771113,0.00013556148294526632,0.011643087345943357,0.06789269736382053
2817,SINOS,2000,700,0.015069382246588527,0.010212327537087784,0.004857054709500743,0.00012752851439804067,0.011292852358817088,0.06744170577703834
2818,SINOS,2000,701,0.015011845928314256,0.01017762811783643,0.004834217810477827,0.0001193818879336047,0.01092620189881208,0.06759636907686917
2819,SINOS,2000,702,0.014740584291459035,0.009867270463512167,0.004873313827946868,0.00011969065326229033,0.010940322356415753,0.06719550007781183
2820,SINOS,2000,703,0.014708094489795358,0.009970047936674512,0.004738046553120846,0.00011911607455659735,0.010914031086477505,0.06641247480898782
2821,SINOS,2000,704,0.014502680007839695,0.009775109852438056,0.004727570155401638,0.00011913404317614383,0.010914854244383836,0.06654224746752047
2822,SINOS,2000,705,0.014419738591475481,0.009641506910916997,0.004778231680558483,0.00011874653951399486,0.01089708857970765,0.06748357497524193
2823,SINOS,2000,706,0.014354806333448586,0.009575079571376705,0.00477972676207188,0.00012083041189005588,0.010992288746664905,0.06862733649453978
2824,SINOS,2000,707,0.014266005583281591,0.009535708291417946,0.004730297291863647,0.00012317346705274988,0.01109835424974126,0.06898857995710361
2825,SINOS,2000,708,0.014131468395628384,0.00942709974644792,0.004704368649180463,0.00012707606830414896,0.011272802149605438,0.06967230794365853
2826,SINOS,2000,709,0.013977000799161012,0.009388140087459288,0.004588860711701724,0.00012451448642883395,0.011158605935726646,0.06976233251532349
2827,SINOS,2000,710,0.013873085571608948,0.009331827289877402,0.004541258281731545,0.00012261544527370012,0.011073185868290125,0.06846524312002189
2828,SINOS,2000,711,0.013819232138299734,0.009324491308898447,0.004494740829401286,0.00012071393544817657,0.010986989371441868,0.06753535041628056
2829,SINOS,2000,712,0.013775387284504635,0.009358842908776172,0.0044165443757284645,0.00011882986658090431,0.010900911272958069,0.0667222509769273
2830,SINOS,2000,713,0.013713506006991786,0.009375942850573872,0.004337563156417913,0.00011600521630470295,0.01077057177241315,0.06500658028399042
2831,SINOS,2000,714,0.013769037207741877,0.009548857591950701,0.004220179615791176,0.00011801864666511393,0.010863638739626513,0.06428662487502945
2832,SINOS,2000,715,0.013673634197561534,0.00939523255481988,0.004278401642741654,0.00011608508984964388,0.01077427908723567,0.06472061108402694
2833,SINOS,2000,716,0.013631489233567514,0.00937789547837601,0.004253593755191505,0.00011348971890544628,0.010653155349728374,0.06315644731818082
2834,SINOS,2000,717,0.013609167418079993,0.00936022884208441,0.004248938575995583,0.00011196476243151128,0.010581340294665476,0.0628180216694606
2835,SINOS,2000,718,0.01357279532476149,0.00932119621422332,0.0042515991105381715,0.00011036997778986396,0.010505711674601771,0.06172445749321609
2836,SINOS,2000,719,0.013553849919454415,0.009280904499859221,0.004272945419595193,0.00011077388840317201,0.010524917501015009,0.061971869370108124
2837,SINOS,2000,720,0.013523209726575749,0.009265417260179458,0.00425779246639629,0.0001108943109048192,0.0105306367758469,0.061558119080910356
2838,SINOS,2000,721,0.013482565060118908,0.009232499133623777,0.0042500659264951305,0.00011477196102534673,0.010713167646655527,0.061628398912274895
2839,SINOS,2000,722,0.013459346249002437,0.009204826707273578,0.004254519541728859,0.0001157629997658556,0.010759321529067509,0.06165526868773441
2840,SINOS,2000,723,0.01341929319855482,0.009178494336081252,0.004240798862473569,0.00011674804017368103,0.010805000702160136,0.06118865934992812
2841,SINOS,2000,724,0.013343215126581166,0.009126048896240586,0.0042171662303405796,0.00011820933019269646,0.010872411424918415,0.060742053409544305
2842,SINOS,2000,725,0.013232198641619251,0.009067666834789849,0.004164531806829403,0.00012122891023463534,0.011010400094212532,0.05957612776975729
2843,SINOS,2000,726,0.013159849242395856,0.009025114143670847,0.0041347350987250096,0.00012150401254670792,0.01102288585383646,0.059062064939405245
2844,SINOS,2000,727,0.013098366551837055,0.009010804399268962,0.004087562152568094,0.00012202092397023753,0.011046308160206176,0.05829373578350827
2845,SINOS,2000,728,0.013054816562124063,0.008972075607276342,0.0040827409548477205,0.00012128876985601693,0.011013118080544535,0.057819665964957356
2846,SINOS,2000,729,0.013011621015324217,0.008965139448699446,0.004046481566624771,0.00011854633871680268,0.010887898728258023,0.05726648159189207
2847,SINOS,2000,730,0.012961789350256797,0.008936877897432636,0.00402491145282416,0.00011709297794550537,0.010820950879913714,0.055953433566011124
2848,SINOS,2000,731,0.012931263080273134,0.008919388630586026,0.004011874449687107,0.00011630927975986917,0.010784678009095551,0.05515673735477378
2849,SINOS,2000,732,0.012908196086854477,0.008892746287830012,0.0040154497990244654,0.00011763876123439326,0.010846140384228542,0.05360150021589327
2850,SINOS,2000,733,0.012878410215401592,0.00885348958559545,0.004024920629806143,0.00011664348857022655,0.010800161506673248,0.05351041610124596
2851,SINOS,2000,734,0.012855672061329601,0.00881883866876338,0.004036833392566221,0.00011567786757874189,0.010755364595342265,0.05339772672654164
2852,SINOS,2000,735,0.01285799972863959,0.008812238566971026,0.004045761161668564,0.00011198169346697513,0.01058214030652472,0.054795742008066695
2853,SINOS,2000,736,0.012843167321588913,0.00880467475867341,0.004038492562915502,0.00011378592920277559,0.010667048757869986,0.053893355872645765
2854,SINOS,2000,737,0.012821797807085086,0.008766987303011179,0.004054810504073906,0.00011428845900596623,0.010690578048261292,0.053989861029827946
2855,SINOS,2000,738,0.012807449039373548,0.00875596500447812,0.004051484034895428,0.0001143612698078194,0.010693982878601377,0.05368094437937687
2856,SINOS,2000,739,0.012791622410226378,0.00875938514922295,0.004032237261003428,0.00011394023873484894,0.010674279307515282,0.05310334662439309
2857,SINOS,2000,740,0.012771755091131735,0.008768565015431024,0.0040031900757007115,0.00011345824134312171,0.010651677865159165,0.05240800877917695
2858,SINOS,2000,741,0.01272662629799446,0.008802015761866455,0.003924610536128004,0.00011180776590506934,0.010573919136491887,0.0507114657293386
2859,SINOS,2000,742,0.012692950465124149,0.008840269343034127,0.003852681122090023,0.00010983412007850566,0.010480177483158654,0.04967570335480276
2860,SINOS,2000,743,0.01266971586723708,0.008854784686209665,0.003814931181027416,0.00010678656646966353,0.0103337585838679,0.04905005514092875
2861,SINOS,2000,744,0.012656895415643568,0.008859615159117974,0.003797280256525594,0.00010690888514019946,0.010339675291816444,0.0486941777680826
2862,SINOS,2000,745,0.012646122414660226,0.008847352619791717,0.0037987697948685074,0.00010645661035644278,0.010317781271011845,0.048517546397884526
2863,SINOS,2000,746,0.012624853298995663,0.008829639316453985,0.003795213982541678,0.00010548233114782474,0.01027045914980556,0.048183663526751186
2864,SINOS,2000,747,0.012606200083783686,0.008833990395407859,0.0037722096883758263,0.00010516573414756814,0.010255034575639818,0.047896399836474646
2865,SINOS,2000,748,0.012584919997438639,0.008848395498835135,0.003736524498603503,0.0001033657468429923,0.010166894650924258,0.046936396930958746
2866,SINOS,2000,749,0.012567319062531626,0.008869673814784141,0.003697645247747486,0.00010230647288181206,0.010114666226910903,0.04635910943016086
2867,SINOS,2000,750,0.012542264169807815,0.008882028985596315,0.0036602351842115,0.00010146197268812194,0.010072833399204116,0.045376080974794175
2868,SINOS,2000,751,0.012524431481705511,0.008894731453237235,0.003629700028468276,0.00010090419906220526,0.010045108215554736,0.04561408544212797
2869,SINOS,2000,752,0.012479350969570754,0.008821805382241652,0.003657545587329101,0.0001014907313453856,0.010074260833698202,0.04548620952289506
2870,SINOS,2000,753,0.012433011495345493,0.008712208143915094,0.003720803351430399,0.00010274876363193197,0.010136506480633847,0.0463771141421514
2871,SINOS,2000,754,0.012408469813824628,0.008647834490479293,0.0037606353233453358,0.00010342964440158655,0.010170036597848925,0.04695767943926432
2872,SINOS,2000,755,0.01236961824494906,0.008582707813437737,0.003786910431511323,0.00010385882737557445,0.010191115119336767,0.04763084786251581
2873,SINOS,2000,756,0.012306453349116349,0.008492140307254816,0.003814313041861534,0.00010622439405633633,0.010306521918491044,0.04917467638459727
2874,SINOS,2000,757,0.012270312207174198,0.008498048216173166,0.0037722639910010326,0.0001057793321908997,0.01028490798164474,0.05056275926406695
2875,SINOS,2000,758,0.012220607794041875,0.008441361619650256,0.0037792461743916183,0.00010734356803496491,0.010360674111029885,0.05069843248019534
2876,SINOS,2000,759,0.012188580571565528,0.00843973714152655,0.0037488434300389784,0.00010706256730914008,0.010347104295847225,0.050181866622442395
2877,SINOS,2000,760,0.01217026767279765,0.008445604374668077,0.0037246632981295736,0.00010559088619224568,0.010275742610256725,0.049651070929258356
2878,SINOS,2000,761,0.012171743539271666,0.008472245122732239,0.003699498416539427,0.00010608537944205111,0.010299775698628156,0.04890025002702014
2879,SINOS,2000,762,0.012154548134596486,0.008444565776934903,0.003709982357661583,0.00010573359042394961,0.01028268400875713,0.04928514607250967
2880,SINOS,2000,763,0.012121026389500519,0.008428183492425616,0.003692842897074903,0.00010242756882326132,0.010120650612646468,0.04840570066495642
2881,SINOS,2000,764,0.012086039202340953,0.008381265937189731,0.0037047732651512215,0.0001016701500463488,0.01008316170882669,0.04779587159683707
2882,SINOS,2000,765,0.012039068120413048,0.008307807315886538,0.0037312608045265093,0.00010004188918825186,0.01000209424012051,0.04798173783599158
2883,SINOS,2000,766,0.011987494339059266,0.0082247511396898,0.0037627431993694665,0.00010102837984993686,0.010051287472256322,0.048275525414525955
2884,SINOS,2000,767,0.011875425020479112,0.008084106343193611,0.0037913186772855004,0.00010218512418492371,0.010108665796479954,0.04921572267909902
2885,SINOS,2000,768,0.011714396200303866,0.007928520241628401,0.0037858759586754647,0.00010322609429786572,0.010160024325653248,0.05047878937453554
2886,SINOS,2000,769,0.011505511796051245,0.007778113818488364,0.003727397977562881,0.00010409225024625111,0.010202560965083773,0.05043591014984594
2887,SINOS,2000,770,0.011299526225291281,0.007666123652373835,0.0036334025729174457,0.00010339880803867163,0.01016852044491585,0.048915813862577595
2888,SINOS,2000,771,0.011103376420397377,0.007551709462599306,0.0035516669577980702,0.00010260864963755629,0.010129592767607012,0.04653350087704711
2889,SINOS,2000,772,0.011070781625716009,0.007606519273647696,0.003464262352068312,9.723052784151266e-05,0.009860554134606871,0.04899350917756712
2890,SINOS,2000,773,0.010877506469734087,0.007403593881224833,0.0034739125885092544,9.906500035597198e-05,0.009953140225877056,0.047028343191574395
2891,SINOS,2000,774,0.010826255058636648,0.007335329746748995,0.003490925311887653,0.00010174707727498275,0.010086975625775188,0.04649818973351044
2892,SINOS,2000,775,0.010751059265775178,0.007247004523246293,0.0035040547425288847,0.00010156131585841665,0.010077763435327139,0.04720772183298094
2893,SINOS,2000,776,0.010705971561155152,0.007203358319125056,0.0035026132420300947,0.00010126157160166001,0.010062880879830587,0.047436149090129665
2894,SINOS,2000,777,0.010656847193006552,0.0071801188172408905,0.003476728375765662,0.00010110161674355196,0.01005492997208593,0.04852667540379524
2895,SINOS,2000,778,0.01062801028879376,0.007158917248557889,0.0034690930402358697,0.00010282874199578141,0.010140450778726821,0.04793712595634242
2896,SINOS,2000,779,0.010597041608670222,0.007169957454599231,0.003427084154070991,0.00010306840117117923,0.010152260889633365,0.047574631421744284
2897,SINOS,2000,780,0.010539157131326322,0.007178190278471925,0.0033609668528543973,0.0001056511350095953,0.01027867379624411,0.04585797850102813
2898,SINOS,2000,781,0.010494453838497746,0.007195274550435215,0.0032991792880625306,0.00010425615387204271,0.010210590280294411,0.045719531980768946
2899,SINOS,2000,782,0.010466238641268385,0.007195168578887738,0.0032710700623806463,0.00010282168839134781,0.010140102977354215,0.04574782696207469
2900,SINOS,2000,783,0.010404755397201603,0.007211082496069417,0.003193672901132186,9.916797251460362e-05,0.009958311730137977,0.04571353917246335
2901,SINOS,2000,784,0.010359008908384624,0.007240697231974125,0.0031183116764104996,9.604646083252039e-05,0.009800329628768636,0.045433855656110356
2902,SINOS,2000,785,0.010291838734942736,0.0073587054555684685,0.002933133279374267,8.954483843878693e-05,0.009462813452604196,0.04400175960060759
2903,SINOS,2000,786,0.010241876153366723,0.007391380245926096,0.002850495907440627,8.525825704640329e-05,0.009233539789614994,0.04353337332842522
2904,SINOS,2000,787,0.0102131481171858,0.007371821958174226,0.0028413261590115734,8.476952634579528e-05,0.00920703678420996,0.04326485916469924
2905,SINOS,2000,788,0.010176979417212186,0.007358009891448927,0.0028189695257632586,8.390631425894691e-05,0.009160038987850812,0.04318942501399892
2906,SINOS,2000,789,0.010140418044799676,0.007336949257048396,0.002803468787751279,8.259055043690429e-05,0.009087934332779055,0.04334474646570963
2907,SINOS,2000,790,0.010283529855833825,0.007539454847288663,0.0027440750085451627,7.648356975697683e-05,0.008745488537353236,0.04679696039460801
2908,SINOS,2000,791,0.010120509934132707,0.007339333295105952,0.0027811766390267545,8.048714490580249e-05,0.008971462807469164,0.04424588746028213
2909,SINOS,2000,792,0.010079722147587756,0.007325648174101183,0.0027540739734865727,7.980343919162414e-05,0.00893327706900576,0.044344368048661376
2910,SINOS,2000,793,0.010063677656902567,0.007313509224744135,0.0027501684321584313,7.993898958309892e-05,0.00894086067350895,0.04447955062441211
2911,SINOS,2000,794,0.010046632082472726,0.00729990976529509,0.002746722317177636,8.075053981348357e-05,0.008986130413781206,0.04430390477672963
2912,SINOS,2000,795,0.010020573926818637,0.007270702833946822,0.002749871092871815,8.222248986183684e-05,0.009067661763753478,0.04387017834375484
2913,SINOS,2000,796,0.009983143370222368,0.007245977925440562,0.002737165444781806,8.375102568299232e-05,0.009151558647738227,0.0429882304924708
2914,SINOS,2000,797,0.009963414439234135,0.00723979972130077,0.002723614717933365,8.647532730254142e-05,0.009299211111838542,0.0397910898056425
2915,SINOS,2000,798,0.009879380119611158,0.0071978084721711355,0.002681571647440023,8.670253457261152e-05,0.009311419578808138,0.03996770860566945
2916,SINOS,2000,799,0.009850644461429024,0.0071831333308095035,0.002667511130619521,8.652111240932678e-05,0.009301672559777988,0.04005493788137959
2917,SINOS,2000,800,0.009823787837241079,0.0071754450971055275,0.002648342740135551,8.679145835731501e-05,0.009316193340485963,0.03962435678643084
2918,SINOS,2000,801,0.009802440239164684,0.0071615261272298825,0.0026409141119348007,8.689664493233605e-05,0.00932183699344373,0.03910286982419031
2919,SINOS,2000,802,0.009775722733361247,0.007142573176153889,0.002633149557207359,8.800911872135027e-05,0.009381317536537726,0.03820326976886623
2920,SINOS,2000,803,0.009757135854492373,0.007116119562322661,0.002641016292169711,8.84379483533974e-05,0.009404145275004923,0.03788261285611194
2921,SINOS,2000,804,0.009741702323850675,0.0070877800474339996,0.002653922276416675,8.883494916051377e-05,0.009425229395644106,0.037817774494615874
2922,SINOS,2000,805,0.009728143970974417,0.007068601195093032,0.002659542775881385,8.865324652138614e-05,0.009415585298927845,0.03801239782216126
2923,SINOS,2000,806,0.009735556362098115,0.007075725832319722,0.002659830529778393,9.099400190613046e-05,0.00953907762344612,0.03691619366256871
2924,SINOS,2000,807,0.009720001103493553,0.007060914248452696,0.0026590868550408577,8.958861971604824e-05,0.00946512650290783,0.03755275087117049
2925,SINOS,2000,808,0.009703367008894974,0.007054704799373645,0.00264866220952133,8.847612457986701e-05,0.009406174811253882,0.037832961894179395
2926,SINOS,2000,809,0.009686401537479315,0.007055424187838999,0.0026309773496403155,8.736660280527671e-05,0.00934701036723918,0.03799412820672032
2927,SINOS,2000,810,0.00966806047494743,0.007054943299000603,0.002613117175946826,8.621995711126337e-05,0.00928547021487137,0.03778441128771404
2928,SINOS,2000,811,0.009650423463851476,0.007032386090432163,0.002618037373419314,8.682007443291944e-05,0.009317729038393391,0.037231891304196574
2929,SINOS,2000,812,0.009634381429712569,0.007015678442231535,0.0026187029874810332,8.854504042699389e-05,0.009409837428297787,0.03804481859707576
2930,SINOS,2000,813,0.009611813769058099,0.0069629078503371635,0.0026489059187209357,8.894703704042163e-05,0.009431173683080045,0.03811141815722818
2931,SINOS,2000,814,0.009584991797324225,0.006915848772559204,0.002669143024765021,8.978576925733812e-05,0.009475535301888655,0.03794265318403789
2932,SINOS,2000,815,0.009551426348696714,0.006855636693572142,0.0026957896551245727,8.958512159842206e-05,0.0094649417113061,0.037128972560611984
2933,SINOS,2000,816,0.009506935593974572,0.006837333736206219,0.0026696018577683518,9.024216154762717e-05,0.009499587440916956,0.03723686561181494
2934,SINOS,2000,817,0.009451753528184427,0.006810150584329928,0.0026416029438544987,8.710937143307605e-05,0.009333240135830432,0.035998489307391024
2935,SINOS,2000,818,0.009409744039494457,0.0068267536836504215,0.002582990355844035,8.464391971235336e-05,0.009200213025378998,0.03603727924336253
2936,SINOS,2000,819,0.009387402758978486,0.006835953569165946,0.00255144918981254,8.384805924479357e-05,0.009156858590411538,0.03607882174820476
2937,SINOS,2000,820,0.009367049974964646,0.006841712620200887,0.002525337354763759,8.25738244640665e-05,0.00908701405655711,0.036182538831666555
2938,SINOS,2000,821,0.009340766748425641,0.006830313827601907,0.0025104529208237344,8.195764494441146e-05,0.009053046169351589,0.03653124206439706
2939,SINOS,2000,822,0.009310485403928787,0.006794864902052919,0.0025156205018758687,8.224098040363101e-05,0.009068681293530554,0.03702405675186138
2940,SINOS,2000,823,0.009282016364066888,0.006749184081401246,0.002532832282665643,8.248937987952324e-05,0.009082366425085659,0.03675955843685552
2941,SINOS,2000,824,0.009257896647347132,0.006711291632398161,0.0025466050149489713,8.291718420616133e-05,0.009105887337660252,0.03700211056063685
2942,SINOS,2000,825,0.00923710546662395,0.006675551960380109,0.0025615535062438405,8.260838252281341e-05,0.009088915365587548,0.03620321821718475
2943,SINOS,2000,826,0.009215168354357924,0.00665385568129517,0.0025613126730627545,8.21192670005721e-05,0.009061968163736403,0.03568174557629644
2944,SINOS,2000,827,0.009194087999062255,0.0066391396962946075,0.0025549483027676474,8.131557513628117e-05,0.009017514909124419,0.035337509356838104
2945,SINOS,2000,828,0.009178373267826063,0.006620539088098579,0.0025578341797274848,8.101828781678385e-05,0.009001015932481392,0.03528692456396443
2946,SINOS,2000,829,0.009162848177127796,0.00660721697173223,0.002555631205395565,8.033476992756125e-05,0.008962966580745533,0.03560696468179725
2947,SINOS,2000,830,0.009147108154792402,0.006573652064001238,0.002573456090791164,8.021893626399173e-05,0.008956502457097398,0.036065699452293876
2948,SINOS,2000,831,0.009137601820775674,0.006573879548309294,0.00256372227246638,7.923344893409571e-05,0.008901317258366636,0.03631354567585987
2949,SINOS,2000,832,0.009114170350964191,0.006542714592612511,0.00257145575835168,7.88038759608004e-05,0.008877154722139319,0.036665634285050874
2950,SINOS,2000,833,0.009085904413547763,0.0065173709802812275,0.002568533433266535,7.822703507091779e-05,0.008844604856686238,0.0368329252032924
2951,SINOS,2000,834,0.009047107237881762,0.006502648001485974,0.002544459236395787,7.619097122537451e-05,0.0087287439660798,0.03676545601033854
2952,SINOS,2000,835,0.00902285722562758,0.006525681841063832,0.0024971753845637484,7.307718334466803e-05,0.008548519365636836,0.036211961532551684
2953,SINOS,2000,836,0.008990173646330354,0.006499227797848726,0.002490945848481628,7.304715925076045e-05,0.008546763086149075,0.03578567379855224
2954,SINOS,2000,837,0.00897241303256664,0.0064820977833440286,0.0024903152492226125,7.328348007098425e-05,0.008560577087497329,0.035524900477559296
2955,SINOS,2000,838,0.008955524598186439,0.006467687598591698,0.0024878369995947414,7.354453720611222e-05,0.00857581116898642,0.03546862982809462
2956,SINOS,2000,839,0.00893115878737738,0.006443744603883552,0.002487414183493829,7.426140549908479e-05,0.008617505758575667,0.03568881547365321
2957,SINOS,2000,840,0.0088984114416566,0.006424177395630013,0.002474234046026588,7.537557013030694e-05,0.008681910511535289,0.036140572271770144
2958,SINOS,2000,841,0.008863831598324497,0.006368728007722376,0.0024951035906021204,7.797669373369327e-05,0.00883044131024567,0.03600444778442946
2959,SINOS,2000,842,0.008830463895400837,0.006339617251017658,0.00249084664438318,7.867270722075061e-05,0.008869763650782956,0.036029725711439475
2960,SINOS,2000,843,0.008802228126996266,0.006303687914178829,0.002498540212817437,7.989725221341558e-05,0.00893852628867956,0.03574210092704799
2961,SINOS,2000,844,0.008775484602869442,0.006266476106753763,0.0025090084961156794,8.130356726340733e-05,0.009016849076224317,0.03533912265396788
2962,SINOS,2000,845,0.00873661260194371,0.006201309217184079,0.002535303384759631,8.474156702949072e-05,0.009205518292279405,0.034656988271722144
2963,SINOS,2000,846,0.008835730831156394,0.006248123672569029,0.002587607158587366,9.133982122858446e-05,0.009557186888859318,0.03433393642058402
2964,SINOS,2000,847,0.008696791895958926,0.00615252170203734,0.0025442701939215858,8.64231342133032e-05,0.009296404370147804,0.03426181588604271
2965,SINOS,2000,848,0.008659545766823238,0.006127120636313092,0.0025324251305101457,8.517094332362853e-05,0.009228810504264813,0.034583806471309875
2966,SINOS,2000,849,0.008601160948946522,0.006099950378270053,0.002501210570676468,8.238339118710917e-05,0.009076529688548877,0.035119055734425975
2967,SINOS,2000,850,0.008581155089995615,0.006089803630877419,0.002491351459118195,8.088638439332309e-05,0.008993685806904924,0.03556031076861077
2968,SINOS,2000,851,0.008559966949061418,0.006079039665463356,0.002480927283598063,8.035725095524061e-05,0.008964220599429747,0.03562487072253406
2969,SINOS,2000,852,0.008529830985084596,0.006067149153572315,0.0024626818315122818,7.944224214494094e-05,0.008913037761893582,0.03563700689165572
2970,SINOS,2000,853,0.00849901435068237,0.0060564916272400566,0.0024425227234423125,7.765922724777951e-05,0.008812447290496524,0.03550141849556787
2971,SINOS,2000,854,0.008441617321613283,0.006027162892130592,0.0024144544294826915,7.444429446094943e-05,0.008628110712140256,0.03524133293437226
2972,SINOS,2000,855,0.008386252420601389,0.005983125293546035,0.002403127127055354,7.276768956795743e-05,0.008530397972425286,0.035284441840433556
2973,SINOS,2000,856,0.008349658068648735,0.0059553069734882575,0.0023943510951604783,7.099323427876437e-05,0.008425748291918313,0.03476881737965232
2974,SINOS,2000,857,0.008332923991503014,0.0059355113909402134,0.002397412600562801,7.141474102926203e-05,0.008450724290216906,0.03484506217587735
2975,SINOS,2000,858,0.008320311998046448,0.0059212587434521275,0.00239905325459432,7.163861149576305e-05,0.008463959563689033,0.03463680834460414
2976,SINOS,2000,859,0.008311128135627788,0.0059135146717524,0.002397613463875388,7.200957991817307e-05,0.008485845857554394,0.034138805635309466
2977,SINOS,2000,860,0.00830003886744382,0.0059035276469123045,0.002396511220531517,7.106516944811104e-05,0.0084300159814861,0.03410231603059888
2978,SINOS,2000,861,0.008290804062028333,0.005899809456479908,0.002390994605548424,7.101738637692172e-05,0.00842718140168596,0.03405244524728723
2979,SINOS,2000,862,0.008284970079475389,0.005897977727029824,0.002386992352445565,7.083006039336869e-05,0.008416059671447719,0.034229869595404416
2980,SINOS,2000,863,0.008278526413267321,0.005893997224511453,0.0023845291887558693,7.062116333075567e-05,0.008403639885832547,0.0343652794207332
2981,SINOS,2000,864,0.008262699016213414,0.005887554973233072,0.0023751440429803415,6.96551010044115e-05,0.00834596315618584,0.03573054193455083
2982,SINOS,2000,865,0.0082488803313303,0.005871560882802813,0.002377319448527486,6.990780258684126e-05,0.008361088600585528,0.03559058556296546
2983,SINOS,2000,866,0.008227373195140417,0.005858485716612156,0.0023688874785282622,6.947089657243868e-05,0.00833492030990331,0.03511019952490235
2984,SINOS,2000,867,0.008210955472938996,0.005841526206645256,0.00236942926629374,6.98169737854915e-05,0.008355655197858006,0.03536354165784972
2985,SINOS,2000,868,0.008203048008164194,0.005835460058841075,0.0023675879493231192,6.975540265617254e-05,0.008351969986546439,0.034657116759900575
2986,SINOS,2000,869,0.008196385016127699,0.005826657024852688,0.0023697279912750103,6.997978580064343e-05,0.008365392148646913,0.03452208001585477
2987,SINOS,2000,870,0.008178110543121926,0.005806444049756927,0.002371666493365,7.04635876324596e-05,0.008394259206890122,0.03402640344147523
2988,SINOS,2000,871,0.008162827486567895,0.005792998057249075,0.002369829429318819,7.05309592880321e-05,0.00839827120829234,0.033334513643289654
2989,SINOS,2000,872,0.008147447117094137,0.005783538656401701,0.0023639084606924357,7.020230177694369e-05,0.008378681386527578,0.032688215633333906
2990,SINOS,2000,873,0.008135197586075303,0.005775788740144924,0.0023594088459303795,6.975548106858906e-05,0.008351974680791905,0.032709150425052624
2991,SINOS,2000,874,0.008125943397431501,0.005776453236453831,0.00234949016097767,6.904498378374019e-05,0.008309331127337519,0.03286025571588225
2992,SINOS,2000,875,0.008112903560578715,0.0057584040249518435,0.002354499535626871,6.901001382700785e-05,0.008307226602603775,0.033145463079833126
2993,SINOS,2000,876,0.008102130428332868,0.005744936390113059,0.002357194038219809,6.9278815188611e-05,0.008323389645367505,0.033804337639665505
2994,SINOS,2000,877,0.008083345961370845,0.005723349174437242,0.002359996786933602,6.96001851472053e-05,0.008342672542249595,0.035116720381670685
2995,SINOS,2000,878,0.00806603433316646,0.0057169045556798685,0.00234912977748659,7.051505608981077e-05,0.008397324341110731,0.03559605270592736
2996,SINOS,2000,879,0.00803779511989524,0.005696357758777084,0.002341437361118156,6.940058610009315e-05,0.008330701417053258,0.036291207304005146
2997,SINOS,2000,880,0.008013790431072417,0.005690971310617258,0.00232281912045516,6.766700460264227e-05,0.008225995660261576,0.03562472994287402
2998,SINOS,2000,881,0.007990267609943553,0.005686881704539625,0.0023033859054039283,6.624494505726661e-05,0.00813909976946263,0.034330770752342143
2999,SINOS,2000,882,0.007973921889371988,0.0056753938429664145,0.002298528046405574,6.600699439011928e-05,0.00812446886818574,0.03361922099812786
3000,SINOS,2000,883,0.007943049986212421,0.005650659037332476,0.0022923909488799443,6.649853503747277e-05,0.008154663392039721,0.033622431529697905
3001,SINOS,2000,884,0.007922133337189833,0.005624522400019211,0.002297610937170622,6.697901366902644e-05,0.008184070727274199,0.033704379216600966
3002,SINOS,2000,885,0.007903544322679337,0.0056053984091400865,0.0022981459135392505,6.872675816313331e-05,0.008290160321919794,0.034461987605686306
3003,SINOS,2000,886,0.00788715052177653,0.0055840939393389894,0.0023030565824375404,6.87941160807418e-05,0.008294221849018858,0.03423621700359358
3004,SINOS,2000,887,0.007851152923168292,0.005540025347447804,0.0023111275757204874,6.903299268093933e-05,0.008308609551600035,0.03388591769820115
3005,SINOS,2000,888,0.007809708142170087,0.005498940755007103,0.0023107673871629836,6.929544748134548e-05,0.008324388715175756,0.03373411854100927
3006,SINOS,2000,889,0.007758217806977349,0.005464684386303541,0.002293533420673808,6.862204743976352e-05,0.008283842552811076,0.03365926448264922
3007,SINOS,2000,890,0.007710211282999133,0.005433778227062906,0.002276433055936227,6.882481642741866e-05,0.008296072349456618,0.03345286102663958
3008,SINOS,2000,891,0.007678327521849801,0.005426646942597743,0.0022516805792520576,6.837603765969387e-05,0.008268980448622058,0.03356250575134001
3009,SINOS,2000,892,0.007651299658319123,0.00542233541457286,0.0022289642437462627,6.789422750883604e-05,0.008239795356004664,0.033289060467108555
3010,SINOS,2000,893,0.007618048171158269,0.005411869094085832,0.002206179077072437,6.728462277343441e-05,0.00820272044954809,0.03304511011161848
3011,SINOS,2000,894,0.007571737328458753,0.005398597241115243,0.0021731400873435096,6.569142581813076e-05,0.008105024726558874,0.03222181033436533
3012,SINOS,2000,895,0.00752298458735922,0.005362613292646828,0.0021603712947123924,6.539963814697102e-05,0.008087004275191835,0.03129025714283451
3013,SINOS,2000,896,0.007471841547443753,0.005323606247875328,0.0021482352995684257,6.301220724886935e-05,0.007938022880344283,0.033680325716024084
3014,SINOS,2000,897,0.007439128662752245,0.005281365928177,0.002157762734575245,6.457989645356255e-05,0.008036161798617705,0.03362001340070231
3015,SINOS,2000,898,0.007424425199165521,0.005265219533706422,0.002159205665459099,6.462478671659925e-05,0.00803895432979932,0.033497872031480025
3016,SINOS,2000,899,0.007410191662793745,0.005260793897404904,0.002149397765388842,6.359863364870077e-05,0.007974875149411479,0.03268226959185583
3017,SINOS,2000,900,0.007396463932069129,0.005247537617201046,0.0021489263148680832,6.306093475049628e-05,0.00794109153394521,0.032204702434126986
3018,SINOS,2000,901,0.00737774293126532,0.005229356173528234,0.0021483867577370853,6.1643154591918e-05,0.007851315468882777,0.03204326183714268
3019,SINOS,2000,902,0.007358196301081903,0.005212620485867429,0.002145575815214474,6.082957205257841e-05,0.007799331513186141,0.03252210990715687
3020,SINOS,2000,903,0.007335816324964051,0.005189737697306577,0.002146078627657474,6.0675419939450487e-05,0.007789442851671131,0.034082316663690326
3021,SINOS,2000,904,0.007314472894519374,0.005177707010030507,0.0021367658844888672,6.067176041765062e-05,0.0077892079454621455,0.03552692569934468
3022,SINOS,2000,905,0.00729373807415529,0.005166742579748087,0.0021269954944072023,6.126705121160486e-05,0.00782732720739365,0.03682066394261296
3023,SINOS,2000,906,0.007268949107628753,0.0051527601473801525,0.002116188960248601,6.160139775378429e-05,0.007848655792795624,0.037637574522764616
3024,SINOS,2000,907,0.007229969895254209,0.005135602651511455,0.002094367243742753,6.127858431982903e-05,0.007828063893443194,0.0374184252223011
3025,SINOS,2000,908,0.007183504255992887,0.005102638879743878,0.0020808653762490093,6.084401548943415e-05,0.007800257398921791,0.036161883003216655
3026,SINOS,2000,909,0.007178831025670658,0.0051191679810273,0.0020596630446433587,5.888056674153927e-05,0.0076733673665177315,0.03464851665644719
3027,SINOS,2000,910,0.007134843491720439,0.0050562402862989455,0.002078603205421493,6.040949770004535e-05,0.007772354707554548,0.034665316334321794
3028,SINOS,2000,911,0.007124321483796137,0.005036445592847778,0.002087875890948359,6.112256030687386e-05,0.007818091858431561,0.0355770688307242
3029,SINOS,2000,912,0.007112632998177177,0.005023914183999636,0.002088718814177541,6.163801675135304e-05,0.00785098826590341,0.035739715649720116
3030,SINOS,2000,913,0.007102677794672578,0.005017673329930283,0.002085004464742295,6.148416630565886e-05,0.007841183986214,0.03613313325596157
3031,SINOS,2000,914,0.0070887931301072855,0.0050152918218599124,0.002073501308247373,6.0890107410809035e-05,0.007803211352437472,0.03616303584247649
3032,SINOS,2000,915,0.0070734512010651686,0.0050162290377956595,0.002057222163269509,6.017022171547878e-05,0.007756946674786335,0.035758044542948175
3033,SINOS,2000,916,0.007051959455556449,0.005009581676071985,0.0020423777794844646,5.916288107533378e-05,0.007691741095183442,0.03470471208187331
3034,SINOS,2000,917,0.007027075874854955,0.005020158284672237,0.0020069175901827174,5.923806836822547e-05,0.007696627077377821,0.03324934886093667
3035,SINOS,2000,918,0.006991864420634234,0.0049859410064085966,0.002005923414225637,5.801497710637764e-05,0.007616756337600517,0.03170341341671179
3036,SINOS,2000,919,0.006976352533600848,0.004989709495886063,0.001986643037714785,5.5451855161364676e-05,0.00744660024181268,0.03338354419638673
3037,SINOS,2000,920,0.006921078978248504,0.004933343078951359,0.0019877358992971446,5.680518007716602e-05,0.007536921127168973,0.031643485386380454
3038,SINOS,2000,921,0.006898545735015194,0.004919853658677914,0.00197869207633728,5.7071905823151746e-05,0.00755459501384103,0.03116952918178789
3039,SINOS,2000,922,0.006871554284003409,0.0049098584790834825,0.001961695804919926,5.705558909954532e-05,0.007553515016172624,0.0316226747921573
3040,SINOS,2000,923,0.006835020460184116,0.004897139833408096,0.0019378806267760205,5.6208537272519776e-05,0.007497235308600083,0.03206539886480542
3041,SINOS,2000,924,0.00678136445353578,0.004875526679762392,0.0019058377737733883,5.535657793871695e-05,0.007440200127598514,0.03095788622538098
3042,SINOS,2000,925,0.006725975098345605,0.0048560831098280535,0.0018698919885175515,5.208244581033119e-05,0.007216816875211064,0.030155144683954915
3043,SINOS,2000,926,0.006701038800766761,0.0048414837990301,0.0018595550017366615,5.131433574303588e-05,0.007163402525548587,0.029998218736949855
3044,SINOS,2000,927,0.006685320971584597,0.004812673105784098,0.0018726478658004997,5.181999518106685e-05,0.007198610642413358,0.02994741618133595
3045,SINOS,2000,928,0.006673395512216584,0.004799199340458207,0.0018741961717583765,5.201764536399053e-05,0.0072123259330115225,0.02967401321263513
3046,SINOS,2000,929,0.006652353251922211,0.004773603377615532,0.0018787498743066788,5.2491540282920185e-05,0.007245104573635924,0.028748511127830223
3047,SINOS,2000,930,0.0066460447657033725,0.004769453176297921,0.0018765915894054523,5.24478196848206e-05,0.0072420866940972614,0.028623055712139966
3048,SINOS,2000,931,0.006633153383617793,0.004762623381188088,0.0018705300024297058,5.195567070284802e-05,0.0072080282118515615,0.02867509706199367
3049,SINOS,2000,932,0.006608376481277368,0.004752988148937518,0.0018553883323398496,5.1003176880120325e-05,0.007141650851177221,0.029517323161358466
3050,SINOS,2000,933,0.006606122205588922,0.0047712591804662885,0.0018348630251226329,4.980063432233826e-05,0.007056956448947256,0.02976389341693031
3051,SINOS,2000,934,0.006593376042191608,0.004751053857032517,0.0018423221851590903,5.021998523277731e-05,0.00708660604469991,0.029648407661022058
3052,SINOS,2000,935,0.006568678928287696,0.004744652319976026,0.0018240266083116706,4.97222255512406e-05,0.007051398836489154,0.03021649628412726
3053,SINOS,2000,936,0.006544877695925757,0.0047367282106889905,0.0018081494852367663,4.9445810327992707e-05,0.007031771492873805,0.030748028446339615
3054,SINOS,2000,937,0.006534313576391237,0.004749237418438789,0.0017850761579524478,4.965959039225696e-05,0.0070469561082964725,0.030985161597770428
3055,SINOS,2000,938,0.00652416779268591,0.004750774105559365,0.0017733936871265447,4.881518630296989e-05,0.006986786550551683,0.03055943641142933
3056,SINOS,2000,939,0.006516999557058816,0.0047466142095385685,0.001770385347520247,4.873878486701366e-05,0.006981316843333617,0.030658146283486398
3057,SINOS,2000,940,0.0065058954376591115,0.0047469572832333495,0.0017589381544257615,4.8569329122926526e-05,0.00696916990199884,0.03098271429032351
3058,SINOS,2000,941,0.006497048344907461,0.004743859691522994,0.0017531886533844675,4.849724496720895e-05,0.006963996335956026,0.03127873589832719
3059,SINOS,2000,942,0.0064858367011959945,0.004747928744180551,0.0017379079570154438,4.832864280427408e-05,0.006951880522871066,0.03149484331119623
3060,SINOS,2000,943,0.006476376100584687,0.004753980845289512,0.0017223952552951757,4.8392609678118226e-05,0.006956479690052881,0.031325421445641655
3061,SINOS,2000,944,0.006476255602430326,0.004789216411723279,0.0016870391907070467,4.7197727362857616e-05,0.006870060215373488,0.030492892617640543
3062,SINOS,2000,945,0.006470333793839905,0.004766205332195738,0.0017041284616441678,4.776846391717359e-05,0.006911473353574735,0.03090893484362145
3063,SINOS,2000,946,0.006465078367239237,0.004767476905253278,0.0016976014619859592,4.755806669497964e-05,0.0068962356902138745,0.030531976433952113
3064,SINOS,2000,947,0.00645361365894192,0.004781724107839765,0.0016718895511021548,4.693812963248479e-05,0.006851140754099626,0.02953964231372297
3065,SINOS,2000,948,0.00644504596920037,0.004792388505537093,0.0016526574636632773,4.632882755380745e-05,0.006806528304048066,0.029082463758493104
3066,SINOS,2000,949,0.006433598709923632,0.00481198118000882,0.0016216175299148116,4.556473144495716e-05,0.0067501652901952825,0.028472924955463275
3067,SINOS,2000,950,0.006421753362948534,0.004822647238607096,0.0015991061243414376,4.463741942414268e-05,0.00668112411381069,0.028716246043232196
3068,SINOS,2000,951,0.0064085630757146905,0.004823272891185402,0.0015852901845292877,4.3940983848410235e-05,0.006628799578235129,0.029037302755214878
3069,SINOS,2000,952,0.006401567871670162,0.004828429844580445,0.001573138027089717,4.335512972927664e-05,0.006584461233030128,0.02901798400984057
3070,SINOS,2000,953,0.006393016717816791,0.004812374977728368,0.0015806417400884227,4.3626341496785886e-05,0.006605023958835114,0.02887762134007188
3071,SINOS,2000,954,0.006384367672256355,0.004790674744846095,0.0015936929274102596,4.3925208041734146e-05,0.006627609526951188,0.02882754465427273
3072,SINOS,2000,955,0.006376061719081357,0.0047680413179095205,0.001608020401171836,4.477172185150407e-05,0.006691167450565265,0.028955604532644008
3073,SINOS,2000,956,0.006372912958766987,0.004764865357180873,0.0016080476015861152,4.464978522808216e-05,0.006682049478122873,0.029040336345917517
3074,SINOS,2000,957,0.006370001098015015,0.004763070485990369,0.001606930612024646,4.4652852457481894e-05,0.00668227898680397,0.02913113716255178
3075,SINOS,2000,958,0.006365236799098742,0.004760667585561565,0.0016045692135371768,4.472262159402367e-05,0.006687497408898464,0.029157562650012236
3076,SINOS,2000,959,0.006358804862030887,0.004759775588083697,0.00159902927394719,4.472517483559806e-05,0.006687688302814214,0.028960433415441855
3077,SINOS,2000,960,0.006351632977973657,0.00476563466389484,0.0015859983140788178,4.485199891293955e-05,0.006697163497551747,0.02863823212104699
3078,SINOS,2000,961,0.006352449880109865,0.00478178652263271,0.0015706633574771548,4.414684918724035e-05,0.006644309534273697,0.028114506481035695
3079,SINOS,2000,962,0.0063459091378239366,0.0047679056486876785,0.001578003489136258,4.446863840614399e-05,0.006668480966917727,0.028015352374681723
3080,SINOS,2000,963,0.006338979476250504,0.004767531985108559,0.0015714474911419452,4.422037142024157e-05,0.006649839954483233,0.028050836011881353
3081,SINOS,2000,964,0.006329507503235122,0.004771484822841095,0.001558022680394027,4.3920778891472214e-05,0.006627275374652257,0.028038443997129903
3082,SINOS,2000,965,0.006325633072154179,0.004777911091399133,0.001547721980755046,4.324721908911278e-05,0.006576261786844619,0.02858410072146328
3083,SINOS,2000,966,0.006321102401227881,0.004784958206125558,0.0015361441951023229,4.3609705949885316e-05,0.0066037645286522225,0.028358320767190415
3084,SINOS,2000,967,0.0063130214212838804,0.0047878382785152725,0.001525183142768608,4.2532282536439074e-05,0.00652167789272355,0.029178943199304863
3085,SINOS,2000,968,0.0063058090515183155,0.004781269466611752,0.0015245395849065634,4.255907301466497e-05,0.006523731525336168,0.029127361443957167
3086,SINOS,2000,969,0.006274018508788893,0.004764308802737423,0.0015097097060514707,4.221420798840693e-05,0.006497246184993065,0.029180209306178095
3087,SINOS,2000,970,0.00624381564079631,0.004755786267226951,0.0014880293735693587,4.133007488474179e-05,0.006428847088299876,0.029554128083186304
3088,SINOS,2000,971,0.00621265467019038,0.004758397315246884,0.001454257354943496,4.010260472682127e-05,0.006332661741070753,0.03074387869996581
3089,SINOS,2000,972,0.0061938948299494825,0.004753530357241814,0.0014403644727076688,3.9220539013322075e-05,0.006262630358988312,0.03149961886499336
3090,SINOS,2000,973,0.006181113015128458,0.004752956608801143,0.0014281564063273141,3.868734835123652e-05,0.0062199154617435535,0.03196903138547341
3091,SINOS,2000,974,0.006169175056984946,0.00474719132230873,0.0014219837346762163,3.853318290316565e-05,0.006207510201615914,0.03222354000649691
3092,SINOS,2000,975,0.0061535891767571065,0.004747778848289618,0.0014058103284674893,3.795066693993162e-05,0.006160411263863122,0.03201103828299984
3093,SINOS,2000,976,0.006134345253765737,0.004736535494505195,0.0013978097592605419,3.8069031630936664e-05,0.006170010667003475,0.031642692726793376
3094,SINOS,2000,977,0.006115373711664686,0.004718568347965076,0.0013968053636996094,3.849336273501767e-05,0.006204301953887936,0.03100441311103891
3095,SINOS,2000,978,0.006101468022332005,0.004714374102818952,0.0013870939195130528,3.840140423381152e-05,0.00619688665652451,0.030869601493443033
3096,SINOS,2000,979,0.0060812310593345645,0.004698377035401082,0.0013828540239334826,3.8612049310959574e-05,0.0062138594537501065,0.0310008430517274
3097,SINOS,2000,980,0.00606867451057294,0.004683846125985559,0.0013848283845873813,3.945031773342992e-05,0.006280948792454045,0.031126433293339806
3098,SINOS,2000,981,0.006056784772152447,0.004670660403153205,0.0013861243689992418,3.955887246958816e-05,0.006289584443314849,0.03134777377740533
3099,SINOS,2000,982,0.0060338536478544685,0.004640341762758104,0.0013935118850963639,3.967506191548967e-05,0.006298814326164065,0.03172705802375392
3100,SINOS,2000,983,0.006012755311189635,0.004613119864525552,0.0013996354466640827,4.000000689266166e-05,0.006324555865249485,0.032456960856747596
3101,SINOS,2000,984,0.005978624858751968,0.0045801546203842036,0.0013984702383677643,3.953246790820323e-05,0.006287485022503292,0.03349603779951732
3102,SINOS,2000,985,0.005934967351725562,0.00452676289408542,0.0014082044576401416,4.019933794708157e-05,0.006340294783926184,0.03374154488009512
3103,SINOS,2000,986,0.005916173258532162,0.004523532837506631,0.001392640421025531,4.004634044038561e-05,0.006328217793374814,0.03361788909034119
3104,SINOS,2000,987,0.005902256134766759,0.004495227657202952,0.0014070284775638071,4.0569760760017323e-05,0.006369439595444589,0.033676817605445
3105,SINOS,2000,988,0.005891421754033935,0.004490706525320369,0.0014007152287135653,4.04231494541108e-05,0.006357920214512825,0.03362475075707244
3106,SINOS,2000,989,0.005872505473926868,0.004477000787463927,0.0013955046864629421,3.997296802183884e-05,0.006322417893641549,0.03386495506572357
3107,SINOS,2000,990,0.0058421551581402465,0.004446818517429071,0.0013953366407111758,3.884882368911486e-05,0.006232882454299524,0.034224604208827725
3108,SINOS,2000,991,0.005810928277122508,0.004410775263445801,0.001400153013676707,3.8414602380360127e-05,0.00619795146644116,0.03453849680302895
3109,SINOS,2000,992,0.005768520863967787,0.004372549708182907,0.0013959711557848795,3.768757296346557e-05,0.006139020521505493,0.03414452240762783
3110,SINOS,2000,993,0.005724643602786625,0.0043408150717723325,0.0013838285310142926,3.6952771768526814e-05,0.006078879153966364,0.03381523539612835
3111,SINOS,2000,994,0.005702602555987125,0.004316489940804753,0.0013861126151823713,3.742884541454156e-05,0.006117911850831259,0.03351627568985066
3112,SINOS,2000,995,0.00567000332401712,0.0042953227050048825,0.001374680619012238,3.792055413681962e-05,0.006157966720989942,0.03286932696622241
3113,SINOS,2000,996,0.0056328530249686705,0.004276109966398941,0.0013567430585697292,3.836842619962822e-05,0.006194225229972528,0.03266577836931811
3114,SINOS,2000,997,0.0056185816460967205,0.004291322513201962,0.001327259132894758,3.867276666399393e-05,0.006218743173985715,0.03196228392713424
3115,SINOS,2000,998,0.005596051221808755,0.004276400758630373,0.001319650463178382,3.764135718762461e-05,0.006135255266704443,0.032250695162483634
3116,SINOS,2000,999,0.005585548129758001,0.004276967995302758,0.001308580134455243,3.666130209214856e-05,0.006054857726829637,0.03261829733347671
3117,SINOS,2000,1000,0.0055715215100588765,0.004280814379825219,0.001290707130233658,3.581995389797129e-05,0.005984977351500278,0.032856055629860215
3118,SINOS,2000,1001,0.005552454601601609,0.004286050148973009,0.0012664044526286005,3.502099783015015e-05,0.005917854157559998,0.033138297385762294
3119,SINOS,2000,1002,0.005540111813034742,0.004302365664537162,0.0012377461484975798,3.5041436050234974e-05,0.005919580732639346,0.03226194034951896
3120,SINOS,2000,1003,0.005529182440872775,0.004301828932094695,0.0012273535087780792,3.517457204100113e-05,0.005930815461722033,0.03203033753482226
3121,SINOS,2000,1004,0.005522171341779846,0.004299342748498208,0.0012228285932816376,3.526106034164714e-05,0.005938102419262162,0.031700265531508565
3122,SINOS,2000,1005,0.005511019729630348,0.004286666159937535,0.0012243535696928127,3.537336873599234e-05,0.0059475514908231214,0.03130090572928762
3123,SINOS,2000,1006,0.005488560184227014,0.004268758926173717,0.0012198012580532966,3.5828674713384044e-05,0.00598570586592626,0.030413775452455327
3124,SINOS,2000,1007,0.005469320520980157,0.0042504528364438405,0.0012188676845363167,3.626589009033085e-05,0.0060221167449934785,0.030362746835488508
3125,SINOS,2000,1008,0.005481709230300348,0.004253102310909516,0.0012286069193908314,3.7836047790812664e-05,0.006151101347792334,0.028942378353899068
3126,SINOS,2000,1009,0.00545715171030584,0.004236877410719715,0.0012202742995861243,3.673605153732943e-05,0.006061027267495951,0.029774418092340882
3127,SINOS,2000,1010,0.005433176697475119,0.004226265913570909,0.00120691078390421,3.642461890490897e-05,0.00603528117861206,0.029868637677889553
3128,SINOS,2000,1011,0.005699602082424031,0.004496389101926882,0.0012032129804971496,3.731129341987529e-05,0.006108297096562617,0.029710310083329083
3129,SINOS,2000,1012,0.005417381181271514,0.004222686807050642,0.0011946943742208716,3.598169432275337e-05,0.005998474332924445,0.02984608269531458
3130,SINOS,2000,1013,0.0053772480804733375,0.004203214776215334,0.0011740333042580034,3.486953500537594e-05,0.005905043184039888,0.029769752105374525
3131,SINOS,2000,1014,0.005355090401059576,0.004186639865950682,0.0011684505351088942,3.492188680167285e-05,0.005909474325324788,0.029314035347308198
3132,SINOS,2000,1015,0.005331312291830866,0.004182021147161589,0.0011492911446692778,3.307316008985418e-05,0.005750926889628678,0.0291819143002629
3133,SINOS,2000,1016,0.005316941789918039,0.0041736443120353565,0.0011432974778826826,3.2975843947540455e-05,0.005742459747141503,0.029100223278210657
3134,SINOS,2000,1017,0.005298281943662629,0.004166634443806772,0.0011316474998558572,3.258653438458096e-05,0.005708461647815545,0.029214501627013056
3135,SINOS,2000,1018,0.005282971167934206,0.004153678737432783,0.001129292430501422,3.2549767625883e-05,0.005705240365303025,0.02949137028614429
3136,SINOS,2000,1019,0.00526358751546044,0.004143723355195067,0.001119864160265373,3.169914221765385e-05,0.0056301991277088815,0.030153369957320153
3137,SINOS,2000,1020,0.005239526677651483,0.004115126273897451,0.0011244004037540324,3.112932251276558e-05,0.00557936578051355,0.030434711597067288
3138,SINOS,2000,1021,0.005218267709836378,0.004098177810267948,0.0011200898995684292,3.0254117678826602e-05,0.0055003743217008965,0.031177831526316646
3139,SINOS,2000,1022,0.005194219621845243,0.004068361604442279,0.0011258580174029642,3.0006899379306e-05,0.005477855363123966,0.031271008403225664
3140,SINOS,2000,1023,0.005170266238212069,0.004043044890812282,0.0011272213473997865,2.9921017002007106e-05,0.005470010694871364,0.031106729758407725
3141,SINOS,2000,1024,0.005149954989611625,0.004032012613047585,0.0011179423765640406,2.909558967111482e-05,0.005394032783652211,0.03116746987368807
3142,SINOS,2000,1025,0.005125616504798349,0.004011473676112749,0.0011141428286856002,2.8842124393939098e-05,0.005370486420608388,0.03114333544461173
3143,SINOS,2000,1026,0.005100722594609206,0.003985721252472912,0.0011150013421362941,2.846047478778563e-05,0.0053348359663428855,0.03133569194862823
3144,SINOS,2000,1027,0.005083420822971334,0.003965827598260897,0.0011175932247104367,2.82223257503391e-05,0.0053124688940584955,0.03145485595639891
3145,SINOS,2000,1028,0.005051144384183288,0.003937223872800948,0.0011139205113823397,2.796402417533593e-05,0.005288102133595372,0.03115970170120591
3146,SINOS,2000,1029,0.005022914412885545,0.0039151382045605415,0.001107776208325004,2.7791446737172573e-05,0.005271759358807321,0.03047048433423266
3147,SINOS,2000,1030,0.004995517774635706,0.0039035943363998817,0.0010919234382358242,2.799475560338334e-05,0.005291007050022079,0.029966982496337058
3148,SINOS,2000,1031,0.004961849454477817,0.0038956826253222845,0.001066166829155533,2.8157919539041006e-05,0.005306403635141319,0.02896330745428538
3149,SINOS,2000,1032,0.004931895300603035,0.0038762829550285606,0.0010556123455744745,2.8990267300137484e-05,0.005384261072806322,0.0282232205737169
3150,SINOS,2000,1033,0.004891448110211794,0.003851369764071608,0.0010400783461401862,2.9354657091571506e-05,0.005417993825353763,0.02800554274267769
3151,SINOS,2000,1034,0.004853936297236723,0.003835413165675758,0.0010185231315609647,2.9770457097395563e-05,0.005456231034092633,0.026523868912356086
3152,SINOS,2000,1035,0.004829657964171482,0.003821647350736288,0.0010080106134351939,2.8878368420156535e-05,0.005373859732087965,0.027298874543707885
3153,SINOS,2000,1036,0.004813121444899503,0.003808138676363796,0.0010049827685357068,2.8217022227372362e-05,0.005311969712580481,0.027468506586483865
3154,SINOS,2000,1037,0.004793256679812695,0.00379389366553373,0.0009993630142789644,2.7615999213573674e-05,0.005255092693147636,0.027375977406845553
3155,SINOS,2000,1038,0.004799694055548139,0.0037768357257319278,0.0010228583298162112,2.897300086570481e-05,0.005382657416713868,0.027182195504037165
3156,SINOS,2000,1039,0.004787341145196865,0.003780356184038319,0.0010069849611585452,2.8096535576657113e-05,0.00530061652797645,0.027284219848578484
3157,SINOS,2000,1040,0.004782763817378994,0.003772775345060031,0.0010099884723189633,2.7811638008164073e-05,0.005273674052135197,0.027262268805814782
3158,SINOS,2000,1041,0.004775902654969983,0.0037625679930491747,0.0010133346619208086,2.8285562370315905e-05,0.00531841728057473,0.027413316939540022
3159,SINOS,2000,1042,0.004772583041546451,0.003760674091969918,0.0010119089495765326,2.866431906296938e-05,0.005353906897114422,0.027551892793182764
3160,SINOS,2000,1043,0.004763678443875644,0.003747499791884742,0.0010161786519909022,2.9365232037988163e-05,0.005418969647265812,0.027993138646271676
3161,SINOS,2000,1044,0.00475068871514726,0.003728873578821026,0.001021815136326234,2.9890856734272298e-05,0.005467253125132611,0.028934253053863157
3162,SINOS,2000,1045,0.004735772925367869,0.0037115502394096922,0.0010242226859581767,2.9977622315987812e-05,0.005475182400248216,0.029297042944675
3163,SINOS,2000,1046,0.004729941068389482,0.0036935320060230235,0.0010364090623664584,2.8979953860658623e-05,0.00538330324806792,0.030703225265291845
3164,SINOS,2000,1047,0.004709138395969332,0.003683869904339525,0.0010252684916298065,2.8913529356134714e-05,0.005377130215657299,0.029709629223512335
3165,SINOS,2000,1048,0.004694001787098334,0.0036840444320444315,0.001009957355053903,2.8481369129866173e-05,0.005336793899886539,0.028761296760071164
3166,SINOS,2000,1049,0.0046788927057817425,0.003691037010090386,0.0009878556956913571,2.7246858664729553e-05,0.00521985236043411,0.027728903360688173
3167,SINOS,2000,1050,0.004665038312988911,0.0036832739263137314,0.000981764386675179,2.7254003268662925e-05,0.005220536683968702,0.026604368623715124
3168,SINOS,2000,1051,0.004656657244421757,0.0036750261862838578,0.0009816310581378987,2.70565201388913e-05,0.00520158823234705,0.026794544988429203
3169,SINOS,2000,1052,0.004651152937173409,0.003670632418659545,0.0009805205185138637,2.696605697758013e-05,0.00519288522669047,0.026978029904737022
3170,SINOS,2000,1053,0.00464682831000057,0.003668485993757014,0.000978342316243556,2.7233949985740794e-05,0.005218615715469074,0.026932856528607718
3171,SINOS,2000,1054,0.004642258461203459,0.0036657531133735587,0.0009765053478298998,2.74549600847124e-05,0.005239748093631258,0.02667024556903369
3172,SINOS,2000,1055,0.00463693059480397,0.0036621055769290793,0.0009748250178748907,2.7677383764484972e-05,0.005260929933432394,0.026336794223793702
3173,SINOS,2000,1056,0.004626992221683062,0.0036565569585006548,0.0009704352631824068,2.7636828745620656e-05,0.0052570741620810955,0.025636340489761655
3174,SINOS,2000,1057,0.004703659472897779,0.003724324803896236,0.0009793346690015435,2.859869662428803e-05,0.005347774922740114,0.024591853548828035
3175,SINOS,2000,1058,0.004624545056312118,0.003655161276360238,0.0009693837799518801,2.7670877784107686e-05,0.005260311567208513,0.025484824816988938
3176,SINOS,2000,1059,0.004616769901150551,0.003651636332216109,0.0009651335689344416,2.766060079388545e-05,0.005259334634141989,0.025211558123981292
3177,SINOS,2000,1060,0.004608627073084721,0.0036510162823205025,0.0009576107907642188,2.756684269375621e-05,0.005250413573591723,0.025043986178934607
3178,SINOS,2000,1061,0.004602248505075636,0.0036543738279096096,0.0009478746771660256,2.74952856569686e-05,0.005243594726613471,0.024814469449419396
3179,SINOS,2000,1062,0.004595467087341534,0.0036604430357333635,0.0009350240516081702,2.744929571204469e-05,0.005239207546189089,0.024811637841805234
3180,SINOS,2000,1063,0.0045911221950615195,0.003663099283120196,0.0009280229119413232,2.7432425388814774e-05,0.005237597291584642,0.024791166777675178
3181,SINOS,2000,1064,0.004585531666003338,0.003668441276349854,0.000917090389653484,2.759279864768279e-05,0.0052528847929192955,0.024616755507696986
3182,SINOS,2000,1065,0.004581367552676298,0.0036696167478183594,0.0009117508048579386,2.737654564977628e-05,0.005232260090035307,0.02484132142761325
3183,SINOS,2000,1066,0.004577971155064668,0.0036673993088886937,0.0009105718461759746,2.7338826825700983e-05,0.005228654399145251,0.024783485708881947
3184,SINOS,2000,1067,0.004575200742638846,0.0036662866432406694,0.0009089140993981767,2.7160369096249357e-05,0.0052115610997329155,0.02493503717691542
3185,SINOS,2000,1068,0.004571875260365074,0.003664014994934381,0.0009078602654306926,2.7009794898827362e-05,0.005197094851821291,0.025018970609325286
3186,SINOS,2000,1069,0.0045674370549726425,0.0036601444302151254,0.0009072926247575167,2.6914721320839816e-05,0.005187939988168697,0.025020935806815137
3187,SINOS,2000,1070,0.004560153867777663,0.0036536540080389633,0.0009064998597387002,2.6954969879625434e-05,0.005191817589209528,0.02476662449262762
3188,SINOS,2000,1071,0.004551528945943409,0.0036417956392045337,0.0009097333067388752,2.7218032903044726e-05,0.005217090463375609,0.02459013716450381
3189,SINOS,2000,1072,0.004540538747217099,0.003631326915449382,0.0009092118317677168,2.7616390267280933e-05,0.005255129900133861,0.02416778584709761
3190,SINOS,2000,1073,0.004523837101040014,0.0036208720843113364,0.0009029650167286778,2.8217166597490663e-05,0.00531198330169539,0.023708290094742457
3191,SINOS,2000,1074,0.00451327854965323,0.0036166106087392015,0.0008966679409140281,2.8329578953904392e-05,0.005322553800000935,0.02363385500819709
3192,SINOS,2000,1075,0.004502050667635026,0.0036191178863544684,0.0008829327812805573,2.8778207625423735e-05,0.005364532377143765,0.023630365802298436
3193,SINOS,2000,1076,0.00449483811179747,0.0036215750666150374,0.0008732630451824321,2.8271480993722615e-05,0.005317093284278791,0.023774476016841184
3194,SINOS,2000,1077,0.00448907710712974,0.0036276888599824407,0.0008613882471472996,2.7503942406496137e-05,0.005244420121090237,0.023824904180923034
3195,SINOS,2000,1078,0.00448261220154453,0.0036342051448937243,0.0008484070566508051,2.6677174029704556e-05,0.005164995065796729,0.02373700117681582
3196,SINOS,2000,1079,0.0044729618187887244,0.003641666254939511,0.0008312955638492138,2.587116715103638e-05,0.005086370724891804,0.02334709326017287
3197,SINOS,2000,1080,0.004462184119669689,0.0036508037806679064,0.000811380339001783,2.505007836623418e-05,0.005005005331289287,0.023008131967816536
3198,SINOS,2000,1081,0.004454159968334671,0.003649513753506504,0.0008046462148281668,2.5059718545538877e-05,0.005005968292502348,0.022695829670565215
3199,SINOS,2000,1082,0.00444847470042063,0.003637874921144383,0.0008105997792762472,2.5375212124454524e-05,0.005037381474978297,0.022655662021876244
3200,SINOS,2000,1083,0.004442581662632076,0.0036258458818680954,0.0008167357807639805,2.5883727560537797e-05,0.005087605287415465,0.022677994206769803
3201,SINOS,2000,1084,0.004445744131372004,0.0036401744722297444,0.0008055696591422598,2.5343192384228727e-05,0.005034202258971001,0.02279036717542321
3202,SINOS,2000,1085,0.004435476464166321,0.0036244231326461847,0.0008110533315201362,2.5591411592145623e-05,0.005058795468502915,0.022730579275531626
3203,SINOS,2000,1086,0.004423461816464584,0.003608700846420857,0.0008147609700437277,2.594929416419004e-05,0.0050940449707663595,0.02287244825945306
3204,SINOS,2000,1087,0.004411303864315996,0.0035988168585785116,0.000812487005737484,2.5672912564008105e-05,0.005066844438504907,0.0232227554474686
3205,SINOS,2000,1088,0.004402402316313901,0.0036004127086199027,0.0008019896076939983,2.4832090515481905e-05,0.004983180762874442,0.023456352094837818
3206,SINOS,2000,1089,0.004386226700077892,0.00359813084282522,0.0007880958572526723,2.3760573439700655e-05,0.004874481863716456,0.02380124183895077
3207,SINOS,2000,1090,0.004362257014875684,0.003591538242374917,0.0007707187725007664,2.2345005999125354e-05,0.004727050454472149,0.024393419175159525
3208,SINOS,2000,1091,0.004351235057360089,0.0035958483951520222,0.0007553866622080668,2.1355360004195347e-05,0.004621185995412363,0.025536541164947912
3209,SINOS,2000,1092,0.004308276720888354,0.0035635564294011317,0.0007447202914872225,2.0877615327548524e-05,0.004569202920373369,0.024883103429483577
3210,SINOS,2000,1093,0.004276152252170089,0.0035362902760378,0.0007398619761322884,2.1114675355490568e-05,0.004595070767190704,0.024564998436243213
3211,SINOS,2000,1094,0.004244924397011247,0.0035208691277461204,0.0007240552692651275,2.1138044028095345e-05,0.004597612861920341,0.02400335000095616
3212,SINOS,2000,1095,0.004228568237100078,0.003500191292862078,0.0007283769442379998,2.229625860166097e-05,0.004721891422053346,0.024216902514651417
3213,SINOS,2000,1096,0.004200787920288159,0.003493464933789965,0.0007073229864981946,2.1348674960969995e-05,0.004620462634950097,0.023741429327789276
3214,SINOS,2000,1097,0.004180284966312359,0.0034912834712225796,0.0006890014950897796,2.0655190893820348e-05,0.004544798223664099,0.023375139329505135
3215,SINOS,2000,1098,0.004168970439712545,0.0034851583702585264,0.0006838120694540187,2.0628946909061926e-05,0.004541910050745383,0.023167336267696903
3216,SINOS,2000,1099,0.004150394616322633,0.0034747734911167684,0.0006756211252058645,2.059671256313036e-05,0.004538360118272938,0.022652166908098292
3217,SINOS,2000,1100,0.004130567778004975,0.003469227260006983,0.0006613405179979919,2.058808502834836e-05,0.004537409506353637,0.021511025915275928
3218,SINOS,2000,1101,0.004124596371641436,0.0034600011051678526,0.0006645952664735837,2.0157255768952696e-05,0.0044896832593126984,0.02079568678068039
3219,SINOS,2000,1102,0.004108455423410979,0.0034529751301744394,0.0006554802932365394,2.0107896469498047e-05,0.004484182921056862,0.020794608916971657
3220,SINOS,2000,1103,0.004099367627738429,0.003455454902344794,0.0006439127253936355,1.983439341753823e-05,0.004453582088334988,0.0206053864462174
3221,SINOS,2000,1104,0.004091051794645831,0.0034608395748764328,0.0006302122197693985,1.944604797797615e-05,0.004409767338304386,0.020071786369950606
3222,SINOS,2000,1105,0.004086031590243259,0.003464252012308391,0.0006217795779348686,1.939339561095336e-05,0.004403793320644529,0.020278069401191645
3223,SINOS,2000,1106,0.004080132255817666,0.003463674278374623,0.0006164579774430422,1.9173180298343557e-05,0.00437871902482262,0.02006747511240564
3224,SINOS,2000,1107,0.004070481867466684,0.003464470032871348,0.0006060118345953365,1.8827925310827178e-05,0.004339115729135048,0.019800503041996598
3225,SINOS,2000,1108,0.004063435032440056,0.003468559018274383,0.0005948760141656728,1.8564237164493648e-05,0.004308623581202429,0.019630028191190363
3226,SINOS,2000,1109,0.0040531469559093895,0.003470210574324001,0.0005829363815853883,1.8351631542355742e-05,0.004283880430445712,0.02014826181233953
3227,SINOS,2000,1110,0.004043402925617712,0.003474496060074621,0.0005689068655430901,1.8132475857893693e-05,0.004258224495948246,0.02019428537943968
3228,SINOS,2000,1111,0.004032977646863102,0.00346639900133647,0.000566578645526632,1.7987517532618237e-05,0.004241169359105839,0.019702632757247596
3229,SINOS,2000,1112,0.004032248536258961,0.003456223606785716,0.0005760249294732458,1.8968305847740284e-05,0.004355261857539715,0.01911647776570069
3230,SINOS,2000,1113,0.004028762018400625,0.0034578823896968813,0.0005708796287037431,1.846629281510813e-05,0.0042972424664089095,0.019395496350419927
3231,SINOS,2000,1114,0.004022203203319512,0.0034498361986287822,0.0005723670046907296,1.8187763207558195e-05,0.004264711386196983,0.018657647733623328
3232,SINOS,2000,1115,0.004016743180863517,0.0034428220386061646,0.0005739211422573524,1.8097619747765378e-05,0.00425412972860083,0.01853452869279515
3233,SINOS,2000,1116,0.0040000438357349595,0.0034273481753696873,0.0005726956603652722,1.8168992439753875e-05,0.004262510110223068,0.019051871393539366
3234,SINOS,2000,1117,0.003987197489534428,0.0034115871115648726,0.0005756103779695552,1.8401523420108666e-05,0.004289699688802081,0.018912061218651965
3235,SINOS,2000,1118,0.003975686880663372,0.003389342559213063,0.0005863443214503092,1.914994130088351e-05,0.004376064590574905,0.019358147841232243
3236,SINOS,2000,1119,0.003965148854444808,0.0033814502505959583,0.0005836986038488504,1.877388924705217e-05,0.0043328846334805835,0.018806288388522385
3237,SINOS,2000,1120,0.00395709986869675,0.003379564192815169,0.0005775356758815812,1.8268874754375643e-05,0.004274210424672099,0.018665721270991587
3238,SINOS,2000,1121,0.003949079176399631,0.003375650372657464,0.0005734288037421677,1.7870138930408512e-05,0.004227308710090678,0.01840457758091857
3239,SINOS,2000,1122,0.003939135596254595,0.00337649470659335,0.0005626408896612452,1.7304141654512785e-05,0.004159824714397565,0.017659645062612805
3240,SINOS,2000,1123,0.003926172134073517,0.003364869833358769,0.0005613023007147486,1.7092350410145858e-05,0.004134289589536013,0.017329356516716576
3241,SINOS,2000,1124,0.003911642352736872,0.003358452467996825,0.0005531898847400468,1.6866104341631093e-05,0.004106836293502712,0.017778482946692264
3242,SINOS,2000,1125,0.00389880111515454,0.0033416177873057985,0.0005571833278487416,1.7137336210837733e-05,0.004139726586483428,0.018344855182134134
3243,SINOS,2000,1126,0.00388712307759689,0.0033290447807285558,0.0005580782968683343,1.7388917207520875e-05,0.004170002063251393,0.018794881878958725
3244,SINOS,2000,1127,0.003868985276285334,0.0033103711460284258,0.0005586141302569084,1.7466322415323933e-05,0.004179272952957719,0.019301500687398
3245,SINOS,2000,1128,0.0038376552301465226,0.003278539130222082,0.0005591160999244408,1.76757276190518e-05,0.00420425113653452,0.019385285367132132
3246,SINOS,2000,1129,0.0038294175116446987,0.0032800784273059476,0.0005493390843387513,1.6516752124366984e-05,0.004064080723160772,0.01767735025345496
3247,SINOS,2000,1130,0.0037821897800268717,0.003227438739462239,0.0005547510405646328,1.679623606068903e-05,0.004098321127082287,0.01787811706347653
3248,SINOS,2000,1131,0.003766777354007762,0.0032159910562189658,0.0005507862977887963,1.647415596111782e-05,0.004058836774387191,0.017937101634345032
3249,SINOS,2000,1132,0.0037467797301442363,0.0032043635986969445,0.000542416131447292,1.5863480442456046e-05,0.00398289849763411,0.017793067820623065
3250,SINOS,2000,1133,0.0037318669974156816,0.0031994778522172894,0.0005323891451983923,1.5431768619249385e-05,0.003928328985618361,0.017689111394074253
3251,SINOS,2000,1134,0.003726722969638625,0.003198786798610121,0.0005279361710285041,1.5771961847771425e-05,0.003971392935453684,0.017605544540803653
3252,SINOS,2000,1135,0.003714592953813569,0.0032075743853749827,0.000507018568438586,1.4670261589299775e-05,0.003830177749047657,0.017346634021682794
3253,SINOS,2000,1136,0.0036953299977792895,0.003184725770426532,0.0005106042273527577,1.459219457897026e-05,0.003819973112336036,0.017237481294942736
3254,SINOS,2000,1137,0.003681441012737867,0.0031712427566263275,0.0005101982561115392,1.4846312237128786e-05,0.0038530912573061108,0.017253554408771965
3255,SINOS,2000,1138,0.003662439107694095,0.003156343878112351,0.0005060952295817438,1.471083467107096e-05,0.003835470593169886,0.017002888928695392
3256,SINOS,2000,1139,0.003630407382308246,0.003120290742896761,0.0005101166394114849,1.4635097143256868e-05,0.0038255845492234084,0.018236175626155204
3257,SINOS,2000,1140,0.0036030050289421025,0.0030949650417111414,0.0005080399872309613,1.4607912085087076e-05,0.0038220298383302917,0.01951808451766779
3258,SINOS,2000,1141,0.003587821240234438,0.0030782754579992077,0.0005095457822352301,1.4706021410072745e-05,0.003834843075025723,0.019900688398926003
3259,SINOS,2000,1142,0.003562436019699678,0.0030470961605275895,0.0005153398591720885,1.5216340920554387e-05,0.0039008128538234677,0.0210746778237334
3260,SINOS,2000,1143,0.003564181215453121,0.003040317544450107,0.0005238636710030143,1.5973062352230703e-05,0.003996631375575023,0.02121546023024712
3261,SINOS,2000,1144,0.0035492159389990856,0.003031539873410375,0.0005176760655887108,1.5509336804648244e-05,0.003938189533865561,0.02114318188153652
3262,SINOS,2000,1145,0.003535008821848325,0.003016401601946645,0.0005186072199016801,1.6076486683735633e-05,0.0040095494364997715,0.021876819806588066
3263,SINOS,2000,1146,0.0035222709817161668,0.0030030810821248897,0.0005191898995912773,1.6887387811135482e-05,0.004109426701029656,0.02256350998494383
3264,SINOS,2000,1147,0.003514202691968922,0.002996578662641904,0.0005176240293270177,1.7282195282563535e-05,0.004157185981233403,0.022467230024854068
3265,SINOS,2000,1148,0.003510160887984452,0.0029892252968599002,0.0005209355911245518,1.739655215769255e-05,0.004170917423983907,0.022426504590479013
3266,SINOS,2000,1149,0.0035026160668993546,0.0029808103199318384,0.0005218057469675163,1.764944354256767e-05,0.0042011240808345176,0.021864467516066854
3267,SINOS,2000,1150,0.0034995423926825983,0.0029801500924335595,0.0005193923002490388,1.7432570422392587e-05,0.004175232978217214,0.02195106727384355
3268,SINOS,2000,1151,0.0034951285904833013,0.0029771323438887737,0.0005179962465945276,1.732035578726775e-05,0.004161773154229787,0.021997229950961428
3269,SINOS,2000,1152,0.0034860620008376926,0.0029708313697482986,0.0005152306310893943,1.719626003069185e-05,0.004146837352813811,0.022035084131998617
3270,SINOS,2000,1153,0.0034882354265085565,0.0029634726369643085,0.0005247627895442479,1.7793125792553488e-05,0.004218189871562622,0.02286456060396591
3271,SINOS,2000,1154,0.003478499222761216,0.0029607098667100242,0.0005177893560511921,1.74151215518882e-05,0.00417314288658898,0.022425861672577208
3272,SINOS,2000,1155,0.003462428504686361,0.00295323199378798,0.000509196510898381,1.721686592508117e-05,0.0041493211402687516,0.02219799192142724
3273,SINOS,2000,1156,0.0034488708891887905,0.0029392100627761947,0.0005096608264125957,1.6576506989295793e-05,0.004071425670363613,0.022623310140580388
3274,SINOS,2000,1157,0.003437444941573366,0.0029258614870222802,0.000511583454551086,1.6655037587687404e-05,0.0040810583906245946,0.023096772798555376
3275,SINOS,2000,1158,0.00342544071999527,0.002909454979847145,0.0005159857401481252,1.7128174229516027e-05,0.004138619845977162,0.02360627688227468
3276,SINOS,2000,1159,0.003420590298577277,0.002896938323346204,0.0005236519752310731,1.7432666969103e-05,0.004175244540036308,0.02428026519080695
3277,SINOS,2000,1160,0.003415748854973129,0.0028894089617004072,0.0005263398932727217,1.7517937509767638e-05,0.004185443526051646,0.024396017477265386
3278,SINOS,2000,1161,0.0034086561710295325,0.002873974291148135,0.0005346818798813974,1.7856187428564405e-05,0.004225658224296471,0.02476123456475232
3279,SINOS,2000,1162,0.003402663961586645,0.0028629223888390204,0.0005397415727476248,1.81105338606376e-05,0.004255647290440974,0.02518840892484342
3280,SINOS,2000,1163,0.003457095470277476,0.0028970698832754167,0.0005600255870020592,1.9680333303504477e-05,0.004436252168610851,0.02519380131897664
3281,SINOS,2000,1164,0.003400349227774941,0.0028583302960121498,0.000542018931762791,1.83216494679165e-05,0.0042803795939047855,0.025198900663628843
3282,SINOS,2000,1165,0.003391875314402119,0.0028452555616370603,0.0005466197527650587,1.8671155294555577e-05,0.004321013225454833,0.02577989647688439
3283,SINOS,2000,1166,0.0033831970021604495,0.0028395481190165795,0.00054364888314387,1.85919572426708e-05,0.0043118391948994104,0.026209860853358524
3284,SINOS,2000,1167,0.0033758087997723127,0.0028330644394517377,0.0005427443603205749,1.9052711994644208e-05,0.004364941236104355,0.026766449931039826
3285,SINOS,2000,1168,0.003371525499463247,0.002838275918601087,0.0005332495808621598,1.824783211391524e-05,0.004271748133248874,0.02691669717594114
3286,SINOS,2000,1169,0.0033651434617140126,0.002833724002125315,0.0005314194595886976,1.8289506983441198e-05,0.004276623315589204,0.026548500423647092
3287,SINOS,2000,1170,0.003359942298841473,0.0028303835729299445,0.0005295587259115285,1.8215125931127753e-05,0.004267918219826588,0.0264900455739131
3288,SINOS,2000,1171,0.0033546370132944018,0.002825847491340142,0.0005287895219542596,1.8366996584639977e-05,0.004285673410870219,0.026146602317850376
3289,SINOS,2000,1172,0.003347548184172489,0.002818296724257393,0.000529251459915096,1.8468921509331837e-05,0.004297548313786808,0.026475290451743794
3290,SINOS,2000,1173,0.0033475572364502,0.00281168407191992,0.0005358731645302799,1.8935360302879275e-05,0.004351477944661937,0.025856201058759742
3291,SINOS,2000,1174,0.003343455262978136,0.002811394572500123,0.0005320606904780133,1.8685644155121338e-05,0.004322689458557177,0.026166018812539216
3292,SINOS,2000,1175,0.0033367276955532823,0.0028030806130047606,0.0005336470825485219,1.893051652652995e-05,0.004350921342259585,0.026276193212708243
3293,SINOS,2000,1176,0.0033285314857397184,0.0027930055159586225,0.0005355259697810962,1.9337070791540837e-05,0.004397393636182783,0.026316013926784176
3294,SINOS,2000,1177,0.0033161959042336117,0.0027814996821867574,0.0005346962220468544,1.9476505281693542e-05,0.004413219378378277,0.026179036583907744
3295,SINOS,2000,1178,0.003294430540295991,0.002760547936376585,0.0005338826039194063,1.9223616893387747e-05,0.004384474528764849,0.02548373440732643
3296,SINOS,2000,1179,0.0032769255224368663,0.0027383580708022163,0.0005385674516346502,1.9229772975230073e-05,0.004385176504455673,0.025710992221951723
3297,SINOS,2000,1180,0.003265845203606411,0.002721593161855996,0.0005442520417504153,1.9444601731401996e-05,0.004409603353069525,0.025615494281482354
3298,SINOS,2000,1181,0.003257479625143852,0.0027092098298165143,0.0005482697953273376,1.9200208320068246e-05,0.004381804231143633,0.025878702723241664
3299,SINOS,2000,1182,0.003251596732097454,0.002701948715070447,0.0005496480170270073,1.9183717903559166e-05,0.004379922134417365,0.025732959045461357
3300,SINOS,2000,1183,0.00324361473698319,0.0026865588694949425,0.0005570558674882475,1.9053500364372605e-05,0.004365031542196757,0.02624637632352067
3301,SINOS,2000,1184,0.0032366065129589058,0.0026820690373518894,0.0005545374756070161,1.8854231867830823e-05,0.004342145997986574,0.026063047330553757
3302,SINOS,2000,1185,0.003230017290465301,0.0026760820781238804,0.0005539352123414206,1.8818855154182088e-05,0.0043380704413577805,0.02596631035723751
3303,SINOS,2000,1186,0.0032244793058568357,0.0026826463226300203,0.0005418329832268153,1.9031769021576306e-05,0.004362541578206024,0.024317573444484264
3304,SINOS,2000,1187,0.0032144534969168652,0.0026733699045533538,0.0005410835923635113,1.926968991458599e-05,0.004389725494217832,0.023908267783726678
3305,SINOS,2000,1188,0.003208212420345129,0.002669388330640136,0.0005388240897049931,1.9428997354183454e-05,0.004407833635039264,0.023922520129643243
3306,SINOS,2000,1189,0.0032032318507403353,0.0026687807333064893,0.000534451117433846,1.954886261367187e-05,0.004421409573164634,0.023804276485182796
3307,SINOS,2000,1190,0.003196140515231931,0.0026702448935785683,0.0005258956216533629,1.918775030402254e-05,0.004380382438100872,0.02290529848544154
3308,SINOS,2000,1191,0.003188610752762046,0.0026638352738879803,0.0005247754788740656,1.9158935547748658e-05,0.0043770921337971235,0.02273577726080822
3309,SINOS,2000,1192,0.0031760417775312817,0.0026496042292100757,0.0005264375483212058,1.925724201055278e-05,0.004388307419786447,0.022665844597477336
3310,SINOS,2000,1193,0.003167990858896117,0.0026424420407259596,0.0005255488181701572,1.9107902690767636e-05,0.004371258707828631,0.022614221425094283
3311,SINOS,2000,1194,0.003160606655797,0.002631570123890179,0.0005290365319068207,1.9135309847922597e-05,0.0043743925118720885,0.022651034172542994
3312,SINOS,2000,1195,0.003156802105407086,0.002624758608955625,0.0005320434964514612,1.996207770365887e-05,0.004467894101661192,0.024082333813195578
3313,SINOS,2000,1196,0.0031531192724928644,0.0026239978018226915,0.0005291214706701731,1.948371921729266e-05,0.0044140366125908674,0.02389571321603512
3314,SINOS,2000,1197,0.0031511824811360726,0.002621270460230777,0.0005299120209052955,1.9383418114612757e-05,0.004402660345133696,0.024053648937140903
3315,SINOS,2000,1198,0.003148988343825645,0.002619650363246625,0.0005293379805790202,1.9296606586500772e-05,0.0043927902962127355,0.02424314834209995
3316,SINOS,2000,1199,0.003143367211579939,0.0026183610325870767,0.0005250061789928623,1.9126483957573763e-05,0.004373383582259137,0.02542172176022739
3317,SINOS,2000,1200,0.0031547091355758838,0.002644434798921599,0.0005102743366542847,1.7568179498774665e-05,0.004191441219768525,0.025519227955323798
3318,SINOS,2000,1201,0.003141786124714446,0.002621643206951495,0.0005201429177629508,1.8640950603560343e-05,0.00431751671722998,0.02544732237785663
3319,SINOS,2000,1202,0.0031342799358133953,0.0026213798689459335,0.0005129000668674619,1.7995840346208794e-05,0.004242150438894028,0.02544997843223029
3320,SINOS,2000,1203,0.0031300919786480348,0.002620650403506925,0.0005094415751411101,1.805695174284758e-05,0.0042493472137314905,0.02545998238781999
3321,SINOS,2000,1204,0.0031259763518932658,0.0026196660009562976,0.000506310350936968,1.8228990299362183e-05,0.004269542165076038,0.02535383394053803
3322,SINOS,2000,1205,0.003122932822545048,0.0026173914642129,0.0005055413583321478,1.8496503432544208e-05,0.004300756146603084,0.02533602057596296
3323,SINOS,2000,1206,0.003118288233553435,0.002613372377761569,0.0005049158557918661,1.9138547432362457e-05,0.004374762557255245,0.025201889502891484
3324,SINOS,2000,1207,0.003125879423104829,0.002611909793296372,0.0005139696298084571,2.1937136862412296e-05,0.004683709732937375,0.02563251502820163
3325,SINOS,2000,1208,0.0031149628426984707,0.002607176072452651,0.0005077867702458193,2.003869825403247e-05,0.004476460460456729,0.025354833560552903
3326,SINOS,2000,1209,0.0031113897038822177,0.0026041063677342937,0.0005072833361479241,1.9951287268108128e-05,0.00446668638568997,0.025311532999576225
3327,SINOS,2000,1210,0.0031064590460542405,0.002599705111863665,0.0005067539341905756,1.9595550432531234e-05,0.004426686168290139,0.02503752719079677
3328,SINOS,2000,1211,0.003103260613599961,0.002599331578551631,0.0005039290350483301,1.91560527459137e-05,0.004376762815816468,0.02485831404688077
3329,SINOS,2000,1212,0.003107566276011536,0.002619691185261162,0.0004878750907503744,1.7646180481526683e-05,0.004200735707174005,0.023801420857089917
3330,SINOS,2000,1213,0.0031007115630737802,0.002603455922626697,0.0004972556404470832,1.855133141608682e-05,0.004307125655943511,0.024464523495735024
3331,SINOS,2000,1214,0.0030966405924950993,0.0026044136316177276,0.0004922269608773717,1.815215812949021e-05,0.004260534958134977,0.024152966947086685
3332,SINOS,2000,1215,0.003092726143873437,0.0026055758859362048,0.0004871502579372321,1.792535723706805e-05,0.004233834814570362,0.023834837591466873
3333,SINOS,2000,1216,0.0030884124073344626,0.0026050566946689982,0.00048335571266546433,1.80464823307284e-05,0.004248115150361205,0.023690995175070895
3334,SINOS,2000,1217,0.003084856090418175,0.002612871256272465,0.0004719848341457099,1.766168272086299e-05,0.004202580483567565,0.0237347114575589
3335,SINOS,2000,1218,0.0030762632553061535,0.0026003960003267365,0.00047586725497941707,1.825235671349884e-05,0.004272277696205953,0.024014317348217573
3336,SINOS,2000,1219,0.003069486433326403,0.0025911944816507937,0.0004782919516756094,1.847233562975377e-05,0.004297945512655293,0.02434197640107938
3337,SINOS,2000,1220,0.003066939027849434,0.002597151467846558,0.0004697875600028758,1.766190388774268e-05,0.004202606796708762,0.024582408391206845
3338,SINOS,2000,1221,0.00305384861582836,0.0025816257681290215,0.0004722228476993388,1.776741446578844e-05,0.0042151410967829345,0.025107038278215144
3339,SINOS,2000,1222,0.0030481721745762103,0.0025784395131901385,0.00046973266138607166,1.7528016830988855e-05,0.004186647445270363,0.024983542389031554
3340,SINOS,2000,1223,0.0030390214130327155,0.00257409609487849,0.0004649253181542252,1.6864391944542126e-05,0.004106627806916781,0.02468679044346478
3341,SINOS,2000,1224,0.003031267036538183,0.002567514633066152,0.00046375240347203107,1.6389597513909395e-05,0.004048406787108899,0.024491644116451883
3342,SINOS,2000,1225,0.003024314786299865,0.0025517236519288556,0.0004725911343710093,1.6254462257296233e-05,0.004031682311057784,0.025199717800854282
3343,SINOS,2000,1226,0.00301871369219182,0.002539991291870755,0.00047872240032106476,1.672893946293862e-05,0.004090102622543671,0.02467103654675451
3344,SINOS,2000,1227,0.0030150041268594725,0.002537963897113465,0.00047704022974600756,1.6957162236029865e-05,0.004117907506978498,0.024391217144391186
3345,SINOS,2000,1228,0.00301287721851777,0.0025361181784702095,0.0004767590400475605,1.7075104796706762e-05,0.004132203382785843,0.0243125420963215
3346,SINOS,2000,1229,0.0030087860863082,0.002532975821153233,0.0004758102651549672,1.6979765891519247e-05,0.004120651148971391,0.024111796120804163
3347,SINOS,2000,1230,0.003019512931555872,0.0025310125206094254,0.0004885004109464468,1.684701923708626e-05,0.004104512058343386,0.02461164708580954
3348,SINOS,2000,1231,0.0030062633805457064,0.002527178408137239,0.0004790849724084675,1.6875308609070394e-05,0.0041079567438168565,0.02426362824563688
3349,SINOS,2000,1232,0.0030007808348781035,0.002523632698854867,0.00047714813602323656,1.662329506315352e-05,0.004077167529444126,0.024189617192052815
3350,SINOS,2000,1233,0.002995954661246393,0.002524070501512198,0.0004718841597341952,1.6185558606146794e-05,0.0040231279629346604,0.024335039169569694
3351,SINOS,2000,1234,0.002987715487160042,0.002521282946816385,0.000466432540343657,1.5639992688130008e-05,0.003954743062214031,0.02453725555203945
3352,SINOS,2000,1235,0.002976441761059898,0.002516698854213954,0.00045974290684594406,1.4821299926667336e-05,0.003849844143165712,0.02485586669499784
3353,SINOS,2000,1236,0.0029581233219769017,0.0025042392294525226,0.000453884092524379,1.3972381496189925e-05,0.003737964886965891,0.024999228073713464
3354,SINOS,2000,1237,0.002932184604238966,0.002466870263292307,0.00046531434094665896,1.3406018683341282e-05,0.003661423040750861,0.026363448156999425
3355,SINOS,2000,1238,0.0029037024906591437,0.002438334312427536,0.0004653681782316078,1.3585831643522519e-05,0.0036858963148089937,0.025632332349473708
3356,SINOS,2000,1239,0.002885906762424024,0.002408715798436152,0.00047719096398787174,1.4322258003024889e-05,0.0037844759218450433,0.0253206858961873
3357,SINOS,2000,1240,0.0028931439766977183,0.002424233907909473,0.0004689100687882454,1.3537416903268624e-05,0.0036793228865198316,0.025919834650222184
3358,SINOS,2000,1241,0.0028715499664883595,0.0023994783962348848,0.0004720715702534749,1.3877109801374062e-05,0.003725199296866419,0.025590202170570286
3359,SINOS,2000,1242,0.0028573063779747084,0.002372560500423564,0.0004847458775511445,1.4592670794291937e-05,0.0038200354441146143,0.0262712955200477
3360,SINOS,2000,1243,0.0028453085216349214,0.002359998721133116,0.0004853098005018052,1.4880051339582203e-05,0.0038574669589747884,0.02663589416843848
3361,SINOS,2000,1244,0.002836845962693098,0.0023552443900149954,0.000481601572678103,1.547196973670622e-05,0.003933442479140406,0.026830343447878158
3362,SINOS,2000,1245,0.0028297802258634985,0.002356378337487102,0.0004734018883763964,1.4855788176218132e-05,0.0038543207152776132,0.02667009257840547
3363,SINOS,2000,1246,0.0028249222908247433,0.0023573730135629744,0.0004675492772617691,1.4705438152913317e-05,0.003834767027201694,0.026294926857285406
3364,SINOS,2000,1247,0.002820581282463019,0.0023562867318756846,0.0004642945505873345,1.4805100290809314e-05,0.003847739633968145,0.02581401946618167
3365,SINOS,2000,1248,0.002817025591902122,0.0023515502457402554,0.00046547534616186667,1.4957033985895814e-05,0.0038674324798108387,0.025718064956639197
3366,SINOS,2000,1249,0.002811697450266314,0.0023409270496332593,0.0004707704006330544,1.5301924597019998e-05,0.00391176745180743,0.02586561610175242
3367,SINOS,2000,1250,0.0028038304959990177,0.00233007685097596,0.00047375364502305736,1.5322916716945223e-05,0.003914449733608189,0.02670013436244756
3368,SINOS,2000,1251,0.0028088383514710525,0.002306887162669474,0.0005019511888015787,1.5389999702151598e-05,0.0039230090112248785,0.028527735798499765
3369,SINOS,2000,1252,0.0027967486110545385,0.0023135155804371774,0.00048323303061736125,1.5221863698491837e-05,0.003901520690511821,0.027489556786223446
3370,SINOS,2000,1253,0.002844456783006686,0.00233521342385838,0.0005092433591483062,1.6635542984960067e-05,0.004078669266434834,0.030288262353788342
3371,SINOS,2000,1254,0.002793070511640262,0.002307350783044949,0.00048571972859531355,1.53530712384283e-05,0.0039182995340362,0.02808588005348056
3372,SINOS,2000,1255,0.002783771747881959,0.0023046002655476225,0.00047917148233433656,1.4710048227539244e-05,0.0038353680693695154,0.02833278464115352
3373,SINOS,2000,1256,0.0027760787630015083,0.00230291542314452,0.00047316333985698855,1.3929448979987161e-05,0.0037322177026517574,0.02854137039526694
3374,SINOS,2000,1257,0.002769349813390153,0.0023024379395202247,0.00046691187386992843,1.3428301418041164e-05,0.0036644646836940815,0.02829878049776613
3375,SINOS,2000,1258,0.0027608473161829746,0.0023006155160524675,0.0004602318001305073,1.304251108654921e-05,0.0036114416908693417,0.02788178378525563
3376,SINOS,2000,1259,0.0027519803892942013,0.0023014998001134345,0.0004504805891807667,1.2777724707054336e-05,0.0035745943416077767,0.02718585473785251
3377,SINOS,2000,1260,0.0027454297941378845,0.002298217900740279,0.0004472118933976053,1.2732299449105587e-05,0.0035682347805470406,0.027000816317358733
3378,SINOS,2000,1261,0.0027335462933141394,0.002291590199735254,0.00044195609357888517,1.2573314832777009e-05,0.0035458870304589524,0.026990795144241853
3379,SINOS,2000,1262,0.002722661025528089,0.0022826496329811387,0.00044001139254695043,1.3591966049722186e-05,0.003686728366685317,0.026857486585852408
3380,SINOS,2000,1263,0.0027035403344072687,0.0022710174801585346,0.0004325228542487341,1.2677885222219497e-05,0.0035606018061866305,0.027182076671853128
3381,SINOS,2000,1264,0.002696159345856983,0.0022640046323786933,0.0004321547134782895,1.2474056401598957e-05,0.0035318630213527474,0.02747945946604813
3382,SINOS,2000,1265,0.0026899371466495184,0.002257129647764911,0.0004328074988846077,1.2465153150716181e-05,0.003530602377883437,0.027819502787763017
3383,SINOS,2000,1266,0.002685387623413774,0.0022495778139937197,0.00043580980942005464,1.248632918934354e-05,0.003533600032451825,0.0281842339085
3384,SINOS,2000,1267,0.0026809902510893666,0.0022444322081826276,0.0004365580429067391,1.2575159894673931e-05,0.003546147190215591,0.02834813569669281
3385,SINOS,2000,1268,0.0026759456346799795,0.002239892007709473,0.0004360536269705066,1.2470106073084375e-05,0.0035313037356030953,0.028460735294218997
3386,SINOS,2000,1269,0.0026703713974083353,0.0022371241491469882,0.0004332472482613473,1.2463815877153268e-05,0.0035304129896023876,0.027976401139565676
3387,SINOS,2000,1270,0.0026637952326197915,0.0022353501529039244,0.0004284450797158671,1.2174780933973479e-05,0.0034892378729420954,0.02764314112801658
3388,SINOS,2000,1271,0.002651971514212251,0.0022322099485291517,0.00041976156568309915,1.1891074037428576e-05,0.003448343665795011,0.0267133477937479
3389,SINOS,2000,1272,0.0026403981605477383,0.0022210472092410337,0.00041935095130670466,1.2263954889879137e-05,0.0035019929882681286,0.026004441316283544
3390,SINOS,2000,1273,0.002633090560598635,0.0022127738238942618,0.0004203167367043733,1.2499034771421819e-05,0.0035353973993628805,0.02545512069491762
3391,SINOS,2000,1274,0.0026266408815135973,0.002201294472092102,0.00042534640942149535,1.3025171802855113e-05,0.003609040288339147,0.025618411886552117
3392,SINOS,2000,1275,0.0026197075912702417,0.002194612500497933,0.00042509509077230873,1.3143766261094526e-05,0.0036254332515017465,0.026176702802525376
3393,SINOS,2000,1276,0.002608525078495737,0.002190465987750377,0.0004180590907453596,1.2756328381489657e-05,0.003571600254996303,0.027106227922985893
3394,SINOS,2000,1277,0.002598685886322858,0.0021892736992799033,0.00040941218704295464,1.21761897838217e-05,0.0034894397521409793,0.02755946702373413
3395,SINOS,2000,1278,0.0025918439003874165,0.002188497912810705,0.0004033459875767116,1.164056326337632e-05,0.0034118269685575087,0.027628960665225688
3396,SINOS,2000,1279,0.0025857859637482467,0.0021790942213672725,0.00040669174238097433,1.1322447350843666e-05,0.0033648844483642622,0.028051341468363633
3397,SINOS,2000,1280,0.0025815749587053435,0.0021693291032490927,0.0004122458554562509,1.129643340349368e-05,0.0033610167216920656,0.028593411034312677
3398,SINOS,2000,1281,0.0025772743182075368,0.0021604932684018627,0.0004167810498056743,1.1290616836112885e-05,0.0033601513114907317,0.029251760089132994
3399,SINOS,2000,1282,0.0025742538344370332,0.002154033239268753,0.00042022059516828023,1.1381935718034535e-05,0.0033737124533715873,0.02969105159740726
3400,SINOS,2000,1283,0.002571316645522614,0.002143832409596399,0.0004274842359262149,1.1754283589790353e-05,0.003428452069052498,0.030286086825802916
3401,SINOS,2000,1284,0.0025688335877297862,0.0021401772533125095,0.0004286563344172769,1.1803758685452446e-05,0.0034356598617227008,0.030469977683203475
3402,SINOS,2000,1285,0.0025637191199987105,0.002127214157724065,0.0004365049622746457,1.1928127388186444e-05,0.0034537121171554592,0.03084201753303184
3403,SINOS,2000,1286,0.0025592675016285066,0.002119382185344112,0.0004398853162843945,1.2308873834699197e-05,0.003508400466694074,0.03064937364406395
3404,SINOS,2000,1287,0.0025505706483230223,0.0020991219304313585,0.0004514487178916638,1.2432457451569098e-05,0.0035259690088781407,0.03088245813888235
3405,SINOS,2000,1288,0.0025425580902785337,0.0020863412250527154,0.00045621686522581814,1.2421870498304241e-05,0.003524467406333082,0.030446095184440858
3406,SINOS,2000,1289,0.002533393770254707,0.002070520590086215,0.0004628731801684919,1.22657347137285e-05,0.003502247094899002,0.030039708609499116
3407,SINOS,2000,1290,0.0025282863245998178,0.0020663704152155066,0.00046191590938431094,1.2302979180924354e-05,0.003507560288993527,0.029715856591329026
3408,SINOS,2000,1291,0.002524066759135849,0.0020644092365388698,0.00045965752259697896,1.2194714808027912e-05,0.003492093184327691,0.029824489397008436
3409,SINOS,2000,1292,0.0025199634212830697,0.002062113925673511,0.0004578494956095587,1.2071388771067285e-05,0.0034743904171908035,0.030133644735477083
3410,SINOS,2000,1293,0.002515178828666979,0.002058568242110081,0.0004566105865568982,1.2034675136424373e-05,0.0034691029296382045,0.030241222281938707
3411,SINOS,2000,1294,0.002508410086218788,0.0020528946463500173,0.000455515439868771,1.2083858093068128e-05,0.0034761844158600285,0.03016447104313158
3412,SINOS,2000,1295,0.002501900078366632,0.0020473786516015087,0.00045452142676512323,1.2235285192574354e-05,0.0034978972530042038,0.02982893871573833
3413,SINOS,2000,1296,0.0025015942001869857,0.0020529455667635376,0.0004486486334234481,1.1788779553297428e-05,0.0034334792198726684,0.029485803489114448
3414,SINOS,2000,1297,0.0024980184560322947,0.00204680060493147,0.0004512178511008246,1.1984608650059525e-05,0.0034618793523257746,0.029655487265383473
3415,SINOS,2000,1298,0.0024915104820580347,0.002041250726091701,0.0004502597559663337,1.2177002767827128e-05,0.00348955624225017,0.02920738346925511
3416,SINOS,2000,1299,0.002483205864329306,0.00203414091885753,0.00044906494547177617,1.2370901562262014e-05,0.003517229245053841,0.028723168916026
3417,SINOS,2000,1300,0.0024716740660249755,0.0020259888114868116,0.0004456852545381637,1.2421652864727713e-05,0.003524436531522126,0.02866465962636544
3418,SINOS,2000,1301,0.0024613672682075186,0.0020147465657609502,0.0004466207024465685,1.2758181246054302e-05,0.0035718596341477783,0.028769132977572
3419,SINOS,2000,1302,0.0024525278721767322,0.0020091859674223936,0.00044334190475433854,1.2580030863160258e-05,0.003546833921000567,0.02927694513922996
3420,SINOS,2000,1303,0.002442666519914591,0.0019890045386055624,0.00045366198130902867,1.327326356158192e-05,0.003643249039193165,0.030017596536527802
3421,SINOS,2000,1304,0.002429921461138769,0.0019794887953862045,0.0004504326657525644,1.2659294764732757e-05,0.003557990270466286,0.030587380742075232
3422,SINOS,2000,1305,0.002416094168371637,0.0019669069176714653,0.0004491872507001717,1.2444926518296651e-05,0.0035277367416371437,0.0304989337690883
3423,SINOS,2000,1306,0.0024043920640176813,0.0019528625972989357,0.0004515294667187458,1.2357064410286036e-05,0.00351526164179653,0.03029561329486752
3424,SINOS,2000,1307,0.0023995410351431387,0.0019451627805975873,0.00045437825454555127,1.2289292941459732e-05,0.00350560878328711,0.030307228456110447
3425,SINOS,2000,1308,0.002395494482070904,0.001943082936781608,0.00045241154528929625,1.2132008504807342e-05,0.003483103286554584,0.03017454490018634
3426,SINOS,2000,1309,0.0023912678817447357,0.0019407058873288426,0.0004505619944158931,1.1831588498362062e-05,0.003439707618150424,0.03019597069653268
3427,SINOS,2000,1310,0.0023863938387375123,0.0019295023857157617,0.0004568914530217507,1.180027313934954e-05,0.003435152564202868,0.030688278856017992
3428,SINOS,2000,1311,0.0023873750783807613,0.0019395055269524103,0.00044786955142835083,1.1387894511596977e-05,0.0033745954589545954,0.0297343147628647
3429,SINOS,2000,1312,0.0023832881379808437,0.0019310387206837778,0.00045224941729706577,1.1573561218753728e-05,0.003401993712333068,0.0302452992848653
3430,SINOS,2000,1313,0.002382478155522027,0.0019194730871775856,0.00046300506834444155,1.1145873925414499e-05,0.0033385436833167988,0.03138658874671851
3431,SINOS,2000,1314,0.002377578102852063,0.0019207288560763734,0.0004568492467756895,1.1300643614573441e-05,0.003361642993325353,0.030837323866953592
3432,SINOS,2000,1315,0.0023731916350579326,0.0019146111231236075,0.000458580511934325,1.1336313398936327e-05,0.0033669442227242685,0.030936633030206884
3433,SINOS,2000,1316,0.002368792079024422,0.0019152820464880677,0.00045351003253635475,1.132154594460216e-05,0.003364750502578484,0.030704552984266775
3434,SINOS,2000,1317,0.002362910707719536,0.0019138514415152808,0.0004490592662042554,1.1046881581891867e-05,0.003323684940227017,0.03058036390125196
3435,SINOS,2000,1318,0.002351106092442477,0.001914350665110672,0.00043675542733180453,1.0693639158633225e-05,0.003270113019244629,0.029587106136490515
3436,SINOS,2000,1319,0.002345748322917547,0.0019228058176527052,0.00042294250526484157,1.0079148387323445e-05,0.003174767454054461,0.02902082913288828
3437,SINOS,2000,1320,0.002339726446800592,0.0019138536623324685,0.00042587278446812364,1.0203992566233178e-05,0.003194368883869422,0.028984254558496625
3438,SINOS,2000,1321,0.002333520562960976,0.0019049162156193078,0.0004286043473416682,1.0280560647504045e-05,0.003206331337760345,0.029063470880905995
3439,SINOS,2000,1322,0.0023275922693019135,0.001899402306799258,0.00042818996250265537,1.018020004334976e-05,0.0031906425753051313,0.02919930277501237
3440,SINOS,2000,1323,0.002313183810124406,0.0018897521072222998,0.00042343170290210603,9.785139672081735e-06,0.0031281207892409997,0.029515145764450468
3441,SINOS,2000,1324,0.0023226388800956206,0.0019032656724484738,0.00041937320764714694,9.686350868847631e-06,0.003112290293151915,0.02872807500422625
3442,SINOS,2000,1325,0.002306303754327747,0.0018860679132037097,0.00042023584112403753,9.67631709969641e-06,0.003110677916418929,0.029207542941565245
3443,SINOS,2000,1326,0.002292311228768254,0.0018788415757386536,0.0004134696530296002,9.098508350103374e-06,0.0030163733771042625,0.029265813530847007
3444,SINOS,2000,1327,0.002284935143142713,0.001875898677735207,0.00040903646540750625,8.915034124913082e-06,0.00298580543989609,0.028936557030393883
3445,SINOS,2000,1328,0.0022814687029788696,0.0018749471842666625,0.000406521518712207,8.856144569636023e-06,0.0029759275141770544,0.028557799782792825
3446,SINOS,2000,1329,0.0022792019798606724,0.0018738580704280607,0.00040534390943261153,8.850094428001908e-06,0.002974910826899171,0.028369163820529564
3447,SINOS,2000,1330,0.0022760241427404525,0.0018717963974991631,0.00040422774524128937,8.908648837972987e-06,0.002984735974583512,0.02797822284813667
3448,SINOS,2000,1331,0.00226959371223151,0.00186479910205545,0.00040479461017606044,9.033179726613456e-06,0.0030055248670762076,0.027356023825346742
3449,SINOS,2000,1332,0.0022630689662379282,0.0018547910635888574,0.0004082779026490706,9.2530173356277e-06,0.003041877271624827,0.02665887697420788
3450,SINOS,2000,1333,0.0022570498870796486,0.00184360152002887,0.0004134483670507785,9.474197264380813e-06,0.003078018398967234,0.026933151847057468
3451,SINOS,2000,1334,0.0022501406556356255,0.0018371638107485611,0.0004129768448870644,9.367670893949265e-06,0.0030606651064677536,0.026720563945886622
3452,SINOS,2000,1335,0.002243681644198831,0.001833203593759428,0.0004104780504394032,9.020540132851267e-06,0.003003421404473782,0.027155768986933948
3453,SINOS,2000,1336,0.002236319331858228,0.001828378532109225,0.00040794079974900284,8.5970851168458e-06,0.0029320786341511715,0.027996799528319682
3454,SINOS,2000,1337,0.0022311204439029023,0.00183127177200848,0.00039984867189442227,8.165557000220053e-06,0.002857543875467191,0.02845837938811291
3455,SINOS,2000,1338,0.002225732949847035,0.0018269261773033285,0.0003988067725437065,8.11020061654365e-06,0.0028478413959600437,0.02849333280733546
3456,SINOS,2000,1339,0.00222180257523592,0.0018228020174534858,0.00039900055778243406,8.114453358688182e-06,0.002848587958741696,0.028783019790981856
3457,SINOS,2000,1340,0.002221041821560717,0.0018285313681952002,0.00039251045336551656,7.825771204788395e-06,0.0027974579898165397,0.02887309665248805
3458,SINOS,2000,1341,0.0022180068760658854,0.001822693109487189,0.00039531376657869625,7.931911618131996e-06,0.002816364965364396,0.029032119836696846
3459,SINOS,2000,1342,0.0022157796675622223,0.0018187386830735327,0.00039704098448868966,8.005413595020617e-06,0.002829383960338472,0.029173555260916584
3460,SINOS,2000,1343,0.0022137699589568297,0.0018156672765658449,0.00039810268239098487,8.0601203409677e-06,0.0028390351073855533,0.02918721264299695
3461,SINOS,2000,1344,0.0022109368659270295,0.0018131437019060057,0.0003977931640210238,8.079035406282034e-06,0.0028423644042033093,0.029111796205906093
3462,SINOS,2000,1345,0.002206697063960764,0.0018092926535408379,0.000397404410419926,8.117976583529205e-06,0.002849206307645904,0.028742851224313082
3463,SINOS,2000,1346,0.0022018469188773296,0.001804007261554687,0.0003978396573226428,8.211932132558048e-06,0.0028656468960006304,0.028387984220968998
3464,SINOS,2000,1347,0.0021966885979686802,0.0018023533491353123,0.00039433524883336797,8.250478772536789e-06,0.002872364665660819,0.027471654390568645
3465,SINOS,2000,1348,0.002192268108048429,0.0017958340115017297,0.0003964340965466992,8.416553632336084e-06,0.002901129716564925,0.02722103255427588
3466,SINOS,2000,1349,0.0021885001716186736,0.0017932621294729826,0.00039523804214569125,8.398739916838721e-06,0.0028980579560869244,0.027106505992886998
3467,SINOS,2000,1350,0.0021833588919310263,0.0017988619763226923,0.00038449691560833385,8.089995862735759e-06,0.002844291803373163,0.026851835379532063
3468,SINOS,2000,1351,0.0021773064312666257,0.0017948032261077616,0.00038250320515886415,8.092697686493276e-06,0.0028447667191693025,0.02661712949073225
3469,SINOS,2000,1352,0.002173268576016068,0.0017953514263306057,0.00037791714968546245,7.903433316361947e-06,0.0028113045577386215,0.0266499809862889
3470,SINOS,2000,1353,0.0021690185262213256,0.0017951678145039333,0.0003738507117173924,7.733277194851454e-06,0.0027808770549687116,0.026715098504854207
3471,SINOS,2000,1354,0.0021671913981411973,0.0017954849262682556,0.00037170647187294157,7.628510308519282e-06,0.002761975797960453,0.02685953697835186
3472,SINOS,2000,1355,0.0021653851210414266,0.0017926370372860932,0.00037274808375533356,7.652969628975126e-06,0.0027664001209107706,0.026995707743465713
3473,SINOS,2000,1356,0.0021636739259821556,0.0017886774169913666,0.000374996508990789,7.741446270606148e-06,0.002782345462124743,0.0270709165632792
3474,SINOS,2000,1357,0.002161977681436939,0.0017860468191373056,0.0003759308622996333,7.801542716325734e-06,0.0027931241856254323,0.02698519430592028
3475,SINOS,2000,1358,0.0021595485764153823,0.0017823974533702175,0.00037715112304516466,7.865762535115326e-06,0.0028045966795807423,0.026855942921254594
3476,SINOS,2000,1359,0.00215723134424396,0.0017824115370455016,0.0003748198071984585,7.800866626515904e-06,0.0027930031554790455,0.02652498653219415
3477,SINOS,2000,1360,0.002155309675938868,0.0017798463797016849,0.00037546329623718315,7.816359426072273e-06,0.0027957752817550042,0.02661291710663538
3478,SINOS,2000,1361,0.0021540598076312516,0.0017786843702935263,0.00037537543733772555,7.819827418156163e-06,0.00279639543308098,0.026572296764390102
3479,SINOS,2000,1362,0.0021533129837566396,0.0017779537547216728,0.00037535922903496674,7.803141630770096e-06,0.0027934103942618416,0.026742182163415174
3480,SINOS,2000,1363,0.002152242555025155,0.001777097489259168,0.0003751450657659872,7.781708887171066e-06,0.002789571452243349,0.026698126342169837
3481,SINOS,2000,1364,0.002151177477674372,0.001775535839787689,0.00037564163788668284,7.786203768810278e-06,0.0027903769940297095,0.026660716411167962
3482,SINOS,2000,1365,0.002150138756595836,0.0017737674586085204,0.0003763712979873156,7.81259213871681e-06,0.0027951014541008723,0.02666838211395539
3483,SINOS,2000,1366,0.002148499642580997,0.0017684158786416405,0.0003800837639393565,7.898503561884622e-06,0.0028104276475092935,0.02669946120556943
3484,SINOS,2000,1367,0.002146470305268936,0.0017666151048496854,0.00037985520041925065,8.0399263142901e-06,0.0028354763822486867,0.026997466048953034
3485,SINOS,2000,1368,0.002142808179531028,0.0017633820779741874,0.00037942610155684045,7.956453689412368e-06,0.0028207186476875653,0.026907185315436677
3486,SINOS,2000,1369,0.002138359785710854,0.0017593895158526842,0.0003789702698581697,7.853563496735366e-06,0.002802421006332804,0.02676613505959491
3487,SINOS,2000,1370,0.0021348944156927723,0.0017571892413957386,0.0003777051742970338,7.791500228563018e-06,0.002791325890784345,0.0267943288120831
3488,SINOS,2000,1371,0.0021321167136756007,0.0017541348484741571,0.0003779818652014434,7.682942213890873e-06,0.0027718120812729842,0.027133133878211924
3489,SINOS,2000,1372,0.0021374841508203946,0.0017628447886192343,0.0003746393622011604,8.085820945665309e-06,0.0028435577971381745,0.026507485614297388
3490,SINOS,2000,1373,0.0021300232424826633,0.0017538040366222416,0.00037621920586042193,7.7113302517642e-06,0.002776928204286924,0.026918717579414886
3491,SINOS,2000,1374,0.002128089107033583,0.0017510832354183127,0.00037700587161527055,7.74391789047012e-06,0.002782789587890202,0.026916336194657275
3492,SINOS,2000,1375,0.0021248758855614393,0.00174525469002539,0.00037962119553604907,7.79105910417384e-06,0.002791246872667095,0.027104919221242696
3493,SINOS,2000,1376,0.002122788735455892,0.001740954007760673,0.00038183472769521903,7.788404577541008e-06,0.0027907713230469113,0.027400772326465983
3494,SINOS,2000,1377,0.0021200435856177542,0.0017347450605935451,0.00038529852502420885,7.737804248059555e-06,0.0027816908972888334,0.028009253410460455
3495,SINOS,2000,1378,0.0021180133630732366,0.0017313898458289042,0.0003866235172443324,7.69727362799202e-06,0.002774396083473306,0.028241872239216703
3496,SINOS,2000,1379,0.002115659854527376,0.0017261730998809296,0.0003894867546464466,7.575996578902904e-06,0.002752452829550927,0.028558589489350528
3497,SINOS,2000,1380,0.002113455721923628,0.0017262545019216782,0.0003872012200019494,7.536317414133522e-06,0.002745235402316807,0.02843521556772388
3498,SINOS,2000,1381,0.0021109318068426976,0.0017279646094718196,0.0003829671973708779,7.453466411677762e-06,0.002730103736431596,0.02796798285217439
3499,SINOS,2000,1382,0.0021091610568730623,0.001728061194452707,0.0003810998624203552,7.457386717043506e-06,0.0027308216194111812,0.027622844699298432
3500,SINOS,2000,1383,0.002107525636935049,0.0017294002533836306,0.00037812538355141826,7.471894584107134e-06,0.002733476647807172,0.027280889947747244
3501,SINOS,2000,1384,0.0021060322465071193,0.0017278636805238006,0.00037816856598331855,7.529849824563929e-06,0.002744057183180396,0.027201631189139985
3502,SINOS,2000,1385,0.0021040261230368187,0.0017241936960998114,0.0003798324269370074,7.66124335928854e-06,0.002767895113491214,0.0272853248776187
3503,SINOS,2000,1386,0.0021041519899471692,0.0017263275683577686,0.0003778244215894006,7.67693296145106e-06,0.002770727875748728,0.02710043859879907
3504,SINOS,2000,1387,0.0021033629902299606,0.001724542398913509,0.00037882059131645184,7.666453934129544e-06,0.002768836205724265,0.027196060820891987
3505,SINOS,2000,1388,0.002102499920710973,0.001722648053429817,0.0003798518672811561,7.708057463479252e-06,0.0027763388596277745,0.02720960843153586
3506,SINOS,2000,1389,0.002101857567652704,0.001721271403478092,0.00038058616417461187,7.729554481964897e-06,0.0027802076328873166,0.027171450915448037
3507,SINOS,2000,1390,0.002101360814969034,0.0017205383862281356,0.00038082242874089853,7.735312009972197e-06,0.0027812428894241144,0.02710664635992921
3508,SINOS,2000,1391,0.0021004625903114395,0.0017192823616454056,0.00038118022866603365,7.748869132938844e-06,0.0027836790642850415,0.026977028472830678
3509,SINOS,2000,1392,0.0020992898715268796,0.0017171421296554392,0.0003821477418714403,7.800936839880542e-06,0.0027930157249612007,0.026772926143936115
3510,SINOS,2000,1393,0.002099013495334103,0.0017164921623309209,0.00038252133300318225,7.905295564240139e-06,0.00281163574529848,0.026155679478056748
3511,SINOS,2000,1394,0.0020964656972208063,0.001713511083888341,0.00038295461333246524,7.89904291549151e-06,0.0028105236016606424,0.026297716952940253
3512,SINOS,2000,1395,0.002095269849029946,0.0017130856513562728,0.0003821841976736733,7.87647191084065e-06,0.002806505284306561,0.02634423097339833
3513,SINOS,2000,1396,0.0020932904974357413,0.0017123991774065112,0.0003808913200292299,7.866020262979936e-06,0.002804642626606808,0.026290576803993604
3514,SINOS,2000,1397,0.0020915399727980876,0.00171234653269541,0.0003791934401026777,7.835585540037933e-06,0.0027992115925806562,0.0261459259751734
3515,SINOS,2000,1398,0.002089854871314143,0.0017114424336910328,0.00037841243762311034,7.824173636741968e-06,0.002797172436004253,0.026045869463632743
3516,SINOS,2000,1399,0.002087333223074181,0.0017102176233469376,0.00037711559972724337,7.780646214886362e-06,0.0027893809734215874,0.025895214351774887
3517,SINOS,2000,1400,0.0020851380563566453,0.0017092273871217051,0.00037591066923493995,7.712667665229868e-06,0.002777169001920817,0.025860851185763423
3518,SINOS,2000,1401,0.0020823020313576845,0.001708033430839723,0.00037426860051796156,7.65649760854643e-06,0.002767037695541286,0.02581884486943109
3519,SINOS,2000,1402,0.002080226817330726,0.0017059919115965825,0.0003742349057341435,7.6182552418272735e-06,0.0027601187006770695,0.025932419696008457
3520,SINOS,2000,1403,0.0020775698527411316,0.0017028584140538789,0.00037471143868725277,7.70720283476024e-06,0.002776184942463351,0.025849998139275465
3521,SINOS,2000,1404,0.002076360104214876,0.0017010603949538703,0.0003752997092610059,7.737592276804645e-06,0.002781652795875978,0.02584277439443894
3522,SINOS,2000,1405,0.0020748407290779062,0.0016978527510489662,0.00037698797802894,7.791967767208109e-06,0.002791409638015909,0.025907446574354842
3523,SINOS,2000,1406,0.0020731062237095334,0.0016949368529057761,0.00037816937080375736,7.847380092825584e-06,0.0028013175637234674,0.025950659666144626
3524,SINOS,2000,1407,0.0020702039851044195,0.0016889037890090509,0.0003813001960953686,8.004230641407497e-06,0.002829174904704108,0.02611118181184824
3525,SINOS,2000,1408,0.0020666818287174774,0.0016858531272043967,0.00038082870151308053,8.028091798868456e-06,0.0028333887482780147,0.026169240781265146
3526,SINOS,2000,1409,0.0020633669475990475,0.0016839142578652946,0.0003794526897337527,7.995842537543867e-06,0.002827692086763314,0.026162563841881425
3527,SINOS,2000,1410,0.002055359686671524,0.0016775235511796358,0.0003778361354918881,7.868366701029849e-06,0.002805060908613189,0.026491686751050292
3528,SINOS,2000,1411,0.002057191552463259,0.0016763556912349651,0.00038083586122829386,8.09007751010368e-06,0.0028443061561835565,0.025513326325146246
3529,SINOS,2000,1412,0.0020518042046167376,0.0016736807213656064,0.0003781234832511312,7.917114023706791e-06,0.0028137366656648577,0.02605004872779404
3530,SINOS,2000,1413,0.002046388231319658,0.0016695966994086735,0.0003767915319109846,7.84245655131105e-06,0.0028004386355196306,0.02625459931111973
3531,SINOS,2000,1414,0.002039041959258652,0.0016619616738354668,0.00037708028542318483,7.824445813548787e-06,0.002797221087713445,0.02664056151557115
3532,SINOS,2000,1415,0.002034220669697397,0.001656330495586523,0.00037789017411087446,7.871335723342516e-06,0.0028055900846956448,0.02669659562618354
3533,SINOS,2000,1416,0.002028222994251365,0.0016462707959764514,0.0003819521982749134,7.945155623658899e-06,0.002818715243450267,0.026636970169237495
3534,SINOS,2000,1417,0.0020790438834154866,0.001686368777647431,0.00039267510576805576,8.963903701527433e-06,0.002993977905985185,0.026459912912201844
3535,SINOS,2000,1418,0.002025312434928434,0.0016421157323407804,0.0003831967025876537,8.085912540884607e-06,0.0028435739028350587,0.026600428704116275
3536,SINOS,2000,1419,0.0020220044322362706,0.0016373859579729816,0.000384618474263289,8.147032543515874e-06,0.0028543007100717112,0.02648127852723925
3537,SINOS,2000,1420,0.002017513361684139,0.0016302170360950096,0.00038729632558912936,8.22910402861196e-06,0.002868641495309576,0.02623842586015046
3538,SINOS,2000,1421,0.002013582202376505,0.001625881787554245,0.0003877004148222602,8.240647044062988e-06,0.0028706527209091293,0.026209560282684397
3539,SINOS,2000,1422,0.002005227681622922,0.0016178504639047502,0.00038737721771817145,8.075153999450668e-06,0.002841681544341425,0.026229768357621475
3540,SINOS,2000,1423,0.002000202575315536,0.0016138427138255428,0.00038635986148999346,7.984735155069482e-06,0.0028257273674347073,0.026522020893811393
3541,SINOS,2000,1424,0.0019953140067998252,0.001609211315922717,0.0003861026908771082,7.835387272727244e-06,0.002799176177507812,0.026516170518747773
3542,SINOS,2000,1425,0.0019891623776029897,0.001605331829371594,0.00038383054823139576,7.948020709814186e-06,0.0028192234231813177,0.02642251771330184
3543,SINOS,2000,1426,0.0019850913520263044,0.0016007544569203282,0.0003843368951059763,8.065984564413655e-06,0.002840067704195387,0.026073854726172963
3544,SINOS,2000,1427,0.001978546809209158,0.0015959774895645416,0.0003825693196446164,8.202889237765274e-06,0.0028640686510217023,0.025689938008459645
3545,SINOS,2000,1428,0.0019767255698755156,0.0015842433203860358,0.0003924822494894797,9.637390886472636e-06,0.003104414741376003,0.025521481143066294
3546,SINOS,2000,1429,0.0019614744354937586,0.001578823236885872,0.00038265119860788645,8.675383714795126e-06,0.002945400433692357,0.025140533890259498
3547,SINOS,2000,1430,0.0019524053509453706,0.0015741453044253084,0.0003782600465200621,8.377904761834524e-06,0.002894461048595148,0.02499101816929772
3548,SINOS,2000,1431,0.0019423798140945428,0.0015655869124046133,0.00037679290168992946,8.363065363413715e-06,0.0028918964994296935,0.024667691484818066
3549,SINOS,2000,1432,0.0019313014206526048,0.0015531495305706696,0.0003781518900819352,8.518898338523053e-06,0.002918715186263136,0.0240250204148047
3550,SINOS,2000,1433,0.0019126684319968226,0.001538421617005414,0.0003742468149914086,8.615027509840671e-06,0.002935136710587885,0.022815376696359357
3551,SINOS,2000,1434,0.001915294672348025,0.0015320571036831244,0.00038323756866490057,9.22786006564777e-06,0.003037739301791345,0.024773180109204596
3552,SINOS,2000,1435,0.0019042305646385662,0.0015271756020506302,0.00037705496258793583,8.827883960349961e-06,0.0029711755182671323,0.02357489576403804
3553,SINOS,2000,1436,0.0018942599034618866,0.001523947691085174,0.0003703122123767127,8.718997992538143e-06,0.0029527949459009412,0.023490786054974677
3554,SINOS,2000,1437,0.0018883507991493324,0.0015244100507730825,0.00036394074837624996,8.591965402955038e-06,0.0029312054521911353,0.023116831491958756
3555,SINOS,2000,1438,0.001884100284693277,0.0015245690689868437,0.00035953121570643336,8.530224657231811e-06,0.0029206548336343703,0.02266508515373422
3556,SINOS,2000,1439,0.001875007998028326,0.00152334063946601,0.00035166735856231597,8.5407929199566e-06,0.0029224635019032487,0.021642821583978566
3557,SINOS,2000,1440,0.001865830336519578,0.001514882665615456,0.00035094767090412213,9.231842500805859e-06,0.003038394724324978,0.02051535249311076
3558,SINOS,2000,1441,0.0018573676630514657,0.001509868218245616,0.00034749944480584973,9.323385551624234e-06,0.0030534219413019606,0.019521879183675317
3559,SINOS,2000,1442,0.0018511298766905034,0.0015019922909201484,0.000349137585770355,9.303794320159905e-06,0.0030502121762526462,0.01988239491569921
3560,SINOS,2000,1443,0.0018460811011738719,0.0014910329667227249,0.000355048134451147,9.4507611611784e-06,0.0030742090301699395,0.020183649208094234
3561,SINOS,2000,1444,0.0018405797805596648,0.0014802195179910368,0.0003603602625686281,9.62516158890865e-06,0.003102444453799076,0.02037560582358544
3562,SINOS,2000,1445,0.001837841869074882,0.0014772882840308299,0.000360553585044052,9.08267594573396e-06,0.0030137478238455783,0.0211243290335128
3563,SINOS,2000,1446,0.0018316736363124765,0.0014718910316032206,0.00035978260470925577,9.012120443365431e-06,0.0030020193942353925,0.02067597018183953
3564,SINOS,2000,1447,0.0018295362659690542,0.0014750431108879773,0.0003544931550810768,8.877585846289207e-06,0.002979527789145321,0.02053917232063107
3565,SINOS,2000,1448,0.0018251181934160322,0.0014805262804215636,0.0003445919129944687,8.412757640646247e-06,0.0029004754163147544,0.020531458015044413
3566,SINOS,2000,1449,0.0018729199823416941,0.0015396219397243133,0.0003332980426173809,8.505135642445171e-06,0.0029163565698393555,0.02221419680472214
3567,SINOS,2000,1450,0.0018232572182331178,0.0014817632474608449,0.000341493970772273,8.363838024464034e-06,0.0028920300870606507,0.02080244790710828
3568,SINOS,2000,1451,0.0018189622235018246,0.0014829399228377823,0.0003360223006640423,8.080609896600219e-06,0.0028426413591236266,0.0209806561054815
3569,SINOS,2000,1452,0.0018129128490254776,0.0014813564215580533,0.0003315564274674243,7.863005590268615e-06,0.0028041051318145357,0.021411364536569
3570,SINOS,2000,1453,0.001806466520893822,0.0014766694738901364,0.0003297970470036857,7.799558365171286e-06,0.002792768942317156,0.021562590895309874
3571,SINOS,2000,1454,0.0017990360181371855,0.0014703425153149757,0.0003286935028222098,7.78511993280468e-06,0.0027901827776697138,0.021664714703502508
3572,SINOS,2000,1455,0.0017895467957420436,0.0014599193704336387,0.0003296274253084049,7.807312650119674e-06,0.002794156876433332,0.02138682993805363
3573,SINOS,2000,1456,0.0017791812112393285,0.001451638475450928,0.00032754273578840037,7.747331152083842e-06,0.0027834028009046485,0.020861779494651733
3574,SINOS,2000,1457,0.0017738887511065536,0.0014460153144148931,0.0003278734366916606,7.64130601719181e-06,0.0027642912323400026,0.020398955793045626
3575,SINOS,2000,1458,0.0017709299937651904,0.0014437971030141048,0.00032713289075108563,7.494045546451206e-06,0.002737525442155964,0.020306943813480416
3576,SINOS,2000,1459,0.001768882595122866,0.0014384566844808935,0.0003304259106419725,7.420237074354535e-06,0.002724011210394431,0.020607816004079793
3577,SINOS,2000,1460,0.0017649046816259869,0.0014344545825875213,0.0003304500990384656,7.3784228221305705e-06,0.0027163252423321052,0.020716645648151455
3578,SINOS,2000,1461,0.0017598730353106217,0.0014282458495999072,0.0003316271857107145,7.299563254693575e-06,0.0027017703926672924,0.02115301997170238
3579,SINOS,2000,1462,0.0017559870134762076,0.0014233225411507274,0.00033266447232548036,7.206965780981441e-06,0.002684579255857692,0.021505994619123614
3580,SINOS,2000,1463,0.0017520626711202089,0.001420406231349875,0.000331656439770334,6.864473074363232e-06,0.0026200139454520526,0.02205793636174902
3581,SINOS,2000,1464,0.0017517590524853295,0.0014198211111000841,0.0003319379413852454,6.7459813723048404e-06,0.0025973027109493494,0.022025026761851474
3582,SINOS,2000,1465,0.001749341750648413,0.0014181526439680484,0.0003311891066803646,6.772944966254881e-06,0.0026024882259589343,0.02204208433640431
3583,SINOS,2000,1466,0.0017468035406969708,0.0014197608271959289,0.00032704271350104193,6.636172866192903e-06,0.00257607703032982,0.022034528471735926
3584,SINOS,2000,1467,0.001742664128682082,0.0014214756296458053,0.00032118849903627685,6.3954534144509584e-06,0.002528923370616626,0.021929628387744482
3585,SINOS,2000,1468,0.001740048411257267,0.0014229481822032655,0.0003171002290540015,6.296410202207083e-06,0.002509264872867566,0.02221981550109564
3586,SINOS,2000,1469,0.0017368935514043289,0.0014244741255610548,0.00031241942584327403,6.190247398792735e-06,0.0024880207794133746,0.02232605557494194
3587,SINOS,2000,1470,0.001733811379723194,0.0014219368035237588,0.00031187457619943513,6.212462236027023e-06,0.0024924811405559366,0.02260450922482049
3588,SINOS,2000,1471,0.0017298894712817997,0.0014184290481030406,0.000311460423178759,6.303386388070059e-06,0.0025106545736261806,0.02272906986576506
3589,SINOS,2000,1472,0.0017261903592945933,0.0014159870390704397,0.0003102033202241536,6.369927482523691e-06,0.002523871526548784,0.02253005621517501
3590,SINOS,2000,1473,0.0017202705679128063,0.0014146220190914566,0.0003056485488213496,6.397787167654021e-06,0.002529384740930889,0.021971397790766622
3591,SINOS,2000,1474,0.0017151095821836648,0.0014142881709642713,0.0003008214112193935,6.422389255686938e-06,0.0025342433300073884,0.021289818363420587
3592,SINOS,2000,1475,0.0017060332897808133,0.0014144312262104558,0.00029160206357035744,6.428407300507193e-06,0.0025354303974882042,0.020465522670389258
3593,SINOS,2000,1476,0.0017003892115743254,0.0014119533561090568,0.0002884358554652685,6.294540082299141e-06,0.0025088922022078073,0.02039270304815821
3594,SINOS,2000,1477,0.0016947687388135237,0.0014093536727089158,0.0002854150661046079,5.985490854636424e-06,0.0024465262832506877,0.020432158988721194
3595,SINOS,2000,1478,0.0016931017968977373,0.001407549890761276,0.00028555190613646127,6.1136687404581314e-06,0.002472583414256864,0.020537497305623043
3596,SINOS,2000,1479,0.001690984138214032,0.0014061421447169606,0.0002848419934970713,6.09563837934758e-06,0.0024689346648600445,0.020473266000662016
3597,SINOS,2000,1480,0.0016883064763288473,0.0014041167912779914,0.0002841896850508559,6.03339166021285e-06,0.0024562963298862886,0.0204636116181941
3598,SINOS,2000,1481,0.001685541533326247,0.0014014271220904597,0.0002841144112357872,6.001782390077456e-06,0.0024498535446180157,0.020406861520049113
3599,SINOS,2000,1482,0.0016803120372281617,0.0013956939388212676,0.00028461809840689417,6.006766389586062e-06,0.002450870537092088,0.02045125788862745
3600,SINOS,2000,1483,0.001677049770973248,0.0013935326706521452,0.0002835171003211028,5.89287987106441e-06,0.0024275254624955864,0.020063535139764332
3601,SINOS,2000,1484,0.0016738755718091506,0.0013887356538703631,0.0002851399179387875,6.06275665326117e-06,0.0024622665682783353,0.019937573637363815
3602,SINOS,2000,1485,0.0016714461121194247,0.0013883840308194953,0.0002830620812999294,6.039085508744885e-06,0.0024574550878388164,0.019930993263733154
3603,SINOS,2000,1486,0.0016690182455494284,0.001387894528714751,0.00028112371683467754,6.097810737147983e-06,0.0024693745639631066,0.019888854068413786
3604,SINOS,2000,1487,0.0016639534223264543,0.0013839989449501635,0.00027995447737629074,6.19827823970799e-06,0.0024896341578047143,0.01996990855662839
3605,SINOS,2000,1488,0.0016556809424775392,0.001379264839982636,0.0002764161024949031,6.23511382047748e-06,0.00249702098919442,0.019705670505224426
3606,SINOS,2000,1489,0.001668265826023566,0.0013790759029516436,0.0002891899230719223,7.541376992321197e-06,0.002746156767615643,0.021255780849470995
3607,SINOS,2000,1490,0.0016523927814586416,0.0013732695712926003,0.0002791232101660414,6.555320954232304e-06,0.0025603361018101322,0.02020613236413482
3608,SINOS,2000,1491,0.0016471944420517691,0.0013663727272164887,0.0002808217148352804,6.5588328598084545e-06,0.0025610218389948286,0.020375307176907165
3609,SINOS,2000,1492,0.0016434134128537616,0.0013632749995909775,0.00028013841326278416,6.3244254000408725e-06,0.002514841028781118,0.019974054686140774
3610,SINOS,2000,1493,0.0016414156958586982,0.0013609057844115066,0.0002805099114471915,6.292535917400018e-06,0.0025084927580920017,0.02017182686425556
3611,SINOS,2000,1494,0.0016405893875515458,0.001360301406008589,0.0002802879815429568,6.219387670942293e-06,0.0024938700188546904,0.020190005742318884
3612,SINOS,2000,1495,0.0016396233534667253,0.0013606337691244056,0.00027898958434231954,6.147735720319544e-06,0.0024794627886539342,0.020185695048109964
3613,SINOS,2000,1496,0.0016378030626416152,0.0013581637609101904,0.0002796393017314246,6.126942577311133e-06,0.0024752661629229154,0.02031699250905905
3614,SINOS,2000,1497,0.0016443653001643101,0.0013731213463902075,0.0002712439537741028,5.938133058438008e-06,0.0024368284835905064,0.020745067012566953
3615,SINOS,2000,1498,0.0016373933873978165,0.0013596060455799044,0.00027778734181791223,6.07635487121713e-06,0.002465026342905311,0.020400796593365356
3616,SINOS,2000,1499,0.0016365774116118342,0.0013582670735664088,0.00027831033804542535,6.1011556656056766e-06,0.0024700517536289956,0.020424803782192025
3617,SINOS,2000,1500,0.0016356897369127238,0.0013566031158038926,0.0002790866211088312,6.091866411195799e-06,0.0024681706608733114,0.020447048765763642
3618,SINOS,2000,1501,0.0016348365984456303,0.001355201464601066,0.0002796351338445642,6.0971566924992114e-06,0.002469242129176321,0.020495704347217036
3619,SINOS,2000,1502,0.001633609024917589,0.0013523648516293638,0.0002812441732882253,6.013294320842146e-06,0.00245220193312911,0.02066420024120441
3620,SINOS,2000,1503,0.0016319052420626888,0.0013502527197144084,0.00028165252234828037,6.079096432732903e-06,0.0024655823719220787,0.02077185397459924
3621,SINOS,2000,1504,0.0016298724808784064,0.0013480126607108736,0.0002818598201675328,6.17103000993766e-06,0.0024841557942161478,0.02090497279711967
3622,SINOS,2000,1505,0.0016280444070733285,0.001346693918168182,0.0002813504889051466,6.258765010598886e-06,0.0025017523879470737,0.02090881334713257
3623,SINOS,2000,1506,0.0016258829861643697,0.001347085590302867,0.00027879739586150266,6.251678856020874e-06,0.0025003357486587424,0.020870524680685842
3624,SINOS,2000,1507,0.0016238356660614158,0.0013482533327011075,0.0002755823333603081,6.206930327338492e-06,0.0024913711741405557,0.02041738011823313
3625,SINOS,2000,1508,0.0016203669585421626,0.0013492367337841955,0.00027113022475796697,6.172097394925697e-06,0.0024843706235032036,0.02043246526374587
3626,SINOS,2000,1509,0.0016190453977164194,0.0013482788175299702,0.0002707665801864492,6.096453717571344e-06,0.0024690997787799795,0.020371797144985382
3627,SINOS,2000,1510,0.0016170340876420484,0.001347323599611881,0.0002697104880301673,5.958607741175307e-06,0.0024410259607745483,0.020185009731279346
3628,SINOS,2000,1511,0.00161517275695302,0.0013452814736720472,0.00026989128328097287,5.940938834621646e-06,0.0024374041180365734,0.0200613850316117
3629,SINOS,2000,1512,0.0016129540542636647,0.0013422365690633543,0.00027071748520031045,5.927251128368398e-06,0.0024345946538116767,0.020130263300274787
3630,SINOS,2000,1513,0.001607442490086668,0.001335710611826041,0.0002717318782606271,5.782160143853208e-06,0.002404612264763949,0.020725481978169813
3631,SINOS,2000,1514,0.0016042124699405516,0.0013252830221034797,0.0002789294478370718,6.024087977944533e-06,0.002454401755610628,0.021062828157851654
3632,SINOS,2000,1515,0.001602113568073694,0.0013243626231323018,0.00027775094494139217,6.021880004622759e-06,0.0024539519157112184,0.021150098689124097
3633,SINOS,2000,1516,0.0015997886468145234,0.0013243427255786038,0.00027544592123591956,5.9810558335104055e-06,0.0024456197238144784,0.02104959806503126
3634,SINOS,2000,1517,0.0015975635115905605,0.0013238367783134607,0.0002737267332770999,5.9263848129539904e-06,0.0024344167295173584,0.02085323335293443
3635,SINOS,2000,1518,0.0015956447741195287,0.0013258790117983107,0.00026976576232121797,5.820974561316363e-06,0.002412669592239344,0.019818953613235935
3636,SINOS,2000,1519,0.0015928924315870997,0.0013228257954170605,0.0002700666361700392,5.752412815387626e-06,0.0023984188156757832,0.019598124555385232
3637,SINOS,2000,1520,0.001593313427972408,0.0013194103201791547,0.0002739031077932533,5.871012109166984e-06,0.0024230171499943997,0.020283916432748073
3638,SINOS,2000,1521,0.001591708011694629,0.001320123946672334,0.000271584065022295,5.786852140583145e-06,0.0024055876913102016,0.01991552920847528
3639,SINOS,2000,1522,0.0015895973745005314,0.0013185079206048432,0.00027108945389568814,5.758147891381892e-06,0.0023996141130152348,0.019974249362786467
3640,SINOS,2000,1523,0.0015874003507712407,0.0013162817191232868,0.0002711186316479539,5.748686399761387e-06,0.0023976418414269856,0.020064308424859623
3641,SINOS,2000,1524,0.0015866785273622023,0.0013140311835703837,0.0002726473437918187,5.766367343125013e-06,0.002401326163419916,0.0199216988701022
3642,SINOS,2000,1525,0.0015852040065988775,0.0013127188541359794,0.0002724851524628981,5.714645648913782e-06,0.002390532503212157,0.019914960254573955
3643,SINOS,2000,1526,0.0015845708066617467,0.0013123210283306139,0.00027224977833113285,5.6775831381738375e-06,0.0023827679572660525,0.019961421117466904
3644,SINOS,2000,1527,0.001583924082458096,0.0013117282241379377,0.00027219585832015814,5.654145140486884e-06,0.0023778446417894684,0.01996463111708524
3645,SINOS,2000,1528,0.001582747932068922,0.001310885173568887,0.000271862758500035,5.669155764956276e-06,0.002380998900662551,0.020007732093127006
3646,SINOS,2000,1529,0.001581413741701879,0.0013116119108897385,0.0002698018308121405,5.582118652940146e-06,0.002362650768298215,0.019631537081186923
3647,SINOS,2000,1530,0.0015789707153117468,0.001308533069371402,0.0002704376459403447,5.665103109806885e-06,0.0023801477075607903,0.019802539691549215
3648,SINOS,2000,1531,0.0015771857629872888,0.0013068965079055103,0.00027028925508177845,5.70257991993955e-06,0.002388007520913523,0.01984617382454379
3649,SINOS,2000,1532,0.0015741862830222502,0.00130469839829408,0.00026948788472817007,5.7801529105841146e-06,0.002404194857033039,0.019647782669572567
3650,SINOS,2000,1533,0.001574518890635933,0.0013053024513377154,0.0002692164392982178,5.756114348588893e-06,0.00239919035272087,0.01991996723272693
3651,SINOS,2000,1534,0.0015730009895459072,0.001303842919952732,0.00026915806959317516,5.7613451283515284e-06,0.002400280218714375,0.01977838581210689
3652,SINOS,2000,1535,0.0015713965195385832,0.0013035013278447991,0.0002678951916937842,5.723386438311207e-06,0.0023923600143605493,0.019698268407014496
3653,SINOS,2000,1536,0.001570045863758005,0.001303898051265621,0.00026614781249238386,5.651490962171623e-06,0.002377286470363137,0.019669449946878248
3654,SINOS,2000,1537,0.0015690443289124649,0.001303770415264763,0.0002652739136477019,5.624324572892681e-06,0.0023715658483147123,0.0197223981118676
3655,SINOS,2000,1538,0.001566796970099101,0.0013018972701192805,0.00026489969997982044,5.430845483676519e-06,0.002330417448371969,0.01944185901236717
3656,SINOS,2000,1539,0.0015628800527674052,0.0012992077520834568,0.00026367230068394845,5.472147899193969e-06,0.002339262255326232,0.01981982677676075
3657,SINOS,2000,1540,0.001560037148480902,0.001296112630337219,0.0002639245181436832,5.46758098144859e-06,0.002338285906695028,0.019908492971830838
3658,SINOS,2000,1541,0.0015573127345627938,0.001292024399112174,0.0002652883354506198,5.436641161312076e-06,0.0023316606016554114,0.019807319209170005
3659,SINOS,2000,1542,0.0015570111295022256,0.0012897637752353611,0.0002672473542668645,5.336796985057577e-06,0.0023101508576405952,0.019816674614846597
3660,SINOS,2000,1543,0.0015548872108018753,0.0012881183610532912,0.00026676884974858407,5.3312325839399415e-06,0.002308946206376394,0.019628750737612166
3661,SINOS,2000,1544,0.0015538752107025675,0.0012874494175968676,0.0002664257931056998,5.306624409245773e-06,0.002303611167112578,0.01953007074505131
3662,SINOS,2000,1545,0.0015526718623632254,0.0012864520123966527,0.00026621984996657254,5.266970277262737e-06,0.002294988077804052,0.019480693878433653
3663,SINOS,2000,1546,0.0015519150883407306,0.0012855190301862896,0.00026639605815444097,5.253121287895293e-06,0.0022919688671304617,0.019445789208002995
3664,SINOS,2000,1547,0.001551138806698759,0.0012847951362475259,0.0002663436704512332,5.241529940102871e-06,0.0022894387827812456,0.01950335372358636
3665,SINOS,2000,1548,0.0015501353260108741,0.001283292829985493,0.0002668424960253811,5.2678130644512565e-06,0.0022951716851798377,0.01945713174459318
3666,SINOS,2000,1549,0.0015487230109264903,0.001282050117184872,0.0002666728937416183,5.3204778442005476e-06,0.002306616102475778,0.019309331194096502
3667,SINOS,2000,1550,0.001547342142121011,0.001281442026083803,0.0002659001160372082,5.368653747148483e-06,0.0023170355515504037,0.019034997349189342
3668,SINOS,2000,1551,0.0015458107141508174,0.0012854909641515978,0.0002603197499992197,5.342372214453741e-06,0.002311357223462817,0.018151285885773194
3669,SINOS,2000,1552,0.0015442528886650555,0.0012816795294965575,0.00026257335916849794,5.461179953961783e-06,0.002336916762309215,0.017710480640710125
3670,SINOS,2000,1553,0.0015420864472225292,0.0012803374894188061,0.00026174895780372296,5.367878230867304e-06,0.002316868194539194,0.0178731113115288
3671,SINOS,2000,1554,0.0015410509446163452,0.001279615267085769,0.0002614356775305762,5.365682937272627e-06,0.0023163943829306415,0.017777426322348577
3672,SINOS,2000,1555,0.0015391066609260328,0.0012768364955250792,0.00026227016540095356,5.413961553780707e-06,0.002326792116580402,0.017502966626879002
3673,SINOS,2000,1556,0.001539518032231442,0.0012774554457542812,0.0002620625864771609,5.513541392769384e-06,0.0023480931397134534,0.017407694469416035
3674,SINOS,2000,1557,0.0015384281390634664,0.0012763604751455282,0.00026206766391793815,5.4532817787921364e-06,0.0023352262799977513,0.017461210857117826
3675,SINOS,2000,1558,0.0015376848785068613,0.0012749170954295445,0.0002627677830773168,5.493103120191577e-06,0.002343736998938144,0.0173104299216017
3676,SINOS,2000,1559,0.0015369014474934072,0.001273649085758664,0.000263252361734743,5.536182364119794e-06,0.002352909340395374,0.017252679865647935
3677,SINOS,2000,1560,0.001536054546971464,0.0012731220837070426,0.00026293246326442146,5.562394308241111e-06,0.002358472876299643,0.01728245254918226
3678,SINOS,2000,1561,0.0015349655702424094,0.0012729376908381124,0.00026202787940429696,5.581074341486426e-06,0.0023624297537675966,0.017348563759928548
3679,SINOS,2000,1562,0.0015332527471804919,0.0012731645888869512,0.00026008815829354077,5.561517811552464e-06,0.002358287050287234,0.0175570841144862
3680,SINOS,2000,1563,0.001531348279585237,0.0012723809384661163,0.0002589673411191207,5.500090640237815e-06,0.002345227204395731,0.018033944070161012
3681,SINOS,2000,1564,0.0015318407104214916,0.0012756038113166935,0.0002562368991047983,5.397793047713716e-06,0.002323315098671232,0.018264875167919636
3682,SINOS,2000,1565,0.0015299397676413308,0.0012724722220075987,0.00025746754563373204,5.439299278963107e-06,0.002332230537267512,0.01814176076887486
3683,SINOS,2000,1566,0.0015285369892019955,0.0012723788879226393,0.00025615810127935636,5.324920032417372e-06,0.002307578824746269,0.018228082524525235
3684,SINOS,2000,1567,0.0015275335107511724,0.0012696053309348113,0.0002579281798163611,5.17119130807585e-06,0.002274025353437347,0.01828925287730676
3685,SINOS,2000,1568,0.001526795876260458,0.0012691249257661213,0.0002576709504943367,5.157799650499004e-06,0.0022710789617490196,0.018221871315491245
3686,SINOS,2000,1569,0.0015255974162389858,0.0012673963868143731,0.00025820102942461265,5.145303972512114e-06,0.002268326249134395,0.018180378984898993
3687,SINOS,2000,1570,0.0015245323027194397,0.001265215875588682,0.0002593164271307576,5.124670754495372e-06,0.0022637735651993493,0.018270555494835805
3688,SINOS,2000,1571,0.0015235447990079012,0.0012635606499351842,0.0002599841490727171,5.093228161741912e-06,0.0022568181499052846,0.018415533285386698
3689,SINOS,2000,1572,0.0015259004266946117,0.001259295368154794,0.00026660505853981763,5.287881425547382e-06,0.0022995393942151507,0.018521125512999226
3690,SINOS,2000,1573,0.0015231837963818303,0.0012615960491603063,0.000261587747221524,5.134490671942112e-06,0.0022659414537763573,0.018443443591077302
3691,SINOS,2000,1574,0.0015222447360667595,0.0012611053788281906,0.00026113935723856877,5.081216589556644e-06,0.002254155404925899,0.01852624896191879
3692,SINOS,2000,1575,0.0015208888103720101,0.0012590969048789464,0.00026179190549306366,4.960670145563824e-06,0.0022272561921709466,0.019054625292789673
3693,SINOS,2000,1576,0.0015187177483676688,0.001258504739349175,0.0002602130090184939,4.9813879873667915e-06,0.0022319023247818867,0.018754326267991672
3694,SINOS,2000,1577,0.0015176461497268614,0.0012585955346574407,0.00025905061506942083,4.993435042954118e-06,0.0022345995263031177,0.018659609183437453
3695,SINOS,2000,1578,0.0015166393877457432,0.0012583289001375372,0.000258310487608206,5.014639712270288e-06,0.002239339123998482,0.01862375328137089
3696,SINOS,2000,1579,0.0015150859223419621,0.0012572774375744712,0.00025780848476749085,5.056101719098185e-06,0.002248577710264465,0.018623552003955268
3697,SINOS,2000,1580,0.0015133739919053451,0.001255963187931103,0.000257410803974242,5.111269840125809e-06,0.0022608117657438465,0.018429624106534703
3698,SINOS,2000,1581,0.0015118697161947182,0.001254438090919567,0.0002574316252751511,5.140826962625506e-06,0.002267339181204591,0.01841845959703381
3699,SINOS,2000,1582,0.0015140233761820276,0.0012512867736061437,0.0002627366025758839,5.505492268463633e-06,0.002346378543301066,0.017598743816473306
3700,SINOS,2000,1583,0.001510973000610636,0.0012520097512434794,0.0002589632493671566,5.24300942132846e-06,0.002289761870004927,0.01812828158636881
3701,SINOS,2000,1584,0.0015100716883343806,0.0012509556974716147,0.00025911599086276584,5.219938890803681e-06,0.0022847185583357264,0.0181275024732237
3702,SINOS,2000,1585,0.0015087403961251047,0.0012499639319356588,0.00025877646418944573,5.170187257953434e-06,0.002273804577784431,0.018143393572604083
3703,SINOS,2000,1586,0.0015069363189725354,0.0012497720963091606,0.00025716422266337466,5.102706375979572e-06,0.0022589170803682837,0.018128934516385087
3704,SINOS,2000,1587,0.0015036889098150224,0.0012507047465171572,0.0002529841632978653,5.01019689676583e-06,0.002238346911621572,0.018065781537395686
3705,SINOS,2000,1588,0.0015220438220173273,0.0012804219842923695,0.00024162183772495773,4.751455279924041e-06,0.002179783310314133,0.01729823197181002
3706,SINOS,2000,1589,0.0015026869870626678,0.00125237722460694,0.0002503097624557278,4.935843372585392e-06,0.0022216758027636236,0.01792288980471657
3707,SINOS,2000,1590,0.0014998268390887532,0.0012540343814071834,0.0002457924576815698,4.8905950632001156e-06,0.002211468983097008,0.017843036186665273
3708,SINOS,2000,1591,0.0014976423364725419,0.0012561775790728663,0.00024146475739967563,4.889355171900445e-06,0.0022111886332695464,0.017649451522296467
3709,SINOS,2000,1592,0.0014964142183943637,0.0012569883348804234,0.0002394258835139403,4.915823675067352e-06,0.0022171656850734794,0.017458608413768673
3710,SINOS,2000,1593,0.0014948321657291498,0.001256931428300235,0.0002379007374289146,4.94998716430828e-06,0.0022248566615196315,0.017145382309942114
3711,SINOS,2000,1594,0.0014955472285970634,0.0012583684738014344,0.00023717875479562902,5.1321639384521115e-06,0.0022654279812989227,0.016880083733727846
3712,SINOS,2000,1595,0.0014937416735127638,0.0012564883359294059,0.00023725333758335793,5.013468719964022e-06,0.0022390776493824466,0.016927744211586493
3713,SINOS,2000,1596,0.001491431263495162,0.0012541128282320384,0.00023731843526312343,5.034105336202468e-06,0.00224368120199873,0.017063399515705346
3714,SINOS,2000,1597,0.0014884658255899736,0.0012494001221041817,0.00023906570348579187,5.0857399091046315e-06,0.0022551585108600753,0.017620497883719444
3715,SINOS,2000,1598,0.001486631539736023,0.0012456152837215214,0.00024101625601450166,5.128866215496751e-06,0.0022647000277071466,0.01800929442278909
3716,SINOS,2000,1599,0.0014848649740270541,0.0012416946430136556,0.0002431703310133985,5.190835131753996e-06,0.0022783404336828147,0.018309472497885504
3717,SINOS,2000,1600,0.0014836998249807645,0.001238363186227409,0.0002453366387533553,5.278528133328907e-06,0.002297504762417024,0.018328078009338333
3718,SINOS,2000,1601,0.0014828089945618781,0.001237144556756947,0.0002456644378049309,5.258172977746555e-06,0.0022930706438630613,0.018487008444492692
3719,SINOS,2000,1602,0.0014812013325201563,0.0012368122894717256,0.0002443890430484307,5.223402669810849e-06,0.0022854764645060008,0.018315008814397404
3720,SINOS,2000,1603,0.0014799125300804738,0.001236677406321736,0.0002432351237587378,5.214587266973569e-06,0.0022835470800869353,0.01808015307635047
3721,SINOS,2000,1604,0.0014786918511387748,0.0012357085796274756,0.00024298327151129912,5.221631975268405e-06,0.0022850890519339516,0.017930491730618114
3722,SINOS,2000,1605,0.0014768561066595253,0.0012333434492330746,0.00024351265742645064,5.247193822544993e-06,0.0022906754075043005,0.017825808702749968
3723,SINOS,2000,1606,0.0015174828264208785,0.0012637032593155126,0.00025377956710536585,6.150365663004859e-06,0.0024799930772090592,0.017494814085597943
3724,SINOS,2000,1607,0.0014762189266532108,0.0012322658648005295,0.00024395306185268138,5.313423378565151e-06,0.00230508641455481,0.017787596881661316
3725,SINOS,2000,1608,0.0014733098947023258,0.001227495602353293,0.0002458142923490328,5.370372104983769e-06,0.0023174063314368868,0.01788920229697799
3726,SINOS,2000,1609,0.0014694815874223824,0.0012228173649775744,0.00024666422244480797,5.4419157411524055e-06,0.002332791405409495,0.017959766391686727
3727,SINOS,2000,1610,0.001466978813404928,0.001216292173933165,0.00025068663947176294,5.561129753333419e-06,0.0023582047734099386,0.01870029945626983
3728,SINOS,2000,1611,0.0014645973971906554,0.0012165909080369768,0.00024800648915367855,5.518374901608968e-06,0.0023491221555315017,0.01862879395861572
3729,SINOS,2000,1612,0.0014628713094096994,0.0012162202549786524,0.00024665105443104704,5.462225502577456e-06,0.0023371404541827298,0.01873265232615029
3730,SINOS,2000,1613,0.0014607738650820104,0.0012154022592584931,0.00024537160582351725,5.408948518420718e-06,0.0023257146253185747,0.018918379856096235
3731,SINOS,2000,1614,0.0014587619449250278,0.0012136035048456815,0.00024515844007934643,5.403061087151479e-06,0.0023244485554968688,0.01908747127538335
3732,SINOS,2000,1615,0.0014588465459662706,0.001211829716108382,0.0002470168298578887,5.451304477943511e-06,0.0023348028777486784,0.01941863302457103
3733,SINOS,2000,1616,0.0014574603027243983,0.00121161483619344,0.00024584546653095847,5.397899747602262e-06,0.0023233380614112666,0.019252238315368708
3734,SINOS,2000,1617,0.0014550656906303723,0.0012094970633131394,0.00024556862731723287,5.417063231060293e-06,0.0023274585347671166,0.019396150035795423
3735,SINOS,2000,1618,0.0014537597926307445,0.0012081713034227679,0.00024558848920797657,5.3585080805211354e-06,0.0023148451526011703,0.01943501059572894
3736,SINOS,2000,1619,0.0014524664064201978,0.0012076546263515076,0.00024481178006869014,5.253539360562537e-06,0.002292060069143594,0.019414421896564726
3737,SINOS,2000,1620,0.001451766124685605,0.0012050736211166304,0.0002466925035689747,5.270281346375054e-06,0.0022957093340349195,0.019409436670543623
3738,SINOS,2000,1621,0.0014510286944696398,0.0012055001143161418,0.0002455285801534979,5.221230059175199e-06,0.002285001107040257,0.019421416002018188
3739,SINOS,2000,1622,0.001450219431688713,0.0012057614630654068,0.0002444579686233061,5.183253152840027e-06,0.0022766758998241333,0.019370145388513005
3740,SINOS,2000,1623,0.0014492406063846852,0.0012057917005332823,0.00024344890585140287,5.163948845929435e-06,0.002272432363334371,0.019266866330068466
3741,SINOS,2000,1624,0.001447458960311783,0.0012057121377011515,0.00024174682261063143,5.1262504871282366e-06,0.0022641224540930283,0.018927839025023707
3742,SINOS,2000,1625,0.0014451252187308598,0.0012037146791356406,0.00024141053959521932,5.12146335988153e-06,0.0022630650366000375,0.018551350652047716
3743,SINOS,2000,1626,0.0014422867464957384,0.0012018026786828166,0.00024048406781292176,5.1352556546118204e-06,0.0022661102476737136,0.01807616331763995
3744,SINOS,2000,1627,0.001438686730563532,0.0011980423918152448,0.00024064433874828716,5.11041581978643e-06,0.0022606228831422615,0.01776554446116474
3745,SINOS,2000,1628,0.001435353179497249,0.0011946167968949165,0.00024073638260233254,5.046563623940756e-06,0.002246455791672909,0.017595798511193972
3746,SINOS,2000,1629,0.0014320992955788446,0.0011909117064776288,0.00024118758910121594,4.922085328424997e-06,0.0022185773208128214,0.017645464556825474
3747,SINOS,2000,1630,0.0014291980863501545,0.00118773646064028,0.00024146162570987448,4.863604089336422e-06,0.0022053580410755125,0.017654112041639025
3748,SINOS,2000,1631,0.0014269208324777117,0.0011830312129874712,0.00024388961949024055,4.865780683570532e-06,0.0022058514645303144,0.017703294648481194
3749,SINOS,2000,1632,0.0014364107391969677,0.0011960400967894692,0.00024037064240749843,4.739840906161289e-06,0.002177117568290994,0.01791159198373471
3750,SINOS,2000,1633,0.0014256064811485787,0.001183048327812515,0.00024255815333606382,4.812449816786035e-06,0.002193729659002229,0.017717385405481623
3751,SINOS,2000,1634,0.0014240591477243964,0.001181590797714095,0.00024246835001030134,4.840971303120793e-06,0.0022002207396351835,0.01750452664694857
3752,SINOS,2000,1635,0.0014212218819655374,0.0011798393372718838,0.00024138254469365354,4.941697199739681e-06,0.002222992847433316,0.01702775563533887
3753,SINOS,2000,1636,0.001419308438960063,0.0011777725167125448,0.00024153592224751812,5.022463529007458e-06,0.0022410853462122896,0.01688470702075673
3754,SINOS,2000,1637,0.0014188499752184006,0.0011811653191973763,0.0002376846560210244,5.220653540265857e-06,0.002284874950684579,0.0160595628006287
3755,SINOS,2000,1638,0.0014160504641400984,0.0011769692888596189,0.00023908117528047946,5.106835299485561e-06,0.0022598308121373955,0.016342659159161776
3756,SINOS,2000,1639,0.0014107284413299986,0.0011716608706082493,0.00023906757072174935,5.250539892589634e-06,0.0022914056586710338,0.01581400157877244
3757,SINOS,2000,1640,0.001408637859352909,0.0011679079042305693,0.0002407299551223398,5.282578021612403e-06,0.002298385960106005,0.016031134783277334
3758,SINOS,2000,1641,0.0014070256156727414,0.0011682761027010534,0.0002387495129716881,5.164204891027647e-06,0.0022724886998679765,0.016400562210791447
3759,SINOS,2000,1642,0.001405201408935486,0.0011681617315406011,0.00023703967739488487,5.038048053385483e-06,0.0022445596569005428,0.01669916848256281
3760,SINOS,2000,1643,0.001401566460274725,0.001167501556908829,0.00023406490336589595,4.823560765312031e-06,0.0021962606323731324,0.017073606470233593
3761,SINOS,2000,1644,0.001396120912149797,0.0011653422638297664,0.00023077864832003048,4.568196300611996e-06,0.002137333923515929,0.017375484476586767
3762,SINOS,2000,1645,0.0014044914883788791,0.0011657085794647961,0.00023878290891408301,4.506534480041028e-06,0.0021228599765507447,0.018509216604910228
3763,SINOS,2000,1646,0.0013930459535986214,0.0011603327662307295,0.0002327131873678919,4.513749777420288e-06,0.0021245587253404617,0.017768047665316034
3764,SINOS,2000,1647,0.0013852608892797825,0.0011565204426519631,0.00022874044662781943,4.36105282675206e-06,0.002088313392848894,0.017843948372432306
3765,SINOS,2000,1648,0.0013798774365099105,0.0011550694593845745,0.00022480797712533598,4.363804810603235e-06,0.0020889721900023547,0.017773348227693053
3766,SINOS,2000,1649,0.0013742342891565893,0.0011512128807703863,0.000223021408386203,4.558613805979595e-06,0.0021350910533229246,0.017575818734228532
3767,SINOS,2000,1650,0.0013701172034704943,0.001149595316062772,0.00022052188740772223,4.520230433039988e-06,0.002126083355148614,0.017734576017659487
3768,SINOS,2000,1651,0.0013652755997272156,0.0011485975608272548,0.00021667803889996082,4.391414656361924e-06,0.002095570246105323,0.018353736016570088
3769,SINOS,2000,1652,0.0013621321503658576,0.0011455305125646596,0.00021660163780119792,4.33616487841953e-06,0.0020823460035305206,0.018732730367710282
3770,SINOS,2000,1653,0.0013603160432760822,0.0011425166284313925,0.00021779941484468976,4.32935425641364e-06,0.0020807100366013616,0.019109818359036024
3771,SINOS,2000,1654,0.001358421001076206,0.0011401779591753967,0.0002182430419008093,4.33649514596013e-06,0.0020824253038128713,0.019313256100390697
3772,SINOS,2000,1655,0.0013560345085524516,0.0011360659383247023,0.0002199685702277493,4.384016070186167e-06,0.002093804210088939,0.01965021241129472
3773,SINOS,2000,1656,0.0013535728656959393,0.0011348227867581805,0.00021875007893775879,4.432284101048217e-06,0.002105299052640317,0.019570999211461326
3774,SINOS,2000,1657,0.0013516180088133873,0.0011326401205585114,0.00021897788825487577,4.476159399346015e-06,0.002115693597699349,0.019544386472709396
3775,SINOS,2000,1658,0.0013489034892860742,0.0011312096954802738,0.0002176937938058002,4.4478982506980284e-06,0.0021090040897774544,0.019289632745100316
3776,SINOS,2000,1659,0.0013483903517944136,0.0011307151609630574,0.0002176751908313562,4.455038532542527e-06,0.002110696219862661,0.019428741982457698
3777,SINOS,2000,1660,0.0013459281524668156,0.0011292595682910376,0.00021666858417577806,4.381527011088388e-06,0.0020932097389149487,0.019337582327487945
3778,SINOS,2000,1661,0.0013440014159272356,0.001128621464417704,0.00021537995150953173,4.311084940110332e-06,0.0020763152313919802,0.019360604985545593
3779,SINOS,2000,1662,0.0013425717808650023,0.0011275671303264856,0.0002150046505385166,4.270476313987556e-06,0.002066513081010511,0.01948418797630369
3780,SINOS,2000,1663,0.0013406484284575106,0.0011255238753450142,0.00021512455311249637,4.277991279461406e-06,0.0020683305537223507,0.019725046060855456
3781,SINOS,2000,1664,0.0013409688426483477,0.001122776996897857,0.00021819184575049057,4.284449258127824e-06,0.002069891122288277,0.020227409217082992
3782,SINOS,2000,1665,0.001339133549861113,0.001122679089417566,0.00021645446044354694,4.2750510251465296e-06,0.002067619651954036,0.019964284739111826
3783,SINOS,2000,1666,0.0013367990488194986,0.0011205866098629592,0.0002162124389565395,4.332499503741082e-06,0.0020814657104408617,0.02012566521158854
3784,SINOS,2000,1667,0.0013354311809477088,0.0011191122548843842,0.00021631892606332472,4.363012901156111e-06,0.0020887826361678016,0.02011524682704846
3785,SINOS,2000,1668,0.0013338726434882833,0.0011179773609930254,0.0002158952824952579,4.376085838052941e-06,0.0020919096151729264,0.020037337628753704
3786,SINOS,2000,1669,0.0013327913094051986,0.0011183171594521745,0.00021447414995302407,4.349172012861319e-06,0.002085466857291508,0.019965508442441826
3787,SINOS,2000,1670,0.001330753367035107,0.0011195864948618955,0.00021116687217321157,4.253794128149938e-06,0.0020624728187663317,0.019936123078812762
3788,SINOS,2000,1671,0.00132938883298957,0.0011230818624737092,0.00020630697051586089,4.1599418342610646e-06,0.002039593546337374,0.019753275529274195
3789,SINOS,2000,1672,0.0013275759549141713,0.0011217263973946686,0.0002058495575195027,4.095094777943729e-06,0.002023634052377981,0.01991151096173993
3790,SINOS,2000,1673,0.001326377044616299,0.0011207367512975517,0.00020564029331874737,4.04608401608093e-06,0.002011488010424355,0.020030787425730057
3791,SINOS,2000,1674,0.0013257119343375783,0.001120120388378754,0.0002055915459588243,4.0249790586545155e-06,0.0020062350457148623,0.02002920838161204
3792,SINOS,2000,1675,0.001324826473049478,0.0011203209165894113,0.00020450555646006673,4.027451351077161e-06,0.0020068511033649607,0.01978885902218841
3793,SINOS,2000,1676,0.0013239297166446993,0.0011208163683353472,0.00020311334830935206,4.031224379668848e-06,0.002007790920307403,0.019511033867327443
3794,SINOS,2000,1677,0.0013229325069818144,0.001120180312299911,0.00020275219468190357,4.083992934226024e-06,0.0020208891444673614,0.019262223933623868
3795,SINOS,2000,1678,0.0013215190014659855,0.00111941996346011,0.00020209903800587554,4.202698912521047e-06,0.002050048514674969,0.01888686683083063
3796,SINOS,2000,1679,0.001320651108723103,0.0011175509822020976,0.00020310012652100548,4.324477423771956e-06,0.002079537790897765,0.01856673364123862
3797,SINOS,2000,1680,0.0013196950057222595,0.0011165954155094074,0.00020309959021285216,4.361962266980806e-06,0.002088531126648776,0.018628557749674424
3798,SINOS,2000,1681,0.0013192643678846998,0.001116392150874724,0.0002028722170099758,4.338207797131298e-06,0.002082836478730699,0.018676329534643488
3799,SINOS,2000,1682,0.0013189234613821448,0.0011161055109674294,0.00020281795041471535,4.319275922426135e-06,0.0020782867757906114,0.01869044125301189
3800,SINOS,2000,1683,0.0013183858730547054,0.0011153372623038667,0.00020304861075083874,4.291631077978951e-06,0.0020716252262363843,0.018654997643184457
3801,SINOS,2000,1684,0.0013177249642087453,0.0011145618502978094,0.00020316311391093588,4.289045943807545e-06,0.0020710011935794596,0.018450535677639657
3802,SINOS,2000,1685,0.001317143010809204,0.0011137945228511228,0.0002033484879580812,4.2803985686256715e-06,0.0020689124120236873,0.018354825832885613
3803,SINOS,2000,1686,0.0013165702133923808,0.0011132035492142877,0.00020336666417809316,4.2806239467475705e-06,0.0020689668790842375,0.018182655011273807
3804,SINOS,2000,1687,0.0013163384332453474,0.0011133066916164188,0.00020303174162892863,4.274085777555481e-06,0.0020673862187688785,0.01812129860964451
3805,SINOS,2000,1688,0.0013158942927534827,0.0011125826089645532,0.00020331168378892944,4.3024910265990346e-06,0.0020742446882176255,0.018012729948675088
3806,SINOS,2000,1689,0.0013153698260351555,0.0011125113757671366,0.00020285845026801877,4.2975667809381054e-06,0.002073057351097192,0.01800186365505252
3807,SINOS,2000,1690,0.0013146869781876626,0.0011118476244134407,0.00020283935377422195,4.32182977554354e-06,0.0020789010980668465,0.018039046592852936
3808,SINOS,2000,1691,0.0013139992885203887,0.0011107736726900371,0.00020322561583035163,4.3686184108153646e-06,0.002090124018046624,0.01808501443931032
3809,SINOS,2000,1692,0.0013131629051735803,0.0011095628868331804,0.00020360001834039985,4.427258883238978e-06,0.0021041052452857433,0.018069486953438574
3810,SINOS,2000,1693,0.0013133730217316504,0.0011079218300748708,0.00020545119165677955,4.5684974840528965e-06,0.0021374043800958436,0.01851347801336789
3811,SINOS,2000,1694,0.0013126709536440912,0.0011083592039421498,0.00020431174970194139,4.479082168046858e-06,0.0021163842203264648,0.01827192908503128
3812,SINOS,2000,1695,0.0013115127579755208,0.0011078406439673314,0.00020367211400818943,4.527752039313214e-06,0.0021278515078156216,0.018136094192483077
3813,SINOS,2000,1696,0.001310538021198113,0.001108426643595655,0.00020211137760245786,4.514977235781355e-06,0.00212484757942337,0.017991255372994175
3814,SINOS,2000,1697,0.0013091943252009986,0.001110419834502659,0.00019877449069833974,4.443071246520166e-06,0.0021078593991346213,0.017807124558487764
3815,SINOS,2000,1698,0.0013071968826780316,0.0011126229944893842,0.00019457388818864733,4.37473316230866e-06,0.0020915862789540047,0.01752220025076645
3816,SINOS,2000,1699,0.0013058439578054052,0.0011149011070975567,0.00019094285070784847,4.289846962859579e-06,0.002071194573877495,0.01743247587497343
3817,SINOS,2000,1700,0.0013053948117656903,0.0011129341478517225,0.0001924606639139679,4.324055582963084e-06,0.0020794363618449794,0.01726432957983448
3818,SINOS,2000,1701,0.0013045233443166138,0.001112306414405956,0.0001922169299106579,4.313897177531495e-06,0.002076992339304961,0.01731263190838983
3819,SINOS,2000,1702,0.001303985853559856,0.0011111763218395866,0.0001928095317202693,4.329397803706959e-06,0.0020807205011021926,0.01737664737297806
3820,SINOS,2000,1703,0.0013034095114917957,0.0011100207055199916,0.0001933888059718041,4.363931880795381e-06,0.0020890026043055526,0.01733909025124547
3821,SINOS,2000,1704,0.0013026397221974463,0.0011086929292375386,0.00019394679295990766,4.411210573287175e-06,0.002100288211957391,0.017217880775057814
3822,SINOS,2000,1705,0.001301844165869177,0.0011080949493495822,0.0001937492165195948,4.4461615983126845e-06,0.0021085923262481737,0.016980489627460904
3823,SINOS,2000,1706,0.0013030322114752396,0.0011120018955148043,0.0001910303159604353,4.393210068006946e-06,0.0020959985849248433,0.016913881910522677
3824,SINOS,2000,1707,0.0013014857432734404,0.0011086749202749017,0.00019281082299853864,4.425195082517766e-06,0.0021036147657111,0.016958803569899983
3825,SINOS,2000,1708,0.0013007766771359745,0.001108747294450106,0.00019202938268586837,4.437806970734485e-06,0.002106610303481516,0.016684197160557135
3826,SINOS,2000,1709,0.0013003789351727678,0.0011086901582821097,0.00019168877689065806,4.424226708091873e-06,0.0021033845839721925,0.016602477980157015
3827,SINOS,2000,1710,0.0013000424425422584,0.001108808961578521,0.0001912334809637374,4.390361823664818e-06,0.002095319026703289,0.016618604503595535
3828,SINOS,2000,1711,0.0012997016426814958,0.0011088105869476558,0.00019089105573384004,4.354523822278148e-06,0.0020867495830305437,0.01670930509790236
3829,SINOS,2000,1712,0.0012992440423923463,0.001108553588583558,0.00019069045380878849,4.341265046793128e-06,0.0020835702644242953,0.01678579860690743
3830,SINOS,2000,1713,0.0012986723331071546,0.0011080621981220328,0.0001906101349851218,4.323730709080626e-06,0.0020793582445265716,0.016950907394287507
3831,SINOS,2000,1714,0.0012982615170689501,0.0011076131784456857,0.00019064833862326443,4.346549019008239e-06,0.002084837887944345,0.016972368206719657
3832,SINOS,2000,1715,0.0012977909619763194,0.0011061469435105784,0.0001916440184657411,4.382016313743586e-06,0.0020933266142061026,0.017025289448901137
3833,SINOS,2000,1716,0.0012984597067991718,0.001107978047733083,0.00019048165906608875,4.4760981135297535e-06,0.0021156791140269247,0.01691143732824718
3834,SINOS,2000,1717,0.0012975213123327361,0.0011063506183106317,0.00019117069402210438,4.412095028508253e-06,0.002100498757083244,0.016985579715352195
3835,SINOS,2000,1718,0.0012971975599695251,0.001106342879881305,0.00019085468008822018,4.408515219321875e-06,0.002099646451029762,0.0169557401920698
3836,SINOS,2000,1719,0.0012967142007826449,0.0011066382420274975,0.00019007595875514737,4.403486825635475e-06,0.002098448671193907,0.016916133241012377
3837,SINOS,2000,1720,0.0012965102606306057,0.0011067698172578131,0.00018974044337279262,4.401853809720993e-06,0.0020980595343604988,0.01693330245892577
3838,SINOS,2000,1721,0.001295880752347285,0.0011070172422402381,0.00018886351010704693,4.397805262236061e-06,0.0020970944809989038,0.01703846902195738
3839,SINOS,2000,1722,0.0012952480193687606,0.0011066742688314864,0.00018857375053727421,4.43280919779416e-06,0.0021054237572978416,0.017112518213762806
3840,SINOS,2000,1723,0.0012948692204967022,0.001106953399666618,0.00018791582083008422,4.410937927234279e-06,0.002100223304135605,0.017226983760249337
3841,SINOS,2000,1724,0.001294504084082644,0.0011060960178481303,0.00018840806623451363,4.421796706046933e-06,0.002102806863705493,0.01718513780914077
3842,SINOS,2000,1725,0.001294103550786827,0.0011050123317663133,0.00018909121902051362,4.424040587107168e-06,0.002103340340293783,0.01715660365819882
3843,SINOS,2000,1726,0.001293404878121918,0.001103256177073694,0.000190148701048224,4.425426487921049e-06,0.002103669766841043,0.017137482992786834
3844,SINOS,2000,1727,0.0012922142993337044,0.0011005673259081522,0.00019164697342555226,4.42817223555333e-06,0.0021043222746417265,0.017149474648898377
3845,SINOS,2000,1728,0.0012961608436470532,0.00110283751721866,0.00019332332642839323,4.358893721040789e-06,0.0020877963792096175,0.01689135795270469
3846,SINOS,2000,1729,0.0012918217433018936,0.0010999180190246005,0.00019190372427729303,4.405977172165491e-06,0.0020990419653178663,0.017087736659603947
3847,SINOS,2000,1730,0.0012905490971925296,0.0010980357850319297,0.0001925133121606,4.384631950610944e-06,0.0020939512770384474,0.01713349342420789
3848,SINOS,2000,1731,0.0012896519685652865,0.0010976378702952816,0.00019201409827000493,4.3439635060690914e-06,0.0020842177204095287,0.017167974425736143
3849,SINOS,2000,1732,0.0012891275965331058,0.0010980289059665787,0.00019109869056652723,4.311154792420842e-06,0.0020763320525438223,0.017166123445108705
3850,SINOS,2000,1733,0.0012886009328276205,0.0010986345462243152,0.0001899663866033054,4.282088001027122e-06,0.002069320661721407,0.017103290186219033
3851,SINOS,2000,1734,0.0012876154137875752,0.0010996564814395335,0.00018795893234804158,4.240717161199359e-06,0.0020593001629678367,0.016890814031990442
3852,SINOS,2000,1735,0.0012873400236054547,0.0011024632527923371,0.00018487677081311762,4.156666599631024e-06,0.002038790474676352,0.01657385172879533
3853,SINOS,2000,1736,0.0012862023513848814,0.0011010031381800949,0.00018519921320478655,4.1840103118234015e-06,0.002045485348718832,0.016493748825877286
3854,SINOS,2000,1737,0.0012857385218817707,0.0011002933292010519,0.00018544519268071878,4.200162741668916e-06,0.0020494298577089475,0.016402048177020956
3855,SINOS,2000,1738,0.001285001289359942,0.0010997762982836363,0.00018522499107630582,4.220355011292699e-06,0.0020543502649968673,0.01621860653429985
3856,SINOS,2000,1739,0.0012842051871465783,0.0010996465850780794,0.0001845586020684987,4.24261931454785e-06,0.002059761955796798,0.016003141999303527
3857,SINOS,2000,1740,0.0012829841158171615,0.0010993481682350559,0.00018363594758210553,4.259018709082211e-06,0.0020637390118622583,0.015891696516853293
3858,SINOS,2000,1741,0.0012807405876545741,0.0010982646922994528,0.0001824758953551213,4.282058719953563e-06,0.0020693135866643227,0.015912357458280124
3859,SINOS,2000,1742,0.0012792440977381903,0.0010980303795805647,0.00018121371815762555,4.270757786632706e-06,0.002066581183170094,0.01591402373904305
3860,SINOS,2000,1743,0.0012775175205538506,0.0010948400936417306,0.00018267742691212014,4.271712963816286e-06,0.002066812271062925,0.016158295323376204
3861,SINOS,2000,1744,0.0012752757017999656,0.001090800024210283,0.00018447567758968263,4.2845304025890565e-06,0.0020699107233378587,0.016504852569314443
3862,SINOS,2000,1745,0.0012740918564778598,0.0010886887826335179,0.00018540307384434188,4.267722481582989e-06,0.0020658466742677173,0.016700569474275118
3863,SINOS,2000,1746,0.0012730525560860025,0.0010880921234370485,0.00018496043264895395,4.231389394108983e-06,0.0020570341256549397,0.016843161548831254
3864,SINOS,2000,1747,0.001275108838675079,0.0010900805431340677,0.00018502829554101137,4.148262674154733e-06,0.0020367284242516805,0.016768534527430323
3865,SINOS,2000,1748,0.0012727145083958654,0.0010879537679671807,0.0001847607404286847,4.1971348852335755e-06,0.00204869101751181,0.016822758395752424
3866,SINOS,2000,1749,0.0012719546470792594,0.0010876346167884086,0.00018432003029085074,4.1632934794623514e-06,0.0020404150262783183,0.01697636833693117
3867,SINOS,2000,1750,0.0012712695234496567,0.0010877194658650447,0.00018355005758461206,4.171076105622819e-06,0.0020423212542650627,0.016899948991661584
3868,SINOS,2000,1751,0.001271380182672695,0.0010882409360791765,0.00018313924659351855,4.171183667551178e-06,0.0020423475873492195,0.01747610866877236
3869,SINOS,2000,1752,0.0012707272806811347,0.001087480510889399,0.0001832467697917358,4.162931107161967e-06,0.0020403262256712693,0.017175757663800417
3870,SINOS,2000,1753,0.001270199388534542,0.0010865846337854764,0.00018361475474906562,4.155621779933868e-06,0.002038534223390392,0.01720475952312539
3871,SINOS,2000,1754,0.0012698060244329635,0.0010858974652746785,0.00018390855915828504,4.144535997743125e-06,0.0020358133504187275,0.01725652715619652
3872,SINOS,2000,1755,0.0012694401445556575,0.0010852454646116127,0.0001841946799440447,4.126500700483425e-06,0.0020313790144833696,0.017340535591393702
3873,SINOS,2000,1756,0.0012686903147343198,0.0010846331939555563,0.0001840571207787636,4.08996584468333e-06,0.0020223663972394642,0.01742154401141638
3874,SINOS,2000,1757,0.0012679914146839317,0.0010842506739137463,0.0001837407407701854,4.066963020370255e-06,0.0020166712722628484,0.0173826845309607
3875,SINOS,2000,1758,0.001267397546652065,0.0010850537266137651,0.00018234382003829986,4.0004551746962716e-06,0.002000113790437002,0.01725276329743186
3876,SINOS,2000,1759,0.0012666966377033561,0.0010844644368070938,0.00018223220089626235,4.0139079416226934e-06,0.00200347396829175,0.017150085793556813
3877,SINOS,2000,1760,0.001266018510947249,0.0010840950009639487,0.00018192350998330023,4.041835562501568e-06,0.0020104316856092296,0.01693024224320483
3878,SINOS,2000,1761,0.0012651135796505559,0.001083248187547241,0.0001818653921033148,4.078473378148739e-06,0.002019523057097576,0.01665964223233829
3879,SINOS,2000,1762,0.0012642471479733391,0.0010823920718570836,0.00018185507611625547,4.126181967322999e-06,0.0020313005605579392,0.01640771467728197
3880,SINOS,2000,1763,0.0012640990587686812,0.0010810851614657653,0.00018301389730291588,4.1445142406330655e-06,0.002035808006820158,0.01622782551813795
3881,SINOS,2000,1764,0.0012632030490217915,0.0010806029819609966,0.00018260006706079495,4.1534666018484665e-06,0.002038005545097576,0.01631490892163645
3882,SINOS,2000,1765,0.0012627344149164267,0.0010802510422771214,0.00018248337263930518,4.1460923279284496e-06,0.0020361955524773275,0.016418680702686816
3883,SINOS,2000,1766,0.0012620797501655162,0.0010797189255148225,0.00018236082465069371,4.12963348554066e-06,0.0020321499663018623,0.01653544793246986
3884,SINOS,2000,1767,0.0012613075121095994,0.0010794372167442236,0.00018187029536537579,4.107260451121091e-06,0.0020266377207387343,0.016561993779247053
3885,SINOS,2000,1768,0.0012601484009549346,0.001079668204829605,0.00018048019612532947,4.0739618688750575e-06,0.002018405774088812,0.016435608144525715
3886,SINOS,2000,1769,0.001258498953270845,0.001079524735459845,0.0001789742178109998,4.017634565026887e-06,0.0020044037929087257,0.016280578676992286
3887,SINOS,2000,1770,0.0012569175540880371,0.0010798096488258966,0.0001771079052621405,3.981005254234942e-06,0.001995245662627773,0.015894667632724402
3888,SINOS,2000,1771,0.0012559474163212974,0.0010785581320371547,0.00017738928428414274,3.959677013666235e-06,0.0019898937191885993,0.015901463240226232
3889,SINOS,2000,1772,0.0012553207352674733,0.0010776723259411666,0.0001776484093263066,3.984302371485702e-06,0.001996071735055056,0.015925483127234297
3890,SINOS,2000,1773,0.0012546416198637575,0.0010756539349106567,0.00017898768495310072,4.070091758180472e-06,0.002017446841475748,0.015959072439979294
3891,SINOS,2000,1774,0.0012537127588017262,0.00107316373065024,0.00018054902815148633,4.12511742297001e-06,0.0020310385084901785,0.016046722604562524
3892,SINOS,2000,1775,0.0012525637986823136,0.0010710411738016413,0.00018152262488067234,4.167432675035226e-06,0.00204142907666057,0.016142164355684163
3893,SINOS,2000,1776,0.0012514651360282078,0.0010697584521365032,0.00018170668389170448,4.194835548300875e-06,0.0020481297684231035,0.016115465158908715
3894,SINOS,2000,1777,0.0012504187422404376,0.0010697818472994313,0.0001806368949410063,4.166598187894964e-06,0.002041224678445507,0.01595441010578591
3895,SINOS,2000,1778,0.001252956186463434,0.0010760450772392444,0.00017691110922418956,4.110918909461946e-06,0.002027540112910703,0.015636789891695924
3896,SINOS,2000,1779,0.0012496861930426162,0.0010704116347684807,0.0001792745582741355,4.139389607821648e-06,0.002034548993713754,0.015851925162906233
3897,SINOS,2000,1780,0.0012487738258405983,0.001071006666250099,0.0001777671595904993,4.072262765540874e-06,0.0020179848278767793,0.015800107936776775
3898,SINOS,2000,1781,0.0012473397891440662,0.00107220271002987,0.0001751370791141962,3.952989752203282e-06,0.001988212702957931,0.01581806172697553
3899,SINOS,2000,1782,0.0012459988063211573,0.0010726798019995304,0.00017331900432162694,3.879631069499171e-06,0.0019696779100906755,0.015898092089353333
3900,SINOS,2000,1783,0.0012448925721907725,0.0010728175234645768,0.00017207504872619557,3.8380462671940965e-06,0.001959093225753715,0.015936237887998028
3901,SINOS,2000,1784,0.0012444565178018447,0.0010715460300865982,0.0001729104877152466,3.866509903126897e-06,0.001966344299233198,0.016089051776702168
3902,SINOS,2000,1785,0.001243914764618173,0.0010712961980492556,0.00017261856656891747,3.878499834852577e-06,0.0019693907268118678,0.015978243491476918
3903,SINOS,2000,1786,0.0012434737255121182,0.0010705956289467217,0.00017287809656539645,3.9060530549223595e-06,0.0019763737133756763,0.015858169182259352
3904,SINOS,2000,1787,0.0012430073705301812,0.001069780591966342,0.00017322677856383912,3.9364774315058696e-06,0.0019840558035261685,0.01570904943554685
3905,SINOS,2000,1788,0.0012426396673525745,0.0010688514056865928,0.00017378826166598177,3.94699085360515e-06,0.001986703514268083,0.015617410507742124
3906,SINOS,2000,1789,0.0012421532376763048,0.0010679556167244256,0.00017419762095187915,3.93810803126345e-06,0.0019844666868615987,0.015581565042642853
3907,SINOS,2000,1790,0.0012415099986769888,0.0010669954374811087,0.0001745145611958802,3.910280590484542e-06,0.0019774429424093487,0.015577407990743919
3908,SINOS,2000,1791,0.0012408776405423898,0.0010666294219396021,0.00017424821860278773,3.882068726676421e-06,0.001970296608807014,0.015548358302564957
3909,SINOS,2000,1792,0.0012396466108601832,0.0010666044635230113,0.00017304214733717207,3.834859490311722e-06,0.001958279727289164,0.01542090648021277
3910,SINOS,2000,1793,0.0012382090236601432,0.0010671938082861385,0.00017101521537400466,3.7727037228923632e-06,0.001942344903175634,0.015279290183252248
3911,SINOS,2000,1794,0.0012368431449666841,0.0010681115715215769,0.00016873157344510716,3.7256631706600697e-06,0.0019301977024802589,0.015109446126927994
3912,SINOS,2000,1795,0.0012354595134463848,0.0010689078342535293,0.0001665516791928554,3.697509978749292e-06,0.001922891047030302,0.014965102005704112
3913,SINOS,2000,1796,0.0012336915103379545,0.001068977592798624,0.00016471391753933036,3.6842577886383073e-06,0.0019194420513884516,0.014936182750707183
3914,SINOS,2000,1797,0.001231395737358109,0.0010682099541711502,0.0001631857831869588,3.667871909205879e-06,0.0019151688983496675,0.01500639611486887
3915,SINOS,2000,1798,0.001229585450319238,0.001066469958159494,0.0001631154921597438,3.6931158762742793e-06,0.001921748130290304,0.015257469735041718
3916,SINOS,2000,1799,0.001227457879193785,0.0010641026697905637,0.00016335520940322134,3.664859391592885e-06,0.0019143822480353512,0.015345561546221131
3917,SINOS,2000,1800,0.0012284773795720296,0.0010662616418209525,0.00016221573775107708,3.608546839880131e-06,0.0018996175509507515,0.015251486863774866
3918,SINOS,2000,1801,0.0012261048051856154,0.0010632916589254282,0.00016281314626018727,3.6354676098370777e-06,0.001906690223879348,0.015307401411791877
3919,SINOS,2000,1802,0.001224637682771995,0.0010612206055065554,0.00016341707726543966,3.646174162592163e-06,0.0019094957875293056,0.015309400243676996
3920,SINOS,2000,1803,0.0012234225821924653,0.001060872756686473,0.00016254982550599226,3.650273836392092e-06,0.0019105689823694125,0.01512331713834747
3921,SINOS,2000,1804,0.0012216081650865047,0.0010616493082470395,0.00015995885683946513,3.626956011961043e-06,0.0019044568810978742,0.014612643777435097
3922,SINOS,2000,1805,0.001221134278561632,0.0010640981627265786,0.00015703611583505324,3.6934941566605305e-06,0.0019218465486766966,0.014117213228176717
3923,SINOS,2000,1806,0.0012186894769747624,0.0010628381927885017,0.00015585128418626074,3.632012660041745e-06,0.001905784001413,0.013762901684866047
3924,SINOS,2000,1807,0.0012172707591470828,0.001062040859978325,0.00015522989916875773,3.606881349834302e-06,0.0018991791252628864,0.013581580316567643
3925,SINOS,2000,1808,0.0012157456548467633,0.001061681717081102,0.00015406393776566115,3.5999764093839263e-06,0.00189736037941766,0.013283751448555647
3926,SINOS,2000,1809,0.0012145111281100882,0.0010604188800884353,0.0001540922480216529,3.601650001202161e-06,0.0018978013597850964,0.013201474658995793
3927,SINOS,2000,1810,0.0012129809853799304,0.001059485279319312,0.00015349570606061836,3.5913104388133064e-06,0.0018950753121745074,0.013198495622820938
3928,SINOS,2000,1811,0.0012311705016699703,0.0010651181121126604,0.00016605238955730991,4.0948952928904305e-06,0.0020235847629616185,0.012745048765623324
3929,SINOS,2000,1812,0.001212162140270495,0.0010573694801795871,0.0001547926600909078,3.6272748198696545e-06,0.0019045405797382356,0.013056608651650148
3930,SINOS,2000,1813,0.0012101626110010229,0.0010559101803603143,0.0001542524306407086,3.600129207183412e-06,0.00189740064487799,0.012985012341931168
3931,SINOS,2000,1814,0.0012080685948064496,0.001053500999145164,0.00015456759566128564,3.59099088442899e-06,0.0018949909985086974,0.01298879366777228
3932,SINOS,2000,1815,0.0012073296878568683,0.0010522452154205055,0.0001550844724363628,3.6376599754077503e-06,0.0019072650511682298,0.01263593287228082
3933,SINOS,2000,1816,0.0012058195941549374,0.0010496736707587397,0.00015614592339619778,3.6177490384317275e-06,0.0019020381274915937,0.012958045518940864
3934,SINOS,2000,1817,0.0012046574408074084,0.001047798756802434,0.0001568586840049743,3.5977867079679865e-06,0.001896783252764529,0.013190155898563649
3935,SINOS,2000,1818,0.0012023650647217674,0.0010435756036053718,0.0001587894611163956,3.5773805482972124e-06,0.0018913964545534108,0.013500814265815286
3936,SINOS,2000,1819,0.0012019787224346514,0.0010406852960732657,0.00016129342636138577,3.6489434082606022e-06,0.0019102207747432238,0.014012995272915774
3937,SINOS,2000,1820,0.001198342368103103,0.001034778416793872,0.00016356395130923086,3.5698732336697863e-06,0.0018894108165430266,0.013903384242205608
3938,SINOS,2000,1821,0.0011964915019249064,0.0010341793563400916,0.00016231214558481473,3.556896376728038e-06,0.0018859735885552687,0.013648925679137669
3939,SINOS,2000,1822,0.0011935971899644494,0.0010321217711463388,0.0001614754188181105,3.5736156314471127e-06,0.0018904009181777057,0.01339824763805686
3940,SINOS,2000,1823,0.0011919481058339045,0.001030399798396704,0.00016154830743720045,3.5909890625833515e-06,0.0018949905178082954,0.013353137365477274
3941,SINOS,2000,1824,0.0011869101310193158,0.0010258668714808394,0.00016104325953847652,3.683283406171029e-06,0.0019191882154106275,0.013155699687502076
3942,SINOS,2000,1825,0.0011824848738234937,0.001020940214740374,0.0001615446590831198,3.70023626783949e-06,0.0019235998200871952,0.012991125053084196
3943,SINOS,2000,1826,0.00117929818127241,0.0010222578483199555,0.00015704033295245445,3.674336662565207e-06,0.0019168559316143732,0.012618055982418164
3944,SINOS,2000,1827,0.001175744523518929,0.0010176972011327135,0.0001580473223862155,3.6836585060568618e-06,0.0019192859365026519,0.01273415169183767
3945,SINOS,2000,1828,0.0011733630730422701,0.001014065440405033,0.00015929763263723714,3.7139987455878687e-06,0.0019271737715078703,0.013096516113565104
3946,SINOS,2000,1829,0.001225895755015358,0.0010737408896982592,0.0001521548653170989,3.579852683635441e-06,0.0018920498628829635,0.01396347808497389
3947,SINOS,2000,1830,0.0011729051196508204,0.0010145350926426266,0.0001583700270081937,3.6754059354544125e-06,0.0019171348245374952,0.013175430910540187
3948,SINOS,2000,1831,0.0011714769488244392,0.0010131921224025152,0.00015828482642192408,3.7047615502824763e-06,0.001924775714280102,0.013291231325305852
3949,SINOS,2000,1832,0.0011678202575386048,0.001010769632799129,0.00015705062473947583,3.695123776111218e-06,0.0019222704742338466,0.013622773987902792
3950,SINOS,2000,1833,0.001164257626155246,0.0010091512111133005,0.0001551064150419456,3.629074162003802e-06,0.0019050129033693715,0.01393775338772174
3951,SINOS,2000,1834,0.0011636042333452111,0.0010092519376209547,0.00015435229572425657,3.742320515005781e-06,0.0019345078224204163,0.014143005214058202
3952,SINOS,2000,1835,0.0011590197175518674,0.0010054740201854756,0.00015354569736639187,3.593581592211753e-06,0.00189567444256965,0.01419089691271036
3953,SINOS,2000,1836,0.0011573712585196683,0.001004912446133832,0.00015245881238583624,3.561319075499965e-06,0.001887145748345889,0.01398166228932285
3954,SINOS,2000,1837,0.0011542069235441375,0.0010000410611254878,0.00015416586241864968,3.608013370995207e-06,0.0018994771309482005,0.01399722636440337
3955,SINOS,2000,1838,0.001151614747581437,0.0009966201944628561,0.00015499455311858095,3.7947304400383987e-06,0.0019480067864456733,0.014001458014733958
3956,SINOS,2000,1839,0.0011491535549740424,0.0009943067165278192,0.0001548468384462233,3.919813092435212e-06,0.0019798517854716325,0.013936508058765118
3957,SINOS,2000,1840,0.0011463464899012967,0.0009923425959490171,0.00015400389395227957,3.93639090395057e-06,0.001984033997680123,0.013953837507736933
3958,SINOS,2000,1841,0.0011423112182072767,0.0009902749091365423,0.00015203630907073448,3.7987746092171416e-06,0.0019490445375150208,0.014004828034842265
3959,SINOS,2000,1842,0.0011385780052035911,0.0009875527180582288,0.00015102528714536234,3.6250725602779274e-06,0.0019039623316331464,0.014308918198636111
3960,SINOS,2000,1843,0.0011413917305693048,0.0009933512208681627,0.00014804050970114202,3.673704160777091e-06,0.001916690940338867,0.014590008614176031
3961,SINOS,2000,1844,0.0011365377653078173,0.000987568218147143,0.00014896954716067434,3.5738668901732248e-06,0.0018904673734749364,0.01441931189466017
3962,SINOS,2000,1845,0.0011344106543422932,0.0009853195953568178,0.00014909105898547553,3.5479286415633675e-06,0.001883594606480749,0.014251258036109937
3963,SINOS,2000,1846,0.0011325644089485265,0.000983030553640766,0.00014953385530776036,3.5502290332809656e-06,0.001884205146283431,0.01444236210412353
3964,SINOS,2000,1847,0.001130794469903962,0.0009817238975681339,0.00014907057233582818,3.5588327869686307e-06,0.0018864868902191264,0.014438252417863118
3965,SINOS,2000,1848,0.0011275182683650566,0.0009791996670524888,0.00014831860131256776,3.568867169374107e-06,0.0018891445602108132,0.014489868139947792
3966,SINOS,2000,1849,0.0011237715441999201,0.0009774857364373282,0.00014628580776259188,3.6234372039126457e-06,0.0019035328218637696,0.014336097537877346
3967,SINOS,2000,1850,0.001119571120161377,0.0009734128980478717,0.0001461582221135051,3.687139512210537e-06,0.0019201925716475774,0.014167503923189773
3968,SINOS,2000,1851,0.0011151226694359588,0.0009707812625846937,0.00014434140685126509,3.705383717422238e-06,0.0019249373281803848,0.013708201416940402
3969,SINOS,2000,1852,0.0011099867807668193,0.0009670297896149558,0.00014295699115186362,3.6899607175864017e-06,0.0019209270463987958,0.012943738976783137
3970,SINOS,2000,1853,0.0011081190867754207,0.0009657207540562885,0.00014239833271913215,3.662388438735048e-06,0.0019137367736277234,0.012596474501864408
3971,SINOS,2000,1854,0.0011099659637072178,0.0009630308318345625,0.00014693513187265543,3.847666315610142e-06,0.0019615469190437792,0.011879271432024052
3972,SINOS,2000,1855,0.0011071675960517566,0.0009633496947565056,0.00014381790129525097,3.7150588881956576e-06,0.0019274488030024707,0.012331984376074856
3973,SINOS,2000,1856,0.0011052486032375652,0.0009615095553408866,0.00014373904789667858,3.6984443006373137e-06,0.001923133978857769,0.012154464350266125
3974,SINOS,2000,1857,0.0011036962240755768,0.0009588003428019107,0.0001448958812736662,3.7298388317408025e-06,0.00193127906625138,0.012022439212335034
3975,SINOS,2000,1858,0.0011022744717941332,0.0009560038314186808,0.00014627064037545237,3.8305678548915054e-06,0.0019571836538484337,0.01219150843159944
3976,SINOS,2000,1859,0.001100495363374251,0.0009524652810948013,0.00014803008227944975,3.853449082465747e-06,0.00196302039787307,0.011884314296771836
3977,SINOS,2000,1860,0.001099185614555274,0.0009511724170429395,0.00014801319751233446,3.849859669987632e-06,0.001962105927310662,0.011953854325602031
3978,SINOS,2000,1861,0.001097232081116103,0.000948909894642466,0.00014832218647363706,3.818344416529648e-06,0.001954058447572551,0.01212529752270941
3979,SINOS,2000,1862,0.001095408902654033,0.0009462700421752823,0.00014913886047875075,3.836526336609005e-06,0.001958705270480734,0.012171981745411453
3980,SINOS,2000,1863,0.0010930150806356285,0.0009428797807034753,0.00015013529993215317,3.7743158208717936e-06,0.001942759846422556,0.012288382860993319
3981,SINOS,2000,1864,0.0010900772287988835,0.0009384283592716944,0.0001516488695271892,3.764285948069335e-06,0.00194017678268485,0.012439282144976471
3982,SINOS,2000,1865,0.001086775397352203,0.0009359056280945938,0.00015086976925760904,3.7099163149957274e-06,0.0019261143047586058,0.01245010046181505
3983,SINOS,2000,1866,0.0010831995291790924,0.0009345566172426268,0.00014864291193646565,3.682660658409421e-06,0.0019190259660591936,0.012458793699209214
3984,SINOS,2000,1867,0.0010809502854167501,0.0009330631444723785,0.00014788714094437168,3.7356942715188146e-06,0.001932794420397269,0.012510811315644133
3985,SINOS,2000,1868,0.0010793534527875127,0.0009328667684114979,0.00014648668437601485,3.804605565022549e-06,0.0019505398137496576,0.012637170265726305
3986,SINOS,2000,1869,0.001078073868010725,0.0009317585354992548,0.00014631533251147023,3.7631838824391836e-06,0.0019398927502414106,0.01270075339515897
3987,SINOS,2000,1870,0.0010769915774881968,0.0009305085437713217,0.0001464830337168752,3.641033954094142e-06,0.0019081493531938588,0.012910229645081261
3988,SINOS,2000,1871,0.0010753249227323514,0.0009295394346265345,0.00014578548810581678,3.473929779471432e-06,0.001863848110622599,0.01298560836428686
3989,SINOS,2000,1872,0.0010741062327724673,0.0009288723964641765,0.00014523383630829083,3.3969757848493132e-06,0.0018430886535512373,0.012795961740638684
3990,SINOS,2000,1873,0.0010716257545087151,0.000928421068997405,0.00014320468551131006,3.289691552061557e-06,0.0018137506863021601,0.01246934155001711
3991,SINOS,2000,1874,0.001069578282143622,0.0009290568049904761,0.00014052147715314572,3.2152670453055503e-06,0.0017931165732616356,0.012389700055735808
3992,SINOS,2000,1875,0.001068253401614904,0.0009305981363300466,0.00013765526528485738,3.205339576527501e-06,0.001790346216944505,0.012374893636087236
3993,SINOS,2000,1876,0.0010674325828034052,0.0009295661511948555,0.00013786643160854968,3.228679976903009e-06,0.0017968527977836718,0.012260350420373989
3994,SINOS,2000,1877,0.0010668195123508732,0.0009287464673176225,0.00013807304503325068,3.260797697230209e-06,0.0018057678968323167,0.012112543880284932
3995,SINOS,2000,1878,0.0010661668405984785,0.000928229901074088,0.00013793693952439046,3.269062000984799e-06,0.0018080547560803569,0.012108945194242438
3996,SINOS,2000,1879,0.0010651060739226446,0.0009272648071972629,0.00013784126672538167,3.252361641549381e-06,0.0018034305202999591,0.01219674721483699
3997,SINOS,2000,1880,0.001064320649940284,0.000926848721838169,0.00013747192810211508,3.2127522698986972e-06,0.0017924152057764678,0.012289595997240887
3998,SINOS,2000,1881,0.001063169576870819,0.0009262743148642692,0.00013689526200654967,3.1379679037981117e-06,0.0017714310327523655,0.01228349555045316
3999,SINOS,2000,1882,0.0010620674490484897,0.0009256280587501753,0.00013643939029831453,3.0620834688968694e-06,0.0017498809870665117,0.012334835499875574
4000,SINOS,2000,1883,0.0010608195060520101,0.0009242819660952485,0.00013653753995676167,3.0473681209298425e-06,0.0017456712522493582,0.012158551330414546
4001,SINOS,2000,1884,0.0010583387875092386,0.0009215601052497701,0.00013677868225946843,3.005173566730642e-06,0.0017335436443108785,0.011964562052575678
4002,SINOS,2000,1885,0.0010566083212307084,0.0009198745926161928,0.0001367337286145156,2.9904249484462374e-06,0.0017292845192293364,0.012051597418589965
4003,SINOS,2000,1886,0.001070749870315259,0.0009328100951212296,0.0001379397751940294,3.022776225083557e-06,0.0017386133052187185,0.012612760176931692
4004,SINOS,2000,1887,0.0010554914897198595,0.0009190588937134469,0.0001364325960064126,2.978714322681541e-06,0.00172589522355256,0.012169844810823838
4005,SINOS,2000,1888,0.0010517226486818623,0.0009150314311803882,0.000136691217501474,2.994144561599023e-06,0.001730359662497662,0.012364947489235778
4006,SINOS,2000,1889,0.0010489436772712127,0.00091132352634348,0.00013762015092773285,3.032663685296513e-06,0.001741454474080937,0.012331683954167838
4007,SINOS,2000,1890,0.001046995417851511,0.0009085781944784825,0.0001384172233730284,3.0873032864903642e-06,0.0017570723623375232,0.012478110977721224
4008,SINOS,2000,1891,0.001044353629803027,0.000906595904583781,0.00013775772521924603,3.0415298248751826e-06,0.001743998229607812,0.012526678040934547
4009,SINOS,2000,1892,0.0010427803126159911,0.00090550556306066,0.0001372747495553311,2.997625784067761e-06,0.0017313652948086262,0.01280488403717106
4010,SINOS,2000,1893,0.0010407017668061002,0.0009037141376345264,0.00013698762917157368,2.956898896030986e-06,0.001719563577199455,0.013188414201714016
4011,SINOS,2000,1894,0.0010390225280844355,0.0009017352272726259,0.00013728730081180956,2.9397382055701264e-06,0.0017145664774426586,0.013708746246394732
4012,SINOS,2000,1895,0.0010374556617926411,0.0009008234303260684,0.00013663223146657283,2.9406379243894727e-06,0.0017148288323880821,0.013612482140758386
4013,SINOS,2000,1896,0.0010357421795508263,0.0008998141221532338,0.0001359280573975925,2.970534760495229e-06,0.0017235239367340476,0.013606728770090504
4014,SINOS,2000,1897,0.0010346454758677886,0.0008985713555570935,0.00013607412031069513,3.033522703225481e-06,0.0017417010946845848,0.013582604264253506
4015,SINOS,2000,1898,0.0010336595767005523,0.0008979287386269965,0.00013573083807355573,3.112590612342693e-06,0.001764253556703994,0.013708774734641382
4016,SINOS,2000,1899,0.0010327125481235184,0.0008958306817300722,0.00013688186639344637,3.1571901428576552e-06,0.0017768483736260827,0.013778488610779016
4017,SINOS,2000,1900,0.0010321209725565673,0.000894340480601162,0.00013778049195540529,3.2105228282646315e-06,0.0017917931879166836,0.013911503194143693
4018,SINOS,2000,1901,0.0010314724881703209,0.0008934599267243902,0.00013801256144593067,3.2246260339077363e-06,0.0017957243758182201,0.014000891676525518
4019,SINOS,2000,1902,0.0010305688266470444,0.000892508360025488,0.00013806046662155638,3.2317530434974867e-06,0.0017977077191516663,0.013997003879575143
4020,SINOS,2000,1903,0.0010295559009491737,0.0008905735895519094,0.00013898231139726418,3.2306826789856824e-06,0.001797409991901036,0.014163235390476592
4021,SINOS,2000,1904,0.0010291298398783684,0.0008918578350961499,0.00013727200478221856,3.151829725499026e-06,0.0017753393268609317,0.013553186347409207
4022,SINOS,2000,1905,0.0010281245679839399,0.000890295265718649,0.00013782930226529093,3.1672076166846627e-06,0.001779665029348125,0.01383793562998581
4023,SINOS,2000,1906,0.0010274142702503422,0.0008892369000984947,0.0001381773701518475,3.183049852529603e-06,0.0017841103812627746,0.013906381579422478
4024,SINOS,2000,1907,0.0010268417214242302,0.0008886336602447588,0.00013820806117947128,3.2014164027207356e-06,0.0017892502347968927,0.013901662858079478
4025,SINOS,2000,1908,0.0010263781697400988,0.0008886615242138332,0.0001377166455262656,3.224428443160964e-06,0.001795669357972387,0.013724832574580459
4026,SINOS,2000,1909,0.0010258465749771475,0.0008881010340893367,0.00013774554088781077,3.275458763781269e-06,0.0018098228542543244,0.013547026252733074
4027,SINOS,2000,1910,0.0010250389332558333,0.0008874923847090342,0.00013754654854679918,3.3356304015119822e-06,0.0018263708280390329,0.013326806717702366
4028,SINOS,2000,1911,0.001024331587064748,0.0008865989668401167,0.00013773262022463126,3.3714537884265877e-06,0.001836151896882877,0.013211660638706046
4029,SINOS,2000,1912,0.0010236648050174584,0.0008854259976175362,0.0001382388073999221,3.362048217073975e-06,0.0018335888898752563,0.013285711344437123
4030,SINOS,2000,1913,0.001024085711400138,0.0008857323345981602,0.0001383533768019776,3.3622016517513965e-06,0.0018336307293867532,0.013277604255678144
4031,SINOS,2000,1914,0.0010232602447403398,0.0008850235409098742,0.00013823670383046572,3.3594178584651208e-06,0.0018328714789818518,0.013282180298409996
4032,SINOS,2000,1915,0.0010227171752428034,0.0008837581915283898,0.0001389589837144136,3.34916924099375e-06,0.0018300735616345453,0.013237525611492718
4033,SINOS,2000,1916,0.0010222194229595174,0.0008833951783062252,0.00013882424465329232,3.306907354429052e-06,0.0018184904053717337,0.013311970882085022
4034,SINOS,2000,1917,0.0010215583025422249,0.0008821711842224168,0.00013938711831980817,3.2804815956639273e-06,0.0018112099811076372,0.013364533842301851
4035,SINOS,2000,1918,0.0010210502667871801,0.0008813049840817186,0.00013974528270546146,3.260656392415768e-06,0.0018057287704458186,0.013341269778095688
4036,SINOS,2000,1919,0.0010201739574884554,0.0008795711737622358,0.00014060278372621964,3.306135246886388e-06,0.001818278099435394,0.013149448729271596
4037,SINOS,2000,1920,0.0010195272755749425,0.0008784773462190664,0.00014104992935587608,3.270770693716527e-06,0.001808527216747519,0.013001870786376601
4038,SINOS,2000,1921,0.0010189079794512064,0.0008786136978773627,0.00014029428157384373,3.2973049475217427e-06,0.0018158482721642088,0.012864238022350705
4039,SINOS,2000,1922,0.0010183834849412706,0.0008793917561902219,0.00013899172875104864,3.3054215861235032e-06,0.0018180818425262112,0.012685211511203276
4040,SINOS,2000,1923,0.001017975521715548,0.0008798903254665792,0.00013808519624896893,3.270256008798635e-06,0.0018083849172116635,0.012690759164741716
4041,SINOS,2000,1924,0.001026702670667771,0.0008888048120436011,0.00013789785862417005,3.1668852718861804e-06,0.0017795744637092825,0.01333837987727382
4042,SINOS,2000,1925,0.001017731431614875,0.0008798283644912839,0.00013790306712359104,3.2480045754743578e-06,0.001802222121569469,0.012781883279502693
4043,SINOS,2000,1926,0.0010170033746457587,0.0008796918068189402,0.00013731156782681857,3.1999940378411737e-06,0.001788852715525002,0.012759945600560374
4044,SINOS,2000,1927,0.0010158654329562602,0.0008791588957530926,0.00013670653720316767,3.1504341876529963e-06,0.0017749462492292539,0.012801838469580828
4045,SINOS,2000,1928,0.0010145075181680078,0.0008766844475771848,0.00013782307059082312,3.098908847979105e-06,0.001760371792542446,0.012911851351030124
4046,SINOS,2000,1929,0.0010131854581311873,0.0008740172023255979,0.00013916825580558945,3.118015565647739e-06,0.0017657903515558519,0.013075648699220177
4047,SINOS,2000,1930,0.0010177021330141482,0.0008791972430992795,0.00013850488991486862,3.2093916551156882e-06,0.0017914775061707274,0.013145456188524807
4048,SINOS,2000,1931,0.0010128061504256819,0.0008739944333422015,0.00013881171708348026,3.1295198201780397e-06,0.0017690448892490093,0.013091016569405034
4049,SINOS,2000,1932,0.0010117854482415783,0.0008710693809950315,0.00014071606724654675,3.1662257852103917e-06,0.0017793891606982413,0.01338574230766254
4050,SINOS,2000,1933,0.0010113514238829857,0.0008703689823610396,0.00014098244152194623,3.1811402367251417e-06,0.0017835751278612129,0.013493846619251015
4051,SINOS,2000,1934,0.0010107245214616566,0.000869776980520807,0.00014094754094084972,3.172041939679479e-06,0.0017810227229542802,0.013616279726815006
4052,SINOS,2000,1935,0.0010098495250153835,0.0008692041864588333,0.00014064533855655026,3.121294715839844e-06,0.0017667186295049486,0.013748195925457174
4053,SINOS,2000,1936,0.0010094026579645474,0.0008686337611037231,0.0001407688968608243,3.038044471987665e-06,0.0017429987010860522,0.013771513722786621
4054,SINOS,2000,1937,0.001008168485572681,0.0008681956987811991,0.00013997278679148188,2.976386919353816e-06,0.0017252208320542087,0.013874840277293132
4055,SINOS,2000,1938,0.0010077439994330946,0.0008675479180076022,0.0001401960814254923,2.9887471151081324e-06,0.0017287993275993986,0.013844669478953464
4056,SINOS,2000,1939,0.0010073542065653675,0.0008672583589473651,0.0001400958476180024,3.002314563808633e-06,0.0017327188357632156,0.01375421506681318
4057,SINOS,2000,1940,0.0010070425697756322,0.0008667881765674782,0.00014025439320815408,3.0242348042510985e-06,0.0017390327208684426,0.01374072155334638
4058,SINOS,2000,1941,0.0010066135807389157,0.0008662989820537268,0.00014031459868518877,3.0828162174008395e-06,0.0017557950385511515,0.013739068041029534
4059,SINOS,2000,1942,0.0010062066088026842,0.0008656217333874918,0.00014058487541519237,3.123219690909251e-06,0.0017672633337760535,0.01378871168866691
4060,SINOS,2000,1943,0.0010056762148260862,0.000865433471329438,0.0001402427434966482,3.1307960510257277e-06,0.0017694055643141082,0.013821667280300098
4061,SINOS,2000,1944,0.0010046567885759505,0.0008647586655775851,0.00013989812299836538,3.0874789603767293e-06,0.001757122352136222,0.013937289583583312
4062,SINOS,2000,1945,0.0010037103397066895,0.0008644940062824747,0.00013921633342421475,3.03680389190713e-06,0.0017426427895317876,0.013865178065053718
4063,SINOS,2000,1946,0.0010027346978609107,0.0008630134850415858,0.00013972121281932478,3.003300968484754e-06,0.0017330034531081449,0.014010526196575834
4064,SINOS,2000,1947,0.0010019764407386822,0.0008618809983042946,0.00014009544243438765,2.9849186007623683e-06,0.0017276916972545676,0.014137518603335564
4065,SINOS,2000,1948,0.001001561849332048,0.0008612296133137455,0.00014033223601830246,3.011343352335808e-06,0.0017353222618107012,0.014197289592058238
4066,SINOS,2000,1949,0.0010009980866775934,0.0008594830901106102,0.0001415149965669831,3.0507846309274325e-06,0.001746649544392759,0.014253847240760176
4067,SINOS,2000,1950,0.0010004470542644924,0.0008592371130251224,0.00014120994123936997,3.176656706039023e-06,0.0017823177904175852,0.014303125952204732
4068,SINOS,2000,1951,0.0010001125596351306,0.0008593618132731338,0.00014075074636199676,3.1729588971140486e-06,0.001781280128759665,0.014269134960343766
4069,SINOS,2000,1952,0.0009995935565575748,0.0008592382098627132,0.0001403553466948616,3.1786638436727656e-06,0.0017828807710199709,0.014124956667466937
4070,SINOS,2000,1953,0.0009993052182885812,0.0008589624571393797,0.0001403427611492015,3.179733530088529e-06,0.001783180733994322,0.014049580617927826
4071,SINOS,2000,1954,0.0009988380655998907,0.000858410089563021,0.00014042797603686975,3.1951288951346452e-06,0.001787492348273034,0.013959383523245994
4072,SINOS,2000,1955,0.0009987193089635773,0.0008566065125728748,0.00014211279639070264,3.118924545840535e-06,0.0017660477190156937,0.013904869269420916
4073,SINOS,2000,1956,0.0009979246238015279,0.0008566203910681775,0.00014130423273335036,3.1692912018005173e-06,0.001780250319983265,0.013955420581846512
4074,SINOS,2000,1957,0.0009974880424226075,0.0008562643164846274,0.00014122372593798006,3.19379382861119e-06,0.0017871188624742312,0.014048005585591494
4075,SINOS,2000,1958,0.0009970086695890025,0.0008559400879919144,0.00014106858159708803,3.2033091062068057e-06,0.0017897790663114835,0.014176086696454093
4076,SINOS,2000,1959,0.0009964818250418233,0.0008563621241386246,0.0001401197009031988,3.184044160197366e-06,0.0017843890159372103,0.01424211634917849
4077,SINOS,2000,1960,0.0009959561848192442,0.0008561912177677478,0.00013976496705149635,3.124537940374423e-06,0.0017676362579372553,0.0142572605147534
4078,SINOS,2000,1961,0.0009953173152602388,0.0008558570026273715,0.0001394603126328673,3.0683021498375055e-06,0.0017516569726511826,0.01419321077032809
4079,SINOS,2000,1962,0.0009948106317989964,0.0008540804464987108,0.0001407301853002856,3.0189746752360723e-06,0.0017375196906038424,0.014171403872002108
4080,SINOS,2000,1963,0.000993684994765807,0.0008542759443758721,0.00013940905038993477,2.9914058680091475e-06,0.0017295681160362398,0.013978677115434768
4081,SINOS,2000,1964,0.0009923506829588994,0.0008536697857133975,0.00013868089724550204,2.991666088902077e-06,0.001729643341530871,0.013758369374453072
4082,SINOS,2000,1965,0.0009913652248708968,0.0008535912514685371,0.00013777397340235958,2.98609032490571e-06,0.0017280307650344973,0.013565209866923333
4083,SINOS,2000,1966,0.000990422976519053,0.0008521919083974704,0.00013823106812158256,2.9964930670198663e-06,0.0017310381471879429,0.013437152179620049
4084,SINOS,2000,1967,0.0009896690087144438,0.0008507034534822127,0.00013896555523223113,3.0114521667391813e-06,0.0017353536143216407,0.013483312917393131
4085,SINOS,2000,1968,0.0009886484502151511,0.0008491038919427624,0.00013954455827238884,3.0979890740087877e-06,0.0017601105289182233,0.01326582741180593
4086,SINOS,2000,1969,0.0009861601125401346,0.0008450637698263749,0.00014109634271375972,3.1480583647248067e-06,0.0017742768568419097,0.013362488979332787
4087,SINOS,2000,1970,0.0009845951755132374,0.000844607522612283,0.00013998765290095447,3.159149155168057e-06,0.0017773995485450245,0.013174833030733635
4088,SINOS,2000,1971,0.0009812036954929318,0.0008441544740992709,0.000137049221393661,3.2343749230955784e-06,0.0017984367998613625,0.012673434557058605
4089,SINOS,2000,1972,0.00098040843498424,0.0008420828145184518,0.00013832562046578817,3.3737551137330125e-06,0.0018367784607113107,0.012300624858513909
4090,SINOS,2000,1973,0.0009781810258470483,0.0008403054542326044,0.00013787557161444393,3.4488485485933875e-06,0.0018571075759345197,0.012326887748867033
4091,SINOS,2000,1974,0.0009774090012059776,0.0008397250919045042,0.00013768390930147338,3.4342431036780603e-06,0.0018531710940110362,0.012315619643705422
4092,SINOS,2000,1975,0.0009760193687016628,0.0008392126087189155,0.0001368067599827472,3.2061929182091102e-06,0.0017905845185885838,0.01212701298421559
4093,SINOS,2000,1976,0.0009743087584177928,0.0008385382529381238,0.00013577050547966898,3.210932523632201e-06,0.0017919075097873219,0.01207062727352659
4094,SINOS,2000,1977,0.0009728998639127956,0.000838310393125123,0.00013458947078767253,3.144057614852189e-06,0.001773149067295863,0.011997614394048228
4095,SINOS,2000,1978,0.0009719053074990672,0.0008378260742467468,0.0001340792332523204,3.113126692505329e-06,0.0017644054784842766,0.011917915694434345
4096,SINOS,2000,1979,0.000970746770793457,0.000836727230223781,0.000134019540569676,3.074948660174e-06,0.0017535531529366312,0.011914026328577632
4097,SINOS,2000,1980,0.000969702476431436,0.000834613631961224,0.00013508884447021202,3.116299606174111e-06,0.0017653043947642886,0.011963506054172623
4098,SINOS,2000,1981,0.0009682996104014278,0.0008331636828415201,0.00013513592755990764,3.1585001514952993e-06,0.0017772169680416905,0.01205936861013901
4099,SINOS,2000,1982,0.000966106467200159,0.0008305513754896636,0.00013555509171049536,3.2957688745095816e-06,0.0018154252599624093,0.012311618196117702
4100,SINOS,2000,1983,0.000964001857914928,0.0008267126635720632,0.00013728919434286474,3.42407161218957e-06,0.001850424711299968,0.012421831171186226
4101,SINOS,2000,1984,0.0009626549650745519,0.0008238217497858269,0.00013883321528872502,3.458199662639991e-06,0.0018596235271258511,0.012558290248792292
4102,SINOS,2000,1985,0.000961418561303564,0.0008217222800129686,0.00013969628129059533,3.400816560045418e-06,0.0018441302990964109,0.012600875643507536
4103,SINOS,2000,1986,0.0009598199875818071,0.000819362722875059,0.00014045726470674814,3.2798113270037194e-06,0.001811024938261127,0.012683000802973798
4104,SINOS,2000,1987,0.0009580923469050274,0.0008178144121858739,0.0001402779347191535,3.1583197767814837e-06,0.001777166220920678,0.012633242718674498
4105,SINOS,2000,1988,0.0009552873104901286,0.0008155664884655998,0.00013972082202452882,3.0287795575805653e-06,0.0017403389203199948,0.012454721418936221
4106,SINOS,2000,1989,0.0009533809203750525,0.0008137085673270452,0.0001396723530480074,3.0439711905303137e-06,0.001744698022733537,0.012357643424637632
4107,SINOS,2000,1990,0.0009521095081787096,0.0008119120126494387,0.0001401974955292709,3.075748453835044e-06,0.0017537811875587685,0.012286221772627504
4108,SINOS,2000,1991,0.0009512631037409597,0.000810447379827317,0.00014081572391364268,3.1588050522156307e-06,0.0017773027463591088,0.012205981094744689
4109,SINOS,2000,1992,0.000950429270352805,0.0008099205129454071,0.00014050875740739786,3.216037129229079e-06,0.001793331293773986,0.012212478747316902
4110,SINOS,2000,1993,0.0009494003149447909,0.0008084128631025042,0.00014098745184228675,3.2256449873636362e-06,0.0017960080699606102,0.012105536150593621
4111,SINOS,2000,1994,0.0009485055773806461,0.0008063924650624131,0.00014211311231823297,3.1923855798785684e-06,0.0017867248192932701,0.012125029681716248
4112,SINOS,2000,1995,0.0009474947875792197,0.0008040467906089031,0.00014344799697031663,3.141393224386514e-06,0.0017723975920730974,0.01208811113541508
4113,SINOS,2000,1996,0.000946226970062086,0.0008019502712779317,0.0001442766987841543,3.080018512488932e-06,0.001754998151705275,0.012167774283972643
4114,SINOS,2000,1997,0.0009452679698552883,0.0008003504304349514,0.00014491753942033687,3.089182135355322e-06,0.0017576069342590003,0.012199547521813403
4115,SINOS,2000,1998,0.0009443449179580231,0.0007994649495803407,0.0001448799683776824,3.092383589105203e-06,0.001758517440659945,0.012328575846190515
4116,SINOS,2000,1999,0.0009429913774521032,0.0007977485456055426,0.00014524283184656062,3.0863012431685498e-06,0.001756787193478069,0.01259007003732815
4117,SINOS,2000,2000,0.0009412890454240581,0.00079476445647019,0.00014652458895386802,3.0494293342383338e-06,0.0017462615308819964,0.012929695377080441
4118,SINOS,2000,2001,0.0009392391906803469,0.0007906630454506611,0.0001485761452296858,2.999839278191558e-06,0.001732004410557767,0.01334126587712181
4119,SINOS,2000,2002,0.0009376601211205315,0.0007869774766579412,0.0001506826444625902,2.9907728242386807e-06,0.0017293851000395142,0.013527291189568413
4120,SINOS,2000,2003,0.0009414077616589912,0.0007852671425924614,0.00015614061906652987,3.045239241626524e-06,0.0017450613862058045,0.013614889843800326
4121,SINOS,2000,2004,0.0009369541946690812,0.0007851005415128692,0.00015185365315621198,2.9731987087920666e-06,0.0017242965837674406,0.013551660345554217
4122,SINOS,2000,2005,0.0009357357594303158,0.0007844890757598361,0.00015124668367047972,2.9569125299582717e-06,0.0017195675415517331,0.013582719608477567
4123,SINOS,2000,2006,0.0009342302757891004,0.0007831172557601566,0.0001511130200289438,2.947993713653974e-06,0.0017169722518590607,0.013444858613388733
4124,SINOS,2000,2007,0.000931672025370977,0.0007805159039452269,0.00015115612142575007,2.952991466798253e-06,0.0017184270327244777,0.013410748500699676
4125,SINOS,2000,2008,0.000928180920761813,0.0007770731556510134,0.00015110776511079957,2.972051304665659e-06,0.0017239638350805562,0.013273902248914227
4126,SINOS,2000,2009,0.0009268420445848315,0.000771682861556739,0.0001551591830280925,3.1126220046655513e-06,0.00176426245345344,0.013285527044563872
4127,SINOS,2000,2010,0.000925509222270728,0.0007721474807815827,0.00015336174148914536,3.102663173467236e-06,0.0017614378142492672,0.013304598999212991
4128,SINOS,2000,2011,0.000924475314350143,0.0007702352418190176,0.00015424007253112552,3.0887110046895342e-06,0.0017574729029744766,0.013307303498842349
4129,SINOS,2000,2012,0.0009233151404687434,0.0007681939989185348,0.00015512114155020855,3.080245021969249e-06,0.0017550626832022978,0.013278504568681515
4130,SINOS,2000,2013,0.0009219548616814053,0.0007660670642521435,0.00015588779742926184,3.074771885610052e-06,0.0017535027475342182,0.0130871147802466
4131,SINOS,2000,2014,0.0009206077802714239,0.0007655801531992997,0.00015502762707212423,3.0622592144592557e-06,0.0017499312027789138,0.012636356660923664
4132,SINOS,2000,2015,0.0009198059421653803,0.0007645502569404586,0.00015525568522492176,3.080074974180052e-06,0.0017550142376003826,0.012421652676621098
4133,SINOS,2000,2016,0.0009191276563129689,0.000764761819443888,0.00015436583686908082,3.081249353969407e-06,0.0017553487841364768,0.012377999716828847
4134,SINOS,2000,2017,0.0009183357314970885,0.0007650294915902607,0.00015330623990682783,3.0662430642419638e-06,0.0017510691203496118,0.012427368233109637
4135,SINOS,2000,2018,0.0009174117231654634,0.0007661128428138684,0.00015129888035159508,3.0650672467785767e-06,0.0017507333454237332,0.012434138526359662
4136,SINOS,2000,2019,0.0009166125005993803,0.0007661052173555632,0.00015050728324381713,3.002119252252098e-06,0.001732662474993932,0.012571103096682745
4137,SINOS,2000,2020,0.0009159683138987346,0.000764917507402549,0.00015105080649618563,2.984170497681298e-06,0.0017274751800478345,0.012557950152223385
4138,SINOS,2000,2021,0.0009154624254394474,0.0007634171339655274,0.00015204529147391994,2.9697780012457785e-06,0.001723304384386513,0.012585322213182093
4139,SINOS,2000,2022,0.0009148232648896058,0.0007620839989839765,0.00015273926590562937,2.9472568092979198e-06,0.0017167576443103201,0.012620679946011681
4140,SINOS,2000,2023,0.0009136568179332409,0.0007600517799354316,0.00015360503799780924,2.9204749156801984e-06,0.0017089397051037812,0.012679644114349853
4141,SINOS,2000,2024,0.0009126221453877936,0.000758896336062527,0.0001537258093252666,2.8917015517179024e-06,0.0017005003827455913,0.012764614081025472
4142,SINOS,2000,2025,0.0009123693391099022,0.0007601666384952997,0.00015220270061460246,2.8715166706364966e-06,0.0016945550066718095,0.012798282209524392
4143,SINOS,2000,2026,0.0009107887386809201,0.0007575177536890678,0.0001532709849918522,2.8724375617244076e-06,0.0016948267055142859,0.012994735597970819
4144,SINOS,2000,2027,0.0009099815957472747,0.0007580551934813853,0.00015192640226588942,2.855337859710994e-06,0.001689774499662897,0.012758408828647094
4145,SINOS,2000,2028,0.0009091799214742388,0.0007577679761115677,0.0001514119453626711,2.8474481675635094e-06,0.0016874383448184141,0.01276194504617012
4146,SINOS,2000,2029,0.000968550189655119,0.0008060319660357825,0.0001625182236193364,3.5129258156868544e-06,0.0018742800793069467,0.012258475565712246
4147,SINOS,2000,2030,0.0009087359186962965,0.0007567540747466414,0.00015198184394965515,2.8823583257315917e-06,0.0016977509610456981,0.012714586763913904
4148,SINOS,2000,2031,0.0009075784182892096,0.0007560105229236282,0.0001515678953655814,2.8806821268028097e-06,0.0016972572364856216,0.012575467868309542
4149,SINOS,2000,2032,0.0009070361426828185,0.0007552332118336369,0.00015180293084918162,2.8851062452876556e-06,0.001698560050539178,0.01246320683028268
4150,SINOS,2000,2033,0.0009054077086838753,0.0007527826921631797,0.00015262501652069566,2.8994502579191555e-06,0.0017027772191097565,0.012097580114727058
4151,SINOS,2000,2034,0.0009037110404234471,0.0007502724470563452,0.00015343859336710192,2.911720644187016e-06,0.0017063764661372403,0.011685354839412798
4152,SINOS,2000,2035,0.0009080121666959944,0.0007540433498416148,0.0001539688168543796,3.0567923810571687e-06,0.0017483684912103538,0.011294554542688573
4153,SINOS,2000,2036,0.0009030516655008845,0.0007497956949233948,0.00015325597057748973,2.9362526540240686e-06,0.0017135497232423891,0.01142867647909418
4154,SINOS,2000,2037,0.0009022697895816891,0.0007496805325977652,0.00015258925698392395,2.941457236620546e-06,0.0017150677061330687,0.011257816186134417
4155,SINOS,2000,2038,0.000901901991926413,0.0007495706894272607,0.00015233130249915226,2.958568824674634e-06,0.001720049076240162,0.011091440224825777
4156,SINOS,2000,2039,0.0009017282762997789,0.0007501361718934229,0.00015159210440635605,2.9553501471423886e-06,0.001719113186251094,0.011148317705124033
4157,SINOS,2000,2040,0.0009015435500359771,0.0007505409237893383,0.0001510026262466389,2.9548994884233777e-06,0.001718982108232479,0.011180036460262444
4158,SINOS,2000,2041,0.0009012651744099852,0.0007510805099374413,0.0001501846644725438,2.9515553293667825e-06,0.0017180091179521669,0.011179908209192901
4159,SINOS,2000,2042,0.0009009525826435074,0.0007511755011249184,0.00014977708151858894,2.949248770178235e-06,0.001717337698351211,0.01110961431176094
4160,SINOS,2000,2043,0.0009006392246678713,0.0007509390531300629,0.00014970017153780832,2.9495107147071167e-06,0.0017174139613695693,0.01098018093816544
4161,SINOS,2000,2044,0.0009002915389380822,0.0007503279918257525,0.0001499635471123298,2.947342223270319e-06,0.0017167825206677516,0.010832299417146474
4162,SINOS,2000,2045,0.0009002505067757734,0.0007503954812489704,0.00014985502552680296,2.9702973928193973e-06,0.0017234550742097681,0.0107521675722686
4163,SINOS,2000,2046,0.0008999874717240119,0.0007501188651769889,0.00014986860654702305,2.9579879982746222e-06,0.0017198802278864138,0.010657542093337025
4164,SINOS,2000,2047,0.0008993791924823279,0.0007492701144633017,0.00015010907801902613,2.948309284996926e-06,0.001717064147024486,0.010685807001987069
4165,SINOS,2000,2048,0.0008983649108926096,0.0007484520655512907,0.0001499128453413189,2.930968186067935e-06,0.001712007063673493,0.010730808923273827
4166,SINOS,2000,2049,0.0008975154217604738,0.0007480725708779732,0.00014944285088250054,2.9288833599285966e-06,0.0017113980717321721,0.010764365929003539
4167,SINOS,2000,2050,0.0008964292512648582,0.0007477881001803006,0.00014864115108455765,2.928104755046223e-06,0.0017111705803473313,0.010769107692330415
4168,SINOS,2000,2051,0.0008958453403699752,0.0007497314078172283,0.00014611393255274687,2.9066487034988385e-06,0.0017048896455486022,0.010601363403109243
4169,SINOS,2000,2052,0.0008938759203109353,0.0007476099275563482,0.00014626599275458708,2.9152821961706327e-06,0.0017074197480908533,0.010463867148265305
4170,SINOS,2000,2053,0.000892841925529766,0.000745903897197983,0.00014693802833178293,2.8941065389140038e-06,0.0017012073768103652,0.010510963740092194
4171,SINOS,2000,2054,0.0008920596112400735,0.0007446324693542562,0.00014742714188581738,2.8928954466252887e-06,0.0017008513887536703,0.010439369671928933
4172,SINOS,2000,2055,0.0008904375086072812,0.0007429443177613914,0.00014749319084588985,2.8976748770047523e-06,0.0017022558200825023,0.010470204087758006
4173,SINOS,2000,2056,0.0008885608993133092,0.0007412043408460843,0.00014735655846722485,2.9460224224562976e-06,0.0017163980955641664,0.010634541817660992
4174,SINOS,2000,2057,0.000886238312197351,0.0007398745568748713,0.00014636375532247974,3.0164021710410934e-06,0.0017367792522485674,0.010495618022256181
4175,SINOS,2000,2058,0.000883882457865691,0.0007370782434477843,0.00014680421441790671,3.0074935573703616e-06,0.0017342126620949235,0.010221120355873747
4176,SINOS,2000,2059,0.0008906251056219113,0.0007442339785334736,0.0001463911270884377,2.94429070874118e-06,0.0017158935598518867,0.010412819484931113
4177,SINOS,2000,2060,0.0008828544777307702,0.0007364090367355305,0.00014644544099523969,2.9820926311383915e-06,0.0017268736581285823,0.01027441531194384
4178,SINOS,2000,2061,0.0008820350843947761,0.0007363568296423644,0.0001456782547524116,2.9260197909084784e-06,0.0017105612502650931,0.010317935757232277
4179,SINOS,2000,2062,0.000880174396880908,0.0007337560287967525,0.00014641836808415543,2.87970903863273e-06,0.0016969705473674932,0.010442506344105151
4180,SINOS,2000,2063,0.0008792776782714064,0.0007318356574841554,0.000147442020787251,2.8583848760146425e-06,0.0016906758636754246,0.010450766196125283
4181,SINOS,2000,2064,0.0008783676995838532,0.0007304288949456158,0.0001479388046382374,2.848733441224158e-06,0.0016878191375926978,0.010371192264001738
4182,SINOS,2000,2065,0.0008776080012808976,0.0007296737447028919,0.00014793425657800562,2.831081184609127e-06,0.0016825817022091756,0.010336910874955585
4183,SINOS,2000,2066,0.0008764547158574771,0.0007286381290732163,0.00014781658678426072,2.8159712203073463e-06,0.0016780855819377469,0.010276345981012902
4184,SINOS,2000,2067,0.0008744960921058624,0.0007269788251053613,0.00014751726700050109,2.7994539593751513e-06,0.0016731568842685229,0.010236068408703503
4185,SINOS,2000,2068,0.0008730032184715024,0.0007266173659907602,0.0001463858524807422,2.772872337249695e-06,0.001665194384223564,0.010292109723942455
4186,SINOS,2000,2069,0.0008706436587751779,0.0007249103152487302,0.00014573334352644776,2.7689866522557493e-06,0.001664027239036594,0.01044073795929401
4187,SINOS,2000,2070,0.000868982170106694,0.0007241768196749741,0.00014480535043171996,2.75130586014086e-06,0.0016587060800940172,0.010152077847544239
4188,SINOS,2000,2071,0.0008674457749078747,0.0007235640123098366,0.00014388176259803813,2.752544859591755e-06,0.0016590795217806033,0.009981349521134053
4189,SINOS,2000,2072,0.0008657580992423467,0.0007223178519396246,0.00014344024730272208,2.764631841138929e-06,0.0016627182085786302,0.00977381707470304
4190,SINOS,2000,2073,0.0008644499394069979,0.0007215975564143679,0.00014285238299263002,2.7662581986139395e-06,0.0016632072025499227,0.009725722147633231
4191,SINOS,2000,2074,0.000863640647708579,0.0007220622985895852,0.00014157834911899378,2.774522598478336e-06,0.0016656898266118863,0.009563975684911963
4192,SINOS,2000,2075,0.0008625355216220733,0.0007204714198225969,0.00014206410179947644,2.744118541531311e-06,0.0016565381195527348,0.009711648499010739
4193,SINOS,2000,2076,0.0008620861034540797,0.0007201995460682736,0.00014188655738580608,2.725225065148153e-06,0.0016508255707821324,0.009781752180213488
4194,SINOS,2000,2077,0.0008617061163729769,0.0007200576235611247,0.00014164849281185222,2.7150114152286005e-06,0.0016477291692594995,0.00979186927583342
4195,SINOS,2000,2078,0.0008612142260113355,0.0007202535306120834,0.00014096069539925218,2.707305754816594e-06,0.0016453892411270332,0.00984936732656827
4196,SINOS,2000,2079,0.0008607244506929962,0.0007207195173404739,0.00014000493335252217,2.704227168248447e-06,0.0016444534557865866,0.00991113020999368
4197,SINOS,2000,2080,0.0008602620785259156,0.0007210257082736183,0.00013923637025229732,2.7058451750972e-06,0.001644945341066748,0.010020535023486765
4198,SINOS,2000,2081,0.0008598058982789356,0.0007212534696408918,0.00013855242863804374,2.7022000496866687e-06,0.0016438369899982993,0.010184780825230888
4199,SINOS,2000,2082,0.0008593336319407639,0.0007212756124714502,0.0001380580194693137,2.7127420027774094e-06,0.0016470403767902624,0.010279562947181908
4200,SINOS,2000,2083,0.0008588218604597961,0.0007208101208619963,0.00013801173959779986,2.7119200553477395e-06,0.0016467908353363337,0.010472303246116255
4201,SINOS,2000,2084,0.0008583371269277747,0.0007203501076801877,0.00013798701924758704,2.714262093293426e-06,0.0016475017733809654,0.010541153631877798
4202,SINOS,2000,2085,0.0008576617422123307,0.0007198681718328746,0.00013779357037945616,2.715517281394739e-06,0.001647882666149122,0.010512626439400208
4203,SINOS,2000,2086,0.0008572367399188173,0.0007192843263497219,0.00013795241356909547,2.7467851876088653e-06,0.0016573428093212537,0.010506673482410633
4204,SINOS,2000,2087,0.0008566952401511569,0.0007190553900226914,0.0001376398501284655,2.7454583007553863e-06,0.001656942455474959,0.010460583909027932
4205,SINOS,2000,2088,0.0008548159129300355,0.0007181987476326583,0.0001366171652973771,2.7702321042544772e-06,0.0016644014252140248,0.010213003067653048
4206,SINOS,2000,2089,0.0008539013654276735,0.0007175986568001569,0.0001363027086275166,2.7869909020764223e-06,0.0016694283159442403,0.010053797319255153
4207,SINOS,2000,2090,0.0008523404208805178,0.0007161255805486418,0.00013621484033187603,2.809631762391633e-06,0.0016761956217552988,0.010018022932353876
4208,SINOS,2000,2091,0.0008504702505199544,0.0007137372439226764,0.00013673300659727797,2.831846215495381e-06,0.001682809025259664,0.009981186155659127
4209,SINOS,2000,2092,0.0008488141340025891,0.0007117011808265112,0.0001371129531760779,2.791744884309288e-06,0.0016708515446649615,0.0100750763119839
4210,SINOS,2000,2093,0.0008467932179444177,0.0007083382651565458,0.0001384549527878719,2.7683042175936513e-06,0.001663822171265202,0.010099918273136943
4211,SINOS,2000,2094,0.0008750303875842905,0.0007312408287742171,0.00014378955881007337,3.13091693399918e-06,0.0017694397231890042,0.012376743119202338
4212,SINOS,2000,2095,0.0008457175573580912,0.0007084593668862144,0.0001372581904718768,2.7013514050163006e-06,0.0016435788405234173,0.01046320068580453
4213,SINOS,2000,2096,0.0008440009537679426,0.0007070836985509005,0.0001369172552170421,2.6753236876818222e-06,0.0016356416745980222,0.010262238154976622
4214,SINOS,2000,2097,0.0008443299447829366,0.0007081026873110153,0.00013622725747192122,2.7303819031826057e-06,0.0016523867293047974,0.010431047354027001
4215,SINOS,2000,2098,0.0008431620493587759,0.0007066973052939238,0.0001364647440648521,2.6908430869054036e-06,0.0016403789461296447,0.01033969990682948
4216,SINOS,2000,2099,0.0008425711756658621,0.0007068797773501501,0.00013569139831571208,2.6767433466488823e-06,0.0016360755931951563,0.01031799194836669
4217,SINOS,2000,2100,0.000842140292170009,0.0007070601785129677,0.0001350801136570413,2.6684005729401724e-06,0.0016335239737880103,0.010283241782122587
4218,SINOS,2000,2101,0.0008418604196013305,0.0007071445738933901,0.00013471584570794043,2.662777795109186e-06,0.0016318020085504203,0.010213277421470934
4219,SINOS,2000,2102,0.0008413484474042236,0.0007069661394882452,0.00013438230791597833,2.662799223764052e-06,0.0016318085744853935,0.010108436905166052
4220,SINOS,2000,2103,0.0008404628638259814,0.0007059817618885324,0.00013448110193744906,2.6778032802923124e-06,0.001636399486767309,0.010099758289167315
4221,SINOS,2000,2104,0.0008393297943217848,0.0007059623862130848,0.00013336740810869995,2.693654204995024e-06,0.0016412355726692692,0.010165297442446874
4222,SINOS,2000,2105,0.0008381701315977164,0.0007046705170883156,0.00013349961450940075,2.7013840146400714e-06,0.001643588760803648,0.010198019682636783
4223,SINOS,2000,2106,0.0008372658334854627,0.000704543257893962,0.00013272257559150073,2.692145623471625e-06,0.0016407759211640159,0.010262055016393656
4224,SINOS,2000,2107,0.0008363580239162467,0.0007048190110262782,0.00013153901288996862,2.6788610170266005e-06,0.0016367226451132766,0.010281233309797244
4225,SINOS,2000,2108,0.0008352929687432425,0.0007051398037341923,0.00013015316500905016,2.667589782308663e-06,0.0016332757826860297,0.010325036311888525
4226,SINOS,2000,2109,0.0008333955059137724,0.0007056258819244803,0.0001277696239892921,2.669405690111464e-06,0.0016338315978433836,0.010167463958387302
4227,SINOS,2000,2110,0.0008308395021506081,0.0007049369154414705,0.00012590258670913752,2.654274647009574e-06,0.0016291944779582253,0.009946618367237203
4228,SINOS,2000,2111,0.0008289019360619707,0.000703491357844586,0.00012541057821738476,2.6541113098381043e-06,0.0016291443489875612,0.009584557215456257
4229,SINOS,2000,2112,0.0008278875416706656,0.0007024492390246249,0.00012543830264604068,2.622656853706231e-06,0.0016194619025176947,0.009557442513289383
4230,SINOS,2000,2113,0.0008271617850858716,0.0007014957956105522,0.0001256659894753195,2.593016282601813e-06,0.001610284534671377,0.009514879044608904
4231,SINOS,2000,2114,0.0008264819120583875,0.0007007096950977646,0.00012577221696062285,2.567189250739166e-06,0.0016022450657559118,0.009545845113830609
4232,SINOS,2000,2115,0.0008256235911331052,0.0007000866045509416,0.00012553698658216358,2.5439005358859874e-06,0.0015949609825591307,0.009656638653606997
4233,SINOS,2000,2116,0.0008245319148386524,0.0006993062932640099,0.00012522562157464253,2.5275921451455854e-06,0.0015898402891943535,0.00978606116191827
4234,SINOS,2000,2117,0.0008364436274988253,0.0007142188441223915,0.0001222247833764338,2.528736243332071e-06,0.0015902000639328596,0.009611022010392212
4235,SINOS,2000,2118,0.0008241068824613118,0.000699557551999341,0.00012454933046197078,2.5209377873637945e-06,0.0015877461344194147,0.009757805776178685
4236,SINOS,2000,2119,0.0008218924510362877,0.0006976587574174997,0.00012423369361878804,2.540401173243412e-06,0.0015938635993219157,0.009907107243654512
4237,SINOS,2000,2120,0.0008182978895064353,0.0006930653733183167,0.00012523251618811859,2.6019463982740024e-06,0.0016130549892282044,0.009892873181456707
4238,SINOS,2000,2121,0.0008145453557087468,0.0006892837968557183,0.00012526155885302854,2.6452131003611352e-06,0.0016264111105010121,0.009846642336332145
4239,SINOS,2000,2122,0.0008095696419200679,0.0006835087599698184,0.00012606088195024943,2.757246684240796e-06,0.0016604959151533003,0.009596291119776446
4240,SINOS,2000,2123,0.0008081951963566736,0.0006820785035475768,0.00012611669280909672,2.7925987016501317e-06,0.0016711070287836539,0.009507651397042238
4241,SINOS,2000,2124,0.0008070541736809227,0.0006800215214959358,0.00012703265218498686,2.824833941040099e-06,0.00168072423110994,0.009360593169169817
4242,SINOS,2000,2125,0.0008062394823887895,0.0006789515814960198,0.0001272879008927698,2.812102175440684e-06,0.0016769323705625948,0.009311973737101464
4243,SINOS,2000,2126,0.0008047793754337893,0.0006788039422066028,0.0001259754332271865,2.7530004400322004e-06,0.0016592168152571864,0.009366258443161968
4244,D-SINOS,2000,1,44.823956341216615,25.26568372667324,19.558272614543377,0.9545661592025833,0.977019016807034,3.5250074927389115
4245,D-SINOS,2000,2,43.449271329043796,25.269050591111533,18.18022073793226,0.8799329967717302,0.9380474384442027,3.414757136347738
4246,D-SINOS,2000,3,33.835650281143344,25.300287424186553,8.535362856956795,0.428499691382024,0.6545988782315656,2.4355286465790003
4247,D-SINOS,2000,4,28.93726668738486,25.38968604483986,3.5475806425450007,0.8491647569456287,0.9215013602516432,1.970211091745189
4248,D-SINOS,2000,5,28.083980269407565,25.35439628346164,2.7295839859459265,0.47886239738300995,0.6919988420387783,1.4821925994724694
4249,D-SINOS,2000,6,28.030140717282727,25.359902923233317,2.6702377940494113,0.5247859753225788,0.7244211311955076,1.557817399000652
4250,D-SINOS,2000,7,28.018811367282925,25.360835268420242,2.6579760988626817,0.5341938663443363,0.7308856725537424,1.572841287938
4251,D-SINOS,2000,8,27.97230722367322,25.36188841497309,2.6104188087001297,0.5526486710554378,0.7434034376134118,1.6051187753307148
4252,D-SINOS,2000,9,27.859001003837683,25.35962631154491,2.499374692292772,0.5519793595959848,0.7429531341854511,1.6164955568899193
4253,D-SINOS,2000,10,29.101218633838826,25.310225207428655,3.790993426410173,0.3324400779161159,0.5765761683560255,1.6105487422686577
4254,D-SINOS,2000,11,27.67182379960657,25.34575551346911,2.3260682861374606,0.47411257596205636,0.6885583315609916,1.5045588920837458
4255,D-SINOS,2000,12,27.652700124327406,25.344314747549415,2.308385376777991,0.4813603565430533,0.6938013811913705,1.5154086327288132
4256,D-SINOS,2000,13,27.625376690803268,25.346687977785407,2.2786887130178597,0.4964632169803946,0.7046014596780187,1.54329138402459
4257,D-SINOS,2000,14,27.50413128939666,25.347075563404967,2.157055725991694,0.46647583738663273,0.6829903640510844,1.5022144238802837
4258,D-SINOS,2000,15,27.522123212616847,25.320830902926076,2.2012923096907695,0.531030286149334,0.728718248810426,1.6548445741035014
4259,D-SINOS,2000,16,27.43973702427364,25.33792093707977,2.1018160871938707,0.4929368519881856,0.7020946175467987,1.5745578391472153
4260,D-SINOS,2000,17,27.366389332785143,25.344573347032288,2.021815985752856,0.5258352818707902,0.7251450074783596,1.6367211211539774
4261,D-SINOS,2000,18,27.384964616735523,25.297912616926812,2.0870519998087107,0.5435614728852168,0.7372662157492481,1.6621402594937613
4262,D-SINOS,2000,19,27.317203458329562,25.326299841948632,1.99090361638093,0.5288464237775775,0.7272182779451968,1.643693493606904
4263,D-SINOS,2000,20,27.261423463938172,25.304342460840523,1.9570810030976475,0.5040542310965852,0.7099677676462398,1.609947540056185
4264,D-SINOS,2000,21,27.147952921984658,25.26452987934656,1.8834230426380958,0.5127467609614147,0.7160633777546612,1.6633338312143027
4265,D-SINOS,2000,22,27.156615921399002,25.194128966737644,1.962486954661359,0.544490153949636,0.7378957608969142,1.8744557288384243
4266,D-SINOS,2000,23,27.003334508536074,25.219631006426262,1.783703502109813,0.5308685984849542,0.7286073005981715,1.782906885011089
4267,D-SINOS,2000,24,26.88120337490871,25.23067664947634,1.6505267254323723,0.5878829540837986,0.7667352568414985,1.9217330727777124
4268,D-SINOS,2000,25,26.90411372724669,25.191113320660133,1.7130004065865554,0.6237141532989557,0.7897557554706112,2.014642800706129
4269,D-SINOS,2000,26,26.85464771803993,25.213445163269114,1.6412025547708167,0.5992345175641826,0.774102394754197,1.9601531476594156
4270,D-SINOS,2000,27,26.817187678838994,25.227817778186022,1.589369900652973,0.5796751497296232,0.761364006063869,1.9198712893361698
4271,D-SINOS,2000,28,26.75131423973116,25.196976543016294,1.5543376967148623,0.5343518668352827,0.7309937529386162,1.852770755262308
4272,D-SINOS,2000,29,26.66917570672148,25.165257732542592,1.5039179741788853,0.49661356286139324,0.7047081401980491,1.7955085699424969
4273,D-SINOS,2000,30,26.555169825933653,25.06595823347479,1.4892115924588616,0.42330268771445323,0.6506171590993072,1.64131565194244
4274,D-SINOS,2000,31,26.43738402313147,24.882235133698178,1.5551488894332952,0.3735832161325664,0.6112145418202731,1.4269850155336237
4275,D-SINOS,2000,32,26.834956832614406,24.499608234190383,2.3353485984240243,0.3546555456442412,0.5955296345642601,1.2612461847079923
4276,D-SINOS,2000,33,26.3848719371652,24.754291597194264,1.6305803399709378,0.3433922670985386,0.5859968149218377,1.2253097848989922
4277,D-SINOS,2000,34,26.292203476617107,24.690228281526224,1.601975195090885,0.35579742282311005,0.59648757139031,1.2334425519901138
4278,D-SINOS,2000,35,26.16358166693025,24.426462731042054,1.737118935888194,0.4982566010838209,0.7058729355088074,1.6357581654823783
4279,D-SINOS,2000,36,26.08031770863756,24.578089049567964,1.5022286590695928,0.5113343689975774,0.7150764777263879,1.7068568853252903
4280,D-SINOS,2000,37,25.992193853195,24.473901413956856,1.518292439238146,0.503828388526534,0.7098086985424552,1.605604779097829
4281,D-SINOS,2000,38,25.92575696687508,24.368742127801983,1.5570148390730987,0.5412705504033428,0.7357109149681978,1.714297493762746
4282,D-SINOS,2000,39,25.870704922539684,24.361549560113236,1.5091553624264473,0.6454286988073948,0.80338577209669,1.8895636940102492
4283,D-SINOS,2000,40,25.770305838620544,24.299936748700798,1.4703690899197461,0.7760390153647112,0.880930766499111,2.105730437696369
4284,D-SINOS,2000,41,26.207840990357802,24.469866882518104,1.7379741078396962,1.888083575905064,1.3740755350071059,3.215503062456987
4285,D-SINOS,2000,42,25.57291805829552,24.088458425867977,1.484459632427546,1.234698484182394,1.11116987188386,2.692980803474094
4286,D-SINOS,2000,43,25.399450269798038,23.533965265240504,1.8654850045575344,1.5592833462896307,1.2487126756342433,3.012330836843924
4287,D-SINOS,2000,44,24.862725406731894,23.12318537811246,1.7395400286194338,1.3991261713825762,1.1828466389953418,2.904684850681792
4288,D-SINOS,2000,45,23.989665142631836,22.279073591475928,1.7105915511559062,1.0732696969004096,1.0359873053760889,2.649264890840527
4289,D-SINOS,2000,46,23.41257082298195,21.137200105565025,2.2753707174169264,0.9875056851654096,0.9937332062306309,2.525655840344015
4290,D-SINOS,2000,47,23.39385615560464,19.920287083064316,3.473569072540325,0.8443932514257967,0.9189087285611105,2.199721657252534
4291,D-SINOS,2000,48,22.769183178221756,19.830472678187597,2.9387105000341576,0.9317680532193486,0.965281333715383,2.365511702704958
4292,D-SINOS,2000,49,67.57187926933764,44.63341054259282,22.93846872674483,1.1882501309394267,1.0900688652279849,3.32477231181936
4293,D-SINOS,2000,50,22.264461312141172,19.257092581082052,3.0073687310591186,0.7883262444346195,0.8878773814185265,2.1538611982566414
4294,D-SINOS,2000,51,19.592358688402847,16.932609177971052,2.6597495104317934,0.3720517598200729,0.6099604575872709,1.2557659525717664
4295,D-SINOS,2000,52,17.656438017488103,15.793283204140643,1.8631548133474591,0.2692543218733027,0.5188972170606648,1.1155578268420918
4296,D-SINOS,2000,53,21.735290886291573,19.231295297898317,2.503995588393254,0.4041684111567924,0.6357424094370238,1.378266270740745
4297,D-SINOS,2000,54,16.2136634321017,14.839570648773863,1.3740927833278387,0.2108686481256502,0.4592043642275737,1.1058974207617025
4298,D-SINOS,2000,55,16.139582768399716,14.702265413387439,1.4373173550122784,0.26266171845556563,0.5125053350508321,1.3379351225444034
4299,D-SINOS,2000,56,15.75575741794838,14.510636996113007,1.2451204218353746,0.22758551759371026,0.4770592390822237,1.1803045204445666
4300,D-SINOS,2000,57,15.638880852138165,14.434192408800016,1.20468844333815,0.22743988629033965,0.4769065802548122,1.1356076444500434
4301,D-SINOS,2000,58,15.479751467263686,14.290145852028212,1.189605615235474,0.24284551257134504,0.49279358008332963,1.1504613398899526
4302,D-SINOS,2000,59,15.20948902785389,13.951772899800334,1.2577161280535551,0.27114254561558065,0.5207134966712316,1.2046411843623241
4303,D-SINOS,2000,60,14.515330843270434,13.111950501617732,1.4033803416527002,0.3500385689703437,0.5916405741413816,1.224301248081816
4304,D-SINOS,2000,61,14.473503170886621,12.133999438220226,2.3395037326663957,0.51502473165919,0.7176522358769531,1.2871365727165682
4305,D-SINOS,2000,62,13.890265137659487,12.25258117210716,1.637683965552327,0.4403244060506849,0.663569443276802,1.1797128966321064
4306,D-SINOS,2000,63,13.451371349711136,11.980595639831193,1.470775709879943,0.41844810627130397,0.6468756497745946,1.3494775960711503
4307,D-SINOS,2000,64,13.21173443014658,11.89331106270958,1.3184233674369994,0.3632313568685569,0.6026867817270899,1.4028407232736975
4308,D-SINOS,2000,65,13.073945248279001,11.745929630081774,1.3280156181972274,0.3346029370143394,0.5784487332636656,1.4075042131639637
4309,D-SINOS,2000,66,12.676836892344383,11.456337485637404,1.2204994067069803,0.26904435380384073,0.5186948561571059,1.3444138935841035
4310,D-SINOS,2000,67,15.738586764102202,10.16239181551018,5.576194948592021,0.29938463952770245,0.5471605244603291,1.752897572583258
4311,D-SINOS,2000,68,12.205911583048959,10.819406243564961,1.3865053394839975,0.1822219260568484,0.42687460226259466,1.1472890813165197
4312,D-SINOS,2000,69,11.75257406645651,10.340515656627325,1.4120584098291864,0.19025347152113362,0.4361805492237516,1.215495387291493
4313,D-SINOS,2000,70,11.188516577155143,9.610410448682494,1.57810612847265,0.18809373899210619,0.4336977507344328,1.191928250780897
4314,D-SINOS,2000,71,10.576419896881877,9.01114543398726,1.5652744628946167,0.33425049069659835,0.5781440051549427,1.4885250225416462
4315,D-SINOS,2000,72,11.28791009941979,8.100963753236538,3.1869463461832526,0.23663151176372638,0.48644785102179905,1.3971254114077252
4316,D-SINOS,2000,73,10.242171399345608,8.478293952477289,1.7638774468683196,0.2738229033099534,0.5232809028714438,1.2905141130502988
4317,D-SINOS,2000,74,9.741499043102971,8.229173424469572,1.5123256186333989,0.28896216586727036,0.537552012243718,1.3686335018999443
4318,D-SINOS,2000,75,9.376466281892535,7.8625324213023635,1.513933860590171,0.34171338053298,0.5845625548501888,1.3635485705584651
4319,D-SINOS,2000,76,8.781714163146722,7.362428196883669,1.419285966263053,0.3503330343296675,0.5918893767670337,1.3591403552565424
4320,D-SINOS,2000,77,8.224597836429862,7.119166787522792,1.10543104890707,0.3723095026188544,0.6101716992936123,1.501129090956887
4321,D-SINOS,2000,78,7.859145606111839,6.940780677201919,0.9183649289099203,0.3749815837982108,0.612357398745382,1.5317664995708642
4322,D-SINOS,2000,79,7.286931114790226,6.497147539527274,0.7897835752629523,0.3581092516505987,0.5984223020999457,1.5555231701912324
4323,D-SINOS,2000,80,6.8229741930970365,5.929909317858577,0.8930648752384593,0.18093253542422127,0.4253616525078645,1.2972055962270708
4324,D-SINOS,2000,81,7.064297306826375,6.056883901616398,1.007413405209977,0.26822366620156973,0.5179031436490512,1.5495200234380104
4325,D-SINOS,2000,82,6.583610427493209,5.747863740305389,0.8357466871878194,0.2035645317836512,0.4511812626690643,1.3920445678162756
4326,D-SINOS,2000,83,6.476393169621638,5.750388029354278,0.7260051402673605,0.230504548381749,0.4801088922127448,1.3811259335269446
4327,D-SINOS,2000,84,6.356853362151246,5.631794889522021,0.725058472629225,0.25977333247900475,0.5096796371045293,1.4375332263432723
4328,D-SINOS,2000,85,6.07793411840711,5.25218325080055,0.8257508676065598,0.2842693960738601,0.5331692002299646,1.4156530093975714
4329,D-SINOS,2000,86,5.767314568029806,4.920283698119369,0.8470308699104374,0.2937224788649504,0.5419616950163086,1.35409696996103
4330,D-SINOS,2000,87,5.404121415385125,4.4009556856957746,1.0031657296893504,0.2270429234080391,0.47649021333920294,1.2879400703301407
4331,D-SINOS,2000,88,5.170194187577409,4.142668212551908,1.0275259750255008,0.19896169218107473,0.4460512214769451,1.059176038402838
4332,D-SINOS,2000,89,4.96425499188493,4.07266803328799,0.8915869585969394,0.15940196063473266,0.39925175094761034,1.0445773376018637
4333,D-SINOS,2000,90,4.7059367076697605,3.8012804797562074,0.9046562279135528,0.06807572110351161,0.2609132444003401,1.133254622931758
4334,D-SINOS,2000,91,4.62168633618578,3.6398048406040298,0.9818814955817506,0.05823963476376804,0.2413288933463377,1.1124593980908084
4335,D-SINOS,2000,92,4.501145019054435,3.5406449699114972,0.9605000491429377,0.05602251040542954,0.23669074845762253,1.1160222425979889
4336,D-SINOS,2000,93,4.281471281798492,3.3135182524755757,0.9679530293229165,0.04869318656263499,0.2206653270512497,1.1051859626712448
4337,D-SINOS,2000,94,4.0450590581004535,3.097239021180707,0.9478200369197467,0.04878458201289636,0.22087232061282908,1.0291031280915373
4338,D-SINOS,2000,95,3.834910609129086,2.8490322182072627,0.9858783909218233,0.05827888297153005,0.2414101964945351,0.9984888515923486
4339,D-SINOS,2000,96,3.6853030855420457,2.6124476322990122,1.0728554532430337,0.06755924772370038,0.2599216184231323,0.9789020423393819
4340,D-SINOS,2000,97,3.583226048616861,2.6278382771864086,0.9553877714304525,0.05744115350951664,0.23966884134053937,0.9138831374730294
4341,D-SINOS,2000,98,3.2188138018452905,2.506360267335638,0.7124535345096525,0.047903403616273606,0.2188684619041163,0.8436749381828591
4342,D-SINOS,2000,99,2.91935969231045,2.239956234647334,0.6794034576631163,0.045436478465835234,0.21315834130015937,0.7538488831448161
4343,D-SINOS,2000,100,2.7756721671442355,2.1350350990390443,0.640637068105191,0.0315335831046825,0.17757697796922467,0.8476020975956482
4344,D-SINOS,2000,101,2.5240005211810703,1.9319854319520156,0.5920150892290549,0.04440574236434856,0.210726700644101,0.7419623053820898
4345,D-SINOS,2000,102,2.308929085043261,1.803053046302271,0.50587603874099,0.05288366646921998,0.22996448958310928,0.8083556972384968
4346,D-SINOS,2000,103,2.1536565327564787,1.685146928182206,0.46850960457427276,0.04975331860408857,0.22305451935365167,0.8332215048701793
4347,D-SINOS,2000,104,2.01949282835562,1.5229821025920633,0.49651072576355676,0.03374197447094694,0.18368988668662992,0.7778002632684996
4348,D-SINOS,2000,105,1.9327103645156745,1.3912549944868375,0.5414553700288369,0.02971836760694684,0.1723901609922876,0.719203077329541
4349,D-SINOS,2000,106,1.8223374640428,1.3094107036335423,0.5129267604092578,0.019875643919241494,0.14098100552642365,0.6878323467458496
4350,D-SINOS,2000,107,1.5932679505884528,1.0829223725923607,0.5103455779960921,0.02060261649903269,0.1435361156609468,0.671318534061134
4351,D-SINOS,2000,108,1.3801504186426783,0.9141802894268913,0.46597012921578684,0.014210907775715851,0.11920951210249899,0.5782219558578647
4352,D-SINOS,2000,109,1.2130024264723624,0.8356871751760894,0.3773152512962731,0.017374945288960032,0.1318140557336737,0.6198746856110514
4353,D-SINOS,2000,110,1.137018579161685,0.7731909350058428,0.36382764415584207,0.01699243190015352,0.13035502253520392,0.5951909877714681
4354,D-SINOS,2000,111,1.1066798433022145,0.7678085952564605,0.33887124804575397,0.017825136463646814,0.13351081028758238,0.60209062416007
4355,D-SINOS,2000,112,1.0576809688556064,0.7410846071657274,0.31659636168987904,0.02113916506578899,0.14539313967924686,0.6088889525685782
4356,D-SINOS,2000,113,0.9362702543863293,0.6847354805958766,0.25153477379045264,0.024810698363602782,0.1575141211561769,0.5049472468119426
4357,D-SINOS,2000,114,0.7954726987181613,0.5870046768407446,0.20846802187741664,0.0214324768847217,0.14639835000682794,0.5235369536544208
4358,D-SINOS,2000,115,0.6931362736735762,0.5103298814099491,0.18280639226362716,0.019695158028333777,0.1403394386063083,0.40292416997983693
4359,D-SINOS,2000,116,0.6418310664094774,0.5030223328919581,0.13880873351751935,0.012160675865953352,0.11027545450349933,0.4565140468992581
4360,D-SINOS,2000,117,0.6027650257786041,0.4723213590577665,0.13044366672083757,0.014184474828529789,0.11909859289063741,0.4252400188664982
4361,D-SINOS,2000,118,0.5805002170450131,0.4565004514724338,0.12399976557257929,0.013300901113856003,0.1153295327045766,0.4040341685139439
4362,D-SINOS,2000,119,0.5523332772423013,0.43350301596500784,0.11883026127729351,0.012529054237530974,0.1119332579599601,0.3588496263122658
4363,D-SINOS,2000,120,0.5161129432862249,0.4010187488277245,0.11509419445850047,0.010885780561926477,0.10433494410755428,0.3538354120446021
4364,D-SINOS,2000,121,0.46950705041322727,0.3491358030330581,0.12037124738016922,0.009656377891693988,0.0982668707738981,0.34105381524189005
4365,D-SINOS,2000,122,0.38939102800633757,0.2645938207954957,0.12479720721084187,0.008393579347548289,0.09161647967231817,0.3692831205368847
4366,D-SINOS,2000,123,0.31779388945778064,0.2071724249630323,0.11062146449474833,0.00781127653429768,0.08838142641017784,0.3579499762401337
4367,D-SINOS,2000,124,0.2736268806696099,0.16136785876362453,0.11225902190598536,0.00657187417562091,0.08106709675090697,0.43079248083151356
4368,D-SINOS,2000,125,0.25996408639774904,0.15842847448082936,0.10153561191691968,0.008967999040177727,0.09469951974628872,0.3557817175250193
4369,D-SINOS,2000,126,0.2496083918667245,0.1538159901878108,0.0957924016789137,0.007297280595811743,0.08542412186151956,0.3600052958993354
4370,D-SINOS,2000,127,0.23489512200227652,0.15358057407712652,0.08131454792514999,0.007366394925354013,0.08582770488224657,0.36336349372109744
4371,D-SINOS,2000,128,0.22600055036281702,0.15268710741760202,0.073313442945215,0.007518781172382967,0.08671090572922743,0.32547370423910005
4372,D-SINOS,2000,129,0.22042179635300346,0.15044725414097837,0.06997454221202509,0.0073534778087799985,0.08575242159134631,0.3109101781593582
4373,D-SINOS,2000,130,0.21264795280299512,0.14510639738775932,0.0675415554152358,0.007171805122606313,0.08468651086569993,0.30449483742982153
4374,D-SINOS,2000,131,0.20154406450739815,0.136494294357107,0.06504977015029115,0.006782227998929301,0.08235428342793896,0.3069364492863844
4375,D-SINOS,2000,132,0.1925466429126078,0.13398834806144902,0.05855829485115879,0.006569560579819741,0.08105282585955742,0.3109990021116773
4376,D-SINOS,2000,133,0.18656467283073572,0.13092875358848555,0.05563591924225017,0.006563334149385798,0.08101440704828862,0.3008318311929554
4377,D-SINOS,2000,134,0.1809038524966416,0.13271518212917502,0.04818867036746656,0.006562913597213309,0.08101181146729969,0.298578366234421
4378,D-SINOS,2000,135,0.17212949562332167,0.12885969782646484,0.043269797796856836,0.006061077133728085,0.07785291987927033,0.289140959570342
4379,D-SINOS,2000,136,0.15744650837371907,0.12379578078817839,0.03365072758554068,0.00548476984113754,0.07405923197777263,0.2309321323165321
4380,D-SINOS,2000,137,0.14550609691425778,0.11472686232482537,0.030779234589432415,0.0057462092422666915,0.07580375480321995,0.18117565011740933
4381,D-SINOS,2000,138,0.13904273169061515,0.11017894781303345,0.028863783877581695,0.005705728152819162,0.0755362704455228,0.16216006953860695
4382,D-SINOS,2000,139,0.13493317546811284,0.10674012885082884,0.028193046617284,0.005614698643404526,0.07493129281818463,0.18126367539859622
4383,D-SINOS,2000,140,0.1346327638138483,0.10574599038180837,0.028886773432039933,0.005984772730397075,0.07736131287922327,0.19492554869735224
4384,D-SINOS,2000,141,0.13115358072932098,0.10476861375311693,0.026384966976204065,0.005460798054320445,0.07389721276422032,0.17887127739190406
4385,D-SINOS,2000,142,0.1282455802092291,0.10397264805552753,0.02427293215370157,0.004979022340270941,0.07056218775145043,0.16048513330518877
4386,D-SINOS,2000,143,0.12237597818741891,0.10063125180533175,0.02174472638208716,0.004319009381477966,0.0657191705781347,0.14165084726885846
4387,D-SINOS,2000,144,0.11560738323130429,0.0944107243993902,0.021196658831914086,0.0037158644580020128,0.06095789085919896,0.14673339549080677
4388,D-SINOS,2000,145,0.10946210317879895,0.08799634751955956,0.021465755659239392,0.004127916977928577,0.06424886752253753,0.13757271049506592
4389,D-SINOS,2000,146,0.10459241044583006,0.08425176374564841,0.02034064670018165,0.004353158004071175,0.0659784662149036,0.12059984286230374
4390,D-SINOS,2000,147,0.10001845971963076,0.08196226500832049,0.01805619471131027,0.00513534317751095,0.07166130879010618,0.1285422850967584
4391,D-SINOS,2000,148,0.09711582304448962,0.08053212956121752,0.0165836934832721,0.005864240049995192,0.07657832624179763,0.13684610831470256
4392,D-SINOS,2000,149,0.09365590606975263,0.07883201910774075,0.014823886962011885,0.0061126578078845575,0.0781834880769882,0.1411462345367891
4393,D-SINOS,2000,150,0.08979027375607018,0.0763552598559934,0.013435013900076793,0.006439128736973253,0.0802441819509256,0.14858308647152152
4394,D-SINOS,2000,151,0.08580807553506066,0.07247849765006309,0.013329577884997574,0.006533349159699833,0.08082913558674144,0.1560573559302389
4395,D-SINOS,2000,152,0.08312681414983086,0.06993915745405851,0.013187656695772345,0.007229731686424392,0.08502782889398265,0.16473035460268437
4396,D-SINOS,2000,153,0.08081786826280808,0.06569099204941051,0.015126876213397575,0.007647516519950221,0.08745008015977013,0.17260831699624113
4397,D-SINOS,2000,154,0.07994610317237975,0.06570381082036902,0.014242292352010728,0.008248554918234511,0.09082155536123851,0.17625616176697156
4398,D-SINOS,2000,155,0.0784186176105074,0.06454612343333092,0.013872494177176481,0.008534810679807532,0.0923840390966293,0.17666431715541875
4399,D-SINOS,2000,156,0.07504068316734111,0.061829699127085545,0.013210984040255568,0.008387918259537504,0.09158557888410983,0.17907681627817507
4400,D-SINOS,2000,157,0.07107539386126974,0.05905475023232858,0.012020643628941154,0.008220090456801617,0.09066471450791436,0.17929024041807717
4401,D-SINOS,2000,158,0.06696312955643072,0.05440855740375468,0.012554572152676038,0.005677431027330498,0.07534872943408202,0.15905227807907285
4402,D-SINOS,2000,159,0.06381105677670852,0.05341964141706047,0.010391415359648049,0.005337898923301362,0.0730609261048706,0.14990702524243193
4403,D-SINOS,2000,160,0.06215071033345482,0.051255783950273706,0.010894926383181115,0.0045685972765554085,0.06759139942740798,0.1429945875440094
4404,D-SINOS,2000,161,0.060561433843837095,0.05099958192242106,0.009561851921416035,0.004774273606248786,0.06909611860480143,0.14354537347193497
4405,D-SINOS,2000,162,0.05941731326739989,0.05009731320606581,0.009320000061334086,0.005012530940942736,0.07079922980472836,0.14826027237474482
4406,D-SINOS,2000,163,0.05712157781653258,0.04813768501571375,0.008983892800818826,0.005663850757471777,0.07525855936351544,0.16130972674605304
4407,D-SINOS,2000,164,0.05642846033400755,0.04784933925426834,0.00857912107973921,0.005559230289618396,0.07456024604048994,0.16110698034751636
4408,D-SINOS,2000,165,0.055852061343069435,0.04792778531197056,0.007924276031098874,0.005983080737545725,0.07735037645380742,0.16605404427654158
4409,D-SINOS,2000,166,0.05555455149863635,0.04778399158749929,0.00777055991113706,0.005851508494654024,0.07649515340630428,0.16453837991468712
4410,D-SINOS,2000,167,0.05519394092363657,0.04765129262301649,0.0075426483006200765,0.005610646041160231,0.07490424581530897,0.1624224950916353
4411,D-SINOS,2000,168,0.05472617764331025,0.047628148783593866,0.00709802885971639,0.0055856727544330775,0.07473735849247735,0.16183364566965464
4412,D-SINOS,2000,169,0.05388598813925227,0.047998682963825076,0.005887305175427198,0.005498475290933405,0.07415170457200161,0.16005475037451933
4413,D-SINOS,2000,170,0.052978715698743996,0.04774890180562525,0.005229813893118747,0.0057910004241071185,0.07609862301058488,0.16307058848122502
4414,D-SINOS,2000,171,0.052556759959354285,0.04724260355452221,0.005314156404832076,0.005863828809739838,0.07657564109911087,0.16193809174955898
4415,D-SINOS,2000,172,0.05235148081307323,0.04699598225805984,0.005355498555013392,0.005815509488703278,0.07625948786022155,0.16217197731180738
4416,D-SINOS,2000,173,0.05213659676401284,0.0466994069617541,0.005437189802258742,0.005842326837215372,0.07643511521032315,0.16180726735332174
4417,D-SINOS,2000,174,0.05180641598676774,0.046140860007498355,0.005665555979269383,0.005743162705985922,0.07578365724868338,0.16135605789460505
4418,D-SINOS,2000,175,0.051427370172110146,0.04562606997004616,0.005801300202063984,0.005817730668511758,0.0762740497712804,0.16396077709051304
4419,D-SINOS,2000,176,0.05104937587747479,0.04490784244650445,0.006141533430970339,0.005545977642217809,0.07447132093777986,0.16295505869128823
4420,D-SINOS,2000,177,0.05077280533229702,0.04450058812680821,0.00627221720548881,0.0054180104267531675,0.07360713570539998,0.1622851322474188
4421,D-SINOS,2000,178,0.05047188237567203,0.044244429275406574,0.006227453100265455,0.005257768745819486,0.07251047335260946,0.16120616261675547
4422,D-SINOS,2000,179,0.05009388951905199,0.044030594657378574,0.006063294861673415,0.005061205507128795,0.07114215000355834,0.15815372670479977
4423,D-SINOS,2000,180,0.04957430317593765,0.0436820794978654,0.005892223678072257,0.0048506518961845884,0.0696466215705011,0.15584526122120812
4424,D-SINOS,2000,181,0.04868687893216389,0.042768628435233394,0.0059182504969305,0.004564467219109111,0.06756084087035263,0.1519875835940483
4425,D-SINOS,2000,182,0.04729322436472004,0.04085948606833406,0.006433738296385976,0.004286618018398495,0.0654722690793476,0.1483005858501273
4426,D-SINOS,2000,183,0.04564175332867331,0.03828980129378722,0.007351952034886087,0.003947464702276092,0.06282885246665015,0.14374278126845141
4427,D-SINOS,2000,184,0.04423689105242211,0.03608052111559019,0.008156369936831923,0.0038780488238875344,0.06227398191771211,0.14667274732600077
4428,D-SINOS,2000,185,0.044047095777791756,0.03566033339928269,0.00838676237850906,0.0039030811152684164,0.06247464377864364,0.14447304718886922
4429,D-SINOS,2000,186,0.04346681185719237,0.03462585996874918,0.00884095188844319,0.003671912783275011,0.06059630998068291,0.145969418551947
4430,D-SINOS,2000,187,0.043187864295576195,0.034791865759964534,0.00839599853561166,0.0036280646439455647,0.06023341799985756,0.14397472419735924
4431,D-SINOS,2000,188,0.042785235182204756,0.034788218692445215,0.007997016489759545,0.003739163263739113,0.06114869797255795,0.14683690275201944
4432,D-SINOS,2000,189,0.04190421085236932,0.034066619318092226,0.007837591534277094,0.0037667418877701904,0.06137378827944541,0.14967332191758498
4433,D-SINOS,2000,190,0.04055043926776278,0.03304171072408039,0.0075087285436823935,0.0033610472976108195,0.05797454008106334,0.1419907565419103
4434,D-SINOS,2000,191,0.03870392250210955,0.03154693038742376,0.007156992114685791,0.002726875772389964,0.05221949609475339,0.12590074032038467
4435,D-SINOS,2000,192,0.04086259844556214,0.03141083716189932,0.009451761283662825,0.002840311961987067,0.05329457722871125,0.13033921472383064
4436,D-SINOS,2000,193,0.037157705024548314,0.02990234317572403,0.0072553618488242835,0.002547617524571548,0.05047392915725452,0.12379967172150885
4437,D-SINOS,2000,194,0.03445428473724684,0.02761728614193463,0.006836998595312214,0.002341623785089843,0.04839032739184395,0.1211804123075838
4438,D-SINOS,2000,195,0.03273312446027681,0.026146925191497646,0.006586199268779165,0.0020361595883087013,0.04512382506291661,0.11235254985836884
4439,D-SINOS,2000,196,0.038525521762768106,0.029826991261858105,0.008698530500910004,0.0033321311353697045,0.057724614640287594,0.1246264675502815
4440,D-SINOS,2000,197,0.03210310237003522,0.025683644153546487,0.006419458216488734,0.002215352943240912,0.047067535980130845,0.11385763773010393
4441,D-SINOS,2000,198,0.031119351695199658,0.02573844459441935,0.005380907100780307,0.002238870427559442,0.047316703473080646,0.1174401408449195
4442,D-SINOS,2000,199,0.030544519792819663,0.025442057011152992,0.005102462781666673,0.001732580395564286,0.04162427651700731,0.10831869654489312
4443,D-SINOS,2000,200,0.029562868660830886,0.024774732767949503,0.0047881358928813815,0.0015935141835248421,0.03991884496731891,0.10492699151590135
4444,D-SINOS,2000,201,0.029065596388141667,0.02456862550926061,0.004496970878881058,0.0018356868034643786,0.042844915724790246,0.11083461787290216
4445,D-SINOS,2000,202,0.028266237284046036,0.023726247376650262,0.004539989907395775,0.0016890704845855342,0.041098302697137434,0.10853067295577479
4446,D-SINOS,2000,203,0.027482739176170744,0.022491878715993174,0.00499086046017757,0.0013451908145576308,0.036676843028778126,0.09668115908459773
4447,D-SINOS,2000,204,0.02701797174853967,0.0226151852460278,0.004402786502511871,0.0014698654620972655,0.03833882447464013,0.10028363756840153
4448,D-SINOS,2000,205,0.02668790569058794,0.022520878258737737,0.004167027431850203,0.0014855945667859114,0.038543411457548894,0.1007326536211649
4449,D-SINOS,2000,206,0.02651512985003593,0.022594335189047698,0.0039207946609882294,0.0015143794741884105,0.03891502889872254,0.10086509965973256
4450,D-SINOS,2000,207,0.026414319859292202,0.02255842428953788,0.003855895569754321,0.001459150715621446,0.03819883133842508,0.09752247855723739
4451,D-SINOS,2000,208,0.02635095333371365,0.02238938220135597,0.003961571132357679,0.0014117242318075563,0.037572918861961686,0.09581320364585477
4452,D-SINOS,2000,209,0.026186168448164078,0.022365915252066534,0.0038202531960975436,0.001454391331588892,0.03813648294728936,0.09839186923125187
4453,D-SINOS,2000,210,0.025975507781683685,0.02224842654681635,0.003727081234867333,0.0014652561790662027,0.0382786648025529,0.09919182074101973
4454,D-SINOS,2000,211,0.02554442190951671,0.021941506819968565,0.003602915089548145,0.001487284967228687,0.038565333749738084,0.10229213381267288
4455,D-SINOS,2000,212,0.02494026119866393,0.0214236924147617,0.0035165687839022334,0.0014867800293538848,0.03855878666859066,0.10348268528085802
4456,D-SINOS,2000,213,0.024504937453626512,0.02093726723615897,0.003567670217467543,0.001658645914142147,0.04072647681965808,0.11195656571983836
4457,D-SINOS,2000,214,0.024238207974960586,0.02073678753084491,0.0035014204441156755,0.0016340553935020475,0.040423451034047646,0.10763934150288446
4458,D-SINOS,2000,215,0.02413490108631358,0.0206589045004634,0.0034759965858501833,0.0016350622130369204,0.040435902525316786,0.10707392675316052
4459,D-SINOS,2000,216,0.02403394354901209,0.02065334065846532,0.0033806028905467712,0.0016802135186533625,0.04099040764195158,0.10803006633522039
4460,D-SINOS,2000,217,0.023968726086599394,0.020713195645234196,0.0032555304413651983,0.00168582166117153,0.04105875864138527,0.1086090519246583
4461,D-SINOS,2000,218,0.023930497723551204,0.020694754146886568,0.0032357435766646354,0.001697139748569674,0.04119635601081331,0.10890735601466628
4462,D-SINOS,2000,219,0.02388392904645792,0.020687086605922413,0.003196842440535505,0.0017132306698131707,0.0413911907271725,0.10938951850636869
4463,D-SINOS,2000,220,0.023842685484703394,0.020679536909522532,0.0031631485751808623,0.0017222667181738796,0.04150020142329287,0.1096374608484193
4464,D-SINOS,2000,221,0.023737487209532993,0.020629558449491214,0.0031079287600417798,0.0017300265810062969,0.04159358821989631,0.10983206835612269
4465,D-SINOS,2000,222,0.023613956743393966,0.020525772066662805,0.0030881846767311623,0.00172044213375665,0.04147821275991349,0.10946719427787399
4466,D-SINOS,2000,223,0.023449300230475756,0.020344093474579054,0.003105206755896704,0.0016819240793749558,0.041011267712361146,0.1081533353108004
4467,D-SINOS,2000,224,0.023408582469599707,0.020382583614515868,0.003025998855083838,0.0016307078870785837,0.040382024306349275,0.10647643459206968
4468,D-SINOS,2000,225,0.023270221892926313,0.02016493758648854,0.0031052843064377747,0.0016120483895449879,0.04015032240897933,0.10596618405408431
4469,D-SINOS,2000,226,0.023218312633702276,0.020076160875884153,0.0031421517578181244,0.001595406591975784,0.0399425411306765,0.1054138135695023
4470,D-SINOS,2000,227,0.023149200652303893,0.019960795438655164,0.003188405213648728,0.0015665494494591134,0.03957965954198082,0.10478859354824888
4471,D-SINOS,2000,228,0.0230404840587062,0.019833877167610717,0.003206606891095481,0.00152379983033725,0.039035878757077445,0.10323674040303743
4472,D-SINOS,2000,229,0.022800800125543065,0.019558668764390823,0.003242131361152244,0.0014557454093382678,0.038154231866704746,0.10132527208341646
4473,D-SINOS,2000,230,0.02242475528891564,0.019163143380933324,0.003261611907982317,0.001527327724489246,0.03908104047347314,0.10244806149658192
4474,D-SINOS,2000,231,0.021752688025589925,0.018384145579153757,0.0033685424464361675,0.0015385198166061624,0.03922396992409313,0.10278267767597082
4475,D-SINOS,2000,232,0.02026729557623782,0.0165344928965494,0.0037328026796884213,0.0019367994806637223,0.04400908406981134,0.1106626680502093
4476,D-SINOS,2000,233,0.019235514626250894,0.015487006130554204,0.0037485084956966914,0.002321859922963485,0.048185681721477025,0.11629080683290849
4477,D-SINOS,2000,234,0.017858968317719416,0.01431359018408247,0.003545378133636944,0.0028702797282154162,0.05357499163056786,0.12138665690395067
4478,D-SINOS,2000,235,0.01745549937536217,0.014116550680711782,0.003338948694650387,0.003344114524816015,0.05782831940162203,0.12812991616874958
4479,D-SINOS,2000,236,0.01662396434262077,0.013784658864157744,0.0028393054784630273,0.0034184645240336025,0.058467636552486046,0.12743174691401327
4480,D-SINOS,2000,237,0.01668352326906278,0.013734211540713265,0.002949311728349517,0.0032791997438002484,0.057264297287229926,0.12732068961527665
4481,D-SINOS,2000,238,0.016489643619908755,0.013623808003117173,0.002865835616791581,0.003350792514404027,0.05788603039079487,0.12728743392857778
4482,D-SINOS,2000,239,0.016366315643022725,0.013563656902132386,0.00280265874089034,0.002879419636595191,0.05366022397078856,0.12213727284756515
4483,D-SINOS,2000,240,0.016267322226762936,0.013530500725273172,0.002736821501489765,0.003003106095019359,0.054800603053427786,0.12312280376080353
4484,D-SINOS,2000,241,0.016251441378261174,0.013535634975401774,0.0027158064028594006,0.003227723138759771,0.056813054298812095,0.12593171195615793
4485,D-SINOS,2000,242,0.016203221366090904,0.013487942400010989,0.0027152789660799138,0.0031769847458396508,0.05636474736783312,0.12496922558479107
4486,D-SINOS,2000,243,0.016179308442972183,0.013458930548549951,0.002720377894422232,0.0031477383003891204,0.05610470836203607,0.12410968284987256
4487,D-SINOS,2000,244,0.016147867511594017,0.013420681283768655,0.002727186227825362,0.0031933330157984693,0.05650958339784916,0.12408524018399336
4488,D-SINOS,2000,245,0.01611059905806363,0.013308853056646523,0.002801746001417107,0.003238119681515649,0.05690447857168756,0.12347582337261576
4489,D-SINOS,2000,246,0.016063820869717173,0.013189080679656639,0.002874740190060534,0.0033374507594754713,0.05777067387070599,0.12409416008664798
4490,D-SINOS,2000,247,0.0159922190441775,0.01297945317540408,0.0030127658687734192,0.0034589626272036596,0.05881294608505562,0.12481232544047338
4491,D-SINOS,2000,248,0.015851615673788875,0.012663661660928433,0.0031879540128604404,0.0036324889298440096,0.06027013298346047,0.12691335115686542
4492,D-SINOS,2000,249,0.015609518454581701,0.012015179067416396,0.003594339387165306,0.003926665835086519,0.06266311383171538,0.12908149914739186
4493,D-SINOS,2000,250,0.015417997027203529,0.01167418703932107,0.0037438099878824593,0.003896924500721404,0.062425351426495024,0.12871868751597482
4494,D-SINOS,2000,251,0.014912134502237568,0.011239387558089193,0.003672746944148375,0.004031994110212214,0.06349798508781372,0.13072090639885459
4495,D-SINOS,2000,252,0.014499019604031863,0.011182690051101906,0.0033163295529299564,0.004000276569266632,0.06324773963760785,0.13104808229165532
4496,D-SINOS,2000,253,0.013912778174637493,0.011209723214517405,0.002703054960120087,0.003722488530816724,0.06101219985229777,0.1270914048106967
4497,D-SINOS,2000,254,0.01365356765323375,0.010789967936126434,0.0028635997171073168,0.003878855388762596,0.06228045751889268,0.13216565551317006
4498,D-SINOS,2000,255,0.013228804491261403,0.010444618393430843,0.0027841860978305615,0.003823481182838076,0.06183430425611722,0.133925569434292
4499,D-SINOS,2000,256,0.01287331282938042,0.010127256823416371,0.0027460560059640485,0.003626504315512015,0.06022046425852274,0.12825398158000145
4500,D-SINOS,2000,257,0.012601986894414474,0.009918434852873267,0.0026835520415412067,0.003619637547691022,0.060163423669959325,0.13001811400078733
4501,D-SINOS,2000,258,0.012240303973219433,0.0095692153445412,0.002671088628678232,0.003368142823324523,0.05803570300534425,0.12883279144962823
4502,D-SINOS,2000,259,0.011841333117301758,0.009069813114986768,0.00277152000231499,0.0032273777337946527,0.056810014379461767,0.12901975702945645
4503,D-SINOS,2000,260,0.011552997276494972,0.008847070352261815,0.002705926924233157,0.0029943222387270253,0.05472040057169744,0.1252607831863225
4504,D-SINOS,2000,261,0.011315125319053763,0.008809367403088374,0.002505757915965389,0.0029505267995783204,0.054318751822720675,0.12318976040166285
4505,D-SINOS,2000,262,0.01101261630149197,0.008605263554789721,0.0024073527467022493,0.002980952513403578,0.05459809990653135,0.12185638928118225
4506,D-SINOS,2000,263,0.010773973465725051,0.008482723935398801,0.0022912495303262495,0.0028688520488685983,0.0535616658522548,0.12147984698181291
4507,D-SINOS,2000,264,0.010601552945305294,0.008336324247590792,0.002265228697714502,0.0028060718983743513,0.05297236919729333,0.11944992053002701
4508,D-SINOS,2000,265,0.010504108784627413,0.008355383116633955,0.002148725667993459,0.0026476335199016716,0.0514551602844814,0.1184201989494299
4509,D-SINOS,2000,266,0.01042802696991645,0.008321771005593188,0.0021062559643232615,0.0026007632947081093,0.05099767930708327,0.11841475111483846
4510,D-SINOS,2000,267,0.010358690874872862,0.008332274800910052,0.0020264160739628095,0.002621106736093794,0.0511967453662222,0.11986666675670066
4511,D-SINOS,2000,268,0.010268149635609462,0.008315712926133768,0.001952436709475694,0.0026196950357783404,0.05118295649704441,0.12102847384656479
4512,D-SINOS,2000,269,0.0102004669465097,0.008276078873174891,0.0019243880733348098,0.002616970486041637,0.051156333782256494,0.12125673445840379
4513,D-SINOS,2000,270,0.010058821150408029,0.00818388530487073,0.0018749358455373,0.0025577834277664877,0.05057453339148556,0.12033974909201195
4514,D-SINOS,2000,271,0.009947636609284192,0.008094008656493889,0.001853627952790304,0.0022974799466870875,0.04793203466041357,0.11632649508401605
4515,D-SINOS,2000,272,0.009759859302089658,0.007975666927015417,0.001784192375074241,0.0021657073937223614,0.046537161427426595,0.11447062723878576
4516,D-SINOS,2000,273,0.009640225063444117,0.007919712444388228,0.0017205126190558881,0.002175787892747613,0.0466453415975016,0.11440065773934527
4517,D-SINOS,2000,274,0.009553366524555249,0.007930865136567567,0.0016225013879876814,0.0021005311391820154,0.04583155178675511,0.11335790161603465
4518,D-SINOS,2000,275,0.009486980421099564,0.007870128010514043,0.0016168524105855207,0.0020055683991477865,0.04478357287162098,0.11190197429941384
4519,D-SINOS,2000,276,0.009361382029090707,0.007813807065114298,0.0015475749639764095,0.0018941758512792393,0.043522130592139434,0.11078548539025113
4520,D-SINOS,2000,277,0.009243889454294621,0.007594670025564484,0.0016492194287301364,0.0016580842019871995,0.040719580081174704,0.10488884796748588
4521,D-SINOS,2000,278,0.00910270776013096,0.007432239172747514,0.0016704685873834455,0.0015683906836383489,0.03960291256509234,0.10302071612001873
4522,D-SINOS,2000,279,0.008809259634428827,0.007096474555217216,0.0017127850792116104,0.0014407591937229327,0.03795733385951828,0.09946832370302916
4523,D-SINOS,2000,280,0.008479883428402895,0.006821790475704186,0.0016580929526987087,0.0013000762695774813,0.03605657040786715,0.09839175441329429
4524,D-SINOS,2000,281,0.00810285511169678,0.006510237825358418,0.0015926172863383616,0.0011775448147721052,0.03431537286366134,0.09327526185769985
4525,D-SINOS,2000,282,0.007901762824622736,0.006364295802838348,0.0015374670217843881,0.0010917604789815625,0.033041798967089586,0.08928129299257359
4526,D-SINOS,2000,283,0.0076786509763410345,0.006203708224236859,0.0014749427521041753,0.0011575906848175304,0.03402338438217942,0.09123885767169648
4527,D-SINOS,2000,284,0.007580804736240447,0.006045710496370626,0.0015350942398698205,0.001210220882728718,0.03478822908296308,0.09207218190220112
4528,D-SINOS,2000,285,0.007493927080729075,0.005951803884382134,0.0015421231963469412,0.0011789352455368492,0.03433562647654546,0.09181375028590621
4529,D-SINOS,2000,286,0.007371152362677611,0.0057662203877583565,0.0016049319749192538,0.0010730770214031772,0.03275785434675441,0.08861352803418832
4530,D-SINOS,2000,287,0.0072370716039264,0.005572457478739591,0.0016646141251868093,0.001006348477832387,0.031722996041237767,0.08523329129423918
4531,D-SINOS,2000,288,0.007173490613265289,0.005436897588601375,0.0017365930246639144,0.000895920700383972,0.029931934457765538,0.08139717134687274
4532,D-SINOS,2000,289,0.00713035188405548,0.005355794129389288,0.0017745577546661915,0.0008954287117683753,0.02992371487246153,0.08087021723649523
4533,D-SINOS,2000,290,0.0070887636178961315,0.005281520063861785,0.0018072435540343467,0.000938666973041681,0.030637672448175318,0.08133091571576967
4534,D-SINOS,2000,291,0.007001325943477856,0.0051631038987545105,0.0018382220447233453,0.0009312137181592336,0.03051579456870218,0.08021770514347659
4535,D-SINOS,2000,292,0.0067496915450574735,0.004866748675546431,0.0018829428695110422,0.0008075856804111034,0.02841805201647543,0.07328868160335544
4536,D-SINOS,2000,293,0.0065108632855533245,0.004629264997964613,0.001881598287588711,0.0007157185658600463,0.026752916959839095,0.06841013902575477
4537,D-SINOS,2000,294,0.006228849550822893,0.004364822131331069,0.0018640274194918242,0.000554637961657638,0.02355075288940118,0.060718771998884424
4538,D-SINOS,2000,295,0.006123509294963784,0.004436927393111059,0.0016865819018527257,0.0005670362346235372,0.02381252264300314,0.06150974553321553
4539,D-SINOS,2000,296,0.005773430232857489,0.004231484181452404,0.0015419460514050846,0.0005257444877280234,0.022929118773472812,0.058831767593148676
4540,D-SINOS,2000,297,0.0055978915234863955,0.004127506643547278,0.0014703848799391174,0.0004285835200330295,0.02070225881475327,0.053180335716828564
4541,D-SINOS,2000,298,0.005443939198238137,0.004135415854551982,0.0013085233436861546,0.0004181551229162509,0.020448841603285278,0.05231866076100955
4542,D-SINOS,2000,299,0.005290457364049592,0.004048267384975379,0.0012421899790742129,0.0003625192199722833,0.019039937499169563,0.04866043404805809
4543,D-SINOS,2000,300,0.004978705448066115,0.0037910454872592137,0.001187659960806902,0.0002636832241758619,0.016238325781183907,0.04129297420990974
4544,D-SINOS,2000,301,0.00463012388802952,0.0035496298123327188,0.0010804940756968004,0.00018156920579541358,0.013474761808485284,0.040771525692830934
4545,D-SINOS,2000,302,0.004543265211325392,0.003298593533970345,0.0012446716773550472,0.00014462896208866627,0.012026178199605487,0.037696400970138155
4546,D-SINOS,2000,303,0.004410310960495624,0.0031455840640676907,0.001264726896427933,0.00012135295537078795,0.011016031743363304,0.036533475057968
4547,D-SINOS,2000,304,0.004326102395153275,0.0032663527784883035,0.0010597496166649717,0.00015499625166161198,0.012449749060186394,0.04232858312816101
4548,D-SINOS,2000,305,0.0042275879928552265,0.0031475840992180875,0.0010800038936371395,0.00013940026520382646,0.011806788945510394,0.040023750909179645
4549,D-SINOS,2000,306,0.004191850345630731,0.0030672801468747497,0.0011245701987559814,0.00014910258951614453,0.01221075712296926,0.040858228723757106
4550,D-SINOS,2000,307,0.004157449215616424,0.003014426842785149,0.0011430223728312744,0.0001720750279944962,0.013117737152210979,0.04138736813791033
4551,D-SINOS,2000,308,0.0041293131046681525,0.0030111926002095797,0.001118120504458573,0.00018234689538498694,0.013503588241093066,0.042850221369524544
4552,D-SINOS,2000,309,0.004114989074501141,0.00300969114566268,0.0011052979288384607,0.00018533966716252986,0.01361395119583326,0.04335621550723112
4553,D-SINOS,2000,310,0.004096988015295061,0.002991048376431526,0.0011059396388635348,0.00017769876282096767,0.0133303699431399,0.042999150805852815
4554,D-SINOS,2000,311,0.004086379909845846,0.0029790037694206084,0.0011073761404252376,0.00017538726997233644,0.013243385895319084,0.04296770024037866
4555,D-SINOS,2000,312,0.004075441797624213,0.002945378176127033,0.0011300636214971805,0.00016062740810475848,0.012673886858606497,0.04186822211785046
4556,D-SINOS,2000,313,0.004059221040856152,0.0029361530200540708,0.001123068020802081,0.00015995591015470473,0.012647367716434307,0.041690690077168635
4557,D-SINOS,2000,314,0.0040297354710933115,0.0029511739547326923,0.0010785615163606192,0.00016429714829426748,0.012817844916142006,0.04255018418867784
4558,D-SINOS,2000,315,0.003996493796530618,0.002953340104055249,0.0010431536924753685,0.00018397688755976852,0.013563808003645898,0.043911777735152424
4559,D-SINOS,2000,316,0.0039520095553685,0.0029855274744420733,0.0009664820809264261,0.00019097498785645417,0.013819370023863395,0.04543997596933913
4560,D-SINOS,2000,317,0.0039109668790867705,0.0030060229284973056,0.0009049439505894646,0.00022024875743984667,0.014840780216681556,0.047525087272764166
4561,D-SINOS,2000,318,0.0038643761787073867,0.002986565649844006,0.0008778105288633806,0.0002069544185123848,0.014385910416528555,0.047600602969521955
4562,D-SINOS,2000,319,0.0038163196181529692,0.002927941208743175,0.0008883784094097943,0.00021262150518880257,0.014581546735130761,0.04741923926432445
4563,D-SINOS,2000,320,0.0037266292603904587,0.002790394217080086,0.0009362350433103728,0.00019407688618944832,0.013931148057121794,0.045231931091341604
4564,D-SINOS,2000,321,0.0036157814444914534,0.0025737239005466962,0.001042057543944757,0.00020503233901852109,0.01431895034625517,0.04349126475629106
4565,D-SINOS,2000,322,0.003484049405655243,0.002422687009532809,0.0010613623961224336,0.0001594167584406149,0.012626034945326855,0.039458570298577245
4566,D-SINOS,2000,323,0.0033241661332273774,0.0022660662148340804,0.001058099918393297,0.0001380204128447742,0.011748208920715285,0.03531934541747783
4567,D-SINOS,2000,324,0.0031753164357335947,0.0022064431360873738,0.0009688732996462208,0.0001135745913517268,0.010657138046948946,0.03488730028168163
4568,D-SINOS,2000,325,0.0030823331037535965,0.0022002600746345692,0.0008820730291190272,0.00010532614973926804,0.010262852904493372,0.034066446009636486
4569,D-SINOS,2000,326,0.003093722299296727,0.0022599845077933304,0.0008337377915033963,9.813189142403448e-05,0.009906154219677507,0.03590828156970205
4570,D-SINOS,2000,327,0.0030537307168355173,0.0022062350647330123,0.0008474956521025048,0.00010089420009730201,0.010044610500029456,0.034884179299893736
4571,D-SINOS,2000,328,0.003031956525049299,0.0021836194256471446,0.0008483370994021543,9.438690160602224e-05,0.009715292152376183,0.034691572244996305
4572,D-SINOS,2000,329,0.00302362386798405,0.002163783751613254,0.0008598401163707959,8.577130158288099e-05,0.009261279694668603,0.033478746369975054
4573,D-SINOS,2000,330,0.0030174796345918873,0.002157727348184128,0.0008597522864077591,8.524787269354599e-05,0.0092329774554878,0.0332861809348588
4574,D-SINOS,2000,331,0.003014617300381698,0.0021615793758724957,0.0008530379245092022,8.503642477772922e-05,0.009221519656636276,0.033422166166323874
4575,D-SINOS,2000,332,0.003005545957105951,0.0021721026389060266,0.0008334433181999246,8.618091206184553e-05,0.009283367495787589,0.03390718023991712
4576,D-SINOS,2000,333,0.0029932561107742896,0.0021786239052513736,0.0008146322055229158,9.102365480367233e-05,0.009540631782207735,0.034919470035574385
4577,D-SINOS,2000,334,0.0029801661358040276,0.0021897831313076013,0.0007903830044964263,8.722346695986897e-05,0.009339350457064396,0.034419611137553874
4578,D-SINOS,2000,335,0.0029627471875045518,0.0021708440437146603,0.0007919031437898913,9.113058799263495e-05,0.009546234230974796,0.03484227279535368
4579,D-SINOS,2000,336,0.002933554436361402,0.00214423963457844,0.0007893148017829618,8.892816415174783e-05,0.009430173071144974,0.03395084786681912
4580,D-SINOS,2000,337,0.002910705408768112,0.002114279358372342,0.0007964260503957697,8.495691358941448e-05,0.009217207472408033,0.03280969876065187
4581,D-SINOS,2000,338,0.0028800613075281576,0.0020835572460042137,0.0007965040615239438,6.506905617709223e-05,0.008066539293717735,0.028947718217346763
4582,D-SINOS,2000,339,0.0028434030361392205,0.002077253789653139,0.0007661492464860812,5.8513997243767105e-05,0.007649444244111275,0.028189853534127618
4583,D-SINOS,2000,340,0.0027802802120028484,0.002052324418751858,0.0007279557932509902,4.71030453126918e-05,0.006863165837475574,0.026454266743741517
4584,D-SINOS,2000,341,0.0027192382852712408,0.0020380855360002757,0.000681152749270965,3.907455694658659e-05,0.006250964481308992,0.02511855882219649
4585,D-SINOS,2000,342,0.0026533556349464422,0.0019820580513340595,0.0006712975836123825,3.6462548841586895e-05,0.006038422711402945,0.026205571420103935
4586,D-SINOS,2000,343,0.0025958519319130282,0.001966905680099778,0.0006289462518132506,4.3815836570328513e-05,0.006619353183682565,0.024556885128933947
4587,D-SINOS,2000,344,0.002547558709648368,0.0019419140956104543,0.0006056446140379136,5.4068793454606554e-05,0.007353148540224558,0.021935617068530533
4588,D-SINOS,2000,345,0.002521124954908844,0.0019297923297798033,0.0005913326251290406,7.129256581116773e-05,0.008443492512649474,0.023685950070630013
4589,D-SINOS,2000,346,0.002507772961428875,0.0019091068589689353,0.0005986661024599397,7.459726878852691e-05,0.008636971042473565,0.02414546206588586
4590,D-SINOS,2000,347,0.0024981055915710777,0.0019056924154649357,0.0005924131761061419,8.362275365111014e-05,0.00914454775541744,0.025233450193836715
4591,D-SINOS,2000,348,0.0024885314595981594,0.0018988902382337113,0.000589641221364448,8.589468720414647e-05,0.009267938670715644,0.025367138855522886
4592,D-SINOS,2000,349,0.002477643695513287,0.001898652129441578,0.0005789915660717092,8.262884703063478e-05,0.009090041090701119,0.025024578367664585
4593,D-SINOS,2000,350,0.002459347790470078,0.0018841527811372545,0.0005751950093328235,8.217199755034625e-05,0.009064877139285797,0.02477217706749002
4594,D-SINOS,2000,351,0.002436595252683209,0.0018736215615500341,0.0005629736911331748,6.385121539042003e-05,0.007990695551103173,0.022661744526792926
4595,D-SINOS,2000,352,0.002397596790281675,0.0018262389227038725,0.0005713578675778022,5.769757568876832e-05,0.0075958920271926135,0.021340803688780552
4596,D-SINOS,2000,353,0.002348198715026863,0.001768689034381631,0.0005795096806452319,5.41734268581778e-05,0.007360259972186974,0.021626848496765216
4597,D-SINOS,2000,354,0.0023104374577200618,0.0017362633189380336,0.0005741741387820282,4.545208566319111e-05,0.0067418161991551736,0.021267326494999628
4598,D-SINOS,2000,355,0.002512795482129907,0.0017670498989941284,0.0007457455831357786,3.3812302584071745e-05,0.0058148346996343536,0.02563900140300912
4599,D-SINOS,2000,356,0.0022902620729489996,0.0017096099194978053,0.0005806521534511943,3.696640377488902e-05,0.006080000310434944,0.022240124468683287
4600,D-SINOS,2000,357,0.0022751462956464774,0.0017207308086545302,0.0005544154869919474,3.854501522449322e-05,0.006208463193455626,0.0218672748114217
4601,D-SINOS,2000,358,0.002254236586531555,0.0017253029932715836,0.0005289335932599714,3.3150699876938873e-05,0.005757664446365286,0.021466040829107857
4602,D-SINOS,2000,359,0.0022449295088031065,0.0017214769678645058,0.0005234525409386007,3.348324511686071e-05,0.00578647086892008,0.021169772732943293
4603,D-SINOS,2000,360,0.0022370303461632488,0.001701721376813954,0.0005353089693492949,3.024466130736628e-05,0.005499514642890432,0.022137645161558583
4604,D-SINOS,2000,361,0.0022311818198779737,0.0016998900512571785,0.0005312917686207951,3.0226123305537115e-05,0.005497828962921374,0.023281861344685018
4605,D-SINOS,2000,362,0.0022258075633390367,0.0016890700728584226,0.000536737490480614,3.217426797223792e-05,0.005672236593464514,0.023712474422872054
4606,D-SINOS,2000,363,0.00222293588411061,0.0016890096635602393,0.0005339262205503706,3.4212854708204416e-05,0.005849175557991435,0.023681716747546377
4607,D-SINOS,2000,364,0.002220317044844865,0.0016966505249075051,0.0005236665199373598,3.9322505755525724e-05,0.006270765962426418,0.02270985093011746
4608,D-SINOS,2000,365,0.0022144582179542452,0.0016936978548776186,0.0005207603630766266,3.487932902373561e-05,0.005905872418511562,0.022753518327231048
4609,D-SINOS,2000,366,0.002207905719055082,0.0016957695727173197,0.0005121361463377624,3.164862000678218e-05,0.005625710622382045,0.022244290377139375
4610,D-SINOS,2000,367,0.00219892915948957,0.001700408270180817,0.0004985208893087531,2.804711893087406e-05,0.005295953071060398,0.021136761078972777
4611,D-SINOS,2000,368,0.002183294068049973,0.001696303301516207,0.0004869907665337659,2.529676753495587e-05,0.00502958920141157,0.01921055577382158
4612,D-SINOS,2000,369,0.002174397106277091,0.0017018948653907493,0.00047250224088634177,2.214292457298993e-05,0.004705626905417591,0.019356084495287973
4613,D-SINOS,2000,370,0.0021508784156498034,0.0016937107939921294,0.000457167621657674,2.2116601136131497e-05,0.004702829056656376,0.019325131721998123
4614,D-SINOS,2000,371,0.002140660410530856,0.0016750901905483817,0.0004655702199824743,2.3359428955343967e-05,0.004833159314086798,0.020637306732209204
4615,D-SINOS,2000,372,0.002123280154988242,0.0016686186336375493,0.00045466152135069274,2.2544477181107436e-05,0.00474810248216142,0.019825320926135537
4616,D-SINOS,2000,373,0.0021040151264647257,0.0016598050125230111,0.00044421011394171447,2.159009147316608e-05,0.004646513905409741,0.018998774367208537
4617,D-SINOS,2000,374,0.002086648836188814,0.0016543892456202492,0.00043225959056856464,2.079231921586986e-05,0.004559859560981002,0.01846008863538634
4618,D-SINOS,2000,375,0.0020710114654528796,0.0016706849147883132,0.00040032655066456625,1.8697248387223415e-05,0.004324031497020276,0.01846885637155804
4619,D-SINOS,2000,376,0.002057326823198677,0.0016757506466263175,0.0003815761765723597,2.0780378074314088e-05,0.004558549996908456,0.01749385340119103
4620,D-SINOS,2000,377,0.0020456751083718213,0.0016750439012938293,0.00037063120707799186,2.138926020485084e-05,0.004624852452224919,0.017130713829600464
4621,D-SINOS,2000,378,0.0020179170523756573,0.0016836173079518946,0.0003342997444237629,2.556643744136809e-05,0.005056326476936403,0.016300203116116574
4622,D-SINOS,2000,379,0.0019988758218109715,0.0016804522776713592,0.0003184235441396123,3.03346181814078e-05,0.005507687189865434,0.0161432556546654
4623,D-SINOS,2000,380,0.001976252136187528,0.001674436797762868,0.0003018153384246599,3.135541704667602e-05,0.0055995907927879895,0.016956984754180282
4624,D-SINOS,2000,381,0.001954855804974112,0.0016401261938785781,0.00031472961109553347,3.565564001951691e-05,0.005971234379884691,0.0168860020288496
4625,D-SINOS,2000,382,0.0019363324733057117,0.0016084759528977757,0.000327856520407936,3.281927642509897e-05,0.005728811083034504,0.017494491689443947
4626,D-SINOS,2000,383,0.0019187496731663304,0.001585189236617503,0.00033356043654882725,3.2776537800905764e-05,0.005725079720048077,0.017128523947341434
4627,D-SINOS,2000,384,0.001906374966806113,0.0015682189354781556,0.0003381560313279574,2.7316501816453812e-05,0.005226519091752542,0.01676292442573013
4628,D-SINOS,2000,385,0.001897124550526191,0.0015607346737054459,0.00033638987682074533,3.374439300715339e-05,0.0058089924261573445,0.017892969369318612
4629,D-SINOS,2000,386,0.0018869219096827052,0.0015520890608113594,0.00033483284887134585,3.178951334745798e-05,0.0056382189871854015,0.01718546210290961
4630,D-SINOS,2000,387,0.0018814701215677228,0.0015455621423207477,0.00033590797924697505,3.1611249316993394e-05,0.005622388221831839,0.017774835021078794
4631,D-SINOS,2000,388,0.0018772450689827382,0.001538060795416536,0.0003391842735662022,3.122424814663438e-05,0.00558786615324977,0.018147166864820263
4632,D-SINOS,2000,389,0.001869638113848806,0.001522866973235833,0.00034677114061297325,3.150508858506602e-05,0.005612939389042609,0.01833556157510996
4633,D-SINOS,2000,390,0.0018574591366810672,0.0015088577621123513,0.00034860137456871587,2.8163578860669245e-05,0.005306936862321733,0.018626852989360343
4634,D-SINOS,2000,391,0.0018379865999457422,0.0014838241274766461,0.00035416247246909617,2.7553743902899843e-05,0.00524916601975017,0.018447756564749895
4635,D-SINOS,2000,392,0.001781414547278027,0.001417632991659231,0.0003637815556187962,2.6282453436705393e-05,0.005126641535811275,0.017739217082628822
4636,D-SINOS,2000,393,0.0017246139393143401,0.0013600113225115955,0.00036460261680274457,2.4530067022226128e-05,0.0049527837649372625,0.016494148358326854
4637,D-SINOS,2000,394,0.001645134157404828,0.0012844868283344677,0.0003606473290703603,2.3100421515698118e-05,0.004806289786904044,0.016515366986326274
4638,D-SINOS,2000,395,0.0016646980029399695,0.0012749424445059755,0.0003897555584339941,2.799951806756096e-05,0.005291457083598143,0.01804909602615634
4639,D-SINOS,2000,396,0.0016030846490749325,0.0012480263504164653,0.0003550582986584672,2.2401764634787065e-05,0.0047330502463830935,0.015826085742829177
4640,D-SINOS,2000,397,0.0015457179612104075,0.0012343382192468767,0.0003113797419635309,2.062297432586793e-05,0.004541252506288098,0.015305716425789706
4641,D-SINOS,2000,398,0.001525640649385302,0.001224783162211366,0.00030085748717393614,1.9013519475362068e-05,0.0043604494579529375,0.016119163984084084
4642,D-SINOS,2000,399,0.0015195409900008968,0.0012256475298260273,0.0002938934601748695,2.0385001661760924e-05,0.004514975267015416,0.015944061273378107
4643,D-SINOS,2000,400,0.0015148100764745928,0.0012261006243183999,0.00028870945215619286,2.1775324765301034e-05,0.004666403836499905,0.015835976422723386
4644,D-SINOS,2000,401,0.0015113457987094036,0.0012205708032339856,0.00029077499547541785,2.223850241580934e-05,0.004715771667056129,0.016272419643682978
4645,D-SINOS,2000,402,0.0015099650781239841,0.0012164437975778861,0.0002935212805460979,2.2468379070897534e-05,0.004740082179762028,0.01621857205197519
4646,D-SINOS,2000,403,0.0015087590735370178,0.0012159809155920373,0.0002927781579449804,2.353879543915979e-05,0.004851679651333112,0.01647051862726756
4647,D-SINOS,2000,404,0.0015068448345981118,0.0012136218391757623,0.0002932229954223494,2.248777700836844e-05,0.004742127898777978,0.016316215670955758
4648,D-SINOS,2000,405,0.0015035543978975082,0.0012117019611662166,0.0002918524367312915,2.38853592770406e-05,0.004887265009904885,0.01573062162794714
4649,D-SINOS,2000,406,0.0014989923629132296,0.0012112472005448925,0.0002877451623683372,2.283958726534951e-05,0.0047790780769254556,0.016150179484189175
4650,D-SINOS,2000,407,0.0014947033567165276,0.0012114717043332367,0.00028323165238329094,2.1302174917464922e-05,0.004615427923547818,0.016282291534110538
4651,D-SINOS,2000,408,0.001491188010480911,0.0012090755572226155,0.0002821124532582954,2.0935951108040835e-05,0.004575582051284933,0.016339657736184288
4652,D-SINOS,2000,409,0.0014850953254842989,0.001199043891806423,0.0002860514336778758,2.0200324457550948e-05,0.0044944771061326974,0.01661940414118379
4653,D-SINOS,2000,410,0.0014774186458360408,0.001190340422461602,0.00028707822337443886,2.000448023870299e-05,0.004472636832865261,0.016863015804510217
4654,D-SINOS,2000,411,0.0014633439357535213,0.0011673843892475132,0.0002959595465060081,1.9682755294759677e-05,0.004436525137397474,0.016612406120150247
4655,D-SINOS,2000,412,0.0014567128255423356,0.0011543741087033526,0.00030233871683898295,1.847487407714415e-05,0.00429824081190714,0.01697799610531625
4656,D-SINOS,2000,413,0.0014354866736575852,0.0011316496102921757,0.00030383706336540943,1.734045392398705e-05,0.0041641870664016825,0.016542296229299147
4657,D-SINOS,2000,414,0.0014204586642296408,0.0011165933988433064,0.0003038652653863345,1.7981008672813877e-05,0.004240401947081653,0.015747260178694766
4658,D-SINOS,2000,415,0.0014015341781609437,0.0011127206948227898,0.00028881348333815386,1.869885529335693e-05,0.004324217304132267,0.01475305476225408
4659,D-SINOS,2000,416,0.001373897477975991,0.0010870525312356176,0.0002868449467403735,1.6839963418465386e-05,0.004103652448546951,0.014392900828626598
4660,D-SINOS,2000,417,0.001334669756083302,0.0010504503152069336,0.00028421944087636845,1.6647494493676544e-05,0.004080134126922367,0.015116178553114867
4661,D-SINOS,2000,418,0.001286570875417535,0.0010336879358627416,0.00025288293955479346,1.6156365661304478e-05,0.004019498185259508,0.013633356999684487
4662,D-SINOS,2000,419,0.0012752887769605556,0.0010122798285225887,0.00026300894843796696,1.857242861237708e-05,0.004309574063915955,0.012952087262276812
4663,D-SINOS,2000,420,0.0012339896037737292,0.0009784751144599419,0.0002555144893137873,1.609244943404069e-05,0.004011539534149039,0.013071351026489486
4664,D-SINOS,2000,421,0.0012224046727470433,0.0009803585832269558,0.0002420460895200873,1.4609755859843501e-05,0.0038222710343254703,0.011842184514576137
4665,D-SINOS,2000,422,0.0011864138306072094,0.0009678520730190423,0.00021856175758816715,1.4719468431755376e-05,0.0038365959432490903,0.011794062245976122
4666,D-SINOS,2000,423,0.0011627503700733209,0.0009337169843080561,0.00022903338576526485,1.5199957169750896e-05,0.0038987122450561667,0.012170264746177772
4667,D-SINOS,2000,424,0.001143153389480308,0.0009317468695107833,0.00021140651996952477,1.4462038331278222e-05,0.003802898674863455,0.011535182308231473
4668,D-SINOS,2000,425,0.0011294753684472946,0.0009340066864495474,0.0001954686819977472,1.347991588056354e-05,0.003671500494425071,0.010364314542328668
4669,D-SINOS,2000,426,0.001118190879878851,0.0009355056356576588,0.00018268524422119224,1.2504920561032982e-05,0.003536229709879292,0.009963503075014701
4670,D-SINOS,2000,427,0.001093939086021111,0.0009200481174254913,0.00017389096859561962,1.2468529049662231e-05,0.0035310804365890945,0.009431574060458248
4671,D-SINOS,2000,428,0.001072692686395506,0.0008975458982797771,0.00017514678811572892,1.917708306230868e-05,0.004379164653482291,0.010600325606087813
4672,D-SINOS,2000,429,0.0010691037997405898,0.000878436333907294,0.00019066746583329582,1.4820945043041829e-05,0.0038497980522414197,0.010877230226610912
4673,D-SINOS,2000,430,0.0010577996326451853,0.0008806162143157126,0.0001771834183294726,1.5912987464281075e-05,0.0039891086052251164,0.010766506263759745
4674,D-SINOS,2000,431,0.001043843733313439,0.000868904207959658,0.00017493952535378103,1.0763514005836937e-05,0.0032807794814398816,0.010518075379998937
4675,D-SINOS,2000,432,0.0010268295469112708,0.0008551819847145065,0.00017164756219676427,1.1030934581340383e-05,0.0033212850798057646,0.0109265877731618
4676,D-SINOS,2000,433,0.0010147706433578077,0.0008415828258220108,0.0001731878175357968,1.2777525848204403e-05,0.0035745665259167302,0.011890500947137395
4677,D-SINOS,2000,434,0.0010065656043479153,0.0008314968651133995,0.00017506873923451582,1.2933591821310157e-05,0.0035963303270570347,0.011860679875495661
4678,D-SINOS,2000,435,0.0009987694817192305,0.0008238282901604077,0.0001749411915588229,1.2677395782968618e-05,0.003560533075674009,0.011918877535009642
4679,D-SINOS,2000,436,0.0009923337351859375,0.0008218548671786553,0.00017047886800728227,1.1676906547070359e-05,0.0034171488915571645,0.011594812610941085
4680,D-SINOS,2000,437,0.0009865716011341916,0.0008206242531165266,0.00016594734801766493,1.2017162653374573e-05,0.0034665779456655196,0.01087673590440874
4681,D-SINOS,2000,438,0.0009858301686621125,0.0008179701794814647,0.00016785998918064787,1.2184370504954249e-05,0.0034906117665753447,0.011561589017649698
4682,D-SINOS,2000,439,0.0009842453479012583,0.0008182054898670026,0.00016603985803425575,1.2088255085713996e-05,0.0034768168035883046,0.011238767382189874
4683,D-SINOS,2000,440,0.0009820334250936133,0.0008157940714251923,0.00016623935366842107,1.2179722612349386e-05,0.003489945932582536,0.011295327996952431
4684,D-SINOS,2000,441,0.0009792034066456127,0.0008080375159943497,0.00017116589065126306,1.141046278961592e-05,0.003377937653305034,0.011624085310272148
4685,D-SINOS,2000,442,0.0009765531148509764,0.0008156324386877934,0.00016092067616318295,1.249499090858692e-05,0.0035348254424493043,0.010870888602933837
4686,D-SINOS,2000,443,0.0009725260028952649,0.0008111121574880269,0.000161413845407238,1.1536722122075814e-05,0.003396575057624344,0.01092968774273162
4687,D-SINOS,2000,444,0.0009607311206205354,0.0008047741642443333,0.00015595695637620217,8.801613528190123e-06,0.002966751342494029,0.010767618598675921
4688,D-SINOS,2000,445,0.0009500288462230417,0.0007978565304560237,0.000152172315767018,8.05634501142432e-06,0.0028383701329150715,0.01051169040236899
4689,D-SINOS,2000,446,0.0009261696815519507,0.0007915671951764711,0.00013460248637547963,8.411267935009594e-06,0.0029002186012453603,0.01001075820309305
4690,D-SINOS,2000,447,0.0009171880109057886,0.000772242444208521,0.00014494556669726762,9.126550887157694e-06,0.003021018187161026,0.010145178933474108
4691,D-SINOS,2000,448,0.0009193193718404028,0.0007745331524372747,0.0001447862194031281,8.000305883149621e-06,0.0028284811972416612,0.009807574653897033
4692,D-SINOS,2000,449,0.0009077239621350048,0.0007676661887918322,0.00014005777334317267,8.1884171137726e-06,0.0028615410382821,0.009541066495554529
4693,D-SINOS,2000,450,0.0008957526616546664,0.00075936588183292,0.00013638677982174638,7.946739306799863e-06,0.002818996152320869,0.0110601024028254
4694,D-SINOS,2000,451,0.0008895255209978159,0.000753155185971023,0.00013637033502679287,8.39619033519194e-06,0.002897618045083227,0.011302211296633558
4695,D-SINOS,2000,452,0.000886430604040793,0.0007429832942960872,0.00014344730974470585,8.432896707184729e-06,0.00290394502482136,0.011768270233943112
4696,D-SINOS,2000,453,0.0008841975572343181,0.0007407425940979032,0.00014345496313641491,8.27627831600324e-06,0.0028768521540050054,0.01198918725335374
4697,D-SINOS,2000,454,0.0008772773041973883,0.0007315667032419835,0.00014571060095540478,8.159311567388454e-06,0.002856450869066096,0.012344687292834888
4698,D-SINOS,2000,455,0.0008700942798811694,0.0007187809533428445,0.00015131332653832492,8.49174431585248e-06,0.0029140597653192495,0.01305052534089668
4699,D-SINOS,2000,456,0.0008581602559612477,0.0006958920041236648,0.00016226825183758293,8.65061992511567e-06,0.0029411936225137696,0.01255611402262724
4700,D-SINOS,2000,457,0.000840735159488257,0.0006709830106212713,0.00016975214886698575,9.509876168732449e-06,0.00308380871143663,0.013155196164581051
4701,D-SINOS,2000,458,0.0008198256301171329,0.0006466893951829841,0.0001731362349341488,1.1167460509490003e-05,0.0033417750536937703,0.013273321606271149
4702,D-SINOS,2000,459,0.0007969330070272053,0.0006266384414798329,0.00017029456554737242,1.1579308869188432e-05,0.003402838354842679,0.011724185034702073
4703,D-SINOS,2000,460,0.0007737256406434875,0.0006121405757663648,0.00016158506487712278,1.9928038822378322e-05,0.004464083200655911,0.012687232109643731
4704,D-SINOS,2000,461,0.0007499781145998128,0.0006006837889766587,0.00014929432562315405,2.1347551624413198e-05,0.004620341072303342,0.011905457953286347
4705,D-SINOS,2000,462,0.0007280728628240807,0.0005956267568770427,0.00013244610594703797,2.8742229716970483e-05,0.005361178015788179,0.012967949583387706
4706,D-SINOS,2000,463,0.0007196319254905237,0.0005935569727977322,0.00012607495269279157,2.713992307932462e-05,0.005209599128467047,0.012187235097600502
4707,D-SINOS,2000,464,0.0007152646932397955,0.0005898078057343367,0.0001254568875054588,2.837417189223161e-05,0.005326741207551913,0.012717631062209633
4708,D-SINOS,2000,465,0.0007107426573667265,0.0005853294011726274,0.000125413256194099,2.9517625626736342e-05,0.005433012573769395,0.013232050637053405
4709,D-SINOS,2000,466,0.0007049545689722509,0.0005791716175500161,0.00012578295142223484,2.9045120066809692e-05,0.005389352471940362,0.013523773892523294
4710,D-SINOS,2000,467,0.0007004502802593815,0.0005744652058267414,0.00012598507443264007,3.1106205740385425e-05,0.005577293764935233,0.01422926572517716
4711,D-SINOS,2000,468,0.0006947723058418827,0.0005635900912758442,0.0001311822145660385,3.193361664396207e-05,0.0056509836881698805,0.014469564745001745
4712,D-SINOS,2000,469,0.0006863229858644089,0.0005508884860182854,0.0001354344998461235,3.77707015851714e-05,0.0061457873039319705,0.0154037261695993
4713,D-SINOS,2000,470,0.0006699298858658381,0.0005276167631546204,0.0001423131227112177,4.5762223420549666e-05,0.006764778150135425,0.016499587945994834
4714,D-SINOS,2000,471,0.000651957510332775,0.0005036488656400533,0.0001483086446927216,5.2357028353109926e-05,0.007235815666053823,0.016330773578963176
4715,D-SINOS,2000,472,0.0006388854691046769,0.0005089137891779125,0.0001299716799267644,5.470163720160406e-05,0.007396055516395483,0.016679762969877956
4716,D-SINOS,2000,473,0.0006312027972114456,0.000516755865126382,0.00011444693208506353,4.229050901401321e-05,0.006503115331440248,0.015071151937349342
4717,D-SINOS,2000,474,0.0006280446121462644,0.0005148402543587803,0.00011320435778748415,4.281886664479971e-05,0.006543612660052527,0.014577148909634935
4718,D-SINOS,2000,475,0.0006266341305225549,0.0005184900783955223,0.00010814405212703259,4.5238803525590096e-05,0.006725979744661003,0.015116482615584306
4719,D-SINOS,2000,476,0.0006226632327608933,0.0005111274707911382,0.0001115357619697551,5.1274875422586e-05,0.007160647695745546,0.015564934991161974
4720,D-SINOS,2000,477,0.0006186358629918503,0.0005065191645931311,0.00011211669839871922,5.0400746477274056e-05,0.00709934831356189,0.015221078503236868
4721,D-SINOS,2000,478,0.0006136882817158259,0.0005031948924074398,0.00011049338930838613,5.36564927327713e-05,0.007325059230666418,0.01502159918598081
4722,D-SINOS,2000,479,0.0006092399232117253,0.0005008870423958,0.00010835288081592539,5.4996518331102344e-05,0.007415963749311505,0.015030746463765551
4723,D-SINOS,2000,480,0.0006055687213543942,0.0004989668605186654,0.00010660186083572874,5.82259934755765e-05,0.007630595879456368,0.015111457373310183
4724,D-SINOS,2000,481,0.0006028853255143612,0.0004977464438878205,0.00010513888162654072,6.0303677263279186e-05,0.007765544234841444,0.015251199743572336
4725,D-SINOS,2000,482,0.0006010275481916297,0.0004962210441570264,0.00010480650403460332,5.433293795743506e-05,0.0073710879765089676,0.015059085488829144
4726,D-SINOS,2000,483,0.0005984310619459505,0.0004931266141600497,0.00010530444778590083,5.345876017664285e-05,0.007311549779399908,0.015210542155467771
4727,D-SINOS,2000,484,0.0005961390236812479,0.0004934696734786438,0.00010266935020260416,5.238599144351592e-05,0.007237816759459714,0.015160673667662578
4728,D-SINOS,2000,485,0.0005938666184975722,0.0004954995756275393,9.836704287003298e-05,5.226733733177142e-05,0.007229615296249962,0.015369157754801549
4729,D-SINOS,2000,486,0.0005920259720023176,0.0004970313322208664,9.499463978145129e-05,5.4217537924501776e-05,0.007363255932296648,0.015272668176896972
4730,D-SINOS,2000,487,0.000589727741896319,0.0004969766291193452,9.275111277697379e-05,5.717573380276349e-05,0.007561463734143244,0.015534967085971005
4731,D-SINOS,2000,488,0.0005852283127109071,0.0004917979527298732,9.343035998103399e-05,6.209581012761393e-05,0.00788008947459443,0.015704746182606172
4732,D-SINOS,2000,489,0.0005822163546970439,0.00048644981404198016,9.576654065506372e-05,7.225552477760324e-05,0.00850032498070534,0.016207160720882643
4733,D-SINOS,2000,490,0.0005793433258055465,0.00048160886413270546,9.7734461672841e-05,6.756086838422255e-05,0.008219541859752436,0.015686399485463978
4734,D-SINOS,2000,491,0.0005788401899183223,0.0004802645018842762,9.857568803404608e-05,5.966705985482087e-05,0.007724445601777571,0.014775554182133568
4735,D-SINOS,2000,492,0.0005767809835023189,0.0004783906818361916,9.839030166612731e-05,6.176020857526115e-05,0.007858766351995786,0.015202254698580456
4736,D-SINOS,2000,493,0.0005762445632928806,0.00047892821427793843,9.731634901494215e-05,6.38217981281046e-05,0.007988854619287085,0.015322063517296883
4737,D-SINOS,2000,494,0.0005753942068883834,0.00047857993465859946,9.681427222978396e-05,6.295946838270886e-05,0.007934700270502274,0.015235963913206876
4738,D-SINOS,2000,495,0.000572700626588023,0.00048071344106660914,9.198718552141381e-05,6.216296246338233e-05,0.007884349209882978,0.015303254271070002
4739,D-SINOS,2000,496,0.000571321315831358,0.0004781065789906796,9.321473684067836e-05,5.8997344506703056e-05,0.007680972888033329,0.015243272472769201
4740,D-SINOS,2000,497,0.0005694979382265538,0.0004764259001283517,9.307203809820212e-05,6.02618803791952e-05,0.007762852592906502,0.01572074581579304
4741,D-SINOS,2000,498,0.0005670798252471427,0.0004748502965076075,9.222952873953524e-05,6.503975055541464e-05,0.008064722596308855,0.01632511859937598
4742,D-SINOS,2000,499,0.0005655520004527643,0.0004752535636019795,9.029843685078484e-05,6.687922218625588e-05,0.008177971764823835,0.016721011354943596
4743,D-SINOS,2000,500,0.0005644086641932537,0.00047305179087306105,9.135687332019272e-05,7.075052408661488e-05,0.008411333074288218,0.017253061205886946
4744,D-SINOS,2000,501,0.0005628163364213323,0.0004721937361047519,9.06226003165803e-05,6.894653427623724e-05,0.00830340498086401,0.016685891307730863
4745,D-SINOS,2000,502,0.0005609731069936121,0.00047187142886266636,8.910167813094575e-05,6.991897521127968e-05,0.00836175670605643,0.016590607606153565
4746,D-SINOS,2000,503,0.0005588384045115028,0.0004712897871224582,8.754861738904463e-05,7.344048319130851e-05,0.008569742306003636,0.01660443684838682
4747,D-SINOS,2000,504,0.000556964650906923,0.0004697618380247329,8.720281288219017e-05,7.398521938408939e-05,0.008601466118289916,0.016914984140958447
4748,D-SINOS,2000,505,0.0005552086251924334,0.0004684092561408249,8.679936905160843e-05,7.646096430014337e-05,0.008744196035093414,0.017221069382556922
4749,D-SINOS,2000,506,0.0005533444676118016,0.0004658422137469424,8.750225386485922e-05,7.438790568936063e-05,0.008624842357362866,0.0172209099547469
4750,D-SINOS,2000,507,0.0005521983067801608,0.0004607152168486888,9.148308993147202e-05,6.984988235389725e-05,0.00835762420511339,0.016904779555381166
4751,D-SINOS,2000,508,0.0005505251427267994,0.0004586937695548245,9.183137317197483e-05,7.156411959149543e-05,0.008459557883926053,0.017057463796247174
4752,D-SINOS,2000,509,0.0005495296340098754,0.0004594031917502058,9.012644225966957e-05,6.96199881730718e-05,0.008343859309280796,0.016794997690867564
4753,D-SINOS,2000,510,0.0005481664046746784,0.0004588199701957043,8.934643447897416e-05,6.551471677178401e-05,0.008094116182251402,0.016222845832100208
4754,D-SINOS,2000,511,0.0005465974701789335,0.0004583276738129611,8.826979636597233e-05,6.071720724483687e-05,0.00779212469387117,0.015739264509947462
4755,D-SINOS,2000,512,0.0005444601392842027,0.00045738181616661214,8.707832311759058e-05,5.827429683215961e-05,0.007633760333686119,0.015646898057566486
4756,D-SINOS,2000,513,0.000541071198415339,0.00045622553922339547,8.484565919194358e-05,5.002190428179031e-05,0.007072616508887663,0.01503197907921519
4757,D-SINOS,2000,514,0.0005372090747679467,0.0004525040952864543,8.470497948149234e-05,5.226676145535539e-05,0.007229575468542768,0.015039781940999003
4758,D-SINOS,2000,515,0.0005339689500396516,0.00044980387129499864,8.416507874465295e-05,5.30287793970621e-05,0.0072820861981345774,0.01509181576901987
4759,D-SINOS,2000,516,0.0005297580878609084,0.0004439076953602838,8.585039250062464e-05,5.262585363370101e-05,0.007254367900355,0.014806929235070002
4760,D-SINOS,2000,517,0.0005271789068145323,0.0004414474574390332,8.573144937549916e-05,5.51578975572339e-05,0.007426836308767947,0.015658076322842426
4761,D-SINOS,2000,518,0.0005241293063183958,0.00043919650523169344,8.493280108670234e-05,4.952104835326745e-05,0.007037119322085384,0.015076455083822271
4762,D-SINOS,2000,519,0.0005213801158779163,0.00043612707684378917,8.52530390341272e-05,4.109291445510145e-05,0.006410375531519308,0.014260753749424107
4763,D-SINOS,2000,520,0.00052012082384612,0.0004353405952170437,8.47802286290763e-05,3.988133012121927e-05,0.006315166674064848,0.014203830243237639
4764,D-SINOS,2000,521,0.000516354822132103,0.0004315143444459866,8.484047768611642e-05,3.599761999240103e-05,0.00599980166275528,0.01381137724725652
4765,D-SINOS,2000,522,0.0005081102303941307,0.00042451983796248276,8.359039243164795e-05,3.13995226130778e-05,0.005603527693612106,0.01330193879449229
4766,D-SINOS,2000,523,0.0005224894748051969,0.00044083664323663226,8.16528315685646e-05,2.281294259344483e-05,0.004776289626210374,0.011867574036106623
4767,D-SINOS,2000,524,0.0005018447923817925,0.0004227474110697367,7.909738131205584e-05,2.772988431511681e-05,0.005265917233978978,0.012709883933928995
4768,D-SINOS,2000,525,0.0004936246797417912,0.00042009617514119317,7.352850460059802e-05,2.2460518853113592e-05,0.004739252984713265,0.01173353430006037
4769,D-SINOS,2000,526,0.0004883714425177233,0.0004108758206423674,7.749562187535597e-05,1.9991773864008687e-05,0.004471216150445948,0.01078580295242304
4770,D-SINOS,2000,527,0.0004836830302039011,0.00040934510040227436,7.433792980162677e-05,2.2394744081507824e-05,0.00473230853617004,0.011160349598597227
4771,D-SINOS,2000,528,0.00047803830212524644,0.00040467947762699483,7.335882449825161e-05,2.552337812724347e-05,0.005052066718407772,0.011646249912644166
4772,D-SINOS,2000,529,0.00047086312174459837,0.0003982519653378701,7.261115640672827e-05,2.9446543708483586e-05,0.00542646696373281,0.01241769251615063
4773,D-SINOS,2000,530,0.0004616919198899511,0.00039175797955718955,6.993394033276158e-05,3.255645369308871e-05,0.00570582629363081,0.012740021532678239
4774,D-SINOS,2000,531,0.0004552289115087588,0.0003850057367664071,7.022317474235166e-05,2.8877164760575414e-05,0.0053737477388295235,0.012579335191812285
4775,D-SINOS,2000,532,0.0004431024527922599,0.00037693968994000505,6.616276285225488e-05,2.6759669187566934e-05,0.005172974887583249,0.012118656122722088
4776,D-SINOS,2000,533,0.00043527656558215816,0.0003708224282905936,6.445413729156455e-05,2.53134604213556e-05,0.00503124839591086,0.011881287258179912
4777,D-SINOS,2000,534,0.00043432554862684746,0.0003716953240790041,6.263022454784333e-05,1.937469973446085e-05,0.004401670107409329,0.011049183489296954
4778,D-SINOS,2000,535,0.00043073329917661695,0.0003691169111186079,6.161638805800903e-05,2.1936457995662613e-05,0.004683637261324003,0.01124226045690889
4779,D-SINOS,2000,536,0.00042434100250045726,0.0003638010062875943,6.053999621286299e-05,2.3750768949338615e-05,0.004873476064303447,0.011703595364618125
4780,D-SINOS,2000,537,0.00041961118102815846,0.00036257507021743003,5.703611081072843e-05,2.539200632362775e-05,0.005039048156510091,0.011369012091052733
4781,D-SINOS,2000,538,0.0004125251615153824,0.0003613423914981038,5.118277001727863e-05,2.8947116016424914e-05,0.005380252411962185,0.011830931224527108
4782,D-SINOS,2000,539,0.00040741227543255167,0.0003567735651781592,5.0638710254392435e-05,3.558308781110876e-05,0.00596515614306187,0.01215264286553669
4783,D-SINOS,2000,540,0.0004033714679907899,0.0003525285042044605,5.084296378632945e-05,3.941763032399571e-05,0.006278346145602017,0.012914534013949153
4784,D-SINOS,2000,541,0.0003999841181439642,0.00034702041745315654,5.2963700690807663e-05,3.992520582249336e-05,0.0063186395547216775,0.012630059552779405
4785,D-SINOS,2000,542,0.0003980218949491367,0.00034433273256454617,5.368916238459051e-05,3.906342842633942e-05,0.006250074273665827,0.012734595380676228
4786,D-SINOS,2000,543,0.00039646526779200676,0.00034226045176423517,5.420481602777158e-05,4.000972557695178e-05,0.0063253241479746935,0.012975321736855894
4787,D-SINOS,2000,544,0.00039563919720578484,0.0003424301456851113,5.320905152067356e-05,4.186241127495738e-05,0.006470116789900889,0.013458762308130257
4788,D-SINOS,2000,545,0.00039467701033629905,0.00034259538251085845,5.2081627825440634e-05,4.5093509579100674e-05,0.006715170107979445,0.01397881352952468
4789,D-SINOS,2000,546,0.0003935896082200991,0.000343221962068313,5.03676461517861e-05,4.989139557507639e-05,0.007063384144662981,0.014739068871373107
4790,D-SINOS,2000,547,0.0003923856751652633,0.0003426035773261618,4.978209783910151e-05,5.2925429962833606e-05,0.007274986595371404,0.015196142996423245
4791,D-SINOS,2000,548,0.00039169571949755546,0.00034224396959451497,4.945174990304051e-05,5.361342457327403e-05,0.00732211885817719,0.015371005547363148
4792,D-SINOS,2000,549,0.0003913473498826782,0.0003408686659795427,5.047868390313546e-05,5.255530016267987e-05,0.00724950344249038,0.01519090354646535
4793,D-SINOS,2000,550,0.00039108999134419647,0.00034029497812860794,5.0795013215588526e-05,5.1046477172095015e-05,0.00714468174043428,0.014897521855807394
4794,D-SINOS,2000,551,0.0003906092528704059,0.00033992635213212375,5.0682900738282166e-05,4.908654471407986e-05,0.0070061790381119905,0.014676247576835388
4795,D-SINOS,2000,552,0.00039007805875297257,0.0003397268539323576,5.0351204820614977e-05,4.757045953000681e-05,0.0068971341534007306,0.014494328491177821
4796,D-SINOS,2000,553,0.00038932340269001064,0.00034029633968232884,4.9027063007681785e-05,4.696315744156499e-05,0.006852967053880019,0.01453408156250069
4797,D-SINOS,2000,554,0.0003881872947165631,0.00034097732400879843,4.720997070776468e-05,4.580339931633765e-05,0.006767820869108287,0.014332364344267212
4798,D-SINOS,2000,555,0.0003866063307272485,0.00034045693269634675,4.6149398030901724e-05,4.6144468162403413e-05,0.006792971968321628,0.014467420284459687
4799,D-SINOS,2000,556,0.00038430708485871475,0.0003391148697643548,4.519221509435995e-05,4.7647198128673725e-05,0.006902694990268202,0.014655951062470751
4800,D-SINOS,2000,557,0.0003826567765868497,0.0003368226430290798,4.5834133557769914e-05,4.6326157618320736e-05,0.006806332170730484,0.014377983890463297
4801,D-SINOS,2000,558,0.0003808252952020036,0.00033485887859698553,4.596641660501805e-05,4.333946688734114e-05,0.006583271746429821,0.013558348618786242
4802,D-SINOS,2000,559,0.0003787745583698292,0.00033098049939089575,4.779405897893343e-05,3.661872074325783e-05,0.0060513404088067815,0.01262032151632897
4803,D-SINOS,2000,560,0.0003766570465035635,0.0003295122579623517,4.714478854121183e-05,3.472807869145362e-05,0.005893053426828372,0.012264811917689467
4804,D-SINOS,2000,561,0.00037102753580308594,0.00032616928370535843,4.4858252097727496e-05,2.8435984350531656e-05,0.005332540140545747,0.011193656983972455
4805,D-SINOS,2000,562,0.000369315131174878,0.0003243680660234659,4.494706515141206e-05,2.6432172044503627e-05,0.0051412228160724206,0.011048689425454394
4806,D-SINOS,2000,563,0.00036562185554199413,0.00032257739157442143,4.304446396757271e-05,2.6544773772165077e-05,0.005152162048321566,0.0110630348072146
4807,D-SINOS,2000,564,0.0003603621136289908,0.00031947856888683255,4.088354474215824e-05,2.8803710316347433e-05,0.005366908823181873,0.011685158681018715
4808,D-SINOS,2000,565,0.00035517919333917524,0.00031635191070508717,3.88272826340881e-05,2.879908285348777e-05,0.005366477695238076,0.011783665386556619
4809,D-SINOS,2000,566,0.0003481183625589286,0.0003102266313489908,3.7891731209937793e-05,2.9410427957313485e-05,0.005423138201937462,0.012087969833669776
4810,D-SINOS,2000,567,0.00033963283222713484,0.0003026035044947486,3.7029327732386254e-05,2.337167087063835e-05,0.004834425598831607,0.010527819017100537
4811,D-SINOS,2000,568,0.00033120394929069344,0.00029013381552872976,4.107013376196366e-05,1.926627320544324e-05,0.004389336305803332,0.009674328943775734
4812,D-SINOS,2000,569,0.00032161418114627323,0.00027581783172097153,4.57963494253017e-05,1.5548291714659845e-05,0.003943132221300706,0.009072643868413624
4813,D-SINOS,2000,570,0.00030774999049825466,0.0002568183425090405,5.093164798921415e-05,1.4199374453257144e-05,0.00376820573393454,0.009412722799527096
4814,D-SINOS,2000,571,0.0002949318739186598,0.00023948515137112587,5.544672254753391e-05,9.24998722032606e-06,0.0030413791641829306,0.009259907037993842
4815,D-SINOS,2000,572,0.0002864871013782916,0.0002368848308826895,4.960227049560207e-05,1.047554618483773e-05,0.0032365948440973777,0.009564734543414222
4816,D-SINOS,2000,573,0.00027637146115603293,0.0002311721564958444,4.519930466018854e-05,1.3869359477994757e-05,0.0037241588953741966,0.008808179380816683
4817,D-SINOS,2000,574,0.0002713899223612744,0.0002281050595991418,4.328486276213261e-05,9.411088462543599e-06,0.003067749739229652,0.009296123716191484
4818,D-SINOS,2000,575,0.00026108043702543354,0.00022104019148916536,4.00402455362682e-05,1.1151825813281741e-05,0.003339434954192362,0.008398289884850807
4819,D-SINOS,2000,576,0.0002572253876545758,0.00021775526399022213,3.947012366435363e-05,1.1691427843149869e-05,0.00341927299921341,0.007692888027891698
4820,D-SINOS,2000,577,0.0002512648380053783,0.00021186246234166444,3.940237566371388e-05,9.161588806827642e-06,0.003026811656979608,0.007700131357393447
4821,D-SINOS,2000,578,0.0002450574247633299,0.00020442740637854534,4.063001838478453e-05,6.82665833638751e-06,0.002612787464832819,0.00850692334125247
4822,D-SINOS,2000,579,0.00024048368864243265,0.00019834246266999306,4.2141225972439594e-05,5.2613479120168814e-06,0.002293762828196691,0.008899212690229863
4823,D-SINOS,2000,580,0.00023680040097116492,0.00019545328736202767,4.1347113609137244e-05,4.796678459705078e-06,0.0021901320644438496,0.009625917489320734
4824,D-SINOS,2000,581,0.000234667141073251,0.00019305790370668417,4.160923736656682e-05,4.376487590281532e-06,0.0020920056382050054,0.010234765671696122
4825,D-SINOS,2000,582,0.00023172080780793034,0.00019209930934945303,3.96214984584773e-05,5.389655910603728e-06,0.0023215632471685383,0.009580702745386471
4826,D-SINOS,2000,583,0.00023003500766850344,0.0001918858757809441,3.8149131887559335e-05,4.453579377702833e-06,0.0021103505343195556,0.009341748722121013
4827,D-SINOS,2000,584,0.00022779448987569878,0.00018989375533681643,3.790073453888237e-05,4.05658475481851e-06,0.0020140965108004405,0.009443910033098302
4828,D-SINOS,2000,585,0.00022584343892866136,0.00018776436162533817,3.807907730332318e-05,3.823937108278352e-06,0.0019554889691016804,0.009266531785729004
4829,D-SINOS,2000,586,0.0002245226538505784,0.0001860483649349234,3.8474288915655016e-05,3.457729136523829e-06,0.0018594970117006989,0.009606789930495019
4830,D-SINOS,2000,587,0.00022328607442758847,0.0001847904566375881,3.8495617790000373e-05,3.3740226624925006e-06,0.0018368512902498396,0.009577276876543417
4831,D-SINOS,2000,588,0.00022252152235943722,0.0001841772449494398,3.834427740999742e-05,3.922077712566455e-06,0.001980423619472979,0.009619030935109407
4832,D-SINOS,2000,589,0.00022191712439255417,0.00018355992329339128,3.83572010991629e-05,3.919567488352191e-06,0.001979789758623928,0.009807388439505793
4833,D-SINOS,2000,590,0.00022136377750338186,0.0001833105448187126,3.805323268466924e-05,4.528807682348782e-06,0.002128099547095667,0.009900091735254302
4834,D-SINOS,2000,591,0.00022088332766653272,0.0001833385467913181,3.754478087521462e-05,5.0475690802994255e-06,0.002246679567784295,0.00991590279250909
4835,D-SINOS,2000,592,0.0002205803154997651,0.00018335799783377336,3.722231766599175e-05,4.992001674572215e-06,0.0022342787817486464,0.010031397479673299
4836,D-SINOS,2000,593,0.00022026088474932064,0.00018321235791416226,3.704852683515836e-05,4.918421899100151e-06,0.002217751541336439,0.00998107905415746
4837,D-SINOS,2000,594,0.00021971210424618796,0.00018280984748775042,3.690225675843754e-05,4.6541296607783145e-06,0.0021573431949456524,0.010013236145567816
4838,D-SINOS,2000,595,0.0002193229922765494,0.0001822120319202742,3.7110960356275225e-05,4.34188534602441e-06,0.0020837191139941127,0.009992956029020394
4839,D-SINOS,2000,596,0.0002189504403980798,0.0001816749810937517,3.72754593043281e-05,4.338033918193226e-06,0.002082794737412505,0.010158599237908295
4840,D-SINOS,2000,597,0.00021855188954803066,0.00018123965731758383,3.731223223044682e-05,4.473990771247111e-06,0.00211518102564464,0.010132231088017196
4841,D-SINOS,2000,598,0.00021817323935358863,0.00018085614822569449,3.731709112789414e-05,4.610889415358252e-06,0.002147298166384504,0.010082747881064558
4842,D-SINOS,2000,599,0.0002176631251190089,0.00018065049111392587,3.701263400508303e-05,4.6975760623163095e-06,0.0021673892272308427,0.00994839876082354
4843,D-SINOS,2000,600,0.00021690191300622772,0.00017995038453739003,3.695152846883771e-05,4.440846573572461e-06,0.0021073316240147067,0.009734045484989018
4844,D-SINOS,2000,601,0.00021607921880265757,0.00017909233065160256,3.698688815105502e-05,4.243994021039358e-06,0.0020600956339547343,0.009551285386478092
4845,D-SINOS,2000,602,0.00021528267033015853,0.00017817467023952045,3.7108000090638066e-05,4.021110937365459e-06,0.0020052707890370965,0.009423453657658287
4846,D-SINOS,2000,603,0.00021437784010815055,0.00017612638284438667,3.825145726376388e-05,3.837795817073409e-06,0.0019590293048021025,0.009656153806248069
4847,D-SINOS,2000,604,0.00021328368745189411,0.00017373354615092432,3.95501413009698e-05,3.7916809155224605e-06,0.0019472238996896224,0.009739593723813389
4848,D-SINOS,2000,605,0.0002124010903199814,0.0001711169648130952,4.128412550688618e-05,3.7742569185425087e-06,0.0019427446869165563,0.010217610491775275
4849,D-SINOS,2000,606,0.00021128866906802935,0.00016947734098591406,4.1811328082115284e-05,4.201278746656016e-06,0.0020497021116874558,0.009999876456189716
4850,D-SINOS,2000,607,0.00021027502960478418,0.00016873225782925444,4.154277177552973e-05,4.318568023800484e-06,0.002078116460596105,0.00995537711671246
4851,D-SINOS,2000,608,0.00020961623532722226,0.00016887982580992907,4.07364095172932e-05,4.430939588003434e-06,0.0021049797120170624,0.00966582739811761
4852,D-SINOS,2000,609,0.0002091375674799425,0.00016837308437025116,4.076448310969136e-05,4.574741719272886e-06,0.002138864586474068,0.009727459610303413
4853,D-SINOS,2000,610,0.00020833840296503577,0.00016750020327691104,4.083819968812471e-05,5.092898844933639e-06,0.0022567451883040847,0.009797287322844461
4854,D-SINOS,2000,611,0.00020735037752462744,0.0001660378309564077,4.131254656821975e-05,5.694916241634192e-06,0.002386402363733784,0.010105453798655795
4855,D-SINOS,2000,612,0.00020631138856837985,0.0001648145045987282,4.149688396965166e-05,5.787329955894044e-06,0.002405687002894193,0.009915687797666273
4856,D-SINOS,2000,613,0.0002055073985073097,0.0001647079064961044,4.079949201120529e-05,5.660033828086012e-06,0.0023790825601660006,0.00971744543102826
4857,D-SINOS,2000,614,0.00020628214420565915,0.00016490851911350073,4.137362509215842e-05,4.863225471893167e-06,0.0022052721990478107,0.010101800456073118
4858,D-SINOS,2000,615,0.00020480741623602042,0.00016421170153463826,4.059571470138217e-05,5.245095158605142e-06,0.002290217273230892,0.009864401549493973
4859,D-SINOS,2000,616,0.0002041915223353611,0.00016366491344916022,4.052660888620089e-05,4.535304151309095e-06,0.002129625354683094,0.010036882015811432
4860,D-SINOS,2000,617,0.0002037134587697691,0.0001635830033700987,4.013045539967036e-05,4.169231267304554e-06,0.002041869551980379,0.009864408603091013
4861,D-SINOS,2000,618,0.00020303049000263288,0.00016354055264610135,3.948993735653154e-05,3.948103044716128e-06,0.0019869834032311714,0.00948774256612439
4862,D-SINOS,2000,619,0.00020247209127634803,0.0001631541322544042,3.931795902194384e-05,3.8143622912243722e-06,0.0019530392446708213,0.009243502262816339
4863,D-SINOS,2000,620,0.0002017086197928201,0.0001617913892574344,3.991723053538572e-05,3.7272761763664725e-06,0.0019306154915897863,0.009087661526706592
4864,D-SINOS,2000,621,0.0002011312295507204,0.00016020579297622273,4.0925436574497675e-05,3.778141174960059e-06,0.0019437441125210024,0.009428156353700867
4865,D-SINOS,2000,622,0.00020050909950021693,0.0001592086687042347,4.130043079598223e-05,4.3751426972031134e-06,0.0020916841772129734,0.009326650867030217
4866,D-SINOS,2000,623,0.00020000840631348365,0.00015934124079401563,4.0667165519468014e-05,4.320408417778068e-06,0.00207855921680814,0.009373644150532101
4867,D-SINOS,2000,624,0.00019940547516508213,0.0001588063505182016,4.0599124646880554e-05,4.451499886783428e-06,0.0021098577882841837,0.009361578611005061
4868,D-SINOS,2000,625,0.00019876030258775005,0.0001591226399897671,3.963766259798294e-05,4.907042174650239e-06,0.0022151844561232904,0.00917850958449229
4869,D-SINOS,2000,626,0.00019822988602863573,0.00015958980731969072,3.864007870894501e-05,4.928566601379921e-06,0.0022200375225162124,0.008823087252145978
4870,D-SINOS,2000,627,0.00019767400439916108,0.000159313073163937,3.8360931235224084e-05,4.770209676329513e-06,0.0021840809683547706,0.008711167361444172
4871,D-SINOS,2000,628,0.00019713111128681564,0.00015917499523532624,3.795611605148939e-05,4.836131734494634e-06,0.0021991206730178846,0.008569492948298674
4872,D-SINOS,2000,629,0.00019649875783792376,0.0001583248026965003,3.817395514142346e-05,4.548079109852781e-06,0.002132622589642335,0.008198661578405986
4873,D-SINOS,2000,630,0.00019609532678227414,0.0001576063506698576,3.848897611241656e-05,4.585876608661737e-06,0.0021414659952148987,0.008418259991556543
4874,D-SINOS,2000,631,0.00019568720889196012,0.0001571340282021238,3.855318068983632e-05,4.9235640290551525e-06,0.0022189105500346677,0.008549746009023362
4875,D-SINOS,2000,632,0.0001950605978208809,0.00015667593161061797,3.8384666210262924e-05,5.0127642346847365e-06,0.0022389203279001993,0.008675040328428807
4876,D-SINOS,2000,633,0.0001945977138120224,0.00015639791537940255,3.819979843261985e-05,5.3302959543520785e-06,0.0023087433712632678,0.008490813325374047
4877,D-SINOS,2000,634,0.00019426882018587561,0.00015652577431236536,3.774304587351025e-05,5.285703736446831e-06,0.002299065839954748,0.008356127928224044
4878,D-SINOS,2000,635,0.00019383934290554092,0.00015650182041983322,3.733752248570769e-05,5.091198498933441e-06,0.0022563684315584282,0.0080532582174766
4879,D-SINOS,2000,636,0.00019331372895190602,0.00015658322269736447,3.673050625454155e-05,5.2211491209818325e-06,0.002284983396215787,0.00792828131602219
4880,D-SINOS,2000,637,0.00019277201100889908,0.00015662403747748638,3.61479735314127e-05,5.325684126437221e-06,0.0023077443806533734,0.007809393109113882
4881,D-SINOS,2000,638,0.00019212726919640025,0.00015656307588432535,3.5564193312074905e-05,5.682563630906067e-06,0.0023838128347053733,0.007710132294546979
4882,D-SINOS,2000,639,0.00019129870206806065,0.00015611785776722048,3.518084430084019e-05,6.325277705709447e-06,0.0025150104782504282,0.007552229611291317
4883,D-SINOS,2000,640,0.0001901757113032846,0.00015518627235055083,3.498943895273377e-05,7.203537591265648e-06,0.002683940683261396,0.00745279657542941
4884,D-SINOS,2000,641,0.00018865335717670667,0.00015387921631419967,3.4774140862507005e-05,8.139434890875073e-06,0.0028529694864956184,0.007564276581249363
4885,D-SINOS,2000,642,0.00018656853440743795,0.0001515664444981696,3.500208990926836e-05,8.36513120746044e-06,0.002892253655449404,0.00767834948972812
4886,D-SINOS,2000,643,0.00018444506268996687,0.00014934419803806846,3.510086465189839e-05,8.258705249254977e-06,0.0028737963131118005,0.007610073624600866
4887,D-SINOS,2000,644,0.00018279954030218565,0.00014604698579920566,3.6752554502979994e-05,5.3252515812650486e-06,0.002307650662744482,0.0063731910601856345
4888,D-SINOS,2000,645,0.00017951725404091162,0.00014500702113804162,3.4510232902870004e-05,5.042228035479643e-06,0.002245490600176194,0.006252613403905594
4889,D-SINOS,2000,646,0.00017702052999778558,0.00014464621507036826,3.237431492741733e-05,4.75103902157527e-06,0.0021796878266337294,0.006171822520127379
4890,D-SINOS,2000,647,0.0001742067227488315,0.0001441548068479894,3.00519159008421e-05,3.739001444614813e-06,0.0019336497729978957,0.005872261566815862
4891,D-SINOS,2000,648,0.00017216095878426997,0.00014415620468348237,2.8004754100787597e-05,3.393027655248862e-06,0.0018420172787595838,0.005457093914148947
4892,D-SINOS,2000,649,0.0001696207977271266,0.0001401918550059058,2.94289427212208e-05,3.419846060181499e-06,0.0018492825798621202,0.0052669135354757035
4893,D-SINOS,2000,650,0.00016720749339857644,0.0001400975511811658,2.7109942217410628e-05,2.826348648278214e-06,0.0016811747821919689,0.005392121430126462
4894,D-SINOS,2000,651,0.00016545314996523324,0.00013692744486758386,2.8525705097649367e-05,2.8653090196156194e-06,0.0016927223693257024,0.006484728454676181
4895,D-SINOS,2000,652,0.00016452866802454532,0.0001352911449997653,2.9237523024780032e-05,3.294932445953822e-06,0.001815194878230385,0.00656821407986985
4896,D-SINOS,2000,653,0.0001635558730877221,0.0001356616814758932,2.7894191611828896e-05,3.1601749083289227e-06,0.0017776880795935272,0.00640992129157314
4897,D-SINOS,2000,654,0.00016294445207109054,0.00013527981137506368,2.7664640696026863e-05,3.092585607288136e-06,0.0017585748796363878,0.006538440373220045
4898,D-SINOS,2000,655,0.00016183389728084192,0.00013416622981991008,2.7667667460931846e-05,3.102306652397052e-06,0.0017613366096226617,0.006980712130099431
4899,D-SINOS,2000,656,0.00016084750044600217,0.00013275620938223745,2.8091291063764737e-05,3.1262545771068544e-06,0.001768121765350694,0.0071137993824530454
4900,D-SINOS,2000,657,0.0001596463894623833,0.00013150568324419234,2.814070621819094e-05,3.239611861930744e-06,0.0017998921806404804,0.0071105510405437
4901,D-SINOS,2000,658,0.00015804860251104669,0.0001307705581168892,2.7278044394157464e-05,3.895242205876423e-06,0.001973636796849011,0.006891865026685595
4902,D-SINOS,2000,659,0.00017110155662828502,0.00013876416561084398,3.233739101744103e-05,7.35437441782551e-06,0.0027118949865039964,0.007108655139330233
4903,D-SINOS,2000,660,0.00015761653940481245,0.00013061212348368799,2.700441592112445e-05,4.279212023645078e-06,0.0020686256364178313,0.0068318037991521585
4904,D-SINOS,2000,661,0.00015663674538491846,0.00013056631740346021,2.6070427981458242e-05,4.5665633348814104e-06,0.002136951879402391,0.006694203051360037
4905,D-SINOS,2000,662,0.00015615598656422652,0.00013053378399884008,2.5622202565386434e-05,4.884203169405984e-06,0.0022100233413713043,0.006675024941505625
4906,D-SINOS,2000,663,0.00015587357814895675,0.00013020900470835103,2.5664573440605713e-05,4.954542819899049e-06,0.0022258802348507096,0.006951431091350768
4907,D-SINOS,2000,664,0.00015570346131635261,0.00012971651130508184,2.5986950011270787e-05,4.84508228737931e-06,0.002201154762250785,0.007076019959143864
4908,D-SINOS,2000,665,0.00015553964654228586,0.0001292872436219376,2.6252402920348245e-05,4.671650212477114e-06,0.00216140005840592,0.007189410195398316
4909,D-SINOS,2000,666,0.00015539407493923876,0.00012878356015707469,2.6610514782164078e-05,4.38843781996748e-06,0.0020948598568800445,0.007147659412716001
4910,D-SINOS,2000,667,0.00015525943628674137,0.0001287811931504314,2.647824313630998e-05,4.313071092760371e-06,0.0020767934641558296,0.007046612303080124
4911,D-SINOS,2000,668,0.0001550825841253988,0.00012888690943269559,2.619567469270323e-05,4.315758361501613e-06,0.0020774403388549123,0.006913251781491048
4912,D-SINOS,2000,669,0.00015483164784102176,0.00012913782443435058,2.569382340667118e-05,4.458076171384145e-06,0.0021114156794397793,0.006690749622514924
4913,D-SINOS,2000,670,0.0001544413003073799,0.00012901263236956946,2.5428667937810446e-05,4.582319813634939e-06,0.0021406353761523563,0.006703476799669095
4914,D-SINOS,2000,671,0.0001536141282282224,0.00012820110463459487,2.541302359362753e-05,5.059130064326174e-06,0.0022492510007391738,0.006824469595443916
4915,D-SINOS,2000,672,0.00015313013308440948,0.00012739740647537797,2.5732726609031515e-05,5.337308333599494e-06,0.0023102615292644887,0.007179808481969752
4916,D-SINOS,2000,673,0.00015242021448042385,0.0001260881160435128,2.633209843691106e-05,5.150512478507684e-06,0.002269474053279236,0.0072295114168039465
4917,D-SINOS,2000,674,0.0001519816211048804,0.0001249055487247893,2.70760723800911e-05,5.112657880742935e-06,0.002261118723274595,0.007279503835994849
4918,D-SINOS,2000,675,0.00015169193797876976,0.00012415355571230362,2.7538382266466128e-05,4.998263273519354e-06,0.002235679599924675,0.007340505169099676
4919,D-SINOS,2000,676,0.00015190532624376093,0.0001242528622662253,2.7652463977535658e-05,5.993959514294592e-06,0.002448256423313251,0.006831707541102072
4920,D-SINOS,2000,677,0.00015150833531533194,0.00012406012103988954,2.7448214275442386e-05,5.372905501388933e-06,0.0023179528686729013,0.007134792752915842
4921,D-SINOS,2000,678,0.00015114578314713597,0.00012369941099956704,2.7446372147568934e-05,5.127609331047628e-06,0.002264422516017633,0.00708253023951988
4922,D-SINOS,2000,679,0.00015079348713280323,0.00012361896551479911,2.717452161800412e-05,4.864633661609894e-06,0.002205591453921123,0.006980048700972907
4923,D-SINOS,2000,680,0.00015032917175276407,0.00012393819895997656,2.63909727927875e-05,4.704592966370167e-06,0.002169007368906378,0.006715975425539922
4924,D-SINOS,2000,681,0.00014946316115141748,0.00012380410865460025,2.5659052496817216e-05,4.587333399357254e-06,0.0021418061068540386,0.006481052811584509
4925,D-SINOS,2000,682,0.0001477517382689455,0.00012377909268448923,2.3972645584456275e-05,4.962605918878427e-06,0.0022276907143673305,0.006073649827405103
4926,D-SINOS,2000,683,0.00014659296900279193,0.0001251453851003912,2.1447583902400734e-05,6.124526282374323e-06,0.0024747780268893457,0.005924200256464784
4927,D-SINOS,2000,684,0.00014533400882174786,0.00012421428863745412,2.1119720184293724e-05,7.757968663593079e-06,0.0027853130279365513,0.006249336196380795
4928,D-SINOS,2000,685,0.0001447452333876769,0.00012373473575715298,2.1010497630523926e-05,7.774307376472508e-06,0.00278824449725495,0.006185042175912758
4929,D-SINOS,2000,686,0.00014435962873601905,0.00012308541111834666,2.1274217617672383e-05,8.325406852797008e-06,0.0028853781126218117,0.0064029149372790695
4930,D-SINOS,2000,687,0.00014409888966591974,0.00012289790365657978,2.1200986009339965e-05,8.609584484916717e-06,0.0029342093457892056,0.006440212290425573
4931,D-SINOS,2000,688,0.00014342235524549799,0.00012245375158196066,2.0968603663537316e-05,8.728999562009189e-06,0.0029544880372086783,0.006370906873205517
4932,D-SINOS,2000,689,0.000142643335861423,0.00012212247377147226,2.052086208995075e-05,7.830810976850234e-06,0.002798358621915753,0.006119446522849903
4933,D-SINOS,2000,690,0.00014286998581820786,0.00012157480477440716,2.1295181043800708e-05,6.095361938822902e-06,0.0024688786804585804,0.006034035300666818
4934,D-SINOS,2000,691,0.00014204793784365762,0.00012137538631910736,2.0672551524550254e-05,6.9762840486140025e-06,0.002641265614930464,0.006091080839557117
4935,D-SINOS,2000,692,0.00014129209877902137,0.00012085209592628506,2.0440002852736318e-05,6.049934220123325e-06,0.002459661403551986,0.006009110319282973
4936,D-SINOS,2000,693,0.00014066362754670204,0.00011999869797178738,2.0664929574914657e-05,4.8012224697198645e-06,0.002191169201526862,0.005660459335607992
4937,D-SINOS,2000,694,0.0001402995362930965,0.00011974068991797923,2.055884637511725e-05,4.771825687015255e-06,0.00218445088912872,0.005774781108376814
4938,D-SINOS,2000,695,0.00013993439613322695,0.00011925732511569416,2.0677071017532802e-05,5.001336647530848e-06,0.0022363668410014595,0.005740880032824691
4939,D-SINOS,2000,696,0.00013918454062904125,0.00011808296519233538,2.110157543670586e-05,5.549458774445473e-06,0.002355728926350711,0.005890761046616788
4940,D-SINOS,2000,697,0.00013850408660220247,0.00011696352677887482,2.154055982332767e-05,5.985182356866812e-06,0.002446463234317412,0.005887725725863824
4941,D-SINOS,2000,698,0.00013716692523268382,0.00011543183089609196,2.1735094336591864e-05,6.7911075360661155e-06,0.0026059753521601304,0.006020615930681927
4942,D-SINOS,2000,699,0.00013565374199275986,0.00011551827544118249,2.0135466551577377e-05,8.941787075353146e-06,0.002990282106315915,0.0066802146311758515
4943,D-SINOS,2000,700,0.00013362461205025194,0.00011375800824533511,1.9866603804916848e-05,9.41835847045262e-06,0.0030689344193795703,0.006748681548640834
4944,D-SINOS,2000,701,0.00013219833097218104,0.00011238053883543988,1.9817792136741157e-05,9.406681168426171e-06,0.0030670313282433505,0.006784256916957054
4945,D-SINOS,2000,702,0.00013083146393290238,0.0001114361502435373,1.9395313689365068e-05,1.0960087835312657e-05,0.0033106023372360288,0.007223276949854696
4946,D-SINOS,2000,703,0.00012922824300464655,0.00010989560462443672,1.933263838020984e-05,1.1943335027232892e-05,0.0034559130526147343,0.007727129173034197
4947,D-SINOS,2000,704,0.00012788195413443717,0.00010783554420954329,2.004640992489388e-05,1.4685384024342356e-05,0.003832151357180762,0.008272529587476263
4948,D-SINOS,2000,705,0.00012640694154749922,0.00010620048314424478,2.0206458403254445e-05,1.4388425804826354e-05,0.003793207851519127,0.008290968714903424
4949,D-SINOS,2000,706,0.0001255373259571552,0.00010424322461130976,2.1294101345845436e-05,1.4081682187826046e-05,0.003752556753445049,0.008136556806928263
4950,D-SINOS,2000,707,0.00012481809144317894,0.00010316291313969472,2.1655178303484216e-05,1.3755662090526103e-05,0.0037088626410971466,0.008029279813867474
4951,D-SINOS,2000,708,0.00012402068120331123,0.00010222822099700421,2.179246020630701e-05,1.2466083367435999e-05,0.003530734111687823,0.007676164250417505
4952,D-SINOS,2000,709,0.00012337856874771204,0.00010139339455129829,2.1985174196413757e-05,1.1385557258968474e-05,0.003374249140026337,0.007629383459749173
4953,D-SINOS,2000,710,0.0001226557525831594,0.0001011336959392086,2.152205664395079e-05,1.0609526160041704e-05,0.0032572267590761476,0.007457291217450979
4954,D-SINOS,2000,711,0.00012218618080536733,0.0001008463194173271,2.1339861388040222e-05,1.0282191772244304e-05,0.003206585687650387,0.007376724116401001
4955,D-SINOS,2000,712,0.00012176725906736632,0.0001002747575127788,2.149250155458751e-05,9.225751688714365e-06,0.0030373922513752425,0.007122576430053651
4956,D-SINOS,2000,713,0.00012172976448028292,0.00010056357251749597,2.1166191962786955e-05,8.25593656368948e-06,0.0028733145605188233,0.006855297933044069
4957,D-SINOS,2000,714,0.000121565382127596,0.00010030307261304969,2.12623095145463e-05,8.703613703366083e-06,0.002950188757243523,0.0069811305673628254
4958,D-SINOS,2000,715,0.0001213573063513099,9.972901125923652e-05,2.162829509207338e-05,8.510377843651235e-06,0.0029172551900118774,0.006845447446225061
4959,D-SINOS,2000,716,0.00012124723521261501,9.940697821930112e-05,2.1840256993313892e-05,8.361210127442922e-06,0.002891575717051677,0.006765649599984935
4960,D-SINOS,2000,717,0.00012108488777798876,9.899986570809812e-05,2.2085022069890633e-05,8.35311648930531e-06,0.0028901758578510944,0.006696360123416567
4961,D-SINOS,2000,718,0.00012091347139663364,9.843974028495633e-05,2.247373111167731e-05,8.456595847326889e-06,0.002908022669672107,0.006673411138466423
4962,D-SINOS,2000,719,0.00012075723616029937,9.8242415869871e-05,2.2514820290428375e-05,8.590646145559857e-06,0.002930980406887746,0.006686008189051074
4963,D-SINOS,2000,720,0.00012061053089254772,9.81975578125321e-05,2.2412973080015635e-05,8.841928911364211e-06,0.002973538113319587,0.006716092706302579
4964,D-SINOS,2000,721,0.00012055093659595908,9.811541441741552e-05,2.243552217854356e-05,8.76647538268597e-06,0.0029608234298394037,0.006639045504017949
4965,D-SINOS,2000,722,0.0001204555614580741,9.824841966510254e-05,2.220714179297156e-05,8.959372008452446e-06,0.0029932210089554773,0.006665570868091164
4966,D-SINOS,2000,723,0.00012038052321981671,9.835718238035898e-05,2.2023340839457727e-05,9.045248821183308e-06,0.0030075320149889192,0.006661151386486819
4967,D-SINOS,2000,724,0.00012034024562751188,9.833513626011264e-05,2.200510936739925e-05,9.014246115888917e-06,0.003002373413799309,0.006634154175012674
4968,D-SINOS,2000,725,0.00012028704629553442,9.819252388256256e-05,2.209452241297186e-05,8.844910263257148e-06,0.0029740393849539298,0.00655869070966808
4969,D-SINOS,2000,726,0.0001202442141842611,9.793586510383409e-05,2.2308349080427017e-05,8.468911468282214e-06,0.002910139424199846,0.0064557199065437
4970,D-SINOS,2000,727,0.00012017265221587746,9.777164846225043e-05,2.240100375362703e-05,8.363449521759317e-06,0.002891962918462012,0.0064059083418178675
4971,D-SINOS,2000,728,0.00012009269483012624,9.754803636149392e-05,2.2544658468632328e-05,8.28912531370975e-06,0.002879084110217996,0.006416798691117664
4972,D-SINOS,2000,729,0.00012000595894991439,9.732164481474939e-05,2.2684314135164995e-05,8.216409245704767e-06,0.002866427959273487,0.006491943703520908
4973,D-SINOS,2000,730,0.00011988838951537324,9.707971052548876e-05,2.2808678989884492e-05,8.264987859040536e-06,0.0028748891907411905,0.006494387742942975
4974,D-SINOS,2000,731,0.00011983198738147424,9.664945140787229e-05,2.3182535973601953e-05,8.051081502510164e-06,0.0028374427751956806,0.006523069676087845
4975,D-SINOS,2000,732,0.0001196344507990041,9.664233970242633e-05,2.299211109657776e-05,8.518525858999807e-06,0.0029186513767491666,0.006397097642748206
4976,D-SINOS,2000,733,0.0001195267134128399,9.67080852432532e-05,2.281862816958671e-05,8.784402309154094e-06,0.0029638492386007244,0.006427860193444324
4977,D-SINOS,2000,734,0.00011933374568166289,9.673241071443296e-05,2.2601334967229937e-05,9.190715868472457e-06,0.0030316193475554377,0.006548354758867392
4978,D-SINOS,2000,735,0.00011913292758370541,9.665735882928339e-05,2.2475568754422022e-05,9.323749571186953e-06,0.0030534815491806977,0.006555594266928755
4979,D-SINOS,2000,736,0.0001187377205982829,9.655016856097995e-05,2.2187552037302954e-05,9.489723904976177e-06,0.003080539547705268,0.006541753067495715
4980,D-SINOS,2000,737,0.00011846266287549209,9.642868994724377e-05,2.203397292824833e-05,9.011932480052648e-06,0.0030019880879265074,0.0063381855468551684
4981,D-SINOS,2000,738,0.0001181996801077523,9.62768652814666e-05,2.19228148262857e-05,8.92499644306625e-06,0.0029874732539499414,0.006338124951894786
4982,D-SINOS,2000,739,0.00011796628473652741,9.633987745519235e-05,2.1626407281335054e-05,8.819754502530467e-06,0.002969807149046966,0.0063983049596579855
4983,D-SINOS,2000,740,0.00011778972524115818,9.625183185592702e-05,2.153789338523115e-05,8.865421566926366e-06,0.0029774857794666906,0.006569952336700768
4984,D-SINOS,2000,741,0.00011763621460584697,9.633861891133295e-05,2.1297595694514023e-05,8.948779125366527e-06,0.002991451006679957,0.006621340224679639
4985,D-SINOS,2000,742,0.0001175346867538517,9.615578594159376e-05,2.137890081225794e-05,9.13574471834509e-06,0.003022539448600314,0.0066063614020525074
4986,D-SINOS,2000,743,0.00011743656283112066,9.59609192732564e-05,2.147564355786426e-05,9.308086444032613e-06,0.0030509156730451617,0.006570716960066614
4987,D-SINOS,2000,744,0.00011729907542972722,9.577677881087514e-05,2.1522296618852085e-05,9.548780864508515e-06,0.0030901101702865735,0.006540431475932529
4988,D-SINOS,2000,745,0.00011709201443673848,9.565356395809524e-05,2.1438450478643233e-05,9.928181028139158e-06,0.003150901621463158,0.006513044466828433
4989,D-SINOS,2000,746,0.00011679078018412238,9.567304083022363e-05,2.1117739353898747e-05,1.0456010637826541e-05,0.003233575519116036,0.006521347182764425
4990,D-SINOS,2000,747,0.0001164112070872235,9.582567767627492e-05,2.0585529410948592e-05,1.1037002931674204e-05,0.003322198508770089,0.006568220926281176
4991,D-SINOS,2000,748,0.00011598139502143935,9.589855025300825e-05,2.00828447684311e-05,1.1429817602041005e-05,0.0033808013254317394,0.006623668894202406
4992,D-SINOS,2000,749,0.00011542980187839684,9.597884209406614e-05,1.945095978433069e-05,1.173698787112034e-05,0.003425928760368543,0.006637605766402599
4993,D-SINOS,2000,750,0.00011480679661441804,9.554375653034515e-05,1.9263040084072883e-05,1.1308673345463679e-05,0.003362837097669716,0.006534166332085478
4994,D-SINOS,2000,751,0.00011398375368674727,9.484251013626222e-05,1.9141243550485056e-05,1.1140652621996717e-05,0.0033377616185097337,0.0065969493946401725
4995,D-SINOS,2000,752,0.00011325626893800976,9.407702822017129e-05,1.917924071783847e-05,1.026999107809667e-05,0.003204682679782301,0.006479725612051679
4996,D-SINOS,2000,753,0.00011274338709653793,9.309043297236153e-05,1.965295412417641e-05,9.619992750370507e-06,0.0031016113151667644,0.006574055674297141
4997,D-SINOS,2000,754,0.00011240257508569227,9.274494335252882e-05,1.9657631733163453e-05,9.031704431534455e-06,0.0030052794265316585,0.006595980225391096
4998,D-SINOS,2000,755,0.00011212172584521688,9.264827681208787e-05,1.947344903312901e-05,8.528420944205286e-06,0.0029203460315868884,0.006683964235181805
4999,D-SINOS,2000,756,0.00011186344414247038,9.284653627831316e-05,1.9016907864157223e-05,8.00845688240594e-06,0.002829921709589497,0.006714980620554312
5000,D-SINOS,2000,757,0.00011166678018191876,9.31818481441608e-05,1.8484932037757968e-05,7.73974981657752e-06,0.0027820405849982707,0.006701126014594161
5001,D-SINOS,2000,758,0.00011153674273298462,9.33966461608356e-05,1.814009657214903e-05,7.561288346448453e-06,0.002749779690529489,0.006506242943959295
5002,D-SINOS,2000,759,0.00011138349040780945,9.342825689018337e-05,1.795523351762608e-05,7.6255924980997966e-06,0.002761447536727757,0.006554039007934054
5003,D-SINOS,2000,760,0.0001112910180841919,9.329511895508499e-05,1.7995899129106902e-05,7.75299481383426e-06,0.0027844200139049173,0.006545464312352589
5004,D-SINOS,2000,761,0.00011119172153114729,9.311492744530915e-05,1.807679408583813e-05,7.808695413721613e-06,0.002794404303911947,0.006550269021115995
5005,D-SINOS,2000,762,0.00011103487659869541,9.285494179140149e-05,1.817993480729393e-05,7.806681811489223e-06,0.002794043988825019,0.006581475272031789
5006,D-SINOS,2000,763,0.00011077128995556519,9.244931332806549e-05,1.83219766274997e-05,7.688737549037511e-06,0.002772857289699113,0.006675624094135579
5007,D-SINOS,2000,764,0.00011048931832672593,9.198943302000061e-05,1.8499885306725322e-05,7.516343300999757e-06,0.0027415950286283635,0.0068793490991493345
5008,D-SINOS,2000,765,0.00011021559073909776,9.14800269218631e-05,1.8735563817234677e-05,7.230347523239323e-06,0.002688930553814903,0.006942593972806721
5009,D-SINOS,2000,766,0.00011001506081990186,9.157072278916751e-05,1.844433803073434e-05,6.938356587250634e-06,0.00263407604052173,0.0069544527549958435
5010,D-SINOS,2000,767,0.00010978832922287432,9.125015641264211e-05,1.8538172810232207e-05,6.889956479015671e-06,0.002624872659580969,0.006930685960100047
5011,D-SINOS,2000,768,0.00010966638101540632,9.14646490214935e-05,1.8201731993912828e-05,6.735353931923036e-06,0.0025952560436155498,0.006667401030447606
5012,D-SINOS,2000,769,0.00010946723735998109,9.109699255506533e-05,1.8370244804915755e-05,6.6497636498564875e-06,0.0025787135649110947,0.0066716560533255365
5013,D-SINOS,2000,770,0.00010921291155571247,9.057908178800256e-05,1.8633829767709918e-05,6.466478659430915e-06,0.002542927183273425,0.006560896813311512
5014,D-SINOS,2000,771,0.00010904066985559284,9.029934157815107e-05,1.874132827744178e-05,6.3745504305443405e-06,0.0025247872050025008,0.006451395151542028
5015,D-SINOS,2000,772,0.00010863476892837712,8.976545245630425e-05,1.886931647207287e-05,6.49599606521381e-06,0.0025487243996191134,0.006225604424372477
5016,D-SINOS,2000,773,0.00010814062193403572,8.919299105418901e-05,1.894763087984671e-05,6.811289964182067e-06,0.0026098448161111162,0.00598998581609389
5017,D-SINOS,2000,774,0.00011013281351089257,9.009422975352489e-05,2.003858375736768e-05,1.0401837341764774e-05,0.0032251879544864938,0.006246838758507733
5018,D-SINOS,2000,775,0.0001080413672457333,8.906137982651126e-05,1.897998741922204e-05,7.397078083591634e-06,0.00271975698980472,0.005960019643335257
5019,D-SINOS,2000,776,0.00010766744472550143,8.895764895678924e-05,1.87097957687122e-05,8.19414111089632e-06,0.0028625410234433884,0.005865393334735458
5020,D-SINOS,2000,777,0.00010795681436319056,8.904270735444804e-05,1.891410700874253e-05,7.742092616519161e-06,0.0027824616109695314,0.005858342276372941
5021,D-SINOS,2000,778,0.00010757838812224886,8.887785310003229e-05,1.8700535022216574e-05,8.041001077631948e-06,0.002835665896686693,0.005867709635600904
5022,D-SINOS,2000,779,0.00010746243856845448,8.898487447948382e-05,1.8477564088970663e-05,8.46789133446947e-06,0.0029099641465951897,0.005985759106023392
5023,D-SINOS,2000,780,0.00010735941780853907,8.907671516501133e-05,1.8282702643527738e-05,9.055770020928743e-06,0.0030092806484156216,0.006071111020199416
5024,D-SINOS,2000,781,0.00010723164562500631,8.926708450155137e-05,1.796456112345495e-05,9.296658686945469e-06,0.0030490422573236776,0.006095723624154337
5025,D-SINOS,2000,782,0.00010701615045089345,8.944349361254738e-05,1.7572656838346064e-05,9.843863927939706e-06,0.0031374932554413095,0.006130628989526876
5026,D-SINOS,2000,783,0.0001068741764243082,8.9756749081329e-05,1.711742734297919e-05,9.83252852759509e-06,0.0031356862929182014,0.005968477710326048
5027,D-SINOS,2000,784,0.0001067817833410445,8.967291471179511e-05,1.71088686292494e-05,9.77100776201098e-06,0.003125861123276429,0.0059455136446106005
5028,D-SINOS,2000,785,0.00010667803071787786,8.951105995605643e-05,1.7166970761821438e-05,9.880249815911955e-06,0.0031432864673637297,0.005937110231145182
5029,D-SINOS,2000,786,0.00010660193513986742,8.925521041786427e-05,1.7346724722003146e-05,9.532599752424927e-06,0.003087490850581573,0.005985510214253642
5030,D-SINOS,2000,787,0.00010652490876014687,8.922763974296583e-05,1.729726901718105e-05,9.587112374153451e-06,0.003096306246829188,0.005995781985964399
5031,D-SINOS,2000,788,0.00010644163478798607,8.911171357818684e-05,1.7329921209799228e-05,9.317715195165524e-06,0.0030524932752039806,0.005954151060396207
5032,D-SINOS,2000,789,0.00010639594602745303,8.925497690406538e-05,1.7140969123387648e-05,9.288385821325199e-06,0.003047685321900081,0.0059236521270426
5033,D-SINOS,2000,790,0.00010634088094035181,8.93817867129485e-05,1.6959094227403307e-05,9.102648579724958e-06,0.0030170595916761338,0.005914210775603057
5034,D-SINOS,2000,791,0.00010626623581523286,8.945420189045957e-05,1.6812033924773297e-05,8.704483742351535e-06,0.002950336208358555,0.005921669803585439
5035,D-SINOS,2000,792,0.00010619151224067318,8.943526717529106e-05,1.6756245065382114e-05,8.373672766314977e-06,0.002893729905557009,0.005916662767688652
5036,D-SINOS,2000,793,0.00010601609691660382,8.967735191680755e-05,1.633874499979627e-05,7.311704794418396e-06,0.0027040164190363924,0.005828182570858598
5037,D-SINOS,2000,794,0.0001058163492458504,8.971929400393701e-05,1.6097055241913385e-05,7.139995268121555e-06,0.00267207695774683,0.0058063687991045665
5038,D-SINOS,2000,795,0.0001056754673411328,8.946935419640915e-05,1.620611314472365e-05,7.232921620118307e-06,0.002689409158182947,0.005756286089776519
5039,D-SINOS,2000,796,0.00010556852432037935,8.921784860856098e-05,1.635067571181838e-05,7.313405546262883e-06,0.0027043308869779386,0.005703929679371611
5040,D-SINOS,2000,797,0.00010551738457436671,8.91202084858529e-05,1.63971760885138e-05,7.324486999333889e-06,0.002706378945996641,0.0056800479753160715
5041,D-SINOS,2000,798,0.00010538914874003024,8.896039347300235e-05,1.6428755267027883e-05,7.2195574203650555e-06,0.0026869234117043706,0.005711186658989398
5042,D-SINOS,2000,799,0.00010532172417369977,8.860090227905159e-05,1.6720821894648178e-05,7.234212739589576e-06,0.0026896491852265,0.005729233132743428
5043,D-SINOS,2000,800,0.00010522788680688165,8.873352407494443e-05,1.6494362731937214e-05,7.067050111545495e-06,0.0026583923923201207,0.005757551086786106
5044,D-SINOS,2000,801,0.00010515973321003557,8.880374635143134e-05,1.6355986858604233e-05,6.946097257824871e-06,0.002635544964106071,0.0057757282941519605
5045,D-SINOS,2000,802,0.00010509124745486568,8.877449399047045e-05,1.6316753464395223e-05,6.877957014834957e-06,0.0026225859404097624,0.005794101733837653
5046,D-SINOS,2000,803,0.00010497528333711698,8.863170908214501e-05,1.6343574254971973e-05,6.821881306944406e-06,0.002611873141434018,0.005812605507912072
5047,D-SINOS,2000,804,0.00010487223586681778,8.832204449153777e-05,1.655019137528001e-05,6.763540347337011e-06,0.0026006807469078188,0.005777944208679164
5048,D-SINOS,2000,805,0.00010470398043031781,8.81606162566106e-05,1.654336417370721e-05,6.7254717094911e-06,0.002593351443497603,0.005807467107809106
5049,D-SINOS,2000,806,0.00010458180902393189,8.801491071907998e-05,1.6566898304851905e-05,6.807923571459726e-06,0.002609199795236027,0.005780705980726775
5050,D-SINOS,2000,807,0.00010436389706511729,8.772041140694106e-05,1.6643485658176225e-05,6.853787371218353e-06,0.002617973905755814,0.005714197130634591
5051,D-SINOS,2000,808,0.00010416526372631936,8.746095672445329e-05,1.6704307001866072e-05,6.987329401710038e-06,0.0026433557085095527,0.0056843394174264095
5052,D-SINOS,2000,809,0.0001039183366509629,8.725685217212368e-05,1.666148447883922e-05,6.792483140903394e-06,0.0026062392716140613,0.00558184615908508
5053,D-SINOS,2000,810,0.0001035482185542813,8.729942904786523e-05,1.624878950641607e-05,7.209254010251547e-06,0.0026850054022760452,0.0056594461827639275
5054,D-SINOS,2000,811,0.00010313364789840774,8.722518469211815e-05,1.5908463206289593e-05,7.184337000862639e-06,0.002680361356396305,0.005486085984391265
5055,D-SINOS,2000,812,0.00010271230572269762,8.717419323775467e-05,1.5538112484942956e-05,7.027134699238228e-06,0.002650874327318862,0.005450824665743648
5056,D-SINOS,2000,813,0.00010241217921714904,8.75084963847846e-05,1.4903682832364436e-05,7.597650408001595e-06,0.0027563835741786003,0.005593822490496114
5057,D-SINOS,2000,814,0.0001021283045604552,8.718167130629527e-05,1.4946633254159941e-05,7.560886427622524e-06,0.0027497066075533446,0.0054622583627534915
5058,D-SINOS,2000,815,0.0001018347923687327,8.701801890702224e-05,1.4816773461710448e-05,7.385488960825009e-06,0.0027176256108641986,0.005480617550321587
5059,D-SINOS,2000,816,0.00010155949096381246,8.694565549664264e-05,1.4613835467169815e-05,7.023353551738568e-06,0.0026501610426044996,0.005389118852135666
5060,D-SINOS,2000,817,0.00010134033418389439,8.686046300040226e-05,1.4479871183492126e-05,6.754675654177128e-06,0.002598975885647485,0.005285272228646831
5061,D-SINOS,2000,818,0.00010107697919082186,8.665202168005473e-05,1.4424957510767126e-05,6.367512910428974e-06,0.0025233931343389545,0.005165429414303757
5062,D-SINOS,2000,819,0.00010076340701743421,8.640282647560704e-05,1.4360580541827164e-05,6.203918405163632e-06,0.002490766630008446,0.005155114906586378
5063,D-SINOS,2000,820,0.00010040575627696344,8.556006529917221e-05,1.4845690977791234e-05,6.274653900410093e-06,0.0025049259271303997,0.005121342053723499
5064,D-SINOS,2000,821,0.00010013546627701769,8.533558832640603e-05,1.4799877950611662e-05,6.310758903312996e-06,0.002512122390193797,0.005267654226341234
5065,D-SINOS,2000,822,9.99081504843722e-05,8.49068773100467e-05,1.5001273174325502e-05,6.818960550224773e-06,0.0026113139509114512,0.00558089568297071
5066,D-SINOS,2000,823,9.976729981279454e-05,8.467518945713059e-05,1.5092110355663952e-05,7.059994548263214e-06,0.0026570650252229835,0.005691819200934312
5067,D-SINOS,2000,824,9.966055565623068e-05,8.459231889391787e-05,1.506823676231281e-05,6.970276782751823e-06,0.0026401281754399393,0.005669287014530733
5068,D-SINOS,2000,825,9.945947605057313e-05,8.427054249691976e-05,1.5188933553653372e-05,6.622260156265491e-06,0.0025733752459106097,0.0054878486107549085
5069,D-SINOS,2000,826,9.931715543146642e-05,8.419137733443828e-05,1.5125778097028142e-05,6.3058208341269175e-06,0.0025111393498025787,0.005368983601027666
5070,D-SINOS,2000,827,9.913682655906109e-05,8.406455673343993e-05,1.5072269825621154e-05,6.370018090112497e-06,0.0025238894766040167,0.005356709524188874
5071,D-SINOS,2000,828,9.888801211733359e-05,8.395965935043285e-05,1.4928352766900733e-05,6.2371252501039986e-06,0.0024974237225797303,0.005258935337023152
5072,D-SINOS,2000,829,9.86744127740052e-05,8.384353648722234e-05,1.4830876286782862e-05,6.090480016945224e-06,0.0024678897902753326,0.005214915727423053
5073,D-SINOS,2000,830,9.852939976876066e-05,8.410975662719543e-05,1.4419643141565237e-05,6.009056842287729e-06,0.0024513377658510727,0.005249350613194204
5074,D-SINOS,2000,831,9.808099137833973e-05,8.359852333196696e-05,1.4482468046372758e-05,5.666449120158395e-06,0.0023804304485026224,0.005176896003887044
5075,D-SINOS,2000,832,9.771320563870523e-05,8.328563908661662e-05,1.4427566552088612e-05,5.343666080676684e-06,0.0023116370996929176,0.0051157075838982324
5076,D-SINOS,2000,833,9.700401546179338e-05,8.274786763612425e-05,1.4256147825669127e-05,4.5449606190699515e-06,0.0021318913244042135,0.004945717054519072
5077,D-SINOS,2000,834,9.630042532633461e-05,8.219483857551229e-05,1.4105586750822331e-05,3.6072681407769217e-06,0.0018992809536182164,0.004573229994160877
5078,D-SINOS,2000,835,9.671742021680467e-05,8.17287311238763e-05,1.4988689092928368e-05,2.780784154747761e-06,0.0016675683358554638,0.004461333406334922
5079,D-SINOS,2000,836,9.58731866269477e-05,8.174027118894092e-05,1.4132915438006776e-05,3.2225577678787226e-06,0.0017951483971746522,0.004521533702431135
5080,D-SINOS,2000,837,9.498330513316421e-05,8.105204196860086e-05,1.3931263164563349e-05,2.473178869146678e-06,0.0015726343723658966,0.00402022637458288
5081,D-SINOS,2000,838,9.41093134008707e-05,8.031616982408465e-05,1.3793143576786055e-05,2.217459241816182e-06,0.001489113575861889,0.00410089044577
5082,D-SINOS,2000,839,9.329958846927597e-05,7.951705298519111e-05,1.3782535484084853e-05,2.120180057864525e-06,0.0014560838086677996,0.004249967577139024
5083,D-SINOS,2000,840,9.242445067378569e-05,7.859698289481852e-05,1.3827467778967181e-05,1.871653739558716e-06,0.001368083966560063,0.004314630346670789
5084,D-SINOS,2000,841,9.193526591652873e-05,7.735131062663529e-05,1.4583955289893426e-05,1.6970588459314086e-06,0.0013027121116852367,0.003996340885412786
5085,D-SINOS,2000,842,9.15077919949218e-05,7.750213394765422e-05,1.4005658047267578e-05,1.6873055988304213e-06,0.0012989632784765016,0.004274561322625159
5086,D-SINOS,2000,843,9.105594864813242e-05,7.726254912291887e-05,1.3793399525213555e-05,1.5433189865384567e-06,0.0012423039026496121,0.004206073025715185
5087,D-SINOS,2000,844,9.077822096976742e-05,7.722213390637641e-05,1.3556087063391e-05,1.363258817828413e-06,0.0011675867495943987,0.003965932324342614
5088,D-SINOS,2000,845,9.049452878906096e-05,7.710657129619896e-05,1.3387957492861996e-05,1.1807847782685785e-06,0.0010866392125579577,0.003915702542794941
5089,D-SINOS,2000,846,9.024796393184899e-05,7.69969084091906e-05,1.3251055522658393e-05,1.1757925285961202e-06,0.0010843396739934033,0.003968637447606227
5090,D-SINOS,2000,847,8.987162481867058e-05,7.655804855976467e-05,1.3313576258905905e-05,1.1422126178577104e-06,0.0010687434761708305,0.00397508723542106
5091,D-SINOS,2000,848,8.945510456178736e-05,7.625143586635104e-05,1.3203668695436318e-05,1.15203088999686e-06,0.0010733270191311034,0.003920043457477762
5092,D-SINOS,2000,849,8.921486241764487e-05,7.604488038293088e-05,1.3169982034713994e-05,1.3154969645802906e-06,0.0011469511605034849,0.003769547088293912
5093,D-SINOS,2000,850,8.90187183644553e-05,7.601343906938722e-05,1.3005279295068091e-05,1.2781297119145664e-06,0.0011305439893761616,0.0037397696534160474
5094,D-SINOS,2000,851,8.879461094944313e-05,7.616812732240747e-05,1.262648362703566e-05,1.2839119962885666e-06,0.0011330984053861193,0.00368419245872198
5095,D-SINOS,2000,852,8.841388266170978e-05,7.657143178561583e-05,1.1842450876093945e-05,1.2935190891491774e-06,0.001137329806674026,0.0035016487334681434
5096,D-SINOS,2000,853,8.808556510920838e-05,7.679617644299986e-05,1.128938866620851e-05,1.2656708351907304e-06,0.0011250203710114455,0.0034520248947937926
5097,D-SINOS,2000,854,8.779085168095507e-05,7.697508537601915e-05,1.081576630493593e-05,1.2398244468183619e-06,0.001113474044070342,0.0032840817388105625
5098,D-SINOS,2000,855,8.761874851757252e-05,7.697009923960715e-05,1.0648649277965375e-05,1.272285773844904e-06,0.0011279564591972972,0.0033224177500132956
5099,D-SINOS,2000,856,8.744317447828189e-05,7.674437155304871e-05,1.0698802925233172e-05,1.3033293864109206e-06,0.0011416345240097291,0.003280876535263655
5100,D-SINOS,2000,857,8.723357576586333e-05,7.631913567330468e-05,1.0914440092558659e-05,1.2706749807230244e-06,0.0011272422014469757,0.0031705012029183965
5101,D-SINOS,2000,858,8.703497823007529e-05,7.600660257326122e-05,1.1028375656814077e-05,1.30668821978399e-06,0.0011431046407849065,0.0031592381043102913
5102,D-SINOS,2000,859,8.673379781380162e-05,7.559912155186905e-05,1.1134676261932574e-05,1.3187253033136256e-06,0.0011483576547894935,0.003270587095389299
5103,D-SINOS,2000,860,8.631162235849037e-05,7.519907690761531e-05,1.1112545450875062e-05,1.323944924306966e-06,0.0011506280564574142,0.003367242389227698
5104,D-SINOS,2000,861,8.627902318070463e-05,7.532170153216551e-05,1.0957321648539126e-05,1.3573512797135036e-06,0.0011650541960413273,0.003387243627610559
5105,D-SINOS,2000,862,8.614795602765549e-05,7.52057047035278e-05,1.0942251324127696e-05,1.3120513754500172e-06,0.0011454481111992884,0.0032953323219162556
5106,D-SINOS,2000,863,8.612106245952888e-05,7.516958260247264e-05,1.0951479857056248e-05,1.274045091001085e-06,0.0011287360590506025,0.00326566685060814
5107,D-SINOS,2000,864,8.608435070788892e-05,7.51697071388634e-05,1.0914643569025512e-05,1.2200438679777576e-06,0.0011045559596406865,0.0032396736808268933
5108,D-SINOS,2000,865,8.604282391844358e-05,7.518160423327595e-05,1.0861219685167635e-05,1.1523562262092013e-06,0.001073478563460492,0.0032108497233624966
5109,D-SINOS,2000,866,8.602321268842442e-05,7.514957922307312e-05,1.0873633465351306e-05,1.117261293848376e-06,0.0010570058154278888,0.003211130095861936
5110,D-SINOS,2000,867,8.600788465546021e-05,7.520943571682694e-05,1.0798448938633275e-05,1.1154089058607324e-06,0.0010561292088853203,0.0032185488681408803
5111,D-SINOS,2000,868,8.599051335787582e-05,7.521321125948706e-05,1.0777302098388748e-05,1.140909561922903e-06,0.0010681336816723377,0.0032059078052992795
5112,D-SINOS,2000,869,8.59637446796298e-05,7.522922945307802e-05,1.073451522655178e-05,1.1562998273825414e-06,0.0010753138273929808,0.0031850421722445788
5113,D-SINOS,2000,870,8.593453878434478e-05,7.525098021504006e-05,1.0683558569304724e-05,1.1694474024857818e-06,0.0010814099141795315,0.003181802045256532
5114,D-SINOS,2000,871,8.589795026110122e-05,7.526942684603645e-05,1.0628523415064773e-05,1.1352049856057695e-06,0.0010654599878014046,0.0031786527074548765
5115,D-SINOS,2000,872,8.585871955053044e-05,7.524274516240729e-05,1.0615974388123145e-05,1.1239099595911487e-06,0.0010601461972724086,0.0032132533205859737
5116,D-SINOS,2000,873,8.58906347839733e-05,7.531242561409446e-05,1.0578209169878839e-05,9.754730817222763e-07,0.0009876604080969716,0.003358164873815017
5117,D-SINOS,2000,874,8.582867536349764e-05,7.523693064027007e-05,1.059174472322756e-05,1.0578252908859705e-06,0.0010285063397402908,0.0032727095608777734
5118,D-SINOS,2000,875,8.576871822485812e-05,7.514933355394832e-05,1.061938467090981e-05,9.965831568925002e-07,0.0009982901165956218,0.0032518625674002877
5119,D-SINOS,2000,876,8.569737385505049e-05,7.5077567204088e-05,1.061980665096249e-05,9.499878499837292e-07,0.0009746732016341319,0.0032068434530228007
5120,D-SINOS,2000,877,8.562854686457129e-05,7.49380741147128e-05,1.0690472749858484e-05,9.533166124409776e-07,0.0009763793383931153,0.003179076442516582
5121,D-SINOS,2000,878,8.55577839222382e-05,7.478547402402669e-05,1.0772309898211503e-05,9.488968562308067e-07,0.0009741133692906626,0.0031383037655126067
5122,D-SINOS,2000,879,8.548805313192505e-05,7.46127874075261e-05,1.0875265724398951e-05,9.602595265798551e-07,0.0009799283272667726,0.0030998134499047314
5123,D-SINOS,2000,880,8.540471575778782e-05,7.44081432887533e-05,1.0996572469034522e-05,9.79411056863961e-07,0.0009896519877532512,0.0030981386455528614
5124,D-SINOS,2000,881,8.532184910513224e-05,7.414788017138426e-05,1.1173968933747982e-05,9.8738552769407e-07,0.0009936727467803825,0.003100665853358997
5125,D-SINOS,2000,882,8.522916175466867e-05,7.391378707983266e-05,1.131537467483601e-05,1.0049017870203408e-06,0.001002447897409307,0.0031695568820020448
5126,D-SINOS,2000,883,8.509079184652065e-05,7.352447122863152e-05,1.1566320617889121e-05,9.95343695993618e-07,0.0009976691315228801,0.0032794838742131738
5127,D-SINOS,2000,884,8.496779904429766e-05,7.32854930344748e-05,1.1682306009822853e-05,9.85693725979414e-07,0.0009928210946486854,0.0033674557872074296
5128,D-SINOS,2000,885,8.474984003652711e-05,7.275364040697494e-05,1.1996199629552169e-05,1.0295689054587196e-06,0.0010146767492451572,0.0034030552802917224
5129,D-SINOS,2000,886,8.455080571598903e-05,7.244457219196927e-05,1.2106233524019748e-05,9.198618691623788e-07,0.0009590942962828936,0.0032987580401877548
5130,D-SINOS,2000,887,8.435253469116941e-05,7.22549553770762e-05,1.209757931409321e-05,8.170781264865671e-07,0.0009039237393091118,0.0031885118655887723
5131,D-SINOS,2000,888,8.408924494086235e-05,7.213517769165945e-05,1.1954067249202905e-05,7.449162179820427e-07,0.0008630852900971275,0.0031730482382044123
5132,D-SINOS,2000,889,8.399019052113896e-05,7.245930018858069e-05,1.1530890332558268e-05,7.280865333302947e-07,0.0008532798681149665,0.00339087365394386
5133,D-SINOS,2000,890,8.369114455278787e-05,7.22130127671571e-05,1.1478131785630756e-05,7.225172486002088e-07,0.0008500101461748612,0.0032508321515334337
5134,D-SINOS,2000,891,8.349034722689662e-05,7.207952900680215e-05,1.1410818220094483e-05,7.365222464427773e-07,0.0008582087429307495,0.0031635615373599713
5135,D-SINOS,2000,892,8.324548462461123e-05,7.195983126994056e-05,1.1285653354670675e-05,7.525618144653478e-07,0.00086750320717871,0.0030875423928935497
5136,D-SINOS,2000,893,8.283779987596948e-05,7.162978843109983e-05,1.1208011444869651e-05,7.683385364592363e-07,0.0008765492207852542,0.0029736233985677707
5137,D-SINOS,2000,894,8.366256707178565e-05,7.249794189032141e-05,1.1164625181464232e-05,7.186440786748846e-07,0.0008477287765994998,0.0038195229110780105
5138,D-SINOS,2000,895,8.257181261793433e-05,7.165731673447374e-05,1.091449588346059e-05,7.419934886833301e-07,0.0008613904391641052,0.0031903991105051155
5139,D-SINOS,2000,896,8.209525400338372e-05,7.132901694089074e-05,1.0766237062492976e-05,7.232687481229881e-07,0.0008504520845544375,0.003122076030186438
5140,D-SINOS,2000,897,8.178914086480619e-05,7.09633863576163e-05,1.0825754507189886e-05,6.888692802710666e-07,0.0008299814939328868,0.003135071505547149
5141,D-SINOS,2000,898,8.157764005855615e-05,7.070126097913494e-05,1.0876379079421211e-05,6.844370725147426e-07,0.0008273071210347114,0.003241327097454616
5142,D-SINOS,2000,899,8.127786965216478e-05,7.022872953323717e-05,1.1049140118927605e-05,6.635231336387216e-07,0.0008145692933315873,0.003392108356546797
5143,D-SINOS,2000,900,8.08705910048701e-05,6.974588071720269e-05,1.1124710287667411e-05,6.896706437767587e-07,0.000830464113479179,0.003470907980175797
5144,D-SINOS,2000,901,8.054065229413856e-05,6.944603524286308e-05,1.1094617051275465e-05,6.543690708946633e-07,0.0008089308195974878,0.0035524918253047044
5145,D-SINOS,2000,902,8.005203729840045e-05,6.894446898215965e-05,1.1107568316240795e-05,7.512423653926437e-07,0.000866742386982801,0.0034159616165801987
5146,D-SINOS,2000,903,7.966786851335697e-05,6.873962434281742e-05,1.092824417053956e-05,7.903372705375178e-07,0.0008890091509863764,0.003258245195147502
5147,D-SINOS,2000,904,7.903874924071337e-05,6.838429914196549e-05,1.0654450098747891e-05,7.70686196349935e-07,0.0008778873483254756,0.0030655091784513866
5148,D-SINOS,2000,905,7.867832708301664e-05,6.80730469279578e-05,1.060528015505885e-05,8.665830057020017e-07,0.0009309044020209603,0.0030854673930916787
5149,D-SINOS,2000,906,7.829424095229362e-05,6.763541071879064e-05,1.0658830233502984e-05,8.650857763707505e-07,0.0009300998744063728,0.0029672298797307484
5150,D-SINOS,2000,907,7.775771595881255e-05,6.670470494249216e-05,1.1053011016320391e-05,8.531939096393181e-07,0.0009236849623325683,0.0031431199499906137
5151,D-SINOS,2000,908,7.710239983973127e-05,6.586281027886617e-05,1.1239589560865105e-05,7.523937169663381e-07,0.0008674063159594459,0.0030339733868823826
5152,D-SINOS,2000,909,7.625028722594574e-05,6.48021266907943e-05,1.1448160535151442e-05,7.566775915750979e-07,0.0008698721696750034,0.003266019310877777
5153,D-SINOS,2000,910,7.49175190793822e-05,6.351495823137023e-05,1.1402560848011967e-05,7.758480280071972e-07,0.0008808223589391889,0.0036559276790264494
5154,D-SINOS,2000,911,7.424372453099323e-05,6.314317536970747e-05,1.1100549161285758e-05,7.697605824400821e-07,0.0008773600073174535,0.0035533899682593795
5155,D-SINOS,2000,912,7.372665473217747e-05,6.274968687130241e-05,1.0976967860875061e-05,8.653133017161096e-07,0.0009302221786842698,0.0032343124723717143
5156,D-SINOS,2000,913,7.300943957873831e-05,6.278020735429228e-05,1.0229232224446026e-05,7.979800321421766e-07,0.0008932972809441304,0.0031167359299713038
5157,D-SINOS,2000,914,7.236322903097139e-05,6.251962759395459e-05,9.843601437016801e-06,8.640251891780193e-07,0.0009295295526114376,0.0030996628920649805
5158,D-SINOS,2000,915,7.10888238045599e-05,6.159646330285287e-05,9.492360501707033e-06,9.95390817418915e-07,0.0009976927470012574,0.0035872115917868763
5159,D-SINOS,2000,916,7.004521824184822e-05,6.0716260614626335e-05,9.328957627221884e-06,1.193146994694003e-06,0.0010923126817418184,0.003784722147518127
5160,D-SINOS,2000,917,6.95396270085406e-05,6.034441194718867e-05,9.195215061351934e-06,1.0509401705300275e-06,0.0010251537301936855,0.003770360244572335
5161,D-SINOS,2000,918,6.915978504059496e-05,5.9920059258436505e-05,9.239725782158456e-06,9.762406915493927e-07,0.0009880489317586416,0.0038803997785838984
5162,D-SINOS,2000,919,6.862875039475178e-05,5.9730609148810914e-05,8.898141245940862e-06,6.890805697916883e-07,0.0008301087698559076,0.003538783374169796
5163,D-SINOS,2000,920,6.809068375783038e-05,5.9290973382819696e-05,8.799710375010685e-06,6.415543931393179e-07,0.0008009709065498684,0.0036640308218193196
5164,D-SINOS,2000,921,6.761704466498345e-05,5.8972400056760076e-05,8.644644608223367e-06,5.791074203341692e-07,0.0007609910776968211,0.0036580121323438464
5165,D-SINOS,2000,922,6.72521815225371e-05,5.8697707714277986e-05,8.554473808259117e-06,5.987100661008684e-07,0.0007737635724824918,0.003561211275076248
5166,D-SINOS,2000,923,6.690210477406482e-05,5.845753002483846e-05,8.444574749226366e-06,6.272627967920657e-07,0.0007919992403986672,0.003662139086539229
5167,D-SINOS,2000,924,6.667120714725326e-05,5.834089043338243e-05,8.330316713870833e-06,7.238574772974514e-07,0.0008507981413340366,0.003637950057258754
5168,D-SINOS,2000,925,6.646225362573847e-05,5.820819749142729e-05,8.254056134311181e-06,7.303873728779961e-07,0.0008546270372963847,0.0037041927120808893
5169,D-SINOS,2000,926,6.629823688929713e-05,5.8109193136389384e-05,8.189043752907746e-06,7.276804798143033e-07,0.0008530418980415343,0.003741267136494364
5170,D-SINOS,2000,927,6.614897805453838e-05,5.806854550129451e-05,8.08043255324386e-06,7.583827181936383e-07,0.0008708517199808693,0.003754498687562058
5171,D-SINOS,2000,928,6.606463863213246e-05,5.7963826722858764e-05,8.100811909273686e-06,7.682232327261371e-07,0.000876483446920783,0.003768405180395118
5172,D-SINOS,2000,929,6.597553056702254e-05,5.796446383276142e-05,8.011066734261124e-06,7.76622450793629e-07,0.0008812618514344241,0.003697279554157551
5173,D-SINOS,2000,930,6.591577266041626e-05,5.792208930452669e-05,7.993683355889573e-06,7.829551920997642e-07,0.0008848475530280706,0.0036708999151645605
5174,D-SINOS,2000,931,6.583180220072885e-05,5.7914742791849284e-05,7.917059408879558e-06,7.737927936596021e-07,0.0008796549287417209,0.0036005239084622165
5175,D-SINOS,2000,932,6.573498174495937e-05,5.78512865633816e-05,7.883695181577772e-06,7.814798900940855e-07,0.0008840135123933827,0.0035786824125030314
5176,D-SINOS,2000,933,6.585707860893015e-05,5.80639023115683e-05,7.79317629736185e-06,6.892977467226401e-07,0.0008302395718843087,0.003429728851639391
5177,D-SINOS,2000,934,6.56866284724324e-05,5.7862855172012207e-05,7.823773300420195e-06,7.408716169842549e-07,0.0008607389946924996,0.0035287755288303524
5178,D-SINOS,2000,935,6.560954278397434e-05,5.7814827911819165e-05,7.794714872155186e-06,7.428631231984307e-07,0.0008618950766760596,0.0035292392608347045
5179,D-SINOS,2000,936,6.55552739336164e-05,5.772669302018521e-05,7.828580913431193e-06,7.513503653783652e-07,0.0008668046869845393,0.0035514795378713826
5180,D-SINOS,2000,937,6.550478529260086e-05,5.7661626194258355e-05,7.843159098342508e-06,7.567360315146896e-07,0.0008699057601342168,0.0035642626586953607
5181,D-SINOS,2000,938,6.542576215945332e-05,5.758357618365715e-05,7.84218597579617e-06,7.496919812308671e-07,0.0008658475508026035,0.003573985860765516
5182,D-SINOS,2000,939,6.530197107679975e-05,5.74803295751345e-05,7.821641501665246e-06,7.344975992878987e-07,0.0008570283538412826,0.003531285961829833
5183,D-SINOS,2000,940,6.52289233970433e-05,5.738236974418059e-05,7.846553652862701e-06,7.607607187917882e-07,0.0008722159817337608,0.0035419775594297542
5184,D-SINOS,2000,941,6.514415808153171e-05,5.732601056308935e-05,7.818147518442356e-06,7.272748614816993e-07,0.0008528041167124484,0.0034152294671080385
5185,D-SINOS,2000,942,6.50980667527023e-05,5.725091818648529e-05,7.847148566217015e-06,7.450842325401495e-07,0.0008631826183028418,0.0033843106911179976
5186,D-SINOS,2000,943,6.504900145102122e-05,5.7155416193879325e-05,7.893585257141892e-06,7.742191348353755e-07,0.0008798972297009325,0.0033110418433417443
5187,D-SINOS,2000,944,6.500101677380741e-05,5.6944950074813644e-05,8.056066698993763e-06,8.261511688785719e-07,0.0009089285829362899,0.0033907002179511814
5188,D-SINOS,2000,945,6.495935940973591e-05,5.6898236867571675e-05,8.061122542164234e-06,8.697593477935765e-07,0.0009326088932631817,0.003336662768758436
5189,D-SINOS,2000,946,6.491517206910052e-05,5.6837233568927225e-05,8.077938500173296e-06,8.672953376242881e-07,0.0009312869255091517,0.003376825187175414
5190,D-SINOS,2000,947,6.484360245901593e-05,5.6781544785903994e-05,8.062057673111941e-06,8.02675178937406e-07,0.0008959214133713994,0.003347898793967574
5191,D-SINOS,2000,948,6.478784308917228e-05,5.673602452190561e-05,8.051818567266661e-06,7.840119257295563e-07,0.0008854444791908504,0.003338259631963436
5192,D-SINOS,2000,949,6.475141030177512e-05,5.672112244379862e-05,8.030287857976495e-06,7.642597311829271e-07,0.000874219498285715,0.003263750009558364
5193,D-SINOS,2000,950,6.471149390681304e-05,5.6685156076215906e-05,8.026337830597136e-06,7.531559158630405e-07,0.0008678455599143435,0.003153724209140618
5194,D-SINOS,2000,951,6.469437687040977e-05,5.6645271809536234e-05,8.049105060873542e-06,7.583975045471886e-07,0.0008708602095326141,0.0031339820647259264
5195,D-SINOS,2000,952,6.466409970485108e-05,5.65959525455845e-05,8.068147159266582e-06,7.725767154987024e-07,0.0008789634324013158,0.003112783239964334
5196,D-SINOS,2000,953,6.463893392901382e-05,5.654311809988282e-05,8.095815829130996e-06,7.790005367855563e-07,0.0008826100706345676,0.003116362959377672
5197,D-SINOS,2000,954,6.45998661360832e-05,5.648763701332186e-05,8.112229122761325e-06,7.997777546951237e-07,0.0008943029434677734,0.003107738642818658
5198,D-SINOS,2000,955,6.455973665204185e-05,5.651329987380957e-05,8.046436778232278e-06,8.007529461844661e-07,0.000894848001721223,0.0031171482090679437
5199,D-SINOS,2000,956,6.450580081740388e-05,5.645346069901458e-05,8.052340118389304e-06,8.115447314254572e-07,0.0009008577753593834,0.003054967902367367
5200,D-SINOS,2000,957,6.446381566608816e-05,5.643700051100467e-05,8.026815155083495e-06,8.148684831537796e-07,0.0009027006608803272,0.0030047212598730555
5201,D-SINOS,2000,958,6.442752568765862e-05,5.641015097996537e-05,8.01737470769324e-06,7.986297918458295e-07,0.0008936608930941476,0.002960025407453881
5202,D-SINOS,2000,959,6.437716760509103e-05,5.6338789978092654e-05,8.03837762699837e-06,7.963813850706576e-07,0.0008924020310771696,0.0029470229244571433
5203,D-SINOS,2000,960,6.430454134840585e-05,5.6118099661608034e-05,8.186441686797823e-06,7.806723164984742e-07,0.0008835566289143408,0.0029477265332134017
5204,D-SINOS,2000,961,6.421988157416218e-05,5.596789676642758e-05,8.251984807734608e-06,7.812086414466709e-07,0.000883860080242722,0.00297917371762213
5205,D-SINOS,2000,962,6.414461443696471e-05,5.580717705528271e-05,8.337437381682008e-06,7.873588478413233e-07,0.0008873324336692101,0.003039650660587867
5206,D-SINOS,2000,963,6.402552155531276e-05,5.5599922514195684e-05,8.42559904111707e-06,7.994207867152677e-07,0.0008941033423018101,0.0030781694822574757
5207,D-SINOS,2000,964,6.391456174833827e-05,5.5431434561869086e-05,8.483127186469185e-06,8.063345103516628e-07,0.0008979613078254891,0.003088796809140759
5208,D-SINOS,2000,965,6.368114513457918e-05,5.511461089882346e-05,8.566534235755718e-06,8.284857906262363e-07,0.0009102119481891217,0.00303529910065381
5209,D-SINOS,2000,966,6.353347037099713e-05,5.470611815136334e-05,8.827352219633788e-06,7.489812597365318e-07,0.000865437033952518,0.002936826523894265
5210,D-SINOS,2000,967,6.330193702774372e-05,5.453669123776912e-05,8.7652457899746e-06,7.972052204514838e-07,0.0008928634948588075,0.0029130860941983805
5211,D-SINOS,2000,968,6.316302922330136e-05,5.4511893466871594e-05,8.651135756429766e-06,7.739433978133369e-07,0.000879740528686349,0.002920987038251166
5212,D-SINOS,2000,969,6.308744667463634e-05,5.436660248812301e-05,8.720844186513328e-06,8.05897768408511e-07,0.0008977180896074842,0.002897787078836256
5213,D-SINOS,2000,970,6.299848594708822e-05,5.4325351609275894e-05,8.673134337812324e-06,7.793572682581362e-07,0.0008828121364470111,0.00293504731306804
5214,D-SINOS,2000,971,6.285555906437766e-05,5.424094670087085e-05,8.614612363506803e-06,7.564451409763076e-07,0.0008697385474821198,0.0030040332708778372
5215,D-SINOS,2000,972,6.272391068413814e-05,5.412500272512977e-05,8.598907959008373e-06,7.671138777666011e-07,0.000875850374074591,0.0030804470856478083
5216,D-SINOS,2000,973,6.251411686381872e-05,5.397442516931191e-05,8.53969169450681e-06,8.173945069414278e-07,0.000904098726324414,0.0030784457239114715
5217,D-SINOS,2000,974,6.249159044788276e-05,5.3767565167679815e-05,8.724025280202946e-06,8.724894824879829e-07,0.0009340714547013964,0.003476693008625853
5218,D-SINOS,2000,975,6.236628497399151e-05,5.377110687104831e-05,8.595178102943199e-06,8.428268724006906e-07,0.0009180560290094993,0.0032821379215732804
5219,D-SINOS,2000,976,6.210520079474244e-05,5.355646994458477e-05,8.54873085015766e-06,9.045070792705409e-07,0.0009510557708518155,0.0031256443415084156
5220,D-SINOS,2000,977,6.188647486139475e-05,5.349394752952209e-05,8.39252733187266e-06,9.083824368708302e-07,0.0009530909908664703,0.0030546987335340337
5221,D-SINOS,2000,978,6.171983028682178e-05,5.332228794307309e-05,8.397542343748691e-06,8.261354973673622e-07,0.0009089199620249092,0.0029827381408984444
5222,D-SINOS,2000,979,6.152198269658509e-05,5.341295938162225e-05,8.10902331496284e-06,8.237935022886708e-07,0.0009076307081014121,0.002968993625337202
5223,D-SINOS,2000,980,6.141029402209042e-05,5.343433530956763e-05,7.975958712522782e-06,8.184450079844813e-07,0.000904679505672855,0.0029578042645221903
5224,D-SINOS,2000,981,6.124779534885778e-05,5.342642121225946e-05,7.821374136598323e-06,7.988237195188849e-07,0.0008937693883317357,0.0029051650410281127
5225,D-SINOS,2000,982,6.10926584594862e-05,5.3350921977636465e-05,7.74173648184974e-06,7.94492078361153e-07,0.0008913428511864292,0.0028760726281049642
5226,D-SINOS,2000,983,6.124144121026624e-05,5.314477763305887e-05,8.096663577207372e-06,9.366143960306386e-07,0.0009677884045754209,0.0028439890053055805
5227,D-SINOS,2000,984,6.1000731911423536e-05,5.3176785955469585e-05,7.823945955953952e-06,8.41940109652311e-07,0.0009175729451396826,0.0028334298395962243
5228,D-SINOS,2000,985,6.074210119636625e-05,5.2887587244878834e-05,7.854513951487419e-06,8.772661055608306e-07,0.0009366248478237328,0.002907134701628955
5229,D-SINOS,2000,986,6.045919538020676e-05,5.248923875028794e-05,7.969956629918826e-06,9.594127038164111e-07,0.0009794961479334214,0.002945038923171772
5230,D-SINOS,2000,987,6.0178561635970836e-05,5.201767738947744e-05,8.160884246493399e-06,1.1311917381879312e-06,0.0010635749800497994,0.002970537223753844
5231,D-SINOS,2000,988,6.004707750699868e-05,5.144112856758743e-05,8.605948939411248e-06,1.505037331981036e-06,0.0012267996299237444,0.002877006608439564
5232,D-SINOS,2000,989,5.9742118522962995e-05,5.137451249512437e-05,8.36760602783863e-06,1.3976466575473871e-06,0.0011822210696597261,0.002904687077533552
5233,D-SINOS,2000,990,5.953299185417861e-05,5.123596438877967e-05,8.297027465398935e-06,1.3010318259361675e-06,0.0011406278209548316,0.00286904691128953
5234,D-SINOS,2000,991,5.926985665801318e-05,5.103637632795304e-05,8.233480330060134e-06,1.1331184029796527e-06,0.0010644803441020659,0.002796718825524458
5235,D-SINOS,2000,992,5.9038386544925855e-05,5.074951602941866e-05,8.288870515507197e-06,1.0334842936878308e-06,0.0010166042955289097,0.0028692414222544205
5236,D-SINOS,2000,993,5.848546474544573e-05,4.9906178101459903e-05,8.579286643985822e-06,8.213544317424022e-07,0.0009062860650712898,0.0031718446837821768
5237,D-SINOS,2000,994,5.830070468152659e-05,4.929501612350537e-05,9.005688558021221e-06,7.161068629749091e-07,0.0008462309749559568,0.0033190148846774514
5238,D-SINOS,2000,995,5.755016690943301e-05,4.855647071294174e-05,8.993696196491263e-06,6.565094660289631e-07,0.000810252717384498,0.003463223084863576
5239,D-SINOS,2000,996,5.7119512127070426e-05,4.80174934382519e-05,9.102018688818524e-06,6.938354868404942e-07,0.000832967878636682,0.0034600037653066407
5240,D-SINOS,2000,997,5.683316465094004e-05,4.757592372746429e-05,9.25724092347575e-06,7.730141512091346e-07,0.0008792122333140814,0.003462166003208811
5241,D-SINOS,2000,998,5.658207133642015e-05,4.728336418621364e-05,9.298707150206516e-06,8.532920171721747e-07,0.000923738067404486,0.0034600591512786716
5242,D-SINOS,2000,999,5.620071045175867e-05,4.677420190458775e-05,9.426508547170923e-06,1.024323839886628e-06,0.0010120888497985876,0.003666027584273812
5243,D-SINOS,2000,1000,5.583177171597289e-05,4.6729223880491165e-05,9.102547835481723e-06,1.1765786336749662e-06,0.0010847020944365169,0.0036191069197299974
5244,D-SINOS,2000,1001,5.54918511003762e-05,4.653259432535851e-05,8.959256775017688e-06,1.1840552415145577e-06,0.00108814302438354,0.003829718126288073
5245,D-SINOS,2000,1002,5.522611310286706e-05,4.635758526148412e-05,8.868527841382938e-06,1.1443578163756137e-06,0.0010697466131638902,0.0039302929511825235
5246,D-SINOS,2000,1003,5.493261853302277e-05,4.625424384615859e-05,8.67837468686418e-06,1.0569456239940618e-06,0.001028078607886606,0.004007851974967225
5247,D-SINOS,2000,1004,5.464449508911741e-05,4.5946937296821256e-05,8.697557792296155e-06,9.717601337641883e-07,0.0009857789477180918,0.004046879145015003
5248,D-SINOS,2000,1005,5.4418458341473546e-05,4.5795561048229174e-05,8.622897293244372e-06,9.414402432103841e-07,0.0009702784359194963,0.003975081980915118
5249,D-SINOS,2000,1006,5.421846917852259e-05,4.567524949710363e-05,8.54321968141896e-06,9.640638933922396e-07,0.0009818675538952489,0.0037597291077304806
5250,D-SINOS,2000,1007,5.398656221051701e-05,4.56435598316088e-05,8.343002378908205e-06,9.001334221212672e-07,0.0009487536150767844,0.0036353330381392324
5251,D-SINOS,2000,1008,5.368681019769116e-05,4.5511627211670396e-05,8.175182986020762e-06,8.824638436647661e-07,0.0009393954671301997,0.00364510535266227
5252,D-SINOS,2000,1009,5.33010932565407e-05,4.526544263231672e-05,8.035650624223976e-06,9.244194589612228e-07,0.0009614673467992674,0.0035731802134528756
5253,D-SINOS,2000,1010,5.301038187917136e-05,4.51463001463108e-05,7.864081732860563e-06,9.777981914038211e-07,0.0009888367870401168,0.003760285442045319
5254,D-SINOS,2000,1011,5.273701207071308e-05,4.476130005570618e-05,7.975712015006901e-06,1.0137721456275716e-06,0.0010068625256844013,0.0037626347674345473
5255,D-SINOS,2000,1012,5.236141180414078e-05,4.438479583992785e-05,7.976615964212927e-06,1.0280318183519756e-06,0.001013919039347805,0.0036576621960542344
5256,D-SINOS,2000,1013,5.207678814155332e-05,4.406977041967745e-05,8.007017721875865e-06,1.065099012127961e-06,0.001032036342445343,0.003694879035258558
5257,D-SINOS,2000,1014,5.1876361108093354e-05,4.39591855772913e-05,7.917175530802056e-06,1.0378036252400728e-06,0.0010187264722387815,0.003359416736320231
5258,D-SINOS,2000,1015,5.1458545274807614e-05,4.393510814171548e-05,7.523437133092135e-06,1.0414943140941854e-06,0.001020536287495053,0.0033762652095762347
5259,D-SINOS,2000,1016,5.115285315896195e-05,4.373768445693164e-05,7.415168702030307e-06,1.0326417084556687e-06,0.0010161897994251216,0.0034433420937177717
5260,D-SINOS,2000,1017,5.071535733675763e-05,4.3407711557980655e-05,7.3076457787769765e-06,1.0081273502654979e-06,0.001004055451788146,0.003455292946730748
5261,D-SINOS,2000,1018,5.039945678246891e-05,4.258161709647606e-05,7.817839685992848e-06,1.0779629766808492e-06,0.0010382499586712485,0.00360736240862658
5262,D-SINOS,2000,1019,5.001437144985647e-05,4.222666053904712e-05,7.787710910809342e-06,1.055041177358078e-06,0.0010271519738374055,0.0036168584174427476
5263,D-SINOS,2000,1020,4.99516240337927e-05,4.234001568451317e-05,7.611608349279533e-06,1.0401366146137212e-06,0.0010198708813441636,0.003537515072140729
5264,D-SINOS,2000,1021,4.976356678055838e-05,4.192576049260471e-05,7.837806287953663e-06,1.0794474608438165e-06,0.0010389646100054692,0.0035585759225881253
5265,D-SINOS,2000,1022,4.9695136907650016e-05,4.1817219108831084e-05,7.877917798818933e-06,1.1046380521600053e-06,0.0010510176269501884,0.003623277031628347
5266,D-SINOS,2000,1023,4.955813405059693e-05,4.1786883086063025e-05,7.771250964533904e-06,1.1348327528336438e-06,0.0010652852917569283,0.0036790319372103086
5267,D-SINOS,2000,1024,4.9614311059684707e-05,4.199759772010819e-05,7.61671333957652e-06,1.265014881721204e-06,0.0011247288036327708,0.0038087587108152077
5268,D-SINOS,2000,1025,4.949203447199894e-05,4.183337083083875e-05,7.658663641160184e-06,1.1815026600497085e-06,0.0010869694844151368,0.0037336654573165706
5269,D-SINOS,2000,1026,4.938966488833812e-05,4.1842925926278105e-05,7.546738962060017e-06,1.1935297738196956e-06,0.0010924878826878107,0.0037722760998513127
5270,D-SINOS,2000,1027,4.921437352911144e-05,4.18589271316455e-05,7.355446397465936e-06,1.1899846736622832e-06,0.0010908641866255776,0.00380629263692589
5271,D-SINOS,2000,1028,4.9024452372662343e-05,4.171716848301517e-05,7.307283889647174e-06,1.1775996414569055e-06,0.0010851726320991078,0.003858304781196753
5272,D-SINOS,2000,1029,4.8739883756956866e-05,4.151153957959062e-05,7.228344177366246e-06,1.128958327758532e-06,0.001062524506897856,0.0038585795417750424
5273,D-SINOS,2000,1030,4.8472881875302587e-05,4.1144924304556516e-05,7.3279575707460726e-06,1.1846956496697198e-06,0.001088437251140239,0.00390154989447411
5274,D-SINOS,2000,1031,4.825420859896555e-05,4.102144057084588e-05,7.232768028119672e-06,1.081973665944686e-06,0.0010401796315755688,0.003814187749639819
5275,D-SINOS,2000,1032,4.8099279248157036e-05,4.081698349461254e-05,7.282295753544492e-06,1.1446096326665101e-06,0.0010698643057259693,0.003846816448428214
5276,D-SINOS,2000,1033,4.797765144869675e-05,4.0761180780120215e-05,7.2164706685765315e-06,1.2135101450301493e-06,0.0011015943650137963,0.0038279899451131305
5277,D-SINOS,2000,1034,4.7895455238015986e-05,4.061400930070008e-05,7.281445937315908e-06,1.275597314629037e-06,0.0011294234434564554,0.0038189895347837677
5278,D-SINOS,2000,1035,4.7831227068782454e-05,4.051082354191788e-05,7.320403526864578e-06,1.3047242301627e-06,0.0011422452583235792,0.00406405680767441
5279,D-SINOS,2000,1036,4.7619298207317644e-05,4.044403253505084e-05,7.175265672266804e-06,1.341677001371886e-06,0.0011583078180569645,0.003938093289323041
5280,D-SINOS,2000,1037,4.752367909408367e-05,4.0375913263582446e-05,7.147765830501223e-06,1.3744171349601654e-06,0.0011723553791236536,0.0038780734980748965
5281,D-SINOS,2000,1038,4.7438262377793424e-05,4.039168491698641e-05,7.046577460807018e-06,1.3680393084439612e-06,0.0011696321252615974,0.0038694798600616975
5282,D-SINOS,2000,1039,4.737338049657817e-05,4.028743427536111e-05,7.085946221217059e-06,1.3944809928308263e-06,0.0011808814474073281,0.003988138252482343
5283,D-SINOS,2000,1040,4.7312291314804335e-05,4.033935006474929e-05,6.972941250055044e-06,1.3998317234104672e-06,0.00118314484464518,0.003912248199271384
5284,D-SINOS,2000,1041,4.7272018335563805e-05,4.0365004227037507e-05,6.9070141085262955e-06,1.3978048348587516e-06,0.0011822879661312431,0.003905894296932444
5285,D-SINOS,2000,1042,4.7226012534043544e-05,4.0421826320579566e-05,6.804186213463982e-06,1.4283230854603628e-06,0.0011951247154420174,0.003858866733030042
5286,D-SINOS,2000,1043,4.7256812662723434e-05,4.056207000853308e-05,6.694742654190352e-06,1.424882160777898e-06,0.0011936842801921696,0.003792073426190923
5287,D-SINOS,2000,1044,4.721298872333489e-05,4.045798237700536e-05,6.755006346329528e-06,1.4264187811121618e-06,0.0011943277528016177,0.003835440913217636
5288,D-SINOS,2000,1045,4.718282767235823e-05,4.0490896493402084e-05,6.691931178956151e-06,1.4756379445850767e-06,0.0012147583893865794,0.0038028066456755605
5289,D-SINOS,2000,1046,4.7161461422064475e-05,4.046972612693455e-05,6.691735295129923e-06,1.4887762453195008e-06,0.0012201541891578706,0.003784458619590536
5290,D-SINOS,2000,1047,4.7125668137278997e-05,4.040346239001246e-05,6.722205747266535e-06,1.4950863566437213e-06,0.0012227372394115268,0.0037595274165815873
5291,D-SINOS,2000,1048,4.709112598295897e-05,4.033427238311885e-05,6.756853599840118e-06,1.5116364242326298e-06,0.0012294862440192773,0.0037402020161726446
5292,D-SINOS,2000,1049,4.7072308588909863e-05,4.024014544942099e-05,6.832163139488876e-06,1.5157939322882347e-06,0.0012311758332132071,0.003635501610538161
5293,D-SINOS,2000,1050,4.704515897358448e-05,4.023816019668493e-05,6.806998776899557e-06,1.5253875319011757e-06,0.0012350658006362153,0.0036483774158758697
5294,D-SINOS,2000,1051,4.7036595028894987e-05,4.0255526669011815e-05,6.781068359883172e-06,1.5300795650322237e-06,0.0012369638495252089,0.0036507690748346366
5295,D-SINOS,2000,1052,4.70184251023968e-05,4.026982448273874e-05,6.748600619658063e-06,1.532328445885639e-06,0.0012378725483205607,0.003643363076678341
5296,D-SINOS,2000,1053,4.698677273899264e-05,4.0276995407740296e-05,6.709777331252343e-06,1.5452817881991534e-06,0.0012430936361349267,0.003633320917569849
5297,D-SINOS,2000,1054,4.694513493977304e-05,4.022159490766696e-05,6.723540032106083e-06,1.5534193254593298e-06,0.0012463624374391784,0.0036501583214920696
5298,D-SINOS,2000,1055,4.688590801637281e-05,4.0157794459435374e-05,6.728113556937432e-06,1.5714324696760522e-06,0.0012535678959179086,0.0036022922610495778
5299,D-SINOS,2000,1056,4.682304923963421e-05,4.0049025406668044e-05,6.774023832966168e-06,1.5692608849240053e-06,0.0012527014348694605,0.0035903176556667526
5300,D-SINOS,2000,1057,4.677566776643337e-05,3.99497521456198e-05,6.82591562081357e-06,1.526814905456152e-06,0.0012356435187610348,0.003566212465971552
5301,D-SINOS,2000,1058,4.671977554616368e-05,3.989008852924001e-05,6.829687016923671e-06,1.5054448863021178e-06,0.0012269657233607294,0.003569371163016921
5302,D-SINOS,2000,1059,4.6683061357086146e-05,3.979912266976923e-05,6.883938687316914e-06,1.402956963664367e-06,0.0011844648427304066,0.0036709828954114565
5303,D-SINOS,2000,1060,4.66356382256711e-05,3.982235722097189e-05,6.813281004699208e-06,1.4183133398442842e-06,0.0011909296116245846,0.0036500733544040376
5304,D-SINOS,2000,1061,4.659891610050192e-05,3.987600249567242e-05,6.722913604829499e-06,1.4378577214636892e-06,0.001199107051711268,0.003646604230903683
5305,D-SINOS,2000,1062,4.658088977920307e-05,3.988975184104548e-05,6.691137938157584e-06,1.442592370664182e-06,0.001201079668741496,0.0036401064740376743
5306,D-SINOS,2000,1063,4.6546591495707575e-05,3.987402294061644e-05,6.672568555091138e-06,1.4276449968518912e-06,0.0011948409922880497,0.0036782750855497426
5307,D-SINOS,2000,1064,4.652109461412487e-05,3.983832024630683e-05,6.682774367818036e-06,1.4545841877066075e-06,0.0012060614361244651,0.0036647369250243367
5308,D-SINOS,2000,1065,4.649676680997411e-05,3.9782328412377425e-05,6.714438397596685e-06,1.4088943794104872e-06,0.001186968567153523,0.0036988732912033306
5309,D-SINOS,2000,1066,4.6464879372227726e-05,3.971750937242152e-05,6.7473699998062035e-06,1.3654684513802732e-06,0.0011685326060407015,0.003718089417359405
5310,D-SINOS,2000,1067,4.6416187739537435e-05,3.965916411989435e-05,6.757023619643081e-06,1.3059777198722076e-06,0.001142793822118499,0.0037454637121321355
5311,D-SINOS,2000,1068,4.6360790931992945e-05,3.959293444135059e-05,6.767856490642357e-06,1.268026389518774e-06,0.0011260667784455654,0.003736404343777977
5312,D-SINOS,2000,1069,4.631265873486409e-05,3.957761402469993e-05,6.7350447101641555e-06,1.2411831420265114e-06,0.0011140839923571792,0.0037468602215471325
5313,D-SINOS,2000,1070,4.627120589151835e-05,3.957316398064036e-05,6.698041910877988e-06,1.2081937360481255e-06,0.0010991786642980865,0.0037526275104280415
5314,D-SINOS,2000,1071,4.62466981959649e-05,3.956312485733935e-05,6.683573338625547e-06,1.2056077029745884e-06,0.0010980016862348566,0.003756620579679848
5315,D-SINOS,2000,1072,4.621938148088141e-05,3.9528579848777844e-05,6.6908016321035646e-06,1.1994187534742254e-06,0.0010951797813483527,0.003767265296109268
5316,D-SINOS,2000,1073,4.620879006579288e-05,3.941632161968926e-05,6.792468446103624e-06,1.2151149106627469e-06,0.0011023225075551832,0.0038204484477876166
5317,D-SINOS,2000,1074,4.618594683803837e-05,3.940930131945001e-05,6.776645518588363e-06,1.202092955703079e-06,0.001096399998040441,0.003811917439373591
5318,D-SINOS,2000,1075,4.61731817773208e-05,3.939833332949739e-05,6.7748484478234134e-06,1.1920303328315194e-06,0.0010918014163901417,0.0038276410549665796
5319,D-SINOS,2000,1076,4.6154466682773784e-05,3.934099457198922e-05,6.813472110784567e-06,1.1870038995371818e-06,0.0010894970856028857,0.0038751860506818225
5320,D-SINOS,2000,1077,4.614069307359175e-05,3.932403007372672e-05,6.816662999865033e-06,1.1776369285815545e-06,0.0010851898122363453,0.003907009387597582
5321,D-SINOS,2000,1078,4.612539572761974e-05,3.92831021464801e-05,6.8422935811396385e-06,1.1831669133667736e-06,0.001087734762415348,0.0039354816230599
5322,D-SINOS,2000,1079,4.609863705677596e-05,3.918937246577684e-05,6.909264590999118e-06,1.1852544198209581e-06,0.001088693905476171,0.003995341032815736
5323,D-SINOS,2000,1080,4.607479530808476e-05,3.920418150707984e-05,6.870613801004923e-06,1.221823181204711e-06,0.0011053611089615516,0.004006427393854706
5324,D-SINOS,2000,1081,4.6046058677814065e-05,3.917840046282552e-05,6.867658214988542e-06,1.2116535980814217e-06,0.001100751378868735,0.0039927526581335915
5325,D-SINOS,2000,1082,4.596437414723451e-05,3.914257520665832e-05,6.8217989405761955e-06,1.1896555452641527e-06,0.0010907133194676558,0.0039266146421809145
5326,D-SINOS,2000,1083,4.591121633084675e-05,3.9082037150176865e-05,6.829179180669888e-06,1.181470584913236e-06,0.001086954729928177,0.00390814254367311
5327,D-SINOS,2000,1084,4.579963326893142e-05,3.9037101553489534e-05,6.762531715441886e-06,1.1584952882761328e-06,0.0010763341898667592,0.0038789557957187304
5328,D-SINOS,2000,1085,4.5793476874636276e-05,3.904263020413323e-05,6.750846670503042e-06,1.1466131798587936e-06,0.001070800252081962,0.003582012484427799
5329,D-SINOS,2000,1086,4.573391547592596e-05,3.899401762391172e-05,6.739897852014236e-06,1.14565153915003e-06,0.0010703511289058513,0.0037284267029941143
5330,D-SINOS,2000,1087,4.5636299734146935e-05,3.90000593412442e-05,6.6362403929027365e-06,1.1146169340803088e-06,0.0010557542015451839,0.0037232700147025177
5331,D-SINOS,2000,1088,4.555899035989345e-05,3.902929174269562e-05,6.529698617197827e-06,1.0707311577117912e-06,0.0010347614013441898,0.003691495374122278
5332,D-SINOS,2000,1089,4.553691922578386e-05,3.908541795623707e-05,6.451501269546789e-06,1.049944422731497e-06,0.001024667957306901,0.003653371471973199
5333,D-SINOS,2000,1090,4.548927330030863e-05,3.907180712756653e-05,6.417466172742103e-06,1.0328507899389542e-06,0.001016292669430885,0.0036466034866805552
5334,D-SINOS,2000,1091,4.543882922062266e-05,3.9008458085341235e-05,6.43037113528143e-06,1.0292616709048668e-06,0.001014525342662699,0.0036147070477487997
5335,D-SINOS,2000,1092,4.534194114615625e-05,3.903131570520192e-05,6.3106254409543285e-06,1.0411073370258535e-06,0.0010203466749227213,0.0034983995166183446
5336,D-SINOS,2000,1093,4.528013569046238e-05,3.886840106865662e-05,6.411734621805761e-06,1.0385135687938871e-06,0.0010190748592688798,0.003541289825663485
5337,D-SINOS,2000,1094,4.523186908744317e-05,3.892776001785274e-05,6.304109069590432e-06,1.0426339798738035e-06,0.001021094500951701,0.003516479260144756
5338,D-SINOS,2000,1095,4.517398289105848e-05,3.8981987390530366e-05,6.191995500528117e-06,1.057759116700322e-06,0.0010284741691945023,0.0034943681695115414
5339,D-SINOS,2000,1096,4.51219362676374e-05,3.897457288553419e-05,6.147363382103209e-06,1.0724143219441096e-06,0.001035574392279043,0.0034970229959789823
5340,D-SINOS,2000,1097,4.499073915719079e-05,3.889194544594606e-05,6.09879371124473e-06,1.1054949540124967e-06,0.0010514252013398273,0.0035170308454762766
5341,D-SINOS,2000,1098,4.4808443068935045e-05,3.871105301292718e-05,6.097390056007863e-06,1.13751202754752e-06,0.0010665420889714198,0.003567268922847533
5342,D-SINOS,2000,1099,4.4691429614634736e-05,3.861338699336556e-05,6.078042621269177e-06,1.1302169768158163e-06,0.0010631166336841017,0.0033696206641844473
5343,D-SINOS,2000,1100,4.452861737906797e-05,3.847314491655181e-05,6.0554724625161575e-06,1.11812644274319e-06,0.0010574149813309768,0.0034492514344049985
5344,D-SINOS,2000,1101,4.4481650331285856e-05,3.842521771979341e-05,6.056432611492441e-06,1.0912240199386984e-06,0.0010446166856501473,0.0034545088197698304
5345,D-SINOS,2000,1102,4.44439665123808e-05,3.840971798425693e-05,6.0342485281238655e-06,1.0627493158075196e-06,0.0010308973352412545,0.0034073734196610195
5346,D-SINOS,2000,1103,4.4407434256754596e-05,3.8380429711524564e-05,6.027004545230035e-06,1.0400617167176534e-06,0.0010198341613800027,0.0033255396622957623
5347,D-SINOS,2000,1104,4.436632753823883e-05,3.837117571383666e-05,5.99515182440217e-06,1.0380858065410148e-06,0.0010188649599142247,0.003284545641353387
5348,D-SINOS,2000,1105,4.4300338021621116e-05,3.8330985314952364e-05,5.9693527066687504e-06,1.0524783389638228e-06,0.0010259036694367668,0.0032609290559790782
5349,D-SINOS,2000,1106,4.4296319745893713e-05,3.836885246587745e-05,5.927467280016262e-06,1.1005363464217358e-06,0.0010490645101335456,0.0031158063427042526
5350,D-SINOS,2000,1107,4.4273413656799916e-05,3.833328772035214e-05,5.940125936447776e-06,1.0748655435469335e-06,0.0010367572249793747,0.0031860368759063507
5351,D-SINOS,2000,1108,4.425110464741468e-05,3.8310634599219464e-05,5.940470048195222e-06,1.0835379817523172e-06,0.0010409313050111987,0.0032074304322682323
5352,D-SINOS,2000,1109,4.421173363311411e-05,3.828190237529318e-05,5.929831257820929e-06,1.0982354018274848e-06,0.0010479672713532063,0.0032439991470899487
5353,D-SINOS,2000,1110,4.4158584647940574e-05,3.8244638567013484e-05,5.91394608092709e-06,1.1021720946714293e-06,0.0010498438429935326,0.003245747636143159
5354,D-SINOS,2000,1111,4.4086647407868625e-05,3.824206734679016e-05,5.844580061078463e-06,1.0948857207470513e-06,0.0010463678706588097,0.003359757982828504
5355,D-SINOS,2000,1112,4.397285775103649e-05,3.8113654710736044e-05,5.8592030403004466e-06,1.0681051936205449e-06,0.0010334917482111529,0.0032788209225914633
5356,D-SINOS,2000,1113,4.3829038423352224e-05,3.7960578783567395e-05,5.8684596397848315e-06,1.0326627748173952e-06,0.0010162001647398976,0.0032117294404755414
5357,D-SINOS,2000,1114,4.356487090123593e-05,3.761057575345095e-05,5.95429514778498e-06,9.477507607445365e-07,0.0009735249153178036,0.0031463053222564596
5358,D-SINOS,2000,1115,4.336357202876358e-05,3.734551290873068e-05,6.0180591200328996e-06,9.181808667610035e-07,0.0009582175466776861,0.0031626715284016615
5359,D-SINOS,2000,1116,4.310568710099763e-05,3.700128218993393e-05,6.104404911063696e-06,8.719886946059319e-07,0.0009338033490012402,0.0032682155754079067
5360,D-SINOS,2000,1117,4.2914241491107204e-05,3.683222117148629e-05,6.08202031962091e-06,8.782386543521776e-07,0.0009371438813502319,0.0032015132381270073
5361,D-SINOS,2000,1118,4.273615865394188e-05,3.662304944194605e-05,6.113109211995823e-06,8.94508251237821e-07,0.0009457844634153285,0.003165827723929371
5362,D-SINOS,2000,1119,4.2515897347278686e-05,3.636024432584153e-05,6.155653021437151e-06,8.88068631142498e-07,0.0009423739338195311,0.0031452040563845207
5363,D-SINOS,2000,1120,4.227727086334636e-05,3.618249736388291e-05,6.094773499463456e-06,8.423939078240356e-07,0.0009178201936240211,0.003154516671613705
5364,D-SINOS,2000,1121,4.2039151664652125e-05,3.6273124190135175e-05,5.766027474516951e-06,7.567719632739006e-07,0.0008699264125625228,0.003246067551214593
5365,D-SINOS,2000,1122,4.189214833895298e-05,3.627785184705229e-05,5.614296491900688e-06,7.323631939056254e-07,0.0008557822117254047,0.0032283081465187546
5366,D-SINOS,2000,1123,4.180333285873451e-05,3.633212812203987e-05,5.4712047366946395e-06,7.418578486034386e-07,0.0008613117023490616,0.0032506017034186208
5367,D-SINOS,2000,1124,4.1710657574233596e-05,3.6373275531215254e-05,5.3373820430183435e-06,8.027522621469276e-07,0.0008959644312956445,0.003249772726322986
5368,D-SINOS,2000,1125,4.165596830941709e-05,3.6393044657831654e-05,5.262923651585439e-06,8.812001722341277e-07,0.0009387226279546731,0.003230186564395665
5369,D-SINOS,2000,1126,4.161443540619976e-05,3.641257142644496e-05,5.2018639797548e-06,9.379484410820719e-07,0.0009684773828448819,0.003215972303109438
5370,D-SINOS,2000,1127,4.1581911631299476e-05,3.6268331727722324e-05,5.31357990357715e-06,9.860862656822459e-07,0.0009930187640131711,0.0032077224675476357
5371,D-SINOS,2000,1128,4.15370291264389e-05,3.6244466529614576e-05,5.292562596824318e-06,1.0212356646605811e-06,0.0010105620538396348,0.0031906878105387726
5372,D-SINOS,2000,1129,4.147042607947123e-05,3.616941500234647e-05,5.301011077124758e-06,1.0007241705398831e-06,0.0010003620197407952,0.0031172929947569372
5373,D-SINOS,2000,1130,4.141517441284069e-05,3.605774828690165e-05,5.357426125939045e-06,9.403420331976804e-07,0.0009697123455941356,0.003048073776280913
5374,D-SINOS,2000,1131,4.139073879563901e-05,3.6027369852027435e-05,5.36336894361157e-06,9.271655764945337e-07,0.0009628943745263723,0.0030195851227039494
5375,D-SINOS,2000,1132,4.135861255243697e-05,3.599348973553072e-05,5.365122816906251e-06,8.871044568387957e-07,0.0009418622281622698,0.0029749075579510453
5376,D-SINOS,2000,1133,4.130547481617439e-05,3.5938530948761134e-05,5.366943867413253e-06,8.397746885928606e-07,0.0009163922132978109,0.0029471787087104184
5377,D-SINOS,2000,1134,4.1293376698661365e-05,3.588226217298317e-05,5.4111145256781945e-06,7.212929832080067e-07,0.0008492896933367357,0.002940633349081123
5378,D-SINOS,2000,1135,4.122886547563236e-05,3.5807134033870474e-05,5.421731441761891e-06,7.210920983701048e-07,0.0008491714187195096,0.002976216253276598
5379,D-SINOS,2000,1136,4.119555417075851e-05,3.579122218806226e-05,5.404331982696256e-06,7.542278727587179e-07,0.0008684629368940956,0.002991848795377283
5380,D-SINOS,2000,1137,4.115263149372035e-05,3.5745436587669355e-05,5.407194906050991e-06,7.584459454803786e-07,0.0008708880212061586,0.0030355891203143193
5381,D-SINOS,2000,1138,4.1078844591244275e-05,3.567293529301153e-05,5.405909298232743e-06,7.381560426253842e-07,0.0008591600797438067,0.003074499022903243
5382,D-SINOS,2000,1139,4.098970460828704e-05,3.561044775428767e-05,5.3792568539993654e-06,7.128586407993549e-07,0.0008443095645551783,0.0030833762377584506
5383,D-SINOS,2000,1140,4.0942821049835774e-05,3.5641610352096304e-05,5.301210697739467e-06,6.992561496459345e-07,0.0008362153727634612,0.002912003718878342
5384,D-SINOS,2000,1141,4.085920157192546e-05,3.555198850834523e-05,5.3072130635802254e-06,6.72997028203268e-07,0.0008203639608145082,0.0029380814064930982
5385,D-SINOS,2000,1142,4.083523657659586e-05,3.5536904545628036e-05,5.298332030967827e-06,6.674405806935207e-07,0.0008169703670840949,0.002897260814068492
5386,D-SINOS,2000,1143,4.0809121103948676e-05,3.551102546643855e-05,5.29809563751013e-06,6.705242689030812e-07,0.0008188554627668312,0.0028697820032256294
5387,D-SINOS,2000,1144,4.078532139398639e-05,3.5470445483870866e-05,5.314875910115528e-06,6.711982125311778e-07,0.0008192668750359542,0.002849761536873441
5388,D-SINOS,2000,1145,4.075593251479124e-05,3.538675322813273e-05,5.3691792866585146e-06,6.801468782052396e-07,0.0008247101783082585,0.002926457691328044
5389,D-SINOS,2000,1146,4.07336413488382e-05,3.532036589722485e-05,5.413275451613347e-06,6.731110964288154e-07,0.0008204334808068326,0.002896583132915964
5390,D-SINOS,2000,1147,4.0719003031361675e-05,3.527866761827319e-05,5.4403354130884885e-06,6.671498709425275e-07,0.0008167924283087641,0.0029539421729729565
5391,D-SINOS,2000,1148,4.071334646261784e-05,3.5257249904608805e-05,5.456096558009033e-06,6.632900908773258e-07,0.0008144262341534228,0.0029881143705109414
5392,D-SINOS,2000,1149,4.070889303711214e-05,3.523945854365192e-05,5.4694344934602194e-06,6.644198262609115e-07,0.0008151195165501262,0.003000465503601335
5393,D-SINOS,2000,1150,4.069381737470998e-05,3.519556802830865e-05,5.49824934640133e-06,6.693240599857376e-07,0.000818122276915705,0.0030157310547608285
5394,D-SINOS,2000,1151,4.069740786883897e-05,3.520440186174994e-05,5.493006007089031e-06,7.045955389980457e-07,0.0008394018936111865,0.0030630638146137423
5395,D-SINOS,2000,1152,4.0684049403724755e-05,3.519322817942159e-05,5.49082122430316e-06,6.849249950209412e-07,0.0008276019544569365,0.0030375188655245022
5396,D-SINOS,2000,1153,4.0667652673408336e-05,3.517595299654116e-05,5.491699676867176e-06,6.853380707807697e-07,0.000827851478696976,0.003008739955704942
5397,D-SINOS,2000,1154,4.064604971881166e-05,3.513616142650928e-05,5.509888292302375e-06,7.124263440415228e-07,0.0008440535196547212,0.002981747116545308
5398,D-SINOS,2000,1155,4.062310934204787e-05,3.515024153232023e-05,5.472867809727639e-06,7.058686059895777e-07,0.0008401598693043948,0.0029350111140890034
5399,D-SINOS,2000,1156,4.060528813768516e-05,3.5142368871520646e-05,5.462919266164514e-06,7.124956500414201e-07,0.0008440945741096907,0.002928637616211871
5400,D-SINOS,2000,1157,4.057871263061469e-05,3.513286933106371e-05,5.445843299550985e-06,7.201921750542423e-07,0.0008486413701053244,0.0029292977812931387
5401,D-SINOS,2000,1158,4.055500194384936e-05,3.5109817712107436e-05,5.4451842317419255e-06,7.188151311841693e-07,0.0008478296592972961,0.002911515017694155
5402,D-SINOS,2000,1159,4.053269376283242e-05,3.5079476388410634e-05,5.45321737442178e-06,7.202695298529538e-07,0.0008486869445519672,0.002918936960725649
5403,D-SINOS,2000,1160,4.051461419525805e-05,3.50433227193997e-05,5.4712914758583435e-06,7.092298202917111e-07,0.0008421578357360995,0.0028978134485444507
5404,D-SINOS,2000,1161,4.0494432915702895e-05,3.495826183153642e-05,5.536171084166474e-06,7.159074939669234e-07,0.0008461131685341645,0.002862638141824747
5405,D-SINOS,2000,1162,4.0456589753725415e-05,3.491502568977156e-05,5.541564063953857e-06,7.069692663084398e-07,0.0008408146444421861,0.0028428967779713377
5406,D-SINOS,2000,1163,4.0418957897847046e-05,3.489345809776834e-05,5.525499800078702e-06,7.155273898842705e-07,0.0008458885209554924,0.002855302609929833
5407,D-SINOS,2000,1164,4.0382807597218436e-05,3.485862954662909e-05,5.524178050589344e-06,7.354054790775408e-07,0.000857557857568538,0.00290209621730686
5408,D-SINOS,2000,1165,4.036384686520121e-05,3.4793820550687026e-05,5.570026314514186e-06,7.841330008265434e-07,0.0008855128462233303,0.002902303519107252
5409,D-SINOS,2000,1166,4.033833354730946e-05,3.4777803926432026e-05,5.560529620877434e-06,7.852047742049103e-07,0.0008861178105674833,0.0029430890639478013
5410,D-SINOS,2000,1167,4.02942642727637e-05,3.4705523714874745e-05,5.588740557888949e-06,7.986904932475357e-07,0.0008936948546609943,0.0029943802298177946
5411,D-SINOS,2000,1168,4.025458713860843e-05,3.463441105628868e-05,5.620176082319748e-06,8.135875163182124e-07,0.0009019908626578279,0.0030181032143280495
5412,D-SINOS,2000,1169,4.018843557296141e-05,3.45636123665781e-05,5.624823206383309e-06,8.445832606143803e-07,0.0009190121112446671,0.002981845802782379
5413,D-SINOS,2000,1170,4.0151827712524174e-05,3.432341521506529e-05,5.8284124974588825e-06,9.305414605699365e-07,0.0009646457694770326,0.00305433319860704
5414,D-SINOS,2000,1171,4.006690455158916e-05,3.4348690489914754e-05,5.718214061674406e-06,9.217993014463621e-07,0.0009601037972252595,0.003017651990280368
5415,D-SINOS,2000,1172,4.000660916586991e-05,3.4343094285146754e-05,5.663514880723157e-06,9.185464431392004e-07,0.0009584082862429771,0.002979228167103831
5416,D-SINOS,2000,1173,3.99669502035399e-05,3.431298871342445e-05,5.653961490115446e-06,9.42854799046241e-07,0.0009710071055590895,0.0029280873741732716
5417,D-SINOS,2000,1174,3.994197526177405e-05,3.423166144919541e-05,5.710313812578641e-06,9.787919851594413e-07,0.0009893391658877362,0.002940371515305462
5418,D-SINOS,2000,1175,3.991393482707069e-05,3.423258626155662e-05,5.6813485655140685e-06,9.229474961060404e-07,0.0009607015645381454,0.002923564601634454
5419,D-SINOS,2000,1176,3.990146415716543e-05,3.4198453387018406e-05,5.7030107701470265e-06,9.259690190312864e-07,0.0009622728402232324,0.0029093235224212366
5420,D-SINOS,2000,1177,3.988572082380987e-05,3.418699041417211e-05,5.6987304096377614e-06,9.111813633265727e-07,0.000954558203215798,0.0028903435091623964
5421,D-SINOS,2000,1178,3.986658373804283e-05,3.420115986211754e-05,5.665423875925288e-06,8.909922368851586e-07,0.0009439238512110807,0.002847067873552378
5422,D-SINOS,2000,1179,3.985721536007653e-05,3.423331661489561e-05,5.623898745180914e-06,8.958909677980856e-07,0.0009465151704003933,0.0028178731667202195
5423,D-SINOS,2000,1180,3.9844120708819574e-05,3.425535307391271e-05,5.588767634906864e-06,8.801478835547618e-07,0.0009381619708529875,0.0027902137637736413
5424,D-SINOS,2000,1181,3.983367492380939e-05,3.428383692310055e-05,5.549838000708842e-06,8.83204791500157e-07,0.0009397897592015764,0.0027803610895432707
5425,D-SINOS,2000,1182,3.9823280462837445e-05,3.432962293009941e-05,5.493657532738034e-06,8.861634506651597e-07,0.0009413625500651488,0.0027489917290008936
5426,D-SINOS,2000,1183,3.98090593831898e-05,3.436961460927121e-05,5.439444773918591e-06,9.036657011507067e-07,0.0009506133289359594,0.0027346328477418913
5427,D-SINOS,2000,1184,3.978151269509382e-05,3.445827136035925e-05,5.3232413347345685e-06,8.567026353563797e-07,0.0009255823223011445,0.0026231771441458385
5428,D-SINOS,2000,1185,3.974495088788662e-05,3.4451472418900744e-05,5.2934784689858824e-06,8.957786297184222e-07,0.0009464558255504702,0.0026537466819007705
5429,D-SINOS,2000,1186,3.97133004696289e-05,3.437972717382332e-05,5.333573295805583e-06,8.618684161241523e-07,0.0009283686854499953,0.0026434588307140405
5430,D-SINOS,2000,1187,3.968619217503298e-05,3.4317143406405244e-05,5.369048768627736e-06,8.792840621074019e-07,0.000937701478140779,0.0026232209483968427
5431,D-SINOS,2000,1188,3.967504716141988e-05,3.430965059842582e-05,5.365396562994056e-06,8.703222519242574e-07,0.0009329106344791324,0.0026109936125293665
5432,D-SINOS,2000,1189,3.9655306758280384e-05,3.428032584149181e-05,5.374980916788569e-06,8.637958209160817e-07,0.0009294061657402977,0.0025821481383191403
5433,D-SINOS,2000,1190,3.9635318046181563e-05,3.424759534726427e-05,5.387722698917291e-06,8.647441234196392e-07,0.0009299161916106414,0.0025792523696380742
5434,D-SINOS,2000,1191,3.960511477520699e-05,3.418327548490879e-05,5.421839290298197e-06,8.668801976026267e-07,0.0009310640136975689,0.002569356645400589
5435,D-SINOS,2000,1192,3.95636234098271e-05,3.408758751540578e-05,5.4760358944213165e-06,8.670058754520049e-07,0.0009311315027706907,0.0025240913640648677
5436,D-SINOS,2000,1193,3.9527247560534765e-05,3.402385400323446e-05,5.503393557300309e-06,8.746549722477958e-07,0.0009352299034182963,0.002538511775861285
5437,D-SINOS,2000,1194,3.950654895073962e-05,3.402200257440043e-05,5.484546376339187e-06,8.714398335324518e-07,0.0009335094180202211,0.002536716212631185
5438,D-SINOS,2000,1195,3.949149486632732e-05,3.405176651500171e-05,5.43972835132561e-06,8.802233014574158e-07,0.000938202164491969,0.0025507308402249115
5439,D-SINOS,2000,1196,3.94771847966687e-05,3.4070529109429085e-05,5.406655687239611e-06,8.775571018615796e-07,0.0009367801779828497,0.00254685720969635
5440,D-SINOS,2000,1197,3.9428976298347365e-05,3.412730741753519e-05,5.3016688808121786e-06,8.782205929160268e-07,0.0009371342448742479,0.0025525450619376597
5441,D-SINOS,2000,1198,3.939394661784399e-05,3.4125444148407346e-05,5.26850246943664e-06,8.84837253197789e-07,0.0009406578831848426,0.002566494001249385
5442,D-SINOS,2000,1199,3.935140716383796e-05,3.412292026019476e-05,5.228486903643204e-06,8.814922206286353e-07,0.0009388781713452685,0.002568729307453853
5443,D-SINOS,2000,1200,3.9306866910134654e-05,3.402420711029342e-05,5.282659799841234e-06,9.163405141848962e-07,0.0009572567650243566,0.0025939697792433103
5444,D-SINOS,2000,1201,3.925707880795358e-05,3.394951454660901e-05,5.307564261344563e-06,9.173686600036378e-07,0.0009577936416596415,0.0025862060445445145
5445,D-SINOS,2000,1202,3.919132154010143e-05,3.3790467548445435e-05,5.40085399165599e-06,9.216103913554284e-07,0.0009600054121490296,0.002560160816373891
5446,D-SINOS,2000,1203,3.917419075011002e-05,3.373524867771182e-05,5.438942072398201e-06,9.239662443990352e-07,0.0009612316289006699,0.0025567316163181975
5447,D-SINOS,2000,1204,3.915115116780526e-05,3.3713491036507856e-05,5.4376601312974025e-06,9.467979044384631e-07,0.0009730354075975154,0.002570867380065067
5448,D-SINOS,2000,1205,3.912781512285139e-05,3.363068578537642e-05,5.497129337474971e-06,9.730163671339219e-07,0.00098641591995158,0.002623244696890459
5449,D-SINOS,2000,1206,3.910374076431221e-05,3.365130117048503e-05,5.452439593827184e-06,9.843692929401153e-07,0.0009921538655572105,0.0026551554898315566
5450,D-SINOS,2000,1207,3.9078748581591274e-05,3.36433395561726e-05,5.435409025418678e-06,1.0314141094100563e-06,0.0010155855992529908,0.0027322622536784247
5451,D-SINOS,2000,1208,3.904359298977737e-05,3.3597182936007424e-05,5.446410053769943e-06,1.0658008950997703e-06,0.0010323763340467323,0.002766142214355921
5452,D-SINOS,2000,1209,3.908520802757851e-05,3.3570262774038625e-05,5.514945253539884e-06,1.1293064496284327e-06,0.0010626883125490901,0.0028214225185388964
5453,D-SINOS,2000,1210,3.902483382011768e-05,3.3567822948106896e-05,5.457010872010783e-06,1.0877915023746101e-06,0.00104297243605697,0.0027855636456644295
5454,D-SINOS,2000,1211,3.899904702332931e-05,3.347767254064338e-05,5.52137448268593e-06,1.080253636856984e-06,0.0010393525084671628,0.002761200837514105
5455,D-SINOS,2000,1212,3.898308664475825e-05,3.339912017802237e-05,5.583966466735882e-06,1.0427862479490057e-06,0.0010211690594358045,0.0026994260452325725
5456,D-SINOS,2000,1213,3.8968975117008255e-05,3.33459714045213e-05,5.623003712486952e-06,1.0038996503702381e-06,0.0010019479279734242,0.0026379665577885014
5457,D-SINOS,2000,1214,3.893728953546173e-05,3.3248647475710455e-05,5.6886420597512744e-06,9.339705486429002e-07,0.0009664215170632844,0.002522799357539296
5458,D-SINOS,2000,1215,3.8902384932571794e-05,3.31515388430502e-05,5.750846089521594e-06,8.177271803652104e-07,0.0009042826883033924,0.0025352297372058796
5459,D-SINOS,2000,1216,3.884399756711338e-05,3.305001472933917e-05,5.793982837774213e-06,7.845296849638518e-07,0.0008857368034375966,0.0025809215790562057
5460,D-SINOS,2000,1217,3.876871856118579e-05,3.2943263954635993e-05,5.8254546065498e-06,7.447672970149443e-07,0.0008629990133337027,0.0026653720090287214
5461,D-SINOS,2000,1218,3.871503842780905e-05,3.286730854874252e-05,5.847729879066528e-06,7.21049251733126e-07,0.000849146189847853,0.0027250248360689566
5462,D-SINOS,2000,1219,3.905270022867049e-05,3.322679384520398e-05,5.825906383466514e-06,6.2171164154125e-07,0.0007884869317504571,0.0030941971509527155
5463,D-SINOS,2000,1220,3.870024760261969e-05,3.2870005980461517e-05,5.830241622158169e-06,6.968137306147611e-07,0.000834753694579881,0.0027899227760290746
5464,D-SINOS,2000,1221,3.865240869201337e-05,3.2775672494803175e-05,5.8767361972101945e-06,6.830029172180086e-07,0.0008264399053881707,0.00284023159575042
5465,D-SINOS,2000,1222,3.8613794724499247e-05,3.269496612003701e-05,5.918828604462239e-06,6.67951036527779e-07,0.000817282715177422,0.00290855022085712
5466,D-SINOS,2000,1223,3.858495039077499e-05,3.260032945093079e-05,5.9846209398442006e-06,6.509990111989913e-07,0.0008068450974003568,0.0029331622452256623
5467,D-SINOS,2000,1224,3.85669903414055e-05,3.256953641638541e-05,5.997453925020084e-06,6.416660325312377e-07,0.0008010405935601751,0.0029575114648254797
5468,D-SINOS,2000,1225,3.853996245091405e-05,3.2550925871896856e-05,5.989036579017194e-06,6.245967618036935e-07,0.0007903143436656666,0.0029566559360874045
5469,D-SINOS,2000,1226,3.8499569219780535e-05,3.2542499954196526e-05,5.957069265584007e-06,6.057564702800906e-07,0.0007783035849076442,0.0029397807559177203
5470,D-SINOS,2000,1227,3.843468746394649e-05,3.2541384379782614e-05,5.893303084163875e-06,5.890192585042099e-07,0.0007674759009273255,0.0028705929344906567
5471,D-SINOS,2000,1228,3.8360515734994375e-05,3.2523249085023685e-05,5.8372666499706875e-06,5.672572945769738e-07,0.000753164852191719,0.0027922909100641657
5472,D-SINOS,2000,1229,3.8312864545197546e-05,3.247599457254652e-05,5.8368699726510235e-06,5.716045369153602e-07,0.000756045327288887,0.0026727359968060638
5473,D-SINOS,2000,1230,3.824127561882167e-05,3.243293553046709e-05,5.808340088354579e-06,5.654300544329605e-07,0.0007519508324571231,0.0026780973853954837
5474,D-SINOS,2000,1231,3.8192100692315166e-05,3.2344505770577824e-05,5.847594921737343e-06,5.775527444246325e-07,0.000759968910169773,0.002703135103121701
5475,D-SINOS,2000,1232,3.8106572715460604e-05,3.217616824894999e-05,5.930404466510617e-06,6.117599535442919e-07,0.0007821508508876609,0.0027388891455184528
5476,D-SINOS,2000,1233,3.801439616578866e-05,3.198744265818593e-05,6.0269535076027335e-06,6.448216019965016e-07,0.0008030078467838914,0.002762375315589316
5477,D-SINOS,2000,1234,3.785195319504003e-05,3.1800338000122174e-05,6.051615194917855e-06,7.001252045809124e-07,0.0008367348472371115,0.002755111073419525
5478,D-SINOS,2000,1235,3.7777317198242106e-05,3.1373212814670806e-05,6.404104383571302e-06,7.483757823324331e-07,0.0008650871530270422,0.0028135888932162567
5479,D-SINOS,2000,1236,3.7731284538636225e-05,3.148463251080552e-05,6.246652027830708e-06,7.282756637353232e-07,0.0008533906864592109,0.0027831193649178187
5480,D-SINOS,2000,1237,3.745281877321544e-05,3.1206193426746787e-05,6.246625346468651e-06,6.94810279127586e-07,0.000833552805242467,0.002721947669679037
5481,D-SINOS,2000,1238,3.74221153970818e-05,3.1046149298702965e-05,6.375966098378835e-06,6.395767539415209e-07,0.0007997354274643089,0.002485104481231959
5482,D-SINOS,2000,1239,3.714492165628525e-05,3.095489192748954e-05,6.190029728795716e-06,6.453966642464949e-07,0.0008033658346273477,0.0025951705436317862
5483,D-SINOS,2000,1240,3.6686546094383425e-05,3.0170582090434658e-05,6.515964003948764e-06,6.645977290082913e-07,0.0008152286360330402,0.002455350255506694
5484,D-SINOS,2000,1241,3.658091325252863e-05,2.9968909505387888e-05,6.612003747140741e-06,5.679416599856801e-07,0.0007536190416819894,0.0024563298360833485
5485,D-SINOS,2000,1242,3.6073813265879816e-05,2.9576840952195846e-05,6.496972313683967e-06,7.400694134756866e-07,0.0008602728715214066,0.0025049302415811603
5486,D-SINOS,2000,1243,3.6227563311397633e-05,3.0070474594188732e-05,6.157088717208899e-06,8.171217842766036e-07,0.0009039478880314969,0.002436725350410174
5487,D-SINOS,2000,1244,3.5911798932000244e-05,2.9609371179004607e-05,6.302427752995634e-06,7.648145773410657e-07,0.0008745367787240658,0.002406835348335745
5488,D-SINOS,2000,1245,3.5870437071484935e-05,2.910636680757504e-05,6.764070263909898e-06,8.004375827622383e-07,0.00089467177375965,0.0024484374737514802
5489,D-SINOS,2000,1246,3.576696509582225e-05,2.923152110595374e-05,6.535443989868512e-06,7.833732386077642e-07,0.0008850837466634241,0.0024244544093743603
5490,D-SINOS,2000,1247,3.556649758813082e-05,2.908505265252289e-05,6.481444935607929e-06,7.992048467483689e-07,0.0008939825763114004,0.002502524131642675
5491,D-SINOS,2000,1248,3.545163750425607e-05,2.896904787014907e-05,6.4825896341070005e-06,8.470241184341689e-07,0.000920339132295356,0.0025868350213891222
5492,D-SINOS,2000,1249,3.5289742650095405e-05,2.9006804534541303e-05,6.282938115554102e-06,7.829468209153188e-07,0.0008848428227178648,0.0025272274555668273
5493,D-SINOS,2000,1250,3.5213364060903104e-05,2.8913818323135822e-05,6.2995457377672854e-06,7.378295719318098e-07,0.000858970064630782,0.0024914462820183614
5494,D-SINOS,2000,1251,3.5121204538992146e-05,2.8884501886915494e-05,6.23670265207665e-06,7.054136261109366e-07,0.0008398890558347195,0.002493064294550318
5495,D-SINOS,2000,1252,3.497231006195895e-05,2.868496825092478e-05,6.287341811034169e-06,6.399155341871189e-07,0.0007999472071250196,0.00248307313414986
5496,D-SINOS,2000,1253,3.492866057894531e-05,2.833851426374944e-05,6.590146315195875e-06,8.177051180424887e-07,0.0009042704894236507,0.0025975841117139575
5497,D-SINOS,2000,1254,3.459843944916803e-05,2.8165170243258068e-05,6.433269205909962e-06,7.413371514686368e-07,0.0008610093794312794,0.0024564750807152813
5498,D-SINOS,2000,1255,3.4455308588557114e-05,2.7920791491462923e-05,6.5345170970941904e-06,7.337614324401899e-07,0.0008565987581360306,0.002468601473523291
5499,D-SINOS,2000,1256,3.429044498269766e-05,2.769399240621648e-05,6.5964525764811784e-06,8.009974202278468e-07,0.0008949845921734334,0.0025857967866520504
5500,D-SINOS,2000,1257,3.4165003617077906e-05,2.735167133921043e-05,6.813332277867478e-06,9.493732659920625e-07,0.0009743578736747924,0.002778986133937844
5501,D-SINOS,2000,1258,3.402410887081246e-05,2.7266998864586678e-05,6.7571100062257836e-06,8.558054979679531e-07,0.0009250975613241843,0.0026407172150800517
5502,D-SINOS,2000,1259,3.383160636775838e-05,2.7205588886300652e-05,6.626017481457727e-06,8.223010345729045e-07,0.000906808157535487,0.0025572998123551682
5503,D-SINOS,2000,1260,3.356862138560116e-05,2.6975656696619316e-05,6.592964688981843e-06,7.619692591434798e-07,0.0008729085055969382,0.002416672549051063
5504,D-SINOS,2000,1261,3.326147195254751e-05,2.6575253502211494e-05,6.68621845033602e-06,6.82808617708514e-07,0.0008263223449166276,0.0022437108930351
5505,D-SINOS,2000,1262,3.2845364552832096e-05,2.5992514084345715e-05,6.8528504684863845e-06,6.661247642135836e-07,0.0008161646673396145,0.0022278263260044895
5506,D-SINOS,2000,1263,3.235655739770231e-05,2.5231515326021177e-05,7.125042071681129e-06,6.900241714150616e-07,0.0008306769356465013,0.002395012011212394
5507,D-SINOS,2000,1264,3.1961202792443795e-05,2.5175845159036897e-05,6.785357633406896e-06,7.599563847249108e-07,0.0008717547732733735,0.002382551258096832
5508,D-SINOS,2000,1265,3.1715674514130047e-05,2.4767682572127172e-05,6.9479919420028714e-06,8.078098135980647e-07,0.0008987824061462622,0.0024158701913998826
5509,D-SINOS,2000,1266,3.153983560709029e-05,2.457352728995322e-05,6.966308317137064e-06,7.593812987558503e-07,0.0008714248669597685,0.0023216819516802545
5510,D-SINOS,2000,1267,3.126857565361441e-05,2.430812171036458e-05,6.960453943249827e-06,6.272503570146405e-07,0.0007919913869573585,0.0021784831794957604
5511,D-SINOS,2000,1268,3.111123737623242e-05,2.4217144605496697e-05,6.894092770735725e-06,5.90108230774688e-07,0.0007681850237896389,0.0021050057130723165
5512,D-SINOS,2000,1269,3.093048691133042e-05,2.415903403284775e-05,6.771452878482667e-06,5.725660806557516e-07,0.0007566809635875291,0.0020863715433210306
5513,D-SINOS,2000,1270,3.059244258353329e-05,2.3864691855776798e-05,6.727750727756497e-06,5.292523784797331e-07,0.0007274973391564626,0.0021765412671561624
5514,D-SINOS,2000,1271,3.0411598281743833e-05,2.389123316689457e-05,6.520365114849262e-06,6.091575234393056e-07,0.0007804854408887495,0.0021885568024394564
5515,D-SINOS,2000,1272,3.029144466333156e-05,2.3725727344578345e-05,6.565717318753213e-06,6.271381517707243e-07,0.0007919205463749026,0.00221237102580385
5516,D-SINOS,2000,1273,3.022313471204724e-05,2.350267688227936e-05,6.72045782976788e-06,6.355554739797104e-07,0.0007972173317105633,0.0023344631588042564
5517,D-SINOS,2000,1274,3.0137596372706467e-05,2.334915097820286e-05,6.788445394503607e-06,6.633098873538221e-07,0.0008144383876965907,0.002454709619150064
5518,D-SINOS,2000,1275,2.9974164232764237e-05,2.3020143374522344e-05,6.954020858241891e-06,7.05177255903597e-07,0.0008397483289078919,0.00259117464025016
5519,D-SINOS,2000,1276,2.9820225893748943e-05,2.2748120675992284e-05,7.07210521775666e-06,8.162541409319422e-07,0.000903467841670052,0.0026656341820563423
5520,D-SINOS,2000,1277,2.981696148780919e-05,2.249273939480716e-05,7.324222093002031e-06,7.509277420223285e-07,0.0008665608703503341,0.002878670124774163
5521,D-SINOS,2000,1278,2.971610580601383e-05,2.2555779288301454e-05,7.160326517712378e-06,7.799950602337108e-07,0.0008831732900363953,0.002776821458128853
5522,D-SINOS,2000,1279,2.96222444647068e-05,2.2486793288400445e-05,7.135451176306358e-06,8.160832720078876e-07,0.0009033732739061343,0.002782694191307389
5523,D-SINOS,2000,1280,2.956922115779015e-05,2.2403009268595293e-05,7.166211889194859e-06,8.177092869517517e-07,0.000904272794543633,0.00277066217448807
5524,D-SINOS,2000,1281,2.9534284694985274e-05,2.2428286436656467e-05,7.105998258328806e-06,8.030751660661749e-07,0.0008961446122508213,0.0027887342519903324
5525,D-SINOS,2000,1282,2.948082195889293e-05,2.2399690107201528e-05,7.081131851691401e-06,8.081160608094269e-07,0.0008989527578295908,0.0027870748965790337
5526,D-SINOS,2000,1283,2.9398243155098594e-05,2.240095462408092e-05,6.997288531017671e-06,8.766708816082644e-07,0.00093630704451492,0.002715922017326844
5527,D-SINOS,2000,1284,2.9307456980442483e-05,2.2463244194571412e-05,6.844212785871071e-06,9.643545159010524e-07,0.0009820155375049075,0.002666083146038889
5528,D-SINOS,2000,1285,2.9195210023415594e-05,2.2491810311344366e-05,6.703399712071229e-06,1.1575274628653276e-06,0.0010758845025676908,0.0026470013662382996
5529,D-SINOS,2000,1286,2.908359970408387e-05,2.2629582037722953e-05,6.454017666360917e-06,1.4271419562682865e-06,0.0011946304684998983,0.002879205607025148
5530,D-SINOS,2000,1287,2.897530899428702e-05,2.255251724664229e-05,6.422791747644726e-06,1.4857358973285381e-06,0.001218907665628754,0.00297264237589967
5531,D-SINOS,2000,1288,2.8870035383048935e-05,2.2454338446436392e-05,6.415696936612542e-06,1.4601109376186131e-06,0.0012083505028006622,0.0029592372326490146
5532,D-SINOS,2000,1289,2.877670209648434e-05,2.2390056620413633e-05,6.38664547607071e-06,1.3234432041896491e-06,0.0011504100156855593,0.002819590338828726
5533,D-SINOS,2000,1290,2.8691221854226962e-05,2.229034959377652e-05,6.4008722604504425e-06,1.2804884965043567e-06,0.0011315867162990014,0.002754282636097005
5534,D-SINOS,2000,1291,2.8576973735453518e-05,2.223567939788169e-05,6.341294337571829e-06,1.168345003954076e-06,0.0010809000897187844,0.002622767743854282
5535,D-SINOS,2000,1292,2.850260607120321e-05,2.2169810003251898e-05,6.332796067951312e-06,1.151675037208052e-06,0.00107316123541994,0.0025691499690549957
5536,D-SINOS,2000,1293,2.8447148722807873e-05,2.211729453153892e-05,6.329854191268954e-06,1.1828469943403952e-06,0.001087587695011485,0.002593093258150714
5537,D-SINOS,2000,1294,2.838486483542857e-05,2.2050610406192196e-05,6.334254429236372e-06,1.204992664838048e-06,0.0010977215789252062,0.0026203778495694774
5538,D-SINOS,2000,1295,2.8332669412746683e-05,2.196409939439157e-05,6.368570018355112e-06,1.2477422897187787e-06,0.001117023853692829,0.0026473635440194543
5539,D-SINOS,2000,1296,2.828927087645649e-05,2.1890905739831357e-05,6.398365136625136e-06,1.258243968923469e-06,0.0011217147448988397,0.0026536307651682245
5540,D-SINOS,2000,1297,2.8227298083001095e-05,2.1833109988634437e-05,6.394188094366657e-06,1.247160862467053e-06,0.0011167635660546296,0.002652379327701848
5541,D-SINOS,2000,1298,2.819133381483706e-05,2.1788425049792118e-05,6.402908765044943e-06,1.2328081106507378e-06,0.0011103189229454472,0.0026302034438263067
5542,D-SINOS,2000,1299,2.813948050978174e-05,2.1835908376742122e-05,6.303572133039618e-06,1.18755888492013e-06,0.001089751753804567,0.0025914885775445984
5543,D-SINOS,2000,1300,2.8054278205352462e-05,2.1853637542418356e-05,6.200640662934107e-06,1.2108153816345885e-06,0.0011003705655980574,0.0026226211790650322
5544,D-SINOS,2000,1301,2.7994125952486393e-05,2.1963163312961065e-05,6.0309626395253265e-06,1.1382914219770835e-06,0.001066907410217533,0.002563295261267473
5545,D-SINOS,2000,1302,2.794894404626854e-05,2.196988732819813e-05,5.97905671807041e-06,1.1965326866726732e-06,0.0010938613653807658,0.002643257177020575
5546,D-SINOS,2000,1303,2.791442671034002e-05,2.1946994985864024e-05,5.967431724475997e-06,1.2012951486602967e-06,0.001096036107370691,0.002636821962283875
5547,D-SINOS,2000,1304,2.785517671580923e-05,2.194102724168949e-05,5.914149474119739e-06,1.1823456935209273e-06,0.0010873572060371547,0.0026019163075111096
5548,D-SINOS,2000,1305,2.7789037983239476e-05,2.1955021976854455e-05,5.834016006385022e-06,1.1274755908981522e-06,0.0010618265352203967,0.002520321240076895
5549,D-SINOS,2000,1306,2.76941649787805e-05,2.1993801532561512e-05,5.700363446218988e-06,1.048639658100203e-06,0.001024031082584998,0.002396613675914816
5550,D-SINOS,2000,1307,2.7774669654475184e-05,2.2100730170869018e-05,5.673939483606165e-06,8.157998134051118e-07,0.0009032163713114991,0.0022468215271331804
5551,D-SINOS,2000,1308,2.7644461849071497e-05,2.1996898423257075e-05,5.647563425814422e-06,9.504574391037719e-07,0.000974914067548403,0.0022555386055930216
5552,D-SINOS,2000,1309,2.7590542624569374e-05,2.1983846564108985e-05,5.606696060460389e-06,9.275230320445435e-07,0.0009630799717804038,0.002226646365223073
5553,D-SINOS,2000,1310,2.754698647746061e-05,2.1947643299044868e-05,5.599343178415744e-06,8.916426153559011e-07,0.0009442682962780764,0.0022790636418265064
5554,D-SINOS,2000,1311,2.7518141253523628e-05,2.190593770287107e-05,5.6122035506525565e-06,8.504033793009407e-07,0.000922173182922243,0.002310810813262454
5555,D-SINOS,2000,1312,2.7483330234690428e-05,2.1855444535987356e-05,5.627885698703072e-06,8.303089584274049e-07,0.0009112129051036343,0.002311365129926579
5556,D-SINOS,2000,1313,2.7455239412771726e-05,2.1837579872239386e-05,5.617659540532342e-06,8.028148651829591e-07,0.0008959993667313382,0.002336599277124485
5557,D-SINOS,2000,1314,2.7431973806262884e-05,2.1837389012163686e-05,5.594584794099199e-06,8.12199758695092e-07,0.000901221259566757,0.0023156227059472068
5558,D-SINOS,2000,1315,2.7399514102237215e-05,2.183589530172578e-05,5.563618800511438e-06,8.238043334962033e-07,0.0009076366748298591,0.0023466932570849197
5559,D-SINOS,2000,1316,2.7363470423434204e-05,2.1808084353012912e-05,5.555386070421293e-06,8.19070817457081e-07,0.0009050253131581906,0.002355576357682354
5560,D-SINOS,2000,1317,2.7358993975820828e-05,2.1778006899124786e-05,5.580987076696043e-06,8.556483350026485e-07,0.0009250126134289459,0.0023320157716583134
5561,D-SINOS,2000,1318,2.7330116667832866e-05,2.1764882224249536e-05,5.56523444358333e-06,8.13720524411022e-07,0.0009020645899330169,0.002381179931603916
5562,D-SINOS,2000,1319,2.731899804724641e-05,2.1750359368000785e-05,5.568638679245626e-06,8.011652475829071e-07,0.0008950783471757694,0.0023808396031694823
5563,D-SINOS,2000,1320,2.7300759428797994e-05,2.1720334139399423e-05,5.580425289398572e-06,7.866667088895318e-07,0.0008869423368458244,0.002392960293347235
5564,D-SINOS,2000,1321,2.7273121660234832e-05,2.1670490213621206e-05,5.602631446613625e-06,7.872602704530232e-07,0.0008872768848860108,0.002402506648486069
5565,D-SINOS,2000,1322,2.7231728893598782e-05,2.154143221403419e-05,5.690296679564589e-06,7.495982006951647e-07,0.000865793393769648,0.0024415505327792797
5566,D-SINOS,2000,1323,2.7192462877653917e-05,2.1459598013767072e-05,5.732864863886843e-06,7.582635394814072e-07,0.000870783290768379,0.0025071572176980084
5567,D-SINOS,2000,1324,2.7164381166829002e-05,2.1403691347257096e-05,5.7606898195719075e-06,7.688787761424129e-07,0.0008768573294113546,0.002532862640125977
5568,D-SINOS,2000,1325,2.7135360182882648e-05,2.1322917853824327e-05,5.812442329058321e-06,7.296127589554053e-07,0.0008541737287902299,0.002585352375268024
5569,D-SINOS,2000,1326,2.711232548464659e-05,2.1249195602793375e-05,5.8631298818532156e-06,7.048872155615896e-07,0.0008395756163452995,0.0026205936332873714
5570,D-SINOS,2000,1327,2.710637412906988e-05,2.1217961628205813e-05,5.8884125008640645e-06,6.084946244266323e-07,0.0007800606543254392,0.0026832106020158175
5571,D-SINOS,2000,1328,2.7074430639817692e-05,2.1168244249021217e-05,5.906186390796475e-06,6.277961121112177e-07,0.000792335858150581,0.00266357847287646
5572,D-SINOS,2000,1329,2.705684091101526e-05,2.1159176065573377e-05,5.89766484544188e-06,6.310633327088191e-07,0.0007943949475599773,0.0026266408073426506
5573,D-SINOS,2000,1330,2.7031645714041067e-05,2.112969751443211e-05,5.9019481996089585e-06,6.139752861300326e-07,0.0007835657509935159,0.0025959159311281788
5574,D-SINOS,2000,1331,2.7021133523316773e-05,2.1180578532474874e-05,5.8405549908419e-06,6.690948802365847e-07,0.0008179822004399513,0.0025315310762203946
5575,D-SINOS,2000,1332,2.700248594196068e-05,2.1151098419392388e-05,5.8513875225682895e-06,6.24097242823539e-07,0.0007899982549496796,0.0025382331156422744
5576,D-SINOS,2000,1333,2.699630346021894e-05,2.1151088641316937e-05,5.845214818902003e-06,6.255272815262083e-07,0.000790902826854354,0.0025561067557245964
5577,D-SINOS,2000,1334,2.6990265608701737e-05,2.11583239197652e-05,5.831941688936539e-06,6.375616788511157e-07,0.0007984745949941775,0.002566224560305752
5578,D-SINOS,2000,1335,2.6978313000664854e-05,2.1190273428673202e-05,5.788039571991654e-06,6.499282914298315e-07,0.0008061813018359031,0.0025717345603937236
5579,D-SINOS,2000,1336,2.6950900235189587e-05,2.1311649411947076e-05,5.639250823242511e-06,6.46992431335899e-07,0.0008043583973179487,0.0025199407208996716
5580,D-SINOS,2000,1337,2.6928671957801586e-05,2.1397018147945622e-05,5.531653809855966e-06,6.586238364078222e-07,0.0008115564283571551,0.0025337894740287137
5581,D-SINOS,2000,1338,2.6909753998094222e-05,2.141186330277883e-05,5.49789069531539e-06,6.734728844206473e-07,0.0008206539370652207,0.0025141553110182846
5582,D-SINOS,2000,1339,2.6893240518352744e-05,2.141893258417695e-05,5.474307934175794e-06,6.754956536683642e-07,0.0008218854261199454,0.0024949689419759835
5583,D-SINOS,2000,1340,2.6883985617003964e-05,2.141748448509041e-05,5.466501131913551e-06,7.19809899792487e-07,0.0008484161124074006,0.0025556407791734737
5584,D-SINOS,2000,1341,2.687521794774802e-05,2.138434635802411e-05,5.490871589723909e-06,7.181513373323221e-07,0.0008474381023604745,0.002569270313327543
5585,D-SINOS,2000,1342,2.686763923693297e-05,2.1339491711660992e-05,5.5281475252719806e-06,7.279464236035418e-07,0.0008531977634778127,0.002601115215202565
5586,D-SINOS,2000,1343,2.6862322700654265e-05,2.131877501908864e-05,5.543547681565624e-06,7.40700973853651e-07,0.000860639863040082,0.002622595348393708
5587,D-SINOS,2000,1344,2.6850505542539047e-05,2.1292038643672923e-05,5.558466898866124e-06,7.569714896864822e-07,0.0008700410850566094,0.002638768775825473
5588,D-SINOS,2000,1345,2.6847812344684784e-05,2.123550186775779e-05,5.6123104769269945e-06,8.227276255011362e-07,0.0009070433426805668,0.002724658247707512
5589,D-SINOS,2000,1346,2.681441465807322e-05,2.1246868930473486e-05,5.567545727599733e-06,7.869610731467353e-07,0.0008871082646141537,0.002674673160446228
5590,D-SINOS,2000,1347,2.6786687402826173e-05,2.1249175158519344e-05,5.5375122443068265e-06,7.624207780809914e-07,0.0008731670963114628,0.002623926022774614
5591,D-SINOS,2000,1348,2.6740569534208082e-05,2.123824126416485e-05,5.502328270043233e-06,7.17979463534795e-07,0.0008473366884154108,0.0025360733951595993
5592,D-SINOS,2000,1349,2.670487917823843e-05,2.1195337673146012e-05,5.5095415050924185e-06,6.94634336654988e-07,0.0008334472608719691,0.0024794662968908865
5593,D-SINOS,2000,1350,2.677563113581669e-05,2.127746145402849e-05,5.498169681788203e-06,6.923292803946828e-07,0.0008320632670624769,0.002339460389704673
5594,D-SINOS,2000,1351,2.6691960461797323e-05,2.1198614847162363e-05,5.4933456146349605e-06,6.930745480138617e-07,0.0008325109897255781,0.0024402213892711355
5595,D-SINOS,2000,1352,2.666113652453432e-05,2.1119098457910006e-05,5.542038066624316e-06,6.968037234103582e-07,0.0008347477004522733,0.0024402980669340213
5596,D-SINOS,2000,1353,2.664056729249558e-05,2.1060715592380993e-05,5.579851700114588e-06,7.245510774814441e-07,0.0008512056610957449,0.0024167239031418486
5597,D-SINOS,2000,1354,2.6621964662433018e-05,2.1017666525247706e-05,5.604298137185311e-06,7.253579804358669e-07,0.0008516795057037986,0.0024425277053052863
5598,D-SINOS,2000,1355,2.660834285069139e-05,2.1019916239387546e-05,5.588426611303845e-06,7.186206522841489e-07,0.0008477149593372461,0.002451564623487834
5599,D-SINOS,2000,1356,2.659302761867705e-05,2.1043084149060822e-05,5.549943469616229e-06,7.167852664541499e-07,0.0008466317183133112,0.0024392597545762618
5600,D-SINOS,2000,1357,2.6570734928369604e-05,2.1072040295602268e-05,5.498694632767338e-06,7.046650036691608e-07,0.0008394432700719929,0.0024366358381557873
5601,D-SINOS,2000,1358,2.655200229750834e-05,2.1123190183463142e-05,5.428812114045196e-06,6.832762991660415e-07,0.0008266052861953168,0.002433259866226112
5602,D-SINOS,2000,1359,2.6541831396112375e-05,2.111228860657944e-05,5.429542789532933e-06,6.669283597562081e-07,0.0008166568188389834,0.0024729287603699746
5603,D-SINOS,2000,1360,2.6534814708590562e-05,2.1099334435687852e-05,5.43548027290271e-06,6.546769555414314e-07,0.0008091211006650558,0.00248665617092525
5604,D-SINOS,2000,1361,2.6529203729031796e-05,2.1069204890027868e-05,5.459998839003927e-06,6.491901670729281e-07,0.0008057233812375858,0.0024945812309846715
5605,D-SINOS,2000,1362,2.651817842114402e-05,2.1020011262920967e-05,5.4981671582230515e-06,6.441448310166944e-07,0.0008025863386681176,0.0025001630635493877
5606,D-SINOS,2000,1363,2.6502442718973997e-05,2.096682509845253e-05,5.535617620521467e-06,6.416146499301064e-07,0.0008010085205103042,0.00249719345399646
5607,D-SINOS,2000,1364,2.6479581606947006e-05,2.091431897376736e-05,5.5652626331796466e-06,6.58786018967444e-07,0.0008116563428985472,0.002483268346111678
5608,D-SINOS,2000,1365,2.6469413268837744e-05,2.08838064630197e-05,5.585606805818046e-06,6.592722644322853e-07,0.0008119558266508624,0.0024618277860279925
5609,D-SINOS,2000,1366,2.6444139854113177e-05,2.08835841052149e-05,5.5605557488982765e-06,6.98447247882796e-07,0.0008357315644887394,0.0024673918218205415
5610,D-SINOS,2000,1367,2.643413717236279e-05,2.089269329753118e-05,5.5414438748316116e-06,7.151559012011025e-07,0.0008456689075525377,0.002469970358833562
5611,D-SINOS,2000,1368,2.6421364305552823e-05,2.0903672781480144e-05,5.517691524072681e-06,7.319495982781257e-07,0.0008555405298862969,0.00247933704341996
5612,D-SINOS,2000,1369,2.640862139187848e-05,2.0886605255939195e-05,5.522016135939284e-06,7.431329433098953e-07,0.0008620515897032469,0.0024920227002841466
5613,D-SINOS,2000,1370,2.6384422943543296e-05,2.0809998964313245e-05,5.574423979230053e-06,7.58385591003125e-07,0.0008708533694044738,0.0025257176145893068
5614,D-SINOS,2000,1371,2.6391582550075817e-05,2.0735371006998564e-05,5.656211543077255e-06,7.969106613556869e-07,0.0008926985276988458,0.0024687291768743513
5615,D-SINOS,2000,1372,2.6376153357233575e-05,2.077178962447155e-05,5.604363732762023e-06,7.740384934615206e-07,0.0008797945745806351,0.0025014561704430616
5616,D-SINOS,2000,1373,2.636042969787545e-05,2.068320295582733e-05,5.677226742048123e-06,7.657501736203572e-07,0.0008750715248597438,0.0025393885559199525
5617,D-SINOS,2000,1374,2.635138956841879e-05,2.062342481019221e-05,5.727964758226581e-06,7.61848655451892e-07,0.0008728394213438643,0.0025636530145393133
5618,D-SINOS,2000,1375,2.6346067229490483e-05,2.060670349279305e-05,5.739363736697432e-06,7.665943330015582e-07,0.0008755537293630575,0.002564775633710381
5619,D-SINOS,2000,1376,2.6340738347930202e-05,2.05922739365801e-05,5.7484644113501014e-06,7.718611399003075e-07,0.0008785562815780829,0.002573474201717607
5620,D-SINOS,2000,1377,2.6334946257583753e-05,2.0614301331743472e-05,5.7206449258402805e-06,7.905270494975257e-07,0.0008891158808038049,0.0025658997864643762
5621,D-SINOS,2000,1378,2.6328402457613598e-05,2.061673801526434e-05,5.7116644423492565e-06,7.916514774041768e-07,0.000889747985333025,0.0025734637100894853
5622,D-SINOS,2000,1379,2.631973335197367e-05,2.0615369298588703e-05,5.704364053384968e-06,7.973747584756282e-07,0.0008929584304297867,0.002583183116578902
5623,D-SINOS,2000,1380,2.6309488116727466e-05,2.060974252314618e-05,5.699745593581285e-06,7.898240021999786e-07,0.0008887204297190307,0.002589886108541384
5624,D-SINOS,2000,1381,2.6303162921676013e-05,2.050597796015484e-05,5.797184961521171e-06,8.284400852988431e-07,0.0009101868408732588,0.002621181506247905
5625,D-SINOS,2000,1382,2.6288462160244912e-05,2.0533489224167987e-05,5.754972936076927e-06,7.988631063465246e-07,0.0008937914221710369,0.0026086190536928067
5626,D-SINOS,2000,1383,2.627451893471325e-05,2.0525215949240854e-05,5.7493029854723965e-06,7.776866855948907e-07,0.0008818654577626287,0.0026029824559048453
5627,D-SINOS,2000,1384,2.6259386218100297e-05,2.0495938023200177e-05,5.7634481949001214e-06,7.678969014450614e-07,0.000876297267737987,0.0026026736794872996
5628,D-SINOS,2000,1385,2.623813385347548e-05,2.0462842542204558e-05,5.7752913112709226e-06,7.531160969364489e-07,0.0008678226183595637,0.002594451400693698
5629,D-SINOS,2000,1386,2.6261813848215177e-05,2.0454970665292187e-05,5.806843182922989e-06,9.202363356399624e-07,0.000959289495220271,0.0025567940423140145
5630,D-SINOS,2000,1387,2.6220894368779973e-05,2.0444427232373336e-05,5.776467136406638e-06,8.160103606357384e-07,0.0009033329179409651,0.0025809680616850628
5631,D-SINOS,2000,1388,2.618795008130714e-05,2.043393393797157e-05,5.75401614333557e-06,8.028170954459678e-07,0.0008960006112977646,0.0025550867398366206
5632,D-SINOS,2000,1389,2.614920168824424e-05,2.0461378840446944e-05,5.687822847797296e-06,7.95448256298455e-07,0.0008918790592330638,0.002519954037731975
5633,D-SINOS,2000,1390,2.6119835386452524e-05,2.0466989674625807e-05,5.652845711826716e-06,7.822031828102449e-07,0.0008844225137400365,0.002501549326077823
5634,D-SINOS,2000,1391,2.6094309467013516e-05,2.0415917123782578e-05,5.678392343230938e-06,7.373611156372315e-07,0.0008586973364563509,0.0024762542678915533
5635,D-SINOS,2000,1392,2.6065235423547632e-05,2.03594528526115e-05,5.705782570936134e-06,7.028168114258427e-07,0.0008383417032605755,0.0024882025983521405
5636,D-SINOS,2000,1393,2.603597444920456e-05,2.028187552660988e-05,5.754098922594679e-06,6.72034518389611e-07,0.0008197771150682427,0.002476005847884988
5637,D-SINOS,2000,1394,2.5990005312166214e-05,2.011827576014514e-05,5.871729552021075e-06,5.982024551682305e-07,0.0007734354886919985,0.002447700735017433
5638,D-SINOS,2000,1395,2.5967656818519086e-05,2.018377716469258e-05,5.783879653826507e-06,5.893484364500343e-07,0.0007676903258801912,0.0023903040609074555
5639,D-SINOS,2000,1396,2.5932231851071448e-05,2.0137096019751602e-05,5.795135831319847e-06,5.718627856607533e-07,0.0007562160971975889,0.002378615811631013
5640,D-SINOS,2000,1397,2.5897959153049268e-05,2.0175226896052445e-05,5.722732256996821e-06,5.699662939287432e-07,0.0007549611208060606,0.0023590858104118873
5641,D-SINOS,2000,1398,2.5870203331317666e-05,2.0232015087243594e-05,5.63818824407407e-06,5.900702392825967e-07,0.0007681602953046952,0.002364294421267954
5642,D-SINOS,2000,1399,2.5840192549457857e-05,2.0300225581938375e-05,5.5399669675194815e-06,5.989991954146697e-07,0.0007739503830444622,0.0023691617627721318
5643,D-SINOS,2000,1400,2.580599846300899e-05,2.0216587350187256e-05,5.589411112821734e-06,6.938828270497855e-07,0.0008329962947395298,0.0024341297873294865
5644,D-SINOS,2000,1401,2.573556730951507e-05,2.022528837320902e-05,5.51027893630605e-06,6.43848102322226e-07,0.0008024014595713457,0.0023973359820889106
5645,D-SINOS,2000,1402,2.563554326390047e-05,2.0144934845404622e-05,5.490608418495847e-06,5.893397475885321e-07,0.0007676846667665912,0.0023007357562974118
5646,D-SINOS,2000,1403,2.5560901949783326e-05,1.9989348994132158e-05,5.571552955651169e-06,5.599994010575225e-07,0.0007483310771694054,0.0022917786064509116
5647,D-SINOS,2000,1404,2.555364588582565e-05,1.986351359692196e-05,5.690132288903691e-06,5.260612059966599e-07,0.0007253007693341155,0.00227141055745117
5648,D-SINOS,2000,1405,2.5517899285233377e-05,1.9899230217930454e-05,5.6186690673029225e-06,5.413766978853729e-07,0.0007357830508277375,0.002282091880229098
5649,D-SINOS,2000,1406,2.544801127384151e-05,1.9745325812651494e-05,5.702685461190015e-06,5.370014287179392e-07,0.0007328038132528645,0.0023600991151319084
5650,D-SINOS,2000,1407,2.5381212668095445e-05,1.9621332694694697e-05,5.759879973400747e-06,5.609443873122758e-07,0.0007489622068651234,0.0023986388545546022
5651,D-SINOS,2000,1408,2.5315290575708573e-05,1.95730313371954e-05,5.742259238513174e-06,5.85817594817041e-07,0.0007653872188748915,0.0025099722806050107
5652,D-SINOS,2000,1409,2.5233559312573307e-05,1.9544856454399494e-05,5.688702858173815e-06,5.925499182568362e-07,0.0007697726406263321,0.0025169462962741918
5653,D-SINOS,2000,1410,2.510332463841767e-05,1.9442794044697962e-05,5.660530593719709e-06,5.532230796323702e-07,0.0007437896743249197,0.0026210144794089896
5654,D-SINOS,2000,1411,2.498553803476389e-05,1.9327858316377133e-05,5.6576797183867565e-06,4.50352865235893e-07,0.000671083351928725,0.002613068226333226
5655,D-SINOS,2000,1412,2.4933303078897462e-05,1.9358839699287628e-05,5.574463379609832e-06,4.60817993602296e-07,0.0006788357633494982,0.0025448266424404897
5656,D-SINOS,2000,1413,2.47979805170525e-05,1.9152611621051503e-05,5.645368896000996e-06,4.224004543525366e-07,0.0006499234219141026,0.002527101601505488
5657,D-SINOS,2000,1414,2.4717638273810826e-05,1.9001441312153572e-05,5.716196961657256e-06,3.85313989641988e-07,0.0006207366507964453,0.0025826284759987717
5658,D-SINOS,2000,1415,2.4611101510106634e-05,1.8818012009630363e-05,5.7930895004762715e-06,3.4892537116307087e-07,0.0005906990529559624,0.0026136390640141283
5659,D-SINOS,2000,1416,2.4483387721230497e-05,1.8665477151879682e-05,5.817910569350814e-06,3.245043985520459e-07,0.0005696528754882625,0.0027200892944462263
5660,D-SINOS,2000,1417,2.440700464426519e-05,1.8554558929566684e-05,5.8524457146985045e-06,3.1343318872692716e-07,0.0005598510415520607,0.002746488716376727
5661,D-SINOS,2000,1418,2.433042411452615e-05,1.8580308807067725e-05,5.750115307458429e-06,3.21931668687976e-07,0.0005673902261124842,0.002772037605678901
5662,D-SINOS,2000,1419,2.426917344117606e-05,1.856745228130846e-05,5.701721159867598e-06,3.382453902920986e-07,0.0005815886779263319,0.0027776801308211363
5663,D-SINOS,2000,1420,2.4163867691980074e-05,1.852019964887432e-05,5.643668043105753e-06,3.72653764876897e-07,0.0006104537368850296,0.0027546416086602354
5664,D-SINOS,2000,1421,2.401774569168151e-05,1.8472371352200613e-05,5.545374339480897e-06,4.2003722035643546e-07,0.000648102785333033,0.00270464979508811
5665,D-SINOS,2000,1422,2.394375625184428e-05,1.8633734936700675e-05,5.310021315143606e-06,4.1986112327339645e-07,0.000647966915261417,0.0024053561372605614
5666,D-SINOS,2000,1423,2.3739899223436107e-05,1.8632435052199426e-05,5.10746417123668e-06,4.568540735020601e-07,0.0006759098116628136,0.0024713263396052287
5667,D-SINOS,2000,1424,2.3648658077582493e-05,1.8636378557072885e-05,5.012279520509609e-06,3.986577967333989e-07,0.0006313935355492634,0.002474665795157871
5668,D-SINOS,2000,1425,2.3549506620182893e-05,1.8798898448307632e-05,4.7506081718752595e-06,3.8499714999145376e-07,0.0006204813856929583,0.00238766226115672
5669,D-SINOS,2000,1426,2.3465989896504278e-05,1.892941477470089e-05,4.536575121803386e-06,3.864289024503574e-07,0.0006216340583095149,0.0022842829278476584
5670,D-SINOS,2000,1427,2.33556182206157e-05,1.9011200262704506e-05,4.344417957911196e-06,3.8146059921695053e-07,0.000617624966478,0.0022962772511287977
5671,D-SINOS,2000,1428,2.3249824694862124e-05,1.9066478812634978e-05,4.183345882227147e-06,4.4655382635453633e-07,0.000668246830411141,0.0022069807241148487
5672,D-SINOS,2000,1429,2.315824768322113e-05,1.894773918583438e-05,4.210508497386747e-06,5.013751448495472e-07,0.0007080784877748703,0.002263880335923285
5673,D-SINOS,2000,1430,2.3142562687527204e-05,1.8745919266705594e-05,4.396643420821611e-06,5.546911812484111e-07,0.0007447759268722447,0.0022847777351833187
5674,D-SINOS,2000,1431,2.3035948407300982e-05,1.8626365116144513e-05,4.409583291156468e-06,5.622370074121665e-07,0.0007498246511099555,0.002256458825783403
5675,D-SINOS,2000,1432,2.2997257786453354e-05,1.8633014375166113e-05,4.364243411287242e-06,5.306036693649498e-07,0.0007284254727595334,0.002205954781332009
5676,D-SINOS,2000,1433,2.29587978114063e-05,1.8626217315903043e-05,4.332580495503258e-06,5.209165228188653e-07,0.0007217454695520196,0.0021230031708878716
5677,D-SINOS,2000,1434,2.2910332043492845e-05,1.8655319264273195e-05,4.255012779219651e-06,5.00338967993732e-07,0.0007073464271442474,0.0020076609943910917
5678,D-SINOS,2000,1435,2.327215778426292e-05,1.887534010945303e-05,4.39681767480989e-06,5.861364410314148e-07,0.0007655954813290207,0.0020539162332144922
5679,D-SINOS,2000,1436,2.289454147865006e-05,1.8637222870524798e-05,4.2573186081252605e-06,5.125757201519511e-07,0.0007159439364586805,0.002015024200185178
5680,D-SINOS,2000,1437,2.2850639820688404e-05,1.87004980447876e-05,4.150141775900805e-06,5.309336523635783e-07,0.0007286519418512368,0.0020235283601574006
5681,D-SINOS,2000,1438,2.2818451488446324e-05,1.8763716435722928e-05,4.054735052723395e-06,5.643388525187653e-07,0.000751224901423512,0.002032368129815776
5682,D-SINOS,2000,1439,2.2801426816991432e-05,1.8780470359188535e-05,4.0209564578028975e-06,6.096667080950072e-07,0.0007808115701595406,0.0020287074850454667
5683,D-SINOS,2000,1440,2.278402149923698e-05,1.8806863204782155e-05,3.977158294454823e-06,6.395850783697344e-07,0.0007997406319362137,0.0020370614921575436
5684,D-SINOS,2000,1441,2.277069190679638e-05,1.8810667511245308e-05,3.9600243955510736e-06,7.845156280884397e-07,0.0008857288682708945,0.0020891977141955786
5685,D-SINOS,2000,1442,2.2730539548312022e-05,1.8799019086193455e-05,3.9315204621185646e-06,7.2182877793893e-07,0.0008496050717474149,0.0020892389371919284
5686,D-SINOS,2000,1443,2.271315893927728e-05,1.8782567710293974e-05,3.930591228983307e-06,6.891203633094498e-07,0.0008301327383674552,0.002103657227233824
5687,D-SINOS,2000,1444,2.2678714190315915e-05,1.8750789123696253e-05,3.927925066619662e-06,6.294429886842273e-07,0.0007933744315795836,0.0021267261307958973
5688,D-SINOS,2000,1445,2.264225769554128e-05,1.8696639066012367e-05,3.945618629528914e-06,5.878188212302459e-07,0.000766693433668403,0.0021371608797727815
5689,D-SINOS,2000,1446,2.2595114068099445e-05,1.855378145536416e-05,4.041332612735283e-06,4.930238853428611e-07,0.0007021565960260296,0.0020731515416819724
5690,D-SINOS,2000,1447,2.2600963714839478e-05,1.8465424469399405e-05,4.135539245440071e-06,5.34428380851782e-07,0.0007310460866811217,0.002076030996334577
5691,D-SINOS,2000,1448,2.257492792665498e-05,1.8499782059473066e-05,4.075145867181912e-06,5.114933107491368e-07,0.0007151876052820944,0.0020747365523410277
5692,D-SINOS,2000,1449,2.2551680710210938e-05,1.845288246706107e-05,4.098798243149866e-06,4.916787404012552e-07,0.000701198075012514,0.002026782298829577
5693,D-SINOS,2000,1450,2.2538700382732645e-05,1.8431523467779398e-05,4.107176914953246e-06,4.955692449119621e-07,0.000703966792478141,0.001995575479821765
5694,D-SINOS,2000,1451,2.2521899167586627e-05,1.840949703176311e-05,4.1124021358235155e-06,4.897307257531869e-07,0.000699807634820589,0.0019687035611319903
5695,D-SINOS,2000,1452,2.2500795903736978e-05,1.841240766625354e-05,4.088388237483439e-06,4.6284865351829806e-07,0.0006803298123103955,0.001931725198151546
5696,D-SINOS,2000,1453,2.2475621851771395e-05,1.8391102951479204e-05,4.084518900292191e-06,4.5298493311548794e-07,0.0006730415537806622,0.001978175519870118
5697,D-SINOS,2000,1454,2.2447158499292837e-05,1.841607439426586e-05,4.031084105026976e-06,4.269062819815351e-07,0.0006533806562651936,0.0019959638637857546
5698,D-SINOS,2000,1455,2.239975434047912e-05,1.8450679058858604e-05,3.949075281620516e-06,4.1859464196356074e-07,0.0006469889040497996,0.00210003861502317
5699,D-SINOS,2000,1456,2.2375330392787586e-05,1.8468862092350797e-05,3.906468300436791e-06,3.9635970976911236e-07,0.0006295710522007126,0.0021173374398832934
5700,D-SINOS,2000,1457,2.2338596999696357e-05,1.844330057472282e-05,3.895296424973537e-06,3.99416171787452e-07,0.0006319938067635252,0.002133523481131605
5701,D-SINOS,2000,1458,2.228459547233088e-05,1.8366291233391302e-05,3.91830423893958e-06,4.024112317027836e-07,0.0006343589139460276,0.0021336505231744907
5702,D-SINOS,2000,1459,2.2259010809605013e-05,1.826983183144263e-05,3.989178978162386e-06,4.596350402364053e-07,0.0006779638930182088,0.0021466095326457824
5703,D-SINOS,2000,1460,2.221994766172863e-05,1.8231539595103858e-05,3.9884080666247715e-06,4.2468368328185274e-07,0.00065167759151428,0.0021311801502478245
5704,D-SINOS,2000,1461,2.2191313171645095e-05,1.8200062181138455e-05,3.991250990506641e-06,4.055171267300308e-07,0.0006368022665867567,0.0021393663484249315
5705,D-SINOS,2000,1462,2.2172185975388857e-05,1.8163930617695673e-05,4.008255357693185e-06,4.006539678658471e-07,0.0006329723278831762,0.0021268568636662044
5706,D-SINOS,2000,1463,2.2182305600391268e-05,1.8121364514569396e-05,4.060941085821871e-06,4.3825472946947966e-07,0.0006620081037793115,0.002232802467261541
5707,D-SINOS,2000,1464,2.2163021927548723e-05,1.81368931093132e-05,4.026128818235523e-06,4.1531107525086883e-07,0.0006444463323278897,0.002170116682676415
5708,D-SINOS,2000,1465,2.2152312897104975e-05,1.8131361189107424e-05,4.020951707997549e-06,4.2179310694256006e-07,0.0006494560084736764,0.0021825082363106096
5709,D-SINOS,2000,1466,2.213999938870138e-05,1.8132728491714843e-05,4.007270896986537e-06,4.333733088976245e-07,0.000658310951524904,0.0021870509748975753
5710,D-SINOS,2000,1467,2.212748234229351e-05,1.813128821797725e-05,3.996194124316261e-06,4.3514663538012186e-07,0.0006596564525418681,0.002181318880331351
5711,D-SINOS,2000,1468,2.210560186723959e-05,1.8116200421965842e-05,3.989401445273747e-06,4.3114767729454944e-07,0.000656618365029908,0.002175030948147638
5712,D-SINOS,2000,1469,2.2083188541821876e-05,1.810780730730288e-05,3.975381234518997e-06,4.248375475048188e-07,0.0006517956332354635,0.0021342721036551326
5713,D-SINOS,2000,1470,2.2060199305823197e-05,1.8072815570705486e-05,3.98738373511771e-06,4.2078087245869865e-07,0.000648676246257483,0.0021263862953356805
5714,D-SINOS,2000,1471,2.202741865408295e-05,1.8034191688181482e-05,3.9932269659014654e-06,4.1613891251328094e-07,0.0006450882982300027,0.0021213816575443856
5715,D-SINOS,2000,1472,2.2008519114461585e-05,1.797533450156419e-05,4.033184612897395e-06,3.9986560759296583e-07,0.0006323492765813572,0.0020887955023831672
5716,D-SINOS,2000,1473,2.1977882856014345e-05,1.7954278292955555e-05,4.023604563058791e-06,4.106817079810863e-07,0.0006408445271523244,0.002110253380373739
5717,D-SINOS,2000,1474,2.1949724597113948e-05,1.7940953498406303e-05,4.008771098707643e-06,4.148771341683923e-07,0.0006441095668971175,0.0021125804489393607
5718,D-SINOS,2000,1475,2.1924981417244936e-05,1.7923677219436848e-05,4.001304197808089e-06,4.1339334647457365e-07,0.0006429567220852222,0.0021015278307514595
5719,D-SINOS,2000,1476,2.1882886853029455e-05,1.7886583834521274e-05,3.996303018508181e-06,3.922371394780149e-07,0.0006262883836364961,0.0020519486346716187
5720,D-SINOS,2000,1477,2.1850922982734145e-05,1.7915838364671092e-05,3.935084618063054e-06,3.776248430794144e-07,0.0006145118738311037,0.0020314056521774093
5721,D-SINOS,2000,1478,2.182271033865715e-05,1.783625701117504e-05,3.98645332748211e-06,3.5835878292188553e-07,0.0005986307567456634,0.0020154331583429608
5722,D-SINOS,2000,1479,2.1801950935315297e-05,1.7802401152109963e-05,3.999549783205332e-06,3.5811361264769597e-07,0.0005984259458343162,0.0020139676417332275
5723,D-SINOS,2000,1480,2.1768735904963343e-05,1.7748290037159132e-05,4.020445867804211e-06,3.8912475065766794e-07,0.0006237986459248432,0.0020201994202924123
5724,D-SINOS,2000,1481,2.1745890453004066e-05,1.771944334145158e-05,4.026447111552487e-06,3.938905690989178e-07,0.0006276070180446661,0.002062135443970048
5725,D-SINOS,2000,1482,2.1731405033352885e-05,1.771260324061029e-05,4.018801792742598e-06,4.1145796362289747e-07,0.000641449891747514,0.002067455420158404
5726,D-SINOS,2000,1483,2.1719370921248323e-05,1.769052862887473e-05,4.028842292373595e-06,4.2506900478566506e-07,0.0006519731626268562,0.0020702704729472776
5727,D-SINOS,2000,1484,2.1723753005207567e-05,1.7692087952835708e-05,4.031665052371857e-06,4.579565278094142e-07,0.0006767248538434319,0.0020539090234122925
5728,D-SINOS,2000,1485,2.1713759887240507e-05,1.7687643380796917e-05,4.0261165064435884e-06,4.3857793562578336e-07,0.0006622521692118368,0.002063324601408789
5729,D-SINOS,2000,1486,2.1702779390504734e-05,1.7652447444848706e-05,4.050331945656029e-06,4.419333564933168e-07,0.0006647806830025349,0.0020643705459399975
5730,D-SINOS,2000,1487,2.1678006444989224e-05,1.7534961105170817e-05,4.1430453398184085e-06,4.3466315126863295e-07,0.0006592898840939643,0.0020411816720532494
5731,D-SINOS,2000,1488,2.166854834375318e-05,1.7515045696001576e-05,4.153502647751603e-06,4.083073527684656e-07,0.0006389893213258463,0.0020074283853626085
5732,D-SINOS,2000,1489,2.164526682689549e-05,1.7458653438292964e-05,4.186613388602525e-06,4.085930460023982e-07,0.0006392128331020883,0.0020046792628464205
5733,D-SINOS,2000,1490,2.162894790312435e-05,1.7434658084671995e-05,4.194289818452356e-06,3.9943705176407214e-07,0.0006320103256783643,0.001995939267646296
5734,D-SINOS,2000,1491,2.16136508069207e-05,1.7421847841656482e-05,4.191802965264216e-06,3.901664711895288e-07,0.0006246330692410776,0.001984817508107972
5735,D-SINOS,2000,1492,2.1594411603554263e-05,1.742738804436292e-05,4.167023559191345e-06,3.861283688189667e-07,0.0006213922825550433,0.0019777587647757944
5736,D-SINOS,2000,1493,2.1609168219090275e-05,1.753106020205399e-05,4.078108017036285e-06,3.8953584548323113e-07,0.0006241280681744982,0.001960769179405686
5737,D-SINOS,2000,1494,2.1585041174614876e-05,1.7457097820998703e-05,4.1279433536161715e-06,3.872199242958185e-07,0.0006222699770162615,0.001971445755484358
5738,D-SINOS,2000,1495,2.157195318963537e-05,1.7486386927429944e-05,4.085566262205426e-06,3.9343367606380614e-07,0.0006272429163121781,0.0019785616809043782
5739,D-SINOS,2000,1496,2.1564443747214604e-05,1.7515750090964707e-05,4.048693656249899e-06,3.990723391827619e-07,0.0006317217260651734,0.0019856519152309238
5740,D-SINOS,2000,1497,2.1556689135401564e-05,1.7532938213779657e-05,4.023750921621905e-06,4.0156220586775927e-07,0.0006336893607026705,0.001986043223321632
5741,D-SINOS,2000,1498,2.1552605799957625e-05,1.7571946528627726e-05,3.980659271329899e-06,4.0022270837482446e-07,0.0006326315739629381,0.001977967012128934
5742,D-SINOS,2000,1499,2.1541411246085928e-05,1.7564255010505835e-05,3.977156235580091e-06,3.909101956079031e-07,0.000625228114857212,0.0019722331821725447
5743,D-SINOS,2000,1500,2.153322632337524e-05,1.7544439117546087e-05,3.988787205829153e-06,3.8150656820563564e-07,0.0006176621796788562,0.001959182583177177
5744,D-SINOS,2000,1501,2.1520475813680954e-05,1.7542661606620976e-05,3.977814207059977e-06,3.6595745677677994e-07,0.0006049441765789468,0.0019339812998477868
5745,D-SINOS,2000,1502,2.1503504630654585e-05,1.753131357660759e-05,3.972191054046995e-06,3.604476214485382e-07,0.0006003729019938677,0.0019123703069615638
5746,D-SINOS,2000,1503,2.1488592763257463e-05,1.7566563409314466e-05,3.922029353942997e-06,3.4663131523973656e-07,0.0005887540362831805,0.0018809384602984647
5747,D-SINOS,2000,1504,2.147466436520281e-05,1.7572742132922573e-05,3.901922232280237e-06,3.6654350857949226e-07,0.0006054283678351158,0.0018847104139072535
5748,D-SINOS,2000,1505,2.1461214494234965e-05,1.7583886499740177e-05,3.87732799449479e-06,3.855222475031197e-07,0.0006209043787115048,0.0019006154858338675
5749,D-SINOS,2000,1506,2.1433221974469916e-05,1.7601134176758354e-05,3.832087797711563e-06,4.237578471897089e-07,0.0006509668556767763,0.0019153254652218843
5750,D-SINOS,2000,1507,2.1418878004251844e-05,1.7607292409186544e-05,3.8115855950652978e-06,4.4680357028402723e-07,0.0006684336693225643,0.0019535171154685393
5751,D-SINOS,2000,1508,2.140632058092185e-05,1.758295533781978e-05,3.823365243102069e-06,4.4199688634803667e-07,0.0006648284638521704,0.0019017350567924751
5752,D-SINOS,2000,1509,2.1398840858034423e-05,1.7573265363157777e-05,3.825575494876647e-06,4.318120343502359e-07,0.0006571240631343795,0.0019010433711694752
5753,D-SINOS,2000,1510,2.1380473639946256e-05,1.750482545951211e-05,3.875648180434144e-06,4.105127357627835e-07,0.0006407126780100293,0.0018792515764041173
5754,D-SINOS,2000,1511,2.137214939222377e-05,1.7556603178940598e-05,3.8155462132831715e-06,4.0301298246190234e-07,0.0006348330351060051,0.0019224018874718363
5755,D-SINOS,2000,1512,2.13527507533904e-05,1.7481880688717297e-05,3.870870064673102e-06,4.1128552299456865e-07,0.0006413154629311292,0.0018989362832831924
5756,D-SINOS,2000,1513,2.1334794292905092e-05,1.7421086145019227e-05,3.9137081478858655e-06,4.384510807020054e-07,0.0006621563868921038,0.001881253065503019
5757,D-SINOS,2000,1514,2.1325578015268383e-05,1.740511031891385e-05,3.9204676963545355e-06,4.5855946726565793e-07,0.000677170190768656,0.0018788643002899397
5758,D-SINOS,2000,1515,2.130964762187342e-05,1.7392773418777633e-05,3.916874203095787e-06,4.7301448986530896e-07,0.0006877604887352202,0.0018820576264464428
5759,D-SINOS,2000,1516,2.1269539362250394e-05,1.7344769401676196e-05,3.924769960574201e-06,4.914524793542529e-07,0.000701036717550695,0.0018819704452462949
5760,D-SINOS,2000,1517,2.1247372224769692e-05,1.7377549003540898e-05,3.869823221228796e-06,5.066520895586574e-07,0.0007117949771940354,0.0019767909814631945
5761,D-SINOS,2000,1518,2.1217795760352933e-05,1.7302069192192606e-05,3.915726568160327e-06,4.653405091340361e-07,0.0006821587125691763,0.0018837701100162807
5762,D-SINOS,2000,1519,2.1201889007776915e-05,1.726720152118409e-05,3.934687486592826e-06,4.56356542321187e-07,0.0006755416658661307,0.0018928485639588821
5763,D-SINOS,2000,1520,2.119310139854728e-05,1.7262323813909607e-05,3.93077758463767e-06,4.388792531789492e-07,0.0006624796247273944,0.001895962377153726
5764,D-SINOS,2000,1521,2.1181402353943402e-05,1.7244622766677782e-05,3.936779587265621e-06,4.330090506961875e-07,0.0006580342321613576,0.0019118642797403274
5765,D-SINOS,2000,1522,2.1169903565473314e-05,1.7260374409011384e-05,3.90952915646193e-06,4.1987662805028704e-07,0.0006479788793242316,0.001907877640911937
5766,D-SINOS,2000,1523,2.116161214929427e-05,1.7228988181382884e-05,3.932623967911388e-06,4.215844253807569e-07,0.0006492953298621182,0.0019354543331333574
5767,D-SINOS,2000,1524,2.115679512609922e-05,1.7230790871503672e-05,3.92600425459555e-06,4.1986116950874224e-07,0.0006479669509386588,0.001924035291512305
5768,D-SINOS,2000,1525,2.1152222968877316e-05,1.724014343579445e-05,3.912079533082867e-06,4.1373824456302373e-07,0.000643224878687869,0.0019121028940950469
5769,D-SINOS,2000,1526,2.114781982784439e-05,1.7251456044502385e-05,3.8963637833420074e-06,4.0524517139836924e-07,0.0006365886987673982,0.0019047332549837481
5770,D-SINOS,2000,1527,2.1162158960691864e-05,1.729013777387213e-05,3.872021186819732e-06,3.812393882857572e-07,0.000617445858586611,0.001857697449132334
5771,D-SINOS,2000,1528,2.1145449719621543e-05,1.7258971697973207e-05,3.886478021648336e-06,3.9807938679901383e-07,0.0006309353269543669,0.001891568593678783
5772,D-SINOS,2000,1529,2.113978577117617e-05,1.7270314492582552e-05,3.869471278593617e-06,3.8922997099575123e-07,0.0006238829786071674,0.0018869533327400267
5773,D-SINOS,2000,1530,2.1134911737217785e-05,1.726781173288846e-05,3.867100004329328e-06,3.8422874175360276e-07,0.0006198618731246524,0.0018836909299739801
5774,D-SINOS,2000,1531,2.1128578884149625e-05,1.7253316018184212e-05,3.875262865965414e-06,3.8106436466856623e-07,0.0006173041103609843,0.0018777586896919773
5775,D-SINOS,2000,1532,2.112138833811349e-05,1.722310357236709e-05,3.8982847657464005e-06,3.7924208212023064e-07,0.0006158263408788476,0.001872216052761777
5776,D-SINOS,2000,1533,2.1112981416365155e-05,1.7225517587009377e-05,3.887463829355779e-06,3.821413532760533e-07,0.0006181758271528039,0.001871229671486896
5777,D-SINOS,2000,1534,2.1104050390867653e-05,1.7160958028359556e-05,3.943092362508096e-06,3.7474676886498075e-07,0.0006121656384222989,0.0018672901338432357
5778,D-SINOS,2000,1535,2.1097840948347286e-05,1.717337411613244e-05,3.924466832214843e-06,3.7587418743630713e-07,0.0006130857912529919,0.0018730718610415753
5779,D-SINOS,2000,1536,2.1090883377529153e-05,1.7201469819711696e-05,3.889413557817457e-06,3.749835355317395e-07,0.0006123589923661933,0.00188836808061843
5780,D-SINOS,2000,1537,2.1089607032233278e-05,1.7217705403849612e-05,3.871901628383667e-06,3.7518967149786086e-07,0.0006125272822477876,0.0018887285427169331
5781,D-SINOS,2000,1538,2.108525213120419e-05,1.7212194249822777e-05,3.8730578813814115e-06,3.715044531920919e-07,0.000609511651399784,0.0018969657546309415
5782,D-SINOS,2000,1539,2.1082247241594953e-05,1.7212111698069167e-05,3.870135543525785e-06,3.7086170014646925e-07,0.0006089841542655024,0.0019011196272256115
5783,D-SINOS,2000,1540,2.1079406278476023e-05,1.7216899022962848e-05,3.862507255513176e-06,3.7294463261272433e-07,0.0006106919293823395,0.001904475908099168
5784,D-SINOS,2000,1541,2.1076762309470945e-05,1.721349137719972e-05,3.863270932271228e-06,3.7324180598338964e-07,0.0006109351896751321,0.0019035032725076562
5785,D-SINOS,2000,1542,2.1078172300796857e-05,1.7239183350740124e-05,3.838988950056732e-06,3.9836457625768204e-07,0.0006311612917928998,0.0018957256029187297
5786,D-SINOS,2000,1543,2.107425822974957e-05,1.722325966298071e-05,3.850998566768858e-06,3.839880798334421e-07,0.0006196677172755105,0.0019000494828332881
5787,D-SINOS,2000,1544,2.1069155855662514e-05,1.7215553322707176e-05,3.853602532955337e-06,3.7767951266922687e-07,0.000614556354347774,0.0019001088129291244
5788,D-SINOS,2000,1545,2.106279102112809e-05,1.7201614095754188e-05,3.861176925373902e-06,3.693893728818274e-07,0.0006077741133692907,0.0018953683139485422
5789,D-SINOS,2000,1546,2.1055734341440426e-05,1.7189827958627976e-05,3.8659063828124505e-06,3.611159930814837e-07,0.0006009292746084881,0.0018893011343215083
5790,D-SINOS,2000,1547,2.104525560155322e-05,1.7188825204078737e-05,3.856430397474484e-06,3.5572049045210176e-07,0.0005964230800799896,0.0018815425546621078
5791,D-SINOS,2000,1548,2.104286118520475e-05,1.7204476305699678e-05,3.838384879505075e-06,3.436411511554673e-07,0.0005862091360218359,0.0018828812183957488
5792,D-SINOS,2000,1549,2.1021759486219873e-05,1.720997512904094e-05,3.811784357178931e-06,3.524933422018936e-07,0.0005937114974479555,0.001872322882824462
5793,D-SINOS,2000,1550,2.1014023514635493e-05,1.7200693334483946e-05,3.8133301801515475e-06,3.638953426854938e-07,0.000603237385019773,0.0018690300003080251
5794,D-SINOS,2000,1551,2.1006791464888564e-05,1.720919934072729e-05,3.7975921241612756e-06,3.7265908515935873e-07,0.0006104580945153883,0.0018796855812776014
5795,D-SINOS,2000,1552,2.0996884357667727e-05,1.72121982845458e-05,3.7846860731219293e-06,3.81442566962389e-07,0.0006176103682439187,0.0018935055009926538
5796,D-SINOS,2000,1553,2.0988987461767705e-05,1.7173517470890942e-05,3.815469990876763e-06,3.8952814987064746e-07,0.0006241219030531194,0.0019272529904720281
5797,D-SINOS,2000,1554,2.0977727447245374e-05,1.717960039947723e-05,3.798127047768146e-06,3.864710648993855e-07,0.0006216679699802665,0.0019259573378911377
5798,D-SINOS,2000,1555,2.09695277096178e-05,1.7166832117932425e-05,3.802695591685374e-06,3.804466005859351e-07,0.0006168035348357977,0.0019253422682481425
5799,D-SINOS,2000,1556,2.0959091786717946e-05,1.7178552813291824e-05,3.780538973426122e-06,3.72281098418732e-07,0.0006101484232698893,0.0019248015524410134
5800,D-SINOS,2000,1557,2.095266675618056e-05,1.7143062059693984e-05,3.8096046964865747e-06,3.8177415270032047e-07,0.0006178787524266557,0.0019464208667191452
5801,D-SINOS,2000,1558,2.0941662268849378e-05,1.717620885421681e-05,3.765453414632569e-06,3.771597446354964e-07,0.0006141333280611763,0.0019389993887333201
5802,D-SINOS,2000,1559,2.0932771129489218e-05,1.7197717220645265e-05,3.7350539088439524e-06,3.785755013609375e-07,0.0006152848944683573,0.00193166858138627
5803,D-SINOS,2000,1560,2.0925849926701955e-05,1.7205163468852907e-05,3.7206864578490494e-06,3.8420072772495094e-07,0.0006198392757198845,0.0019308672723459264
5804,D-SINOS,2000,1561,2.0914210759270133e-05,1.7200470309410555e-05,3.7137404498595803e-06,3.8454549827300794e-07,0.0006201173262157799,0.001936311325260065
5805,D-SINOS,2000,1562,2.0896549500314298e-05,1.718730320312198e-05,3.7092462971923185e-06,3.871859480847208e-07,0.0006222426762001468,0.0019594398955508074
5806,D-SINOS,2000,1563,2.0879018322260048e-05,1.7178397507542924e-05,3.7006208147171245e-06,3.754142976624907e-07,0.0006127106149419078,0.0019250571929035898
5807,D-SINOS,2000,1564,2.08516289111834e-05,1.7156516494920766e-05,3.695112416262634e-06,3.7750649769438945e-07,0.0006144155740981746,0.0019474551210710844
5808,D-SINOS,2000,1565,2.0800999888738485e-05,1.7136587386171735e-05,3.66441250256675e-06,3.7471567231879714e-07,0.0006121402390946025,0.0019511742124752596
5809,D-SINOS,2000,1566,2.075893470185312e-05,1.706768019936546e-05,3.6912545024876594e-06,3.743273845206334e-07,0.0006118230009738384,0.0019046821141053272
5810,D-SINOS,2000,1567,2.0732222515180168e-05,1.713578505301453e-05,3.596437462165638e-06,3.5287023795128753e-07,0.0005940288191252067,0.0019065873654388055
5811,D-SINOS,2000,1568,2.070145035311874e-05,1.7066926497862838e-05,3.6345238552559013e-06,3.61426804955177e-07,0.0006011878283491582,0.0018853799239149094
5812,D-SINOS,2000,1569,2.0683477547294916e-05,1.6989434614503694e-05,3.6940429327912224e-06,3.561851524111998e-07,0.0005968124935113204,0.001859736512668575
5813,D-SINOS,2000,1570,2.066999251744831e-05,1.6971204474396905e-05,3.6987880430514064e-06,3.5993811631220806e-07,0.0005999484280437844,0.0018468870605886645
5814,D-SINOS,2000,1571,2.0657741457700165e-05,1.696993731466394e-05,3.687804143036226e-06,3.5448341266871554e-07,0.0005953850961089936,0.0018325674326288288
5815,D-SINOS,2000,1572,2.0638154572060888e-05,1.6975685986753864e-05,3.6624685853070236e-06,3.52480700747874e-07,0.0005937008512271766,0.0018151585829692118
5816,D-SINOS,2000,1573,2.0620365003921072e-05,1.6986944173010313e-05,3.6334208309107605e-06,3.511467277648821e-07,0.0005925763476252508,0.0017697365379865104
5817,D-SINOS,2000,1574,2.065199085730981e-05,1.7156964277038046e-05,3.4950265802717628e-06,3.774548988816605e-07,0.0006143735825063285,0.0018866830026165182
5818,D-SINOS,2000,1575,2.061165930075684e-05,1.703115458057592e-05,3.5805047201809208e-06,3.585428159610774e-07,0.0005987844486633545,0.0018068007056667446
5819,D-SINOS,2000,1576,2.0596718730873656e-05,1.703431179611782e-05,3.5624069347558345e-06,3.60160081457015e-07,0.0006001333863875722,0.0017670262774531764
5820,D-SINOS,2000,1577,2.0585505973234282e-05,1.7038246267089324e-05,3.547259706144958e-06,3.6460646362483086e-07,0.0006038265178218251,0.0017442665773086397
5821,D-SINOS,2000,1578,2.0578869435399047e-05,1.703708032612028e-05,3.541789109278767e-06,3.67750240654676e-07,0.0006064241425394243,0.0017436840206317417
5822,D-SINOS,2000,1579,2.0564355121191908e-05,1.703089032259579e-05,3.5334647985961178e-06,3.711773015764976e-07,0.0006092432203779519,0.0017488632764534051
5823,D-SINOS,2000,1580,2.053939191634142e-05,1.7001568935289968e-05,3.537822981051451e-06,3.7409762914615566e-07,0.00061163520921065,0.0017597994301729036
5824,D-SINOS,2000,1581,2.055247984698235e-05,1.7017536204011768e-05,3.5349436429705832e-06,3.5552046234471163e-07,0.0005962553667219371,0.001737010063824207
5825,D-SINOS,2000,1582,2.052360427534136e-05,1.6995372489275992e-05,3.528231786065368e-06,3.6491826472304555e-07,0.0006040846502958385,0.0017501113975428861
5826,D-SINOS,2000,1583,2.0492220762777948e-05,1.694071533536003e-05,3.5515054274179194e-06,3.603500126357535e-07,0.0006002916063345826,0.0017567257230302058
5827,D-SINOS,2000,1584,2.0460723812066182e-05,1.687546002794268e-05,3.5852637841235005e-06,3.538948310971968e-07,0.0005948906043107395,0.0017469694512086686
5828,D-SINOS,2000,1585,2.043433171832634e-05,1.681880741062622e-05,3.6155243077001207e-06,3.4895260437703595e-07,0.0005907221041886243,0.0017404672856464742
5829,D-SINOS,2000,1586,2.04007661637041e-05,1.6764466453663547e-05,3.636299710040551e-06,3.4678565721577547e-07,0.0005888850967852518,0.0017238477163001864
5830,D-SINOS,2000,1587,2.033974169862927e-05,1.666817509762677e-05,3.671566601002501e-06,3.49180634998833e-07,0.0005909150827308718,0.001703197475996343
5831,D-SINOS,2000,1588,2.029833431338048e-05,1.653422675639204e-05,3.764107556988441e-06,3.453600707028429e-07,0.0005876734388270776,0.0016966941763324472
5832,D-SINOS,2000,1589,2.0267503522579037e-05,1.6579250302987685e-05,3.6882532195913524e-06,3.5114926574054063e-07,0.0005925784890970483,0.001706059678689531
5833,D-SINOS,2000,1590,2.025541856321841e-05,1.6566723500472163e-05,3.6886950627462445e-06,3.4899747081111636e-07,0.0005907600788908441,0.0017044535513557335
5834,D-SINOS,2000,1591,2.0245365521713832e-05,1.6552535225473456e-05,3.692830296240375e-06,3.475846152789432e-07,0.0005895630715020601,0.0016998368215749293
5835,D-SINOS,2000,1592,2.0232595667509413e-05,1.6535672057752212e-05,3.696923609757201e-06,3.4999630629334083e-07,0.0005916048565498265,0.0016969513731587282
5836,D-SINOS,2000,1593,2.022193823557135e-05,1.65598987760827e-05,3.662039459488648e-06,3.561879350653724e-07,0.000596814824770106,0.0016856794458998126
5837,D-SINOS,2000,1594,2.0215037698141276e-05,1.6566058951622647e-05,3.648978746518627e-06,3.611802194477712e-07,0.0006009827114383335,0.0017039809694637809
5838,D-SINOS,2000,1595,2.0206991215240356e-05,1.657717728723329e-05,3.6298139280070677e-06,3.625388400478254e-07,0.0006021119829797654,0.0017087627759797552
5839,D-SINOS,2000,1596,2.018596781140093e-05,1.6619755625243963e-05,3.5662121861569685e-06,3.6243260466762705e-07,0.0006020237575608018,0.0017261851951433371
5840,D-SINOS,2000,1597,2.018109545864339e-05,1.661213904264999e-05,3.5689564159934015e-06,3.5633489404512005e-07,0.0005969379314846059,0.0017548446012695118
5841,D-SINOS,2000,1598,2.0150335511166445e-05,1.6615632006025865e-05,3.534703505140581e-06,3.566518915613045e-07,0.0005972033921213982,0.001758180901145323
5842,D-SINOS,2000,1599,2.0124216487601882e-05,1.658772363315183e-05,3.5364928544500537e-06,3.5526153797159225e-07,0.000596038201771994,0.0017613506724958317
5843,D-SINOS,2000,1600,2.010140465904057e-05,1.6531749615879523e-05,3.5696550431610468e-06,3.5140023340330895e-07,0.0005927902102795803,0.0017693269392812239
5844,D-SINOS,2000,1601,2.0082539868522413e-05,1.6475266709098062e-05,3.6072731594243507e-06,3.4660957867026533e-07,0.000588735576188721,0.0017734384562417826
5845,D-SINOS,2000,1602,2.0062531838108182e-05,1.643570468274e-05,3.6268271553681824e-06,3.452412925874119e-07,0.0005875723722124892,0.0017930287814205137
5846,D-SINOS,2000,1603,2.0040795909045855e-05,1.6396220256875696e-05,3.644575652170158e-06,3.463567471586765e-07,0.0005885208128508936,0.0017761133704899956
5847,D-SINOS,2000,1604,2.001914875006471e-05,1.6391430009017627e-05,3.6277187410470846e-06,3.4829504249213575e-07,0.0005901652671007806,0.001791929489920463
5848,D-SINOS,2000,1605,1.9969666017297517e-05,1.6385487085106396e-05,3.584178932191122e-06,3.544187888505635e-07,0.0005953308230308284,0.0018034840580362088
5849,D-SINOS,2000,1606,2.0065724597235117e-05,1.631955675298065e-05,3.7461678442544687e-06,3.956473344472405e-07,0.0006290050353115152,0.0018342489512268578
5850,D-SINOS,2000,1607,1.995258172140985e-05,1.6339243881689916e-05,3.6133378397199343e-06,3.5733583709091383e-07,0.0005977757414707574,0.0018108503852402036
5851,D-SINOS,2000,1608,1.991644284943529e-05,1.6319952629765715e-05,3.5964902196695766e-06,3.608961297676156e-07,0.0006007463106566828,0.0018329871066252723
5852,D-SINOS,2000,1609,1.9874422939430602e-05,1.629690691600158e-05,3.5775160234290216e-06,3.6267305086229087e-07,0.0006022234227114476,0.0018458519905082404
5853,D-SINOS,2000,1610,1.9840212788745445e-05,1.6250403930862993e-05,3.5898088578824543e-06,3.650719138622217e-07,0.0006042118120843234,0.00188499389977137
5854,D-SINOS,2000,1611,1.980260774929342e-05,1.6245514600719334e-05,3.5570931485740854e-06,3.478563549958542e-07,0.0005897934850401912,0.0018802042504659777
5855,D-SINOS,2000,1612,1.977468730686788e-05,1.6216306918104364e-05,3.558380388763516e-06,3.414327280761234e-07,0.0005843224521410446,0.0019133328366638391
5856,D-SINOS,2000,1613,1.976127951494648e-05,1.619496353990235e-05,3.5663159750441305e-06,3.350113906304279e-07,0.0005788016850618421,0.0019199951963388973
5857,D-SINOS,2000,1614,1.9745139104789924e-05,1.6201496608329975e-05,3.54364249645995e-06,3.34221961442545e-07,0.0005781193314900869,0.0019135383446482468
5858,D-SINOS,2000,1615,1.9730151645477086e-05,1.61914683673289e-05,3.538683278148185e-06,3.3473539485168026e-07,0.0005785632159511009,0.0019045222209974622
5859,D-SINOS,2000,1616,1.968782265149218e-05,1.610767951286959e-05,3.5801431386225898e-06,3.550207552969159e-07,0.0005958361815943338,0.0018618954115514619
5860,D-SINOS,2000,1617,1.9660422197183953e-05,1.606825381142177e-05,3.5921683857621828e-06,3.589268206373795e-07,0.0005991050163680651,0.0018534795064916176
5861,D-SINOS,2000,1618,1.9616688118011092e-05,1.592235466090551e-05,3.694333457105581e-06,4.006083677058995e-07,0.0006329363061998415,0.0018497860551555112
5862,D-SINOS,2000,1619,1.9592877954522313e-05,1.5958255762443463e-05,3.6346221920788502e-06,4.1150049474622527e-07,0.0006414830432257935,0.0018531961458359003
5863,D-SINOS,2000,1620,1.9554700348205196e-05,1.591571020092082e-05,3.6389901472843754e-06,4.1503329107371464e-07,0.0006442307747024467,0.001858594981293038
5864,D-SINOS,2000,1621,1.9479750784866488e-05,1.581846257703097e-05,3.6612882078355185e-06,4.458580694652544e-07,0.0006677260437224643,0.001886683388711008
5865,D-SINOS,2000,1622,1.9400038512019675e-05,1.5736908279792316e-05,3.6631302322273577e-06,4.746142804517414e-07,0.0006889225504015247,0.0019203488276150482
5866,D-SINOS,2000,1623,1.9277909662654913e-05,1.560497951861465e-05,3.6729301440402604e-06,5.480902842440918e-07,0.0007403311990211488,0.0019788228418247122
5867,D-SINOS,2000,1624,1.922380780986137e-05,1.555231142476271e-05,3.6714963850986584e-06,5.945957313586322e-07,0.0007711003380615471,0.001933599453741719
5868,D-SINOS,2000,1625,1.9192398051311508e-05,1.5527516185160773e-05,3.664881866150736e-06,6.043857185001508e-07,0.000777422483917304,0.002005975920848835
5869,D-SINOS,2000,1626,1.9171775197053728e-05,1.547290275950919e-05,3.6988724375445394e-06,5.907011813724221e-07,0.0007685708694534435,0.0020071837199925335
5870,D-SINOS,2000,1627,1.914650357952147e-05,1.549381173028456e-05,3.652691849236907e-06,5.255067317822451e-07,0.0007249184311232851,0.0019826309350787774
5871,D-SINOS,2000,1628,1.9118574750427382e-05,1.543492251277265e-05,3.6836522376547317e-06,5.172113937282521e-07,0.0007191741052959652,0.0019588731900386236
5872,D-SINOS,2000,1629,1.9078298593694823e-05,1.5427494273514373e-05,3.6508043201804496e-06,5.095673945134596e-07,0.000713839894173378,0.001978552118926946
5873,D-SINOS,2000,1630,1.9181157882080874e-05,1.53022969620156e-05,3.878860920065275e-06,4.306067122141719e-07,0.0006562063030893348,0.0017419130238442992
5874,D-SINOS,2000,1631,1.9057411256079854e-05,1.5360991917589978e-05,3.6964193384898768e-06,4.7673464109168206e-07,0.0006904597316945298,0.0018854404207351294
5875,D-SINOS,2000,1632,1.9034717607775026e-05,1.5297528177225453e-05,3.737189430549573e-06,4.742537411122107e-07,0.0006886608316959886,0.001903272628735797
5876,D-SINOS,2000,1633,1.9012626810204652e-05,1.5333234288450305e-05,3.679392521754349e-06,4.89505637583243e-07,0.000699646794878132,0.0019433346061772383
5877,D-SINOS,2000,1634,1.899248248908346e-05,1.534159139818457e-05,3.65089109089889e-06,4.683142259320576e-07,0.0006843348785003272,0.0019489996743482507
5878,D-SINOS,2000,1635,1.8962468119241113e-05,1.5330132957845922e-05,3.63233516139519e-06,4.5003663879460675e-07,0.0006708477016392072,0.0019434156793902702
5879,D-SINOS,2000,1636,1.8927685983457084e-05,1.5334484771693585e-05,3.5932012117634994e-06,4.4571986504850284e-07,0.0006676225468395318,0.0019512788862289243
5880,D-SINOS,2000,1637,1.888718863854333e-05,1.532257944609275e-05,3.56460919245058e-06,4.2146370417840653e-07,0.0006492023599605955,0.0019600164665171116
5881,D-SINOS,2000,1638,1.883107027299755e-05,1.5312320171177566e-05,3.5187501018199836e-06,4.385035327067938e-07,0.0006621959926689331,0.001973339571065491
5882,D-SINOS,2000,1639,1.879879532555628e-05,1.5271281854785425e-05,3.527513470770854e-06,4.464354148468845e-07,0.0006681582259067717,0.001984517988775081
5883,D-SINOS,2000,1640,1.8769992299991494e-05,1.5174713265753117e-05,3.5952790342383776e-06,4.4397852369381016e-07,0.0006663171344741258,0.0019676702839008797
5884,D-SINOS,2000,1641,1.875170596013769e-05,1.520330915140645e-05,3.54839680873124e-06,4.3022394114227623e-07,0.0006559145837243415,0.001980539945010684
5885,D-SINOS,2000,1642,1.8703080170738717e-05,1.5077705245908864e-05,3.6253749248298523e-06,4.2604535756427204e-07,0.0006527215007675725,0.002013711436508525
5886,D-SINOS,2000,1643,1.8674351605551983e-05,1.5048985196110652e-05,3.6253664094413305e-06,4.104022929913986e-07,0.0006406264847720539,0.0020170331095430427
5887,D-SINOS,2000,1644,1.8655945195039963e-05,1.5015506820625708e-05,3.6404383744142563e-06,4.217404541255489e-07,0.0006494154711165641,0.002063585495410747
5888,D-SINOS,2000,1645,1.863755234612355e-05,1.5039509048323479e-05,3.5980432978000717e-06,4.257731526341676e-07,0.0006525129520815412,0.002096294042449376
5889,D-SINOS,2000,1646,1.8605069687495482e-05,1.5019960519656027e-05,3.585109167839456e-06,4.4026576220630985e-07,0.0006635252536311711,0.00213250303160073
5890,D-SINOS,2000,1647,1.857049677304133e-05,1.5050879643612474e-05,3.519617129428857e-06,5.004468222742711e-07,0.0007074226616912065,0.002162234577767097
5891,D-SINOS,2000,1648,1.854368052991271e-05,1.5001242341025215e-05,3.542438188887496e-06,4.528081859294453e-07,0.0006729102361604,0.0021388702383365876
5892,D-SINOS,2000,1649,1.8518910769848615e-05,1.496128334396473e-05,3.5576274258838847e-06,4.3903672704856715e-07,0.0006625984659268139,0.002109217319819723
5893,D-SINOS,2000,1650,1.8489250428322744e-05,1.4915010126454575e-05,3.574240301868169e-06,4.2587763244482887e-07,0.0006525930067391381,0.002094693263919978
5894,D-SINOS,2000,1651,1.846199045810798e-05,1.4874798006268647e-05,3.5871924518393334e-06,4.2038292912240324e-07,0.0006483694387634285,0.002080048167230175
5895,D-SINOS,2000,1652,1.843445591497158e-05,1.4802906536106526e-05,3.631549378865056e-06,4.370449926478403e-07,0.0006610937850621804,0.002110795647892072
5896,D-SINOS,2000,1653,1.8428822492367566e-05,1.4843639314099927e-05,3.58518317826764e-06,4.381327091325423e-07,0.0006619159381164215,0.0021168981632436745
5897,D-SINOS,2000,1654,1.839945272809599e-05,1.4818750885914386e-05,3.5807018421816047e-06,4.469047367971072e-07,0.0006685093393492026,0.0021203415296769945
5898,D-SINOS,2000,1655,1.8388623338339293e-05,1.4804289632936066e-05,3.5843337054032282e-06,4.431076112649916e-07,0.0006656632867035643,0.0021245761658831297
5899,D-SINOS,2000,1656,1.8370735936499504e-05,1.475926940368721e-05,3.6114665328122934e-06,4.3887063692517734e-07,0.0006624731216624395,0.002121326446009042
5900,D-SINOS,2000,1657,1.8349156722367343e-05,1.4771016167068682e-05,3.5781405552986608e-06,4.1604492724038016e-07,0.0006450154472881872,0.0021240045792416673
5901,D-SINOS,2000,1658,1.8327153896214978e-05,1.4736256690656712e-05,3.5908972055582643e-06,4.2598493682745793e-07,0.0006526752154229988,0.0021405564919910747
5902,D-SINOS,2000,1659,1.8297813230222405e-05,1.472805588193803e-05,3.569757348284373e-06,4.3331723860210406e-07,0.0006582683636649296,0.0021668649873133328
5903,D-SINOS,2000,1660,1.8271074490778585e-05,1.4757107222700543e-05,3.5139672680780422e-06,4.5589536434811293e-07,0.0006752002401866523,0.0022350716458787723
5904,D-SINOS,2000,1661,1.8249262495117156e-05,1.4794366556947411e-05,3.4548959381697454e-06,4.664418345255967e-07,0.0006829654709614512,0.002245747334468806
5905,D-SINOS,2000,1662,1.822964462835939e-05,1.4805948162799771e-05,3.4236964655596204e-06,4.837567652698354e-07,0.0006955262505972262,0.0022733663397808135
5906,D-SINOS,2000,1663,1.8205852110072335e-05,1.4834152451750062e-05,3.3716996583222745e-06,4.857132024768843e-07,0.0006969312752896689,0.002275998010003444
5907,D-SINOS,2000,1664,1.8188208640502176e-05,1.4799746915714454e-05,3.3884617247877206e-06,4.909606944058982e-07,0.0007006858742731283,0.002270353936268621
5908,D-SINOS,2000,1665,1.8156065186117036e-05,1.471784947809004e-05,3.4382157080269964e-06,4.7434993812828737e-07,0.000688730671691255,0.00225829729183491
5909,D-SINOS,2000,1666,1.8126967254238725e-05,1.4638094689500952e-05,3.4888725647377748e-06,4.835093023382149e-07,0.00069534833165703,0.002267806574667408
5910,D-SINOS,2000,1667,1.81034880506839e-05,1.4593339614879243e-05,3.5101484358046577e-06,4.5369403342806435e-07,0.0006735681356982858,0.0022726174819197587
5911,D-SINOS,2000,1668,1.8078802441785903e-05,1.4551379796833352e-05,3.527422644952551e-06,4.3039343048362525e-07,0.0006560437717741288,0.002301427066026762
5912,D-SINOS,2000,1669,1.806447101986876e-05,1.4538717796447396e-05,3.525753223421366e-06,4.267755100259263e-07,0.0006532805752706307,0.002332047907286916
5913,D-SINOS,2000,1670,1.8044766362024315e-05,1.4513704208023283e-05,3.5310621540010326e-06,4.1625929037763277e-07,0.0006451815948844424,0.002343057347404698
5914,D-SINOS,2000,1671,1.8028184715395947e-05,1.452022234188653e-05,3.5079623735094174e-06,4.1194372238237574e-07,0.0006418284212952678,0.0023385294873174978
5915,D-SINOS,2000,1672,1.801990242575779e-05,1.4507561751210017e-05,3.512340674547774e-06,4.094526056293752e-07,0.0006398848377867499,0.0023112929242458113
5916,D-SINOS,2000,1673,1.8018891735984604e-05,1.4512215957116445e-05,3.506675778868157e-06,3.8698088751801314e-07,0.0006220778789814127,0.0022716172562889936
5917,D-SINOS,2000,1674,1.801160954186109e-05,1.45205689797881e-05,3.491040562072991e-06,3.975777430147615e-07,0.0006305376618527727,0.0022882601442119066
5918,D-SINOS,2000,1675,1.8008417046174976e-05,1.451538904915071e-05,3.4930279970242676e-06,3.976226346301607e-07,0.0006305732587337975,0.0022947005695982403
5919,D-SINOS,2000,1676,1.80037069685181e-05,1.4522701819714517e-05,3.481005148803585e-06,3.9147321358018136e-07,0.0006256782028968097,0.0022951811275845335
5920,D-SINOS,2000,1677,1.7999771954467134e-05,1.4518126009298345e-05,3.481645945168788e-06,3.8501277680237164e-07,0.0006204939780548814,0.0022946108453667513
5921,D-SINOS,2000,1678,1.7991473866063614e-05,1.4531481985346537e-05,3.459991880717077e-06,3.716148549638197e-07,0.0006096022104321963,0.0022949265246310357
5922,D-SINOS,2000,1679,1.798419636004086e-05,1.4490466982386793e-05,3.493729377654069e-06,3.7253432560884737e-07,0.0006103559007733499,0.002286118339090981
5923,D-SINOS,2000,1680,1.7966409875776762e-05,1.4496086799980321e-05,3.47032307579644e-06,3.7209569183446175e-07,0.0006099964687065506,0.002292196897257126
5924,D-SINOS,2000,1681,1.7950106711302625e-05,1.4489029999623535e-05,3.4610767116790906e-06,3.8145603926849833e-07,0.0006176212749480853,0.002297195640892369
5925,D-SINOS,2000,1682,1.793735607149104e-05,1.4459218439081403e-05,3.4781376324096352e-06,3.931947674381444e-07,0.000627052443929648,0.002285754491484604
5926,D-SINOS,2000,1683,1.8022648714416997e-05,1.4625691039448134e-05,3.396957674968863e-06,5.093552994338644e-07,0.0007136913194328935,0.002493137526827227
5927,D-SINOS,2000,1684,1.793461454570878e-05,1.4476435676784922e-05,3.458178868923858e-06,4.082632796663318e-07,0.0006389548338234338,0.0023168496666584604
5928,D-SINOS,2000,1685,1.792382813230232e-05,1.4441011398165295e-05,3.482816734137026e-06,4.0917732935964274e-07,0.0006396697033310572,0.0022970522094870605
5929,D-SINOS,2000,1686,1.7913103082362195e-05,1.4415996231823034e-05,3.497106850539161e-06,4.131126161218336e-07,0.0006427383729962243,0.0022792711188919235
5930,D-SINOS,2000,1687,1.790097276134639e-05,1.4413657160194808e-05,3.4873156011515814e-06,4.0108017607962935e-07,0.0006333089104691559,0.0022697855643896148
5931,D-SINOS,2000,1688,1.7893995224773408e-05,1.4454188754883688e-05,3.439806469889722e-06,3.8959474100678016e-07,0.000624175248633571,0.0022537496024896964
5932,D-SINOS,2000,1689,1.7878932539973004e-05,1.4452875756952569e-05,3.426056783020436e-06,3.920486087512554e-07,0.0006261378512366549,0.0022732568100127803
5933,D-SINOS,2000,1690,1.7865316481407188e-05,1.4474836167810103e-05,3.3904803135970867e-06,3.9134798390216247e-07,0.0006255781197437795,0.0022928966021428243
5934,D-SINOS,2000,1691,1.7849638823065323e-05,1.4492429050387779e-05,3.3572097726775435e-06,3.9050923092449536e-07,0.0006249073778765101,0.002306906173111023
5935,D-SINOS,2000,1692,1.784103093608358e-05,1.4543271002542206e-05,3.297759933541374e-06,3.9940044051687443e-07,0.0006319813608935586,0.0023106301401830676
5936,D-SINOS,2000,1693,1.7820677490305757e-05,1.4520749748585864e-05,3.2999277417198942e-06,3.919841582571797e-07,0.0006260863824243262,0.0022998935428935052
5937,D-SINOS,2000,1694,1.780634776953944e-05,1.4488906480840283e-05,3.317441288699156e-06,3.9175006831646e-07,0.0006258994075060784,0.002268617558504049
5938,D-SINOS,2000,1695,1.779617678850734e-05,1.4478788077653844e-05,3.317388710853497e-06,3.932880766265757e-07,0.0006271268425339292,0.002247394855274809
5939,D-SINOS,2000,1696,1.778247442519968e-05,1.4460372963399812e-05,3.32210146179987e-06,4.013579269551417e-07,0.0006335281579812706,0.0022258376191625073
5940,D-SINOS,2000,1697,1.7761599310771676e-05,1.443559373276794e-05,3.3260055780037343e-06,4.131934432462157e-07,0.0006428012470789207,0.0022093057103215186
5941,D-SINOS,2000,1698,1.7746553486384575e-05,1.4409106187198354e-05,3.3374472991862204e-06,4.3212702435363657e-07,0.0006573636926037493,0.0022040476928171238
5942,D-SINOS,2000,1699,1.7733412790916216e-05,1.4393172277274895e-05,3.3402405136413222e-06,4.335577278158624e-07,0.0006584510063898926,0.002207314601418764
5943,D-SINOS,2000,1700,1.7724671957397217e-05,1.4385736779160043e-05,3.3389351782371746e-06,4.288983693338631e-07,0.0006549033282354451,0.0022129235459895646
5944,D-SINOS,2000,1701,1.7717412610004584e-05,1.4372499691420627e-05,3.344912918583957e-06,4.273633893874339e-07,0.0006537303644373832,0.00221112824496128
5945,D-SINOS,2000,1702,1.770742640910909e-05,1.4361533800051962e-05,3.345892609057129e-06,4.262077744582074e-07,0.0006528459040678799,0.0022016324080375016
5946,D-SINOS,2000,1703,1.7690707305096835e-05,1.4321659759088457e-05,3.369047546008377e-06,4.345342912648703e-07,0.0006591921504879062,0.0021792181957935863
5947,D-SINOS,2000,1704,1.7667996018675613e-05,1.4324903596969775e-05,3.3430924217058374e-06,4.2458769062821046e-07,0.0006516039369342473,0.002147079227640125
5948,D-SINOS,2000,1705,1.764420508012702e-05,1.4317049171460312e-05,3.3271559086667075e-06,4.378620828387141e-07,0.0006617114800566135,0.0021318004717405525
5949,D-SINOS,2000,1706,1.7642150611720586e-05,1.4282556613515112e-05,3.3595939982054724e-06,4.0669924244789944e-07,0.0006377297565959263,0.0021234726187984165
5950,D-SINOS,2000,1707,1.7629825081045478e-05,1.4288953415014133e-05,3.340871666031345e-06,4.212022930751199e-07,0.0006490009962050289,0.0021275127285192985
5951,D-SINOS,2000,1708,1.7615254806578208e-05,1.4295648282698683e-05,3.3196065238795247e-06,4.348195470100031e-07,0.0006594084826645795,0.0021352565027460413
5952,D-SINOS,2000,1709,1.7604723210248215e-05,1.4306765525134031e-05,3.2979576851141836e-06,4.341460285555598e-07,0.0006588975857867137,0.0021460857857741322
5953,D-SINOS,2000,1710,1.759341966841144e-05,1.4322778098135426e-05,3.2706415702760153e-06,4.223625588600151e-07,0.0006498942674466479,0.0021583718237472294
5954,D-SINOS,2000,1711,1.7588012551852578e-05,1.4320822634838308e-05,3.2671899170142712e-06,4.0860066473952707e-07,0.0006392187925425277,0.0021541350958097505
5955,D-SINOS,2000,1712,1.7583160026449277e-05,1.434525817527616e-05,3.2379018511731183e-06,3.9894374353370987e-07,0.0006316199359850114,0.002164323285756664
5956,D-SINOS,2000,1713,1.7579389918889818e-05,1.4337230460670342e-05,3.2421594582194753e-06,4.0087747073664503e-07,0.0006331488535381274,0.0021635603436085393
5957,D-SINOS,2000,1714,1.757409837944859e-05,1.4329447043644032e-05,3.2446513358045583e-06,4.0243988024179194e-07,0.0006343814942460033,0.0021624590670880073
5958,D-SINOS,2000,1715,1.7570346205120517e-05,1.434924193295168e-05,3.2211042721688346e-06,3.9939840537552483e-07,0.0006319797507638396,0.002169644746128019
5959,D-SINOS,2000,1716,1.7565525626303935e-05,1.4379561609262346e-05,3.1859640170415884e-06,3.947542415486524e-07,0.0006282947091522038,0.0021809943552697497
5960,D-SINOS,2000,1717,1.7561105404020744e-05,1.4408589357760685e-05,3.152516046260057e-06,3.909888704280335e-07,0.0006252910285843172,0.0021872514757630412
5961,D-SINOS,2000,1718,1.7557724802614602e-05,1.4429390398328411e-05,3.128334404286193e-06,3.84674678993178e-07,0.000620221475759408,0.0021983934004330408
5962,D-SINOS,2000,1719,1.7554845922646474e-05,1.4414588528154082e-05,3.1402573944923917e-06,3.862724048825555e-07,0.000621508169602424,0.002193272339593655
5963,D-SINOS,2000,1720,1.755091149173286e-05,1.438403924396362e-05,3.166872247769239e-06,3.934832275102988e-07,0.0006272824144755684,0.0021864661551261877
5964,D-SINOS,2000,1721,1.754844160470391e-05,1.4374898467519396e-05,3.1735431371845154e-06,3.9706273928333715e-07,0.0006301291449245442,0.002187504691160913
5965,D-SINOS,2000,1722,1.754121945557602e-05,1.4342347632351607e-05,3.198871823224412e-06,4.1887208995374655e-07,0.0006472032833304746,0.002199538613351426
5966,D-SINOS,2000,1723,1.753709162486459e-05,1.4346933618984664e-05,3.190158005879926e-06,4.245720782361316e-07,0.0006515919568534679,0.002229354730184152
5967,D-SINOS,2000,1724,1.7529544658188513e-05,1.4333541516712009e-05,3.196003141476506e-06,4.3292308121687394e-07,0.0006579689059650722,0.002233508761970704
5968,D-SINOS,2000,1725,1.7524837591091737e-05,1.4332606965304992e-05,3.1922306257867447e-06,4.3426336720517257e-07,0.0006589866214159227,0.0022421456299254183
5969,D-SINOS,2000,1726,1.752277693966254e-05,1.4337524562491377e-05,3.1852523771711644e-06,4.3300823951246817e-07,0.0006580336157921327,0.002248115371252135
5970,D-SINOS,2000,1727,1.751793669345173e-05,1.4342292556402765e-05,3.1756441370489658e-06,4.3119952809570856e-07,0.000656657847052564,0.002255934688803918
5971,D-SINOS,2000,1728,1.7507847934159065e-05,1.4359496109012066e-05,3.1483518251469986e-06,4.296484738344344e-07,0.0006554757614393033,0.00227051299201364
5972,D-SINOS,2000,1729,1.7496287142035636e-05,1.4349991623832246e-05,3.146295518203391e-06,4.3447774381087753e-07,0.0006591492576123238,0.002257715372330771
5973,D-SINOS,2000,1730,1.7486713362456764e-05,1.4376498454744271e-05,3.1102149077124926e-06,4.4857141336618647e-07,0.0006697547412047088,0.0023024552895012373
5974,D-SINOS,2000,1731,1.7475562060102505e-05,1.4368934965767702e-05,3.1066270943348053e-06,4.4882790883501954e-07,0.0006699461984629956,0.0022806449748415947
5975,D-SINOS,2000,1732,1.7469973947536835e-05,1.434174485242468e-05,3.1282290951121537e-06,4.596988686619688e-07,0.0006780109650012814,0.002260883959435578
5976,D-SINOS,2000,1733,1.746573574634417e-05,1.4343378671986879e-05,3.1223570743572915e-06,4.639270498206851e-07,0.0006811219052568234,0.002261426262746169
5977,D-SINOS,2000,1734,1.7458014323687847e-05,1.4353543391198382e-05,3.1044709324894636e-06,4.738478331949548e-07,0.0006883660604612598,0.002263904201164957
5978,D-SINOS,2000,1735,1.7457282124493457e-05,1.4350968336359398e-05,3.1063137881340606e-06,4.821745408746628e-07,0.0006943878893490747,0.0022718679855194823
5979,D-SINOS,2000,1736,1.7451808116642403e-05,1.4354318655154462e-05,3.097489461487942e-06,4.801359777111998e-07,0.0006929184495387605,0.0022726928830825166
5980,D-SINOS,2000,1737,1.744974186275592e-05,1.4348032625014624e-05,3.101709237741295e-06,4.7643747080680765e-07,0.0006902445007436189,0.002272420744436565
5981,D-SINOS,2000,1738,1.7446480599019303e-05,1.4338829191064302e-05,3.1076514079550004e-06,4.7422361385758057e-07,0.0006886389575514739,0.0022795049710923054
5982,D-SINOS,2000,1739,1.7443237922030614e-05,1.431001445068748e-05,3.133223471343133e-06,4.627158554111781e-07,0.0006802322069787478,0.0022659765602544013
5983,D-SINOS,2000,1740,1.743868325447207e-05,1.4296485792322324e-05,3.1421974621497445e-06,4.6868728574843164e-07,0.0006846073953357732,0.0022860157847141016
5984,D-SINOS,2000,1741,1.7432192398240404e-05,1.4271270657393258e-05,3.1609217408471458e-06,4.7363222511554235e-07,0.0006882094340500879,0.002296797547375995
5985,D-SINOS,2000,1742,1.7424178402593054e-05,1.4242968087832722e-05,3.18121031476033e-06,4.763933959737374e-07,0.0006902125730336542,0.002302674737528876
5986,D-SINOS,2000,1743,1.741699458594727e-05,1.423324308672303e-05,3.183751499224237e-06,4.7480433010864005e-07,0.000689060469123458,0.0023018952463483844
5987,D-SINOS,2000,1744,1.7407993584958603e-05,1.4216366821963752e-05,3.1916267629948524e-06,4.634124927462747e-07,0.0006807440728690003,0.002290788154142409
5988,D-SINOS,2000,1745,1.740070609613228e-05,1.423659116080012e-05,3.1641149353321593e-06,4.5555726857295874e-07,0.0006749498267078515,0.0022773035725213164
5989,D-SINOS,2000,1746,1.7389218798927163e-05,1.4217195870737313e-05,3.1720229281898506e-06,4.457439018588998e-07,0.0006676405483932951,0.0022702710658043523
5990,D-SINOS,2000,1747,1.737485598193152e-05,1.4178052499780668e-05,3.1968034821508525e-06,4.3949421237723725e-07,0.0006629435966786595,0.0022530104380708016
5991,D-SINOS,2000,1748,1.7359526805048973e-05,1.4194112149357888e-05,3.1654146556910837e-06,4.2581212059555785e-07,0.0006525428113124517,0.002249700046171421
5992,D-SINOS,2000,1749,1.733487558769276e-05,1.4195173527601395e-05,3.1397020600913653e-06,4.3022445861107267e-07,0.0006559149781877775,0.0022617159571186596
5993,D-SINOS,2000,1750,1.7301142507510342e-05,1.422484159992855e-05,3.076300907581792e-06,4.6711352696411115e-07,0.0006834570410524068,0.002340976733277378
5994,D-SINOS,2000,1751,1.7320522162297738e-05,1.4250543679257883e-05,3.069978483039855e-06,4.95673913626864e-07,0.0007040411306357492,0.00234710171920105
5995,D-SINOS,2000,1752,1.7294165053833713e-05,1.4221883262834324e-05,3.0722817909993884e-06,4.762855534745273e-07,0.0006901344459411712,0.0023433165085946506
5996,D-SINOS,2000,1753,1.7285940931776628e-05,1.4213439571720116e-05,3.0725013600565137e-06,4.7084091713109163e-07,0.0006861784878084504,0.0023444566901286157
5997,D-SINOS,2000,1754,1.7280573992311364e-05,1.4207587849268034e-05,3.0729861430433303e-06,4.708209436800852e-07,0.0006861639335319842,0.0023549575766742548
5998,D-SINOS,2000,1755,1.72752079268393e-05,1.4207450843855964e-05,3.0677570829833337e-06,4.538500458788554e-07,0.0006736839361888151,0.0023429014169250584
5999,D-SINOS,2000,1756,1.7267481552255353e-05,1.420503225969696e-05,3.062449292558393e-06,4.4680621219976e-07,0.0006684356455185196,0.0023444638404154228
6000,D-SINOS,2000,1757,1.725966612557307e-05,1.4183038803665003e-05,3.076627321908064e-06,4.348351475943543e-07,0.0006594203117847935,0.0023392944787741232
6001,D-SINOS,2000,1758,1.725309943125965e-05,1.418609192945816e-05,3.0670075018014897e-06,4.3673711294291134e-07,0.0006608608877387974,0.0023442714851361623
6002,D-SINOS,2000,1759,1.7247826507361523e-05,1.4179086121720147e-05,3.068740385641377e-06,4.3977878628742965e-07,0.0006631581909977662,0.0023467506325192122
6003,D-SINOS,2000,1760,1.7236183131095275e-05,1.41458231712189e-05,3.0903599598763744e-06,4.25519446468658e-07,0.0006523185161166729,0.002346909878731429
6004,D-SINOS,2000,1761,1.7224250732010468e-05,1.413210416156521e-05,3.0921465704452583e-06,4.4182954253177286e-07,0.0006647025970550836,0.002341749513366409
6005,D-SINOS,2000,1762,1.721321305447173e-05,1.4124226005095224e-05,3.0889870493765056e-06,4.361985551183912e-07,0.0006604532951832334,0.002335224154347171
6006,D-SINOS,2000,1763,1.7187049360954892e-05,1.41063241942384e-05,3.080725166716491e-06,4.1633963974052035e-07,0.0006452438606763495,0.002321518080646512
6007,D-SINOS,2000,1764,1.7167434827063736e-05,1.408983425829121e-05,3.0776005687725257e-06,4.0696779559361757e-07,0.0006379402758829525,0.0023172293004046773
6008,D-SINOS,2000,1765,1.7126698966049527e-05,1.4035832168882658e-05,3.09086679716687e-06,4.001968153819788e-07,0.0006326111091199543,0.0023390885217209334
6009,D-SINOS,2000,1766,1.722379470710116e-05,1.4150552841162201e-05,3.0732418659389574e-06,3.7724696396663645e-07,0.0006142043340506777,0.0023460384411364554
6010,D-SINOS,2000,1767,1.7117954976526004e-05,1.4048999395373856e-05,3.0689555811521473e-06,3.935641311876144e-07,0.0006273468986036469,0.0023409083297279976
6011,D-SINOS,2000,1768,1.7099341406938175e-05,1.4017901403380897e-05,3.0814400035572767e-06,3.9334330677403245e-07,0.0006271708752597114,0.0023454719262533397
6012,D-SINOS,2000,1769,1.7082467023305438e-05,1.3998809910887051e-05,3.083657112418386e-06,3.9600864840688607e-07,0.0006292921804749254,0.002350419456257802
6013,D-SINOS,2000,1770,1.706627215750383e-05,1.3999581003871356e-05,3.0666911536324755e-06,3.9880517297658247e-07,0.0006315102318858994,0.002354815040810365
6014,D-SINOS,2000,1771,1.7042331199358483e-05,1.4020990985962191e-05,3.0213402133962923e-06,4.0241274203950806e-07,0.0006343601043882789,0.0023595217112485356
6015,D-SINOS,2000,1772,1.704178995879999e-05,1.4086220866860012e-05,2.955569091939979e-06,4.0667645061568943e-07,0.0006377118868389466,0.002355069416960842
6016,D-SINOS,2000,1773,1.7029265684432692e-05,1.4046293148937107e-05,2.9829725354955855e-06,4.042487185182845e-07,0.0006358055665990071,0.0023574188299952947
6017,D-SINOS,2000,1774,1.7006045621113234e-05,1.4076756804977311e-05,2.9292888161359214e-06,4.0239926466665514e-07,0.0006343494814900184,0.002364264931613569
6018,D-SINOS,2000,1775,1.6989876018276815e-05,1.4088148111254076e-05,2.901727907022738e-06,4.07389066876477e-07,0.0006382703712976789,0.0023682804393775347
6019,D-SINOS,2000,1776,1.6972682742972936e-05,1.4085847121984791e-05,2.886835620988145e-06,4.0941404934975344e-07,0.0006398547095628456,0.002373223141701186
6020,D-SINOS,2000,1777,1.6952371627436713e-05,1.4068152294956261e-05,2.88421933248045e-06,4.131356526864965e-07,0.0006427562933853674,0.002379301757641561
6021,D-SINOS,2000,1778,1.6939346486308647e-05,1.4077040243408318e-05,2.862306242900329e-06,4.062522248803333e-07,0.0006373791845364369,0.0024081172060120837
6022,D-SINOS,2000,1779,1.6916762965440913e-05,1.4029844255780602e-05,2.8869187096603107e-06,4.1189801322506943e-07,0.0006417928117586465,0.002392525179997107
6023,D-SINOS,2000,1780,1.6904798140131697e-05,1.3991782190303524e-05,2.9130159498281725e-06,4.1797007431421495e-07,0.0006465060512587759,0.002387596447309237
6024,D-SINOS,2000,1781,1.6890250419314644e-05,1.3939913083485638e-05,2.9503373358290063e-06,4.289153884102493e-07,0.0006549163216856404,0.0023884948742273204
6025,D-SINOS,2000,1782,1.687252167709814e-05,1.3887476704818914e-05,2.9850449722792273e-06,4.4064874470234285e-07,0.0006638137876711683,0.0023907500158560913
6026,D-SINOS,2000,1783,1.6847512686361663e-05,1.3834701933224246e-05,3.012810753137417e-06,4.5498755805915547e-07,0.0006745276555184046,0.002392978694964021
6027,D-SINOS,2000,1784,1.6842286304013272e-05,1.3796736087261788e-05,3.0455502167514855e-06,4.696400178660327e-07,0.0006853028657944111,0.002400801911116579
6028,D-SINOS,2000,1785,1.680861535281162e-05,1.377794505858609e-05,3.030670294225528e-06,4.727036412295271e-07,0.0006875344654848418,0.002405806575481839
6029,D-SINOS,2000,1786,1.679141234976831e-05,1.377373795330645e-05,3.0176743964618598e-06,4.702811157561859e-07,0.0006857704541289205,0.002410486582184679
6030,D-SINOS,2000,1787,1.67679884124472e-05,1.3762620713484492e-05,3.0053676989627067e-06,4.6823160083247604e-07,0.0006842745069286711,0.002418746128915239
6031,D-SINOS,2000,1788,1.675079653138781e-05,1.374715274623602e-05,3.003643785151792e-06,4.6870643939185737e-07,0.0006846213839720881,0.0024245832866843786
6032,D-SINOS,2000,1789,1.6811108020209045e-05,1.3788460443370386e-05,3.0226475768386578e-06,4.661147035036418e-07,0.0006827259358656604,0.00233253231780306
6033,D-SINOS,2000,1790,1.67460834490972e-05,1.3749474208904827e-05,2.9966092401923746e-06,4.671541211352603e-07,0.0006834867380829421,0.002404560886811291
6034,D-SINOS,2000,1791,1.67324875207418e-05,1.371791502851878e-05,3.0145724922230183e-06,4.758355743763963e-07,0.0006898083606164804,0.0024122859843588307
6035,D-SINOS,2000,1792,1.672273850749241e-05,1.3693283565540382e-05,3.0294549419520298e-06,4.800118649154696e-07,0.0006928288857398122,0.00240673446432238
6036,D-SINOS,2000,1793,1.6711521291958608e-05,1.3663498440315848e-05,3.04802285164276e-06,4.825377132495708e-07,0.0006946493455331048,0.002394526963010124
6037,D-SINOS,2000,1794,1.670426011345396e-05,1.3647100216039033e-05,3.057159897414926e-06,4.761039482138621e-07,0.0006900028610186063,0.0023766340559437937
6038,D-SINOS,2000,1795,1.6727527373068288e-05,1.3771970047572478e-05,2.9555573254958093e-06,4.915802923419652e-07,0.0007011278716054334,0.0024400802024917567
6039,D-SINOS,2000,1796,1.6701236301614267e-05,1.3673961612790426e-05,3.027274688823841e-06,4.796934519610959e-07,0.000692599055703295,0.002392821076089624
6040,D-SINOS,2000,1797,1.669601919367012e-05,1.3669196585499468e-05,3.0268226081706494e-06,4.707471852034837e-07,0.0006861101844481568,0.002380093928556093
6041,D-SINOS,2000,1798,1.669009072971075e-05,1.3677560278706344e-05,3.0125304510044067e-06,4.6323805291591196e-07,0.0006806159364251707,0.0023755035577062156
6042,D-SINOS,2000,1799,1.6682420192879613e-05,1.3683684004248604e-05,2.9987361886310105e-06,4.617117938676281e-07,0.0006794937776518841,0.0023787381580040456
6043,D-SINOS,2000,1800,1.667147489542856e-05,1.3687790000282879e-05,2.983684895145681e-06,4.6704994995876693e-07,0.000683410528129884,0.002385126110597935
6044,D-SINOS,2000,1801,1.6656253784179684e-05,1.3675911810969194e-05,2.9803419732104887e-06,4.793735357600777e-07,0.0006923680637927183,0.0023946383934757565
6045,D-SINOS,2000,1802,1.6638123532590047e-05,1.3641364402736746e-05,2.9967591298533003e-06,5.081586705541624e-07,0.0007128524886357362,0.0023916467317112167
6046,D-SINOS,2000,1803,1.6623577055789173e-05,1.360867072994072e-05,3.0149063258484506e-06,5.287863680425478e-07,0.0007271769853636374,0.002393803621439372
6047,D-SINOS,2000,1804,1.660203324214166e-05,1.356622479733478e-05,3.035808444806878e-06,5.5080560322936e-07,0.0007421627875536202,0.0023864327624985027
6048,D-SINOS,2000,1805,1.6591140024923735e-05,1.3523921417616752e-05,3.067218607306981e-06,5.978737419552946e-07,0.0007732229574678281,0.0023951684298610942
6049,D-SINOS,2000,1806,1.6571008935925355e-05,1.3525362637622412e-05,3.045646298302943e-06,5.809796409071168e-07,0.0007622202049979499,0.002380418777427229
6050,D-SINOS,2000,1807,1.655438876333224e-05,1.3533207125887609e-05,3.0211816374446306e-06,5.770659983378865e-07,0.0007596486018797682,0.0023823142242305195
6051,D-SINOS,2000,1808,1.6523297034878476e-05,1.3579508129597021e-05,2.943788905281454e-06,5.738989834965905e-07,0.0007575612077559083,0.00240223691431829
6052,D-SINOS,2000,1809,1.6501245843982565e-05,1.3624658713510994e-05,2.8765871304715706e-06,5.823739168274647e-07,0.0007631342718208014,0.0024345706651741628
6053,D-SINOS,2000,1810,1.6486159640394377e-05,1.3664703227120383e-05,2.8214564132739937e-06,6.225936757345137e-07,0.0007890460542544483,0.0024755323738133717
6054,D-SINOS,2000,1811,1.6459013904435044e-05,1.3671344781164593e-05,2.787669123270451e-06,6.159681885555988e-07,0.0007848364087856773,0.002477252755500703
6055,D-SINOS,2000,1812,1.64454890309023e-05,1.3662862542840902e-05,2.7826264880613987e-06,6.133113490692295e-07,0.0007831419724859788,0.0024846337530458618
6056,D-SINOS,2000,1813,1.643597087832362e-05,1.3664648360866474e-05,2.771322517457144e-06,6.121053470323552e-07,0.0007823716169649531,0.0024918703301126666
6057,D-SINOS,2000,1814,1.6422835753644072e-05,1.3663072097094096e-05,2.7597636565499778e-06,6.032725536586685e-07,0.0007767062209475784,0.0024924237714435415
6058,D-SINOS,2000,1815,1.6417636832023183e-05,1.367479620663544e-05,2.7428406253877434e-06,5.945602692527336e-07,0.0007710773432365482,0.0024877216455537754
6059,D-SINOS,2000,1816,1.639544424916801e-05,1.3632238713251444e-05,2.7632055359165654e-06,6.080466752634728e-07,0.000779773476891509,0.002459449582335349
6060,D-SINOS,2000,1817,1.638724962573346e-05,1.3639409717069946e-05,2.7478399086635124e-06,5.999455588742376e-07,0.0007745615268487311,0.002464706470126976
6061,D-SINOS,2000,1818,1.6377053558566842e-05,1.3625423976307556e-05,2.751629582259286e-06,5.911738095744752e-07,0.0007688782800772013,0.0024526503821010737
6062,D-SINOS,2000,1819,1.636569421585708e-05,1.3619794101602363e-05,2.7459001142547147e-06,6.092939399054291e-07,0.0007805728280598993,0.0024440893578321354
6063,D-SINOS,2000,1820,1.635199893004375e-05,1.3539897554089476e-05,2.812101375954275e-06,5.957283598014081e-07,0.0007718344121645576,0.002444667347577534
6064,D-SINOS,2000,1821,1.6332953522185576e-05,1.3572005817946434e-05,2.7609477042391423e-06,6.073541688691344e-07,0.0007793293070770112,0.002446997484150115
6065,D-SINOS,2000,1822,1.63143315256461e-05,1.3595022298115224e-05,2.719309227530879e-06,6.107788096359101e-07,0.0007815233903319274,0.0024380066941268597
6066,D-SINOS,2000,1823,1.6297044844009772e-05,1.3595160385301768e-05,2.701884458708003e-06,6.003660554704221e-07,0.0007748329210032457,0.0024183985089549775
6067,D-SINOS,2000,1824,1.626577546292559e-05,1.3594712059844031e-05,2.6710634030815583e-06,5.695324253426454e-07,0.0007546737211157185,0.00234908249837118
6068,D-SINOS,2000,1825,1.625794629487076e-05,1.3596389992301989e-05,2.6615563025687726e-06,5.077527924732397e-07,0.0007125677458833229,0.0023082913500246383
6069,D-SINOS,2000,1826,1.6223651546651636e-05,1.3569358889776511e-05,2.6542926568751263e-06,5.102710012285858e-07,0.0007143325564669342,0.002285913439379228
6070,D-SINOS,2000,1827,1.620891852263304e-05,1.3557646462142714e-05,2.651272060490324e-06,5.090945873234487e-07,0.0007135086455842345,0.0022877456427143894
6071,D-SINOS,2000,1828,1.619417493064654e-05,1.3543635343727306e-05,2.650539586919234e-06,4.967955181212488e-07,0.0007048372281039424,0.002291436139571723
6072,D-SINOS,2000,1829,1.6185505166964658e-05,1.3558849098262124e-05,2.6266560687025326e-06,4.877375487528369e-07,0.0006983820936656644,0.0023078523546193885
6073,D-SINOS,2000,1830,1.6171948789623712e-05,1.3537304239424097e-05,2.634644550199615e-06,4.853798005287377e-07,0.0006966920413846693,0.002309653558220659
6074,D-SINOS,2000,1831,1.6163703444368653e-05,1.3522367638840117e-05,2.6413358055285365e-06,4.852033193308637e-07,0.0006965653733361024,0.0023135103876795737
6075,D-SINOS,2000,1832,1.6156024745213527e-05,1.3504879136197529e-05,2.6511456090159993e-06,4.881136056360335e-07,0.0006986512761285371,0.002316671521945368
6076,D-SINOS,2000,1833,1.6144310621949156e-05,1.347352841453735e-05,2.670782207411805e-06,4.937420639396826e-07,0.0007026678190579689,0.0023130385603281622
6077,D-SINOS,2000,1834,1.6150132961034147e-05,1.3468231121048685e-05,2.681901839985461e-06,4.761577456533802e-07,0.0006900418434076155,0.0023269252134912044
6078,D-SINOS,2000,1835,1.6136860275763504e-05,1.3465211124619264e-05,2.67164915114424e-06,4.859666465162013e-07,0.0006971130801499863,0.0023189275819429644
6079,D-SINOS,2000,1836,1.6120549693660742e-05,1.3414533711349235e-05,2.7060159823115054e-06,4.986590603519615e-07,0.0007061579570832304,0.0023012445825510985
6080,D-SINOS,2000,1837,1.6106533715185634e-05,1.3387648635897202e-05,2.718885079288434e-06,4.944202173135779e-07,0.000703150209637726,0.0022969834835065983
6081,D-SINOS,2000,1838,1.6088890789465183e-05,1.3354156303828998e-05,2.7347344856361856e-06,4.998310034642739e-07,0.0007069872724910074,0.0022908438930632213
6082,D-SINOS,2000,1839,1.6073632515085847e-05,1.336594542539806e-05,2.7076870896877844e-06,4.872344772672061e-07,0.0006980218315118848,0.002307440038129993
6083,D-SINOS,2000,1840,1.6052423185943493e-05,1.3388306393678678e-05,2.664116792264816e-06,4.904595645810018e-07,0.0007003281834832879,0.002337093297374082
6084,D-SINOS,2000,1841,1.6030342376354963e-05,1.3357993211693482e-05,2.672349164661481e-06,4.947393598362991e-07,0.000703377110685512,0.0023710047711537063
6085,D-SINOS,2000,1842,1.60021296666851e-05,1.3327767913557342e-05,2.67436175312776e-06,4.957234570306598e-07,0.0007040763147774962,0.002363929912614249
6086,D-SINOS,2000,1843,1.5955616980863025e-05,1.3225168524988055e-05,2.7304484558749688e-06,5.449916767016627e-07,0.0007382355157411912,0.0023803418082719574
6087,D-SINOS,2000,1844,1.5949419672680206e-05,1.320268814114705e-05,2.746731531533157e-06,5.144216830059697e-07,0.0007172319589965088,0.0023092939152407066
6088,D-SINOS,2000,1845,1.5920145353535896e-05,1.3186194672185155e-05,2.73395068135074e-06,5.300649049582954e-07,0.0007280555644717616,0.0023322299249218803
6089,D-SINOS,2000,1846,1.5899665422259094e-05,1.3181555254907558e-05,2.7181101673515365e-06,5.342063332589574e-07,0.0007308942011392328,0.0023396143650845636
6090,D-SINOS,2000,1847,1.5871590426465675e-05,1.3189685786385562e-05,2.681904640080114e-06,5.288071879818024e-07,0.0007271913008155436,0.0023372752647752293
6091,D-SINOS,2000,1848,1.5851276361534007e-05,1.3199903034974704e-05,2.6513733265593015e-06,5.270932908998336e-07,0.0007260119082355561,0.002334627421633262
6092,D-SINOS,2000,1849,1.5826886147202574e-05,1.3198435486772018e-05,2.6284506604305562e-06,5.299834029119784e-07,0.0007279995899119576,0.002337437978832013
6093,D-SINOS,2000,1850,1.580621159686172e-05,1.3199816303365766e-05,2.6063952934959563e-06,5.711345485760777e-07,0.0007557344431584932,0.0023788400724281678
6094,D-SINOS,2000,1851,1.5785256280077738e-05,1.3181257827038471e-05,2.603998453039267e-06,5.736886665311449e-07,0.0007574223831727874,0.002371032754394875
6095,D-SINOS,2000,1852,1.5754061018727894e-05,1.3133389175050008e-05,2.620671843677887e-06,5.963700227832482e-07,0.0007722499742850421,0.002367757902178913
6096,D-SINOS,2000,1853,1.57526646326925e-05,1.3089486384440195e-05,2.663178248252306e-06,6.38109058689655e-07,0.000798817287425388,0.0023710248372702525
6097,D-SINOS,2000,1854,1.5740701968095422e-05,1.3104485015160492e-05,2.6362169529349282e-06,6.171676325812395e-07,0.000785600173486004,0.0023690650140427705
6098,D-SINOS,2000,1855,1.572466743238175e-05,1.3104881435073644e-05,2.6197859973081055e-06,6.52623965972085e-07,0.0008078514504363317,0.0023771052540992876
6099,D-SINOS,2000,1856,1.571469868059266e-05,1.3094119540572269e-05,2.6205791400203894e-06,6.753456093215026e-07,0.0008217941404764958,0.002384540519607792
6100,D-SINOS,2000,1857,1.5691434003066635e-05,1.3071201159490712e-05,2.620232843575921e-06,7.225767581733742e-07,0.0008500451506675244,0.0023962844978425712
6101,D-SINOS,2000,1858,1.5666238546752178e-05,1.3038681570688203e-05,2.627556976063973e-06,7.911179075448015e-07,0.0008894480915403672,0.002402732345449521
6102,D-SINOS,2000,1859,1.5671270118214573e-05,1.303333765545711e-05,2.637932462757462e-06,8.156347074974764e-07,0.0009031249678186715,0.002336655356611983
6103,D-SINOS,2000,1860,1.5652760994086145e-05,1.3024841836872133e-05,2.6279191572140133e-06,8.019835917459039e-07,0.0008955353659939421,0.002372223876520918
6104,D-SINOS,2000,1861,1.5632664885968347e-05,1.300301624509242e-05,2.6296486408759274e-06,8.206723726829566e-07,0.0009059096934479488,0.002369161627933547
6105,D-SINOS,2000,1862,1.561923188524194e-05,1.2967036722777464e-05,2.6521951624644746e-06,8.612364904989985e-07,0.0009280282810879194,0.0023829702157429633
6106,D-SINOS,2000,1863,1.5607541167679308e-05,1.2966875314944154e-05,2.6406658527351536e-06,8.078647568254736e-07,0.0008988129709931169,0.002367870632131619
6107,D-SINOS,2000,1864,1.559790285331583e-05,1.2958581437132101e-05,2.639321416183728e-06,7.947346590804438e-07,0.0008914789167896478,0.0023673940260909854
6108,D-SINOS,2000,1865,1.558107709159975e-05,1.2936853992870382e-05,2.644223098729371e-06,7.703759830916946e-07,0.0008777106488425981,0.0023593244417692283
6109,D-SINOS,2000,1866,1.557956115220858e-05,1.2896416565568566e-05,2.6831445866400163e-06,7.913217171767915e-07,0.0008895626550034525,0.002376671025401067
6110,D-SINOS,2000,1867,1.5572449228728763e-05,1.2909718905088411e-05,2.6627303236403526e-06,7.81392304535827e-07,0.000883963972419593,0.002368457971732685
6111,D-SINOS,2000,1868,1.5562562884182974e-05,1.2889933766428073e-05,2.6726291177548996e-06,7.966259599405069e-07,0.0008925390523335698,0.0023615931204885587
6112,D-SINOS,2000,1869,1.5534391513883454e-05,1.2810396932643742e-05,2.7239945812397114e-06,8.33728406828116e-07,0.0009130872941992545,0.0023361661422507396
6113,D-SINOS,2000,1870,1.5522925663241914e-05,1.2792801466145355e-05,2.7301241970965583e-06,8.378577282419147e-07,0.0009153456878370677,0.002335989115934467
6114,D-SINOS,2000,1871,1.5494203470107734e-05,1.2772827304287445e-05,2.7213761658202897e-06,8.117132153889123e-07,0.0009009512835824767,0.0023070529605150325
6115,D-SINOS,2000,1872,1.549740576356223e-05,1.2801384894180524e-05,2.6960208693817043e-06,7.201782794769309e-07,0.0008486331831108956,0.0023204752296760445
6116,D-SINOS,2000,1873,1.5481593711275696e-05,1.277527675469521e-05,2.7063169565804847e-06,7.672597054711925e-07,0.0008759336193292232,0.0023132390123628
6117,D-SINOS,2000,1874,1.5470228705171147e-05,1.2781403285563054e-05,2.688825419608092e-06,7.386062459484919e-07,0.0008594220418097804,0.0023181322075880306
6118,D-SINOS,2000,1875,1.545836627377047e-05,1.2789862597107042e-05,2.6685036766634273e-06,7.18819224220082e-07,0.0008478320731253814,0.00232662925174576
6119,D-SINOS,2000,1876,1.5448121718730806e-05,1.2770595692350414e-05,2.6775260263803936e-06,7.201462301861896e-07,0.0008486143000127853,0.002330979664805999
6120,D-SINOS,2000,1877,1.5433848600291287e-05,1.2743103000626135e-05,2.6907455996651524e-06,7.167797624902164e-07,0.0008466284678004966,0.0022996347220423097
6121,D-SINOS,2000,1878,1.542633673398428e-05,1.2679519835623105e-05,2.7468168983611746e-06,7.221202262766014e-07,0.0008497765743279826,0.002291307290247846
6122,D-SINOS,2000,1879,1.5417885644922733e-05,1.2665302881109926e-05,2.7525827638128094e-06,7.226533378141321e-07,0.0008500901939289336,0.002263640623048291
6123,D-SINOS,2000,1880,1.5409594860793386e-05,1.2656173275058414e-05,2.753421585734972e-06,7.072607805752738e-07,0.0008409879788530117,0.0022512774587246653
6124,D-SINOS,2000,1881,1.539315883698247e-05,1.2629235829261627e-05,2.763923007720843e-06,6.687296343628774e-07,0.0008177589096811342,0.0022280839569691624
6125,D-SINOS,2000,1882,1.5376651568629034e-05,1.2601433195257172e-05,2.775218373371863e-06,6.481578579509091e-07,0.0008050825162372545,0.002220192410673616
6126,D-SINOS,2000,1883,1.534839143988368e-05,1.2571733189447905e-05,2.776658250435775e-06,6.412002605764975e-07,0.0008007498114745314,0.0022301219529017313
6127,D-SINOS,2000,1884,1.5335389728681237e-05,1.2509701297993827e-05,2.825688430687411e-06,6.264841394416245e-07,0.0007915075106665915,0.0022290690831521243
6128,D-SINOS,2000,1885,1.5318246958935613e-05,1.2508512617037785e-05,2.809734341897828e-06,6.553931322257091e-07,0.0008095635442790819,0.0022475033009640155
6129,D-SINOS,2000,1886,1.5308450496881196e-05,1.2511499202450421e-05,2.7969512944307766e-06,6.805733320695833e-07,0.0008249686855084763,0.002254648676787707
6130,D-SINOS,2000,1887,1.5297871389935993e-05,1.2501934701643577e-05,2.7959366882924173e-06,7.031962628346537e-07,0.0008385679834304752,0.002263139877618503
6131,D-SINOS,2000,1888,1.528655919394148e-05,1.2511781328735017e-05,2.7747778652064623e-06,7.263737894651909e-07,0.0008522756534509189,0.002289729199264512
6132,D-SINOS,2000,1889,1.5297034422274824e-05,1.2464755908506733e-05,2.8322785137680914e-06,7.163975585244706e-07,0.0008464027165152949,0.0022505390726550445
6133,D-SINOS,2000,1890,1.5278923871524278e-05,1.2487996154021309e-05,2.7909277175029697e-06,7.225135068464201e-07,0.0008500079451666438,0.0022746984092183453
6134,D-SINOS,2000,1891,1.5269654676343572e-05,1.2489638110746831e-05,2.780016565596741e-06,7.1282234800656e-07,0.0008442880716950583,0.0022826621953342396
6135,D-SINOS,2000,1892,1.5258101259468606e-05,1.2489443174496631e-05,2.7686580849719757e-06,6.984624485657962e-07,0.0008357406586769583,0.002284552687375596
6136,D-SINOS,2000,1893,1.5248184498168588e-05,1.2479938879806583e-05,2.7682456183620046e-06,6.756880868229675e-07,0.0008220024858982894,0.0022759890219955503
6137,D-SINOS,2000,1894,1.5236487707327688e-05,1.2461416819271362e-05,2.7750708880563258e-06,6.749541518793762e-07,0.0008215559335062806,0.0022627069904754826
6138,D-SINOS,2000,1895,1.521894480878483e-05,1.243084984732006e-05,2.7880949614647707e-06,6.953207833374208e-07,0.0008338589708922131,0.0022459505959804282
6139,D-SINOS,2000,1896,1.5209162387447191e-05,1.2428607542698947e-05,2.7805548447482445e-06,7.041155513596658e-07,0.0008391159343974263,0.0022411526978536322
6140,D-SINOS,2000,1897,1.519217469333079e-05,1.2411652837029e-05,2.780521856301789e-06,7.208816631269682e-07,0.0008490475034572377,0.0022681470122618563
6141,D-SINOS,2000,1898,1.51794485834952e-05,1.2463413832452805e-05,2.7160347510423943e-06,7.382157989284546e-07,0.0008591948550407262,0.0022754008626786337
6142,D-SINOS,2000,1899,1.516674173246335e-05,1.2447492983197085e-05,2.7192487492662634e-06,7.247874267492387e-07,0.0008513444818340215,0.00229650523906455
6143,D-SINOS,2000,1900,1.515415601344548e-05,1.2423268458000333e-05,2.7308875554451483e-06,7.040998930868693e-07,0.000839106604125405,0.002319053785163838
6144,D-SINOS,2000,1901,1.5149180041088693e-05,1.242286432441111e-05,2.7263157166775835e-06,7.075926933680476e-07,0.0008411852907463656,0.002334563392846656
6145,D-SINOS,2000,1902,1.5143868195795955e-05,1.239697864016351e-05,2.7468895556324446e-06,6.976473579028315e-07,0.0008352528706342956,0.0023248374231957802
6146,D-SINOS,2000,1903,1.5139704327894578e-05,1.2383886584553953e-05,2.7558177433406254e-06,7.034309447227097e-07,0.000838707901907875,0.0023159920577866533
6147,D-SINOS,2000,1904,1.513412385405273e-05,1.2365194832565924e-05,2.768929021486806e-06,7.123077003044877e-07,0.0008439832346110246,0.0023060786540533007
6148,D-SINOS,2000,1905,1.5126654779494295e-05,1.2343454170892262e-05,2.7832006086020337e-06,7.200225367549433e-07,0.0008485414172301451,0.002297085169481683
6149,D-SINOS,2000,1906,1.5113503085282081e-05,1.2307458684562362e-05,2.806044400719718e-06,7.421571191215579e-07,0.0008614854143405783,0.0022980160375032366
6150,D-SINOS,2000,1907,1.5109934002343785e-05,1.2286475995559507e-05,2.823458006784277e-06,7.211305499447702e-07,0.0008491940590611607,0.0022513320824115723
6151,D-SINOS,2000,1908,1.5093727921735424e-05,1.2292825556703597e-05,2.8009023650318253e-06,7.390377845032366e-07,0.000859673068383113,0.0022904397504065477
6152,D-SINOS,2000,1909,1.5086832038727698e-05,1.2306597352525389e-05,2.7802346862023095e-06,7.469252615026277e-07,0.0008642483795198158,0.0023126573302442166
6153,D-SINOS,2000,1910,1.5079338528650237e-05,1.2325219485754532e-05,2.754119042895705e-06,7.533563160665845e-07,0.0008679610106834203,0.0023353399828179855
6154,D-SINOS,2000,1911,1.5069117759479862e-05,1.2353345413795773e-05,2.7157723456840882e-06,7.640899372300331e-07,0.0008741223811515372,0.0023542091335608806
6155,D-SINOS,2000,1912,1.5062656352621548e-05,1.2406544720946485e-05,2.6561116316750635e-06,7.36978271171111e-07,0.00085847438585616,0.0023974177367893645
6156,D-SINOS,2000,1913,1.5045477947242568e-05,1.2398966125233443e-05,2.646511822009125e-06,7.498423155610825e-07,0.0008659343598455269,0.002376551256021542
6157,D-SINOS,2000,1914,1.5035132510312016e-05,1.2389599720058434e-05,2.645532790253583e-06,7.533662719693689e-07,0.0008679667458891319,0.002361344491647266
6158,D-SINOS,2000,1915,1.5020294808985104e-05,1.2380682101339409e-05,2.639612707645696e-06,7.563342543156539e-07,0.0008696747980226022,0.0023543747610734744
6159,D-SINOS,2000,1916,1.500016939317488e-05,1.2392095260435708e-05,2.608074132739171e-06,7.381099048321306e-07,0.0008591332288022216,0.0023513190689234964
6160,D-SINOS,2000,1917,1.4995224869098675e-05,1.2385544067147269e-05,2.609680801951406e-06,7.911869787677348e-07,0.0008894869188289026,0.0023526414100799586
6161,D-SINOS,2000,1918,1.4977551210766701e-05,1.239571842998051e-05,2.5818327807861905e-06,7.566863210829516e-07,0.0008698771873563254,0.0023672767830286157
6162,D-SINOS,2000,1919,1.4968016167203924e-05,1.2397205368590625e-05,2.5708107986133e-06,7.515522151471303e-07,0.0008669211124128482,0.002374745189820393
6163,D-SINOS,2000,1920,1.4954097182113928e-05,1.238765745384442e-05,2.5664397282695083e-06,7.775988743278288e-07,0.0008818156691326305,0.0023881739645105204
6164,D-SINOS,2000,1921,1.4950288640999549e-05,1.2393507097531522e-05,2.5567815434680262e-06,8.064872711965821e-07,0.000898046363611914,0.0023633118638296535
6165,D-SINOS,2000,1922,1.493645587537105e-05,1.2376138499220825e-05,2.5603173761502257e-06,8.228045067156054e-07,0.0009070857218122251,0.002370219088903669
6166,D-SINOS,2000,1923,1.4928874801518915e-05,1.2365000872676381e-05,2.563873928842534e-06,8.408456465000803e-07,0.0009169763609276306,0.0023624831242542443
6167,D-SINOS,2000,1924,1.491720644714427e-05,1.2347175198608112e-05,2.5700312485361577e-06,8.647518983659616e-07,0.000929920372056641,0.0023406703938764206
6168,D-SINOS,2000,1925,1.4906944296683022e-05,1.2327808019128829e-05,2.579136277554193e-06,8.94950239985144e-07,0.0009460180970706343,0.002305663928480306
6169,D-SINOS,2000,1926,1.4895800196667963e-05,1.2318016626641832e-05,2.57778357002613e-06,8.709579065288811e-07,0.0009332512558410416,0.002276210341513818
6170,D-SINOS,2000,1927,1.4887658831818716e-05,1.2318198590253579e-05,2.569460241565137e-06,8.495561063762802e-07,0.0009217136791738963,0.0022704840650469293
6171,D-SINOS,2000,1928,1.4874499289169896e-05,1.2329907145314012e-05,2.5445921438558837e-06,8.057228836566588e-07,0.0008976206791605566,0.002266467099071634
6172,D-SINOS,2000,1929,1.4863301874331416e-05,1.2327189953296128e-05,2.5361119210352888e-06,7.896859003466403e-07,0.0008886427293050004,0.002266816497500379
6173,D-SINOS,2000,1930,1.4848512747459076e-05,1.2338372609710945e-05,2.510140137748132e-06,7.924400102516586e-07,0.0008901909965011209,0.002281694777647836
6174,D-SINOS,2000,1931,1.4841154012203345e-05,1.2334383411836081e-05,2.5067706003672633e-06,8.148528514135251e-07,0.0009026920025199764,0.0022911476027462907
6175,D-SINOS,2000,1932,1.4834519489133545e-05,1.2325145808261083e-05,2.5093736808724616e-06,8.401804014235008e-07,0.0009166135507527154,0.0023078996780728778
6176,D-SINOS,2000,1933,1.4828920229846737e-05,1.2329553387922853e-05,2.499366841923884e-06,8.601600696436379e-07,0.0009274481493019639,0.002315783220135148
6177,D-SINOS,2000,1934,1.4821392592976573e-05,1.2328245561795225e-05,2.493147031181349e-06,8.79221895541065e-07,0.0009376683291767217,0.0023225352124564003
6178,D-SINOS,2000,1935,1.4810947298990671e-05,1.2328582215139731e-05,2.48236508385094e-06,8.811637628545315e-07,0.0009387032347097412,0.0023236878622748813
6179,D-SINOS,2000,1936,1.480183301016172e-05,1.231920741203593e-05,2.4826255981257917e-06,8.807269998247315e-07,0.000938470564175953,0.0023237453926595597
6180,D-SINOS,2000,1937,1.4795901700517858e-05,1.2335429445785098e-05,2.46047225473276e-06,8.331477997112426e-07,0.0009127693025684215,0.002315370499791247
6181,D-SINOS,2000,1938,1.4789143098494277e-05,1.2326826566090977e-05,2.4623165324033e-06,8.368188136683784e-07,0.0009147780133280305,0.0023204614452692063
6182,D-SINOS,2000,1939,1.4781587528032157e-05,1.2319774996622206e-05,2.461812531409952e-06,8.359064858228823e-07,0.0009142792165541565,0.0023283126786489694
6183,D-SINOS,2000,1940,1.4776115676530163e-05,1.2322267632497825e-05,2.4538480440323388e-06,8.340288304444073e-07,0.0009132517891821551,0.002334108701079751
6184,D-SINOS,2000,1941,1.4769332126838395e-05,1.2328186912271084e-05,2.4411452145673115e-06,8.314778551340994e-07,0.0009118540755702633,0.0023332865493947974
6185,D-SINOS,2000,1942,1.4764748676079285e-05,1.2341638082291756e-05,2.423110593787529e-06,8.315788951463851e-07,0.0009119094774956476,0.0023400675455832465
6186,D-SINOS,2000,1943,1.4757610418031091e-05,1.2339636986218158e-05,2.4179734318129334e-06,8.289623213277793e-07,0.0009104736796458091,0.002321195373040985
6187,D-SINOS,2000,1944,1.4750019817233723e-05,1.2325955978663177e-05,2.4240638385705454e-06,8.264144153222154e-07,0.0009090733828037291,0.0023159147870548402
6188,D-SINOS,2000,1945,1.4735619980688224e-05,1.2293059637166969e-05,2.4425603435212547e-06,8.156439993374075e-07,0.000903130112075446,0.002303880300231098
6189,D-SINOS,2000,1946,1.4729143549948655e-05,1.2282013669776108e-05,2.4471298801725463e-06,7.970404393926425e-07,0.0008927712133534787,0.0023037894364169587
6190,D-SINOS,2000,1947,1.4717063449728158e-05,1.2258427353699637e-05,2.458636096028521e-06,7.70734936622201e-07,0.000877915107867612,0.0023089200689992984
6191,D-SINOS,2000,1948,1.4705194350788378e-05,1.2240620623336729e-05,2.4645737274516483e-06,7.299494916165749e-07,0.0008543708162247672,0.0023092774225219603
6192,D-SINOS,2000,1949,1.4689515475179302e-05,1.2219854483379737e-05,2.469660991799565e-06,7.05855287503451e-07,0.0008401519431052046,0.0023097142635716272
6193,D-SINOS,2000,1950,1.4664593100276019e-05,1.2192187620724922e-05,2.4724054795510977e-06,6.774766788617204e-07,0.0008230897149531881,0.0022915059916421843
6194,D-SINOS,2000,1951,1.4674902624066079e-05,1.2131694731428776e-05,2.5432078926373024e-06,6.179847295493671e-07,0.0007861200477976421,0.002276170384249654
6195,D-SINOS,2000,1952,1.4649109504318209e-05,1.2152511739662085e-05,2.496597764656124e-06,6.506333015434306e-07,0.0008066184361539417,0.0022848516578758415
6196,D-SINOS,2000,1953,1.4628168384750326e-05,1.2130122184082953e-05,2.4980462006673725e-06,6.499421479189967e-07,0.0008061898956939343,0.0022611105749146265
6197,D-SINOS,2000,1954,1.4603828303107847e-05,1.2111152380929148e-05,2.492675922178699e-06,6.566267446154299e-07,0.0008103250857621464,0.002230149124678671
6198,D-SINOS,2000,1955,1.459075519913489e-05,1.2095885677669044e-05,2.4948695214658456e-06,6.623218370630986e-07,0.0008138315778237525,0.002217419739023452
6199,D-SINOS,2000,1956,1.4573677040643491e-05,1.2091731913769148e-05,2.4819451268743433e-06,6.881604917393312e-07,0.0008295543934784091,0.002243023226087937
6200,D-SINOS,2000,1957,1.4559256941985352e-05,1.2066744151537604e-05,2.4925127904477483e-06,6.876122514089228e-07,0.0008292238849725223,0.0022348785281979255
6201,D-SINOS,2000,1958,1.4545775559359668e-05,1.2050669995439911e-05,2.4951055639197575e-06,6.966010757614834e-07,0.0008346263090518315,0.0022561187994083465
6202,D-SINOS,2000,1959,1.4527047454113962e-05,1.2060286094180013e-05,2.4667613599339486e-06,7.110465662841252e-07,0.0008432357714685289,0.0023036485235009563
6203,D-SINOS,2000,1960,1.451379754043247e-05,1.2053344257540428e-05,2.4604532828920423e-06,7.16371610983556e-07,0.0008463873882469871,0.0023190626344629095
6204,D-SINOS,2000,1961,1.449719331467504e-05,1.204023528832673e-05,2.4569580263483105e-06,7.6917432942514e-07,0.0008770258430771239,0.0023824578640775362
6205,D-SINOS,2000,1962,1.447666875363288e-05,1.2011071170363682e-05,2.4655975832691968e-06,7.277421222226139e-07,0.0008530780282146609,0.0023462303206922552
6206,D-SINOS,2000,1963,1.4458889930611631e-05,1.1963563207998124e-05,2.495326722613506e-06,6.981948102222711e-07,0.0008355805228835047,0.002312354657508453
6207,D-SINOS,2000,1964,1.443593093142953e-05,1.188610820754214e-05,2.54982272388739e-06,6.68343308320924e-07,0.0008175226653255089,0.0022857492111764133
6208,D-SINOS,2000,1965,1.441909956736897e-05,1.183815719159854e-05,2.580942375770429e-06,6.668139205826348e-07,0.0008165867501880218,0.002311371864388345
6209,D-SINOS,2000,1966,1.442485018836396e-05,1.1820362035137578e-05,2.604488153226382e-06,7.096431153427064e-07,0.0008424031786162172,0.0023332559319143575
6210,D-SINOS,2000,1967,1.4412397866502446e-05,1.182514994112154e-05,2.5872479253809057e-06,6.842157210208951e-07,0.0008271733319086727,0.002320579472730011
6211,D-SINOS,2000,1968,1.4405828652564078e-05,1.1818577398407072e-05,2.5872512541570054e-06,7.015346648471571e-07,0.0008375766620716919,0.0023518075810525785
6212,D-SINOS,2000,1969,1.439991807258962e-05,1.1814537206456161e-05,2.5853808661334603e-06,7.144105613953159e-07,0.0008452281120474613,0.0023744978655613203
6213,D-SINOS,2000,1970,1.4393263283990474e-05,1.181556783465132e-05,2.577695449339155e-06,7.252316244363128e-07,0.000851605321986842,0.002379733373428894
6214,D-SINOS,2000,1971,1.4388422744445536e-05,1.1813910938323197e-05,2.5745118061223386e-06,7.212506464007321e-07,0.000849264768138142,0.002382024149662043
6215,D-SINOS,2000,1972,1.4384665414263705e-05,1.1810111142181488e-05,2.574554272082218e-06,7.146132360613472e-07,0.0008453479970174101,0.0023676543066363243
6216,D-SINOS,2000,1973,1.4378338604320086e-05,1.1797954844796477e-05,2.5803837595236095e-06,6.972941923601116e-07,0.0008350414315230781,0.002347461085150493
6217,D-SINOS,2000,1974,1.4373074218111653e-05,1.1794802353078985e-05,2.5782718650326686e-06,6.864345184472762e-07,0.0008285134389056561,0.002351688729042123
6218,D-SINOS,2000,1975,1.4369287154112338e-05,1.1776347160441045e-05,2.5929399936712934e-06,6.805897890706672e-07,0.0008249786597668252,0.002370560159189128
6219,D-SINOS,2000,1976,1.4364521042683181e-05,1.1781142712844463e-05,2.5833783298387195e-06,6.755481772379884e-07,0.0008219173785959197,0.0023895512868160607
6220,D-SINOS,2000,1977,1.4362135934032814e-05,1.1779710138369587e-05,2.5824257956632273e-06,6.747892496086944e-07,0.0008214555676411807,0.002389302280958905
6221,D-SINOS,2000,1978,1.435905243045442e-05,1.1778968461442861e-05,2.58008396901156e-06,6.788344270233615e-07,0.0008239140895890551,0.002395142980275322
6222,D-SINOS,2000,1979,1.4355124463394276e-05,1.1782147669152226e-05,2.572976794242051e-06,6.798595746229582e-07,0.0008245359753357995,0.002404777243874001
6223,D-SINOS,2000,1980,1.4355817120108087e-05,1.178020431045351e-05,2.575612809654576e-06,7.076265229488638e-07,0.0008412053987872782,0.0024007393484074546
6224,D-SINOS,2000,1981,1.4352452479088419e-05,1.1779004776761962e-05,2.5734477023264573e-06,6.92909417130506e-07,0.0008324118074189637,0.002402778405861894
6225,D-SINOS,2000,1982,1.4348360215351351e-05,1.178316186703606e-05,2.565198348315291e-06,6.931172453128619e-07,0.0008325366330155459,0.0024094962435797784
6226,D-SINOS,2000,1983,1.434354920690231e-05,1.1789871449421085e-05,2.5536777574812247e-06,6.915222216653784e-07,0.000831578151267443,0.002411122574452751
6227,D-SINOS,2000,1984,1.4337936643700302e-05,1.180026203710059e-05,2.537674606599712e-06,6.860460547282456e-07,0.0008282789715598517,0.002411762012138663
6228,D-SINOS,2000,1985,1.4326210003655575e-05,1.1826997174075161e-05,2.4992128295804136e-06,6.511875460066259e-07,0.0008069619235172289,0.002411999714560409
6229,D-SINOS,2000,1986,1.4335903331195575e-05,1.181171177375957e-05,2.5241915574360052e-06,6.53386979332556e-07,0.0008083235610401048,0.0023774151738753524
6230,D-SINOS,2000,1987,1.4320175051612855e-05,1.1815664245031867e-05,2.504510806580989e-06,6.523030659440297e-07,0.0008076528127506458,0.0023986315789126245
6231,D-SINOS,2000,1988,1.4308119714605114e-05,1.1826860716561658e-05,2.4812589980434557e-06,6.240131836524097e-07,0.0007899450510335575,0.0023981033075203273
6232,D-SINOS,2000,1989,1.4295345544224091e-05,1.1828086283613153e-05,2.4672592606109383e-06,5.875065743854015e-07,0.0007664897744819572,0.0023837304861860087
6233,D-SINOS,2000,1990,1.4280327416330222e-05,1.178740329949913e-05,2.492924116831092e-06,5.710664359166607e-07,0.0007556893779302848,0.0023776541967756026
6234,D-SINOS,2000,1991,1.4265796359025706e-05,1.174245279365596e-05,2.5233435653697472e-06,5.54531073478206e-07,0.0007446684319065808,0.002359906715887261
6235,D-SINOS,2000,1992,1.4252361364194215e-05,1.1696709141625556e-05,2.5556522225686594e-06,5.567886150284092e-07,0.0007461826954763888,0.002357322732215672
6236,D-SINOS,2000,1993,1.4245243135412272e-05,1.165341595249848e-05,2.5918271829137915e-06,5.294106572643969e-07,0.0007276061140922311,0.0023299420987302755
6237,D-SINOS,2000,1994,1.4239536696310539e-05,1.165874061976078e-05,2.5807960765497588e-06,5.355498567041506e-07,0.000731812719692785,0.0023390707939440203
6238,D-SINOS,2000,1995,1.4233850930902764e-05,1.166658534413028e-05,2.5672655867724854e-06,5.269979005857241e-07,0.0007259462105319678,0.00234197863886787
6239,D-SINOS,2000,1996,1.4222214652687552e-05,1.1670008151633955e-05,2.5522065010535978e-06,5.000920889091805e-07,0.0007071718948807146,0.0023341347523858635
6240,D-SINOS,2000,1997,1.421393917126676e-05,1.1674821721065287e-05,2.5391174502014735e-06,4.7495811768375163e-07,0.0006891720523089656,0.0023290857655081654
6241,D-SINOS,2000,1998,1.4204264722363926e-05,1.1676347242580963e-05,2.527917479782963e-06,4.5644364664184824e-07,0.0006756061327740063,0.002310723848000129
6242,D-SINOS,2000,1999,1.4194539361734525e-05,1.1663318116645307e-05,2.5312212450892183e-06,4.3358371946482943e-07,0.0006584707430591199,0.002296566097034991
6243,D-SINOS,2000,2000,1.4185024800257883e-05,1.1685109567276742e-05,2.4999152329811417e-06,4.2614671514301557e-07,0.0006527991384361775,0.002292610071950252
6244,D-SINOS,2000,2001,1.417765328248051e-05,1.1683932214127855e-05,2.4937210683526564e-06,4.2033989091125503e-07,0.0006483362483397446,0.002295331400369305
6245,D-SINOS,2000,2002,1.4171987462003954e-05,1.1691452626164558e-05,2.480534835839395e-06,4.1402039213277087e-07,0.0006434441639589024,0.0022978950070651205
6246,D-SINOS,2000,2003,1.4167941370165422e-05,1.1693123569494743e-05,2.4748178006706796e-06,4.0751008453574354e-07,0.0006383651655093215,0.002292719250144737
6247,D-SINOS,2000,2004,1.4163468840688203e-05,1.1691347502447138e-05,2.4721213382410644e-06,3.853165087532409e-07,0.0006207386799235576,0.002277638003225113
6248,D-SINOS,2000,2005,1.416030968263922e-05,1.1674499475741403e-05,2.4858102068978155e-06,3.8706283921314547e-07,0.0006221437448155735,0.0022616930111634126
6249,D-SINOS,2000,2006,1.4157334699446688e-05,1.1669747749206364e-05,2.4875869502403236e-06,3.8609387256280056e-07,0.0006213645247057484,0.002260236430626672
6250,D-SINOS,2000,2007,1.4154608128173995e-05,1.16601874740358e-05,2.4944206541381942e-06,3.869144628740342e-07,0.0006220244873588452,0.0022568412884867994
6251,D-SINOS,2000,2008,1.4152912108637838e-05,1.1650747184794063e-05,2.5021649238437743e-06,3.887216960390873e-07,0.0006234754975450818,0.0022502876264189897
6252,D-SINOS,2000,2009,1.415284582283836e-05,1.164510321357834e-05,2.5077426092600192e-06,3.9122810044312844e-07,0.0006254822942682938,0.002251942430646303
6253,D-SINOS,2000,2010,1.4151843339864438e-05,1.1647379934395799e-05,2.50446340546864e-06,3.8997089372085034e-07,0.0006244764957313047,0.0022511214189216977
6254,D-SINOS,2000,2011,1.4150642714982348e-05,1.1642493646100903e-05,2.508149068881445e-06,3.9056425076063536e-07,0.0006249513987188407,0.0022445301516457183
6255,D-SINOS,2000,2012,1.4149575661151485e-05,1.164133764207173e-05,2.508238019079755e-06,3.895656442907005e-07,0.0006241519400680418,0.0022395368938865623
6256,D-SINOS,2000,2013,1.4148212395569344e-05,1.164049470065983e-05,2.5077176949095137e-06,3.8736650400895926e-07,0.0006223877441024681,0.0022373211036771368
6257,D-SINOS,2000,2014,1.4146250816570765e-05,1.1640817705509173e-05,2.505433111061591e-06,3.855497750600979e-07,0.0006209265456236332,0.002237325350126662
6258,D-SINOS,2000,2015,1.4144043644046729e-05,1.1633674284165682e-05,2.510369359881047e-06,3.7811353320961275e-07,0.000614909369915285,0.0022400958801948034
6259,D-SINOS,2000,2016,1.4141782429440019e-05,1.1631430414938148e-05,2.510352014501871e-06,3.7655803924946286e-07,0.0006136432507976136,0.0022419513500347987
6260,D-SINOS,2000,2017,1.4139413548472466e-05,1.1624800575862648e-05,2.5146129726098185e-06,3.7467570788033014e-07,0.0006121075950193154,0.0022431747824408488
6261,D-SINOS,2000,2018,1.4137265634872268e-05,1.1620585219145954e-05,2.516680415726315e-06,3.7191997088682206e-07,0.0006098524173001384,0.0022411690249865
6262,D-SINOS,2000,2019,1.4132981387536755e-05,1.1617590917898754e-05,2.5153904696380006e-06,3.645940043391679e-07,0.0006038162007922344,0.0022306652072457966
6263,D-SINOS,2000,2020,1.4137332455476945e-05,1.164535260923359e-05,2.4919798462433555e-06,3.8322755835690867e-07,0.0006190537604739257,0.0022561407532220024
6264,D-SINOS,2000,2021,1.4131516406580205e-05,1.1624792156667955e-05,2.506724249912249e-06,3.7072473654427177e-07,0.000608871691363847,0.0022392120251205627
6265,D-SINOS,2000,2022,1.4127661089131947e-05,1.1628111996986073e-05,2.4995490921458745e-06,3.6101619865794334e-07,0.0006008462354529179,0.0022195560478629472
6266,D-SINOS,2000,2023,1.4125464358976212e-05,1.1632383990646829e-05,2.493080368329384e-06,3.573605073270914e-07,0.0005977963761408156,0.0022041493825172287
6267,D-SINOS,2000,2024,1.4124577205766206e-05,1.1645077608654993e-05,2.479499597111213e-06,3.566236870835917e-07,0.0005971797778588887,0.002204089504751594
6268,D-SINOS,2000,2025,1.4123683202719694e-05,1.164187724123008e-05,2.4818059614896134e-06,3.595914019875845e-07,0.0005996594049855172,0.0022063374912982825
6269,D-SINOS,2000,2026,1.4122802973175969e-05,1.1639734542379275e-05,2.483068430796693e-06,3.628936231909441e-07,0.0006024065265175537,0.0022095329822650056
6270,D-SINOS,2000,2027,1.4121679513179348e-05,1.1637024825329598e-05,2.4846546878497504e-06,3.668765503244828e-07,0.000605703351752723,0.0022129705609986727
6271,D-SINOS,2000,2028,1.4120365938988816e-05,1.1634137389607575e-05,2.4862285493812408e-06,3.6947657560299223e-07,0.0006078458485528977,0.002214361108050289
6272,D-SINOS,2000,2029,1.4118826823318033e-05,1.1627310491346879e-05,2.491516331971154e-06,3.679434667511276e-07,0.0006065834375839218,0.0022128262905515284
6273,D-SINOS,2000,2030,1.4116674589981316e-05,1.161648741130747e-05,2.5001871786738466e-06,3.680339519425112e-07,0.0006066580189386037,0.002207732476259161
6274,D-SINOS,2000,2031,1.4115020107500218e-05,1.1609131588289017e-05,2.5058885192112004e-06,3.649221008301026e-07,0.0006040878254278119,0.0022038400039007255
6275,D-SINOS,2000,2032,1.4113526077149535e-05,1.1597448478906472e-05,2.516077598243064e-06,3.610492122557821e-07,0.0006008737074092875,0.0021970761617167156
6276,D-SINOS,2000,2033,1.4112533563301377e-05,1.1596397143984374e-05,2.5161364193170017e-06,3.5909649915705726e-07,0.0005992466096333439,0.002200226528982774
6277,D-SINOS,2000,2034,1.4111074981397055e-05,1.1591447933159433e-05,2.5196270482376227e-06,3.586780980462034e-07,0.000598897401936428,0.002198838291355698
6278,D-SINOS,2000,2035,1.4106655605208737e-05,1.157617238440991e-05,2.5304832207988265e-06,3.584888570479239e-07,0.0005987393899251358,0.002192383595298719
6279,D-SINOS,2000,2036,1.4103840978106623e-05,1.157434712035446e-05,2.5294938577521633e-06,3.528929505128186e-07,0.0005940479362078608,0.0021932674990505774
6280,D-SINOS,2000,2037,1.4100000593091669e-05,1.1557798775857366e-05,2.5422018172343026e-06,3.517837721110865e-07,0.0005931136249582254,0.002176724670004626
6281,D-SINOS,2000,2038,1.4096672290883965e-05,1.1557307238415791e-05,2.539365052468174e-06,3.455592522938226e-07,0.0005878428806184716,0.002169797507184379
6282,D-SINOS,2000,2039,1.4092977642577489e-05,1.1557296930365418e-05,2.5356807122120713e-06,3.3936005502695643e-07,0.000582546182741726,0.0021627733363852597
6283,D-SINOS,2000,2040,1.4090080585958487e-05,1.1555141219250907e-05,2.5349393667075803e-06,3.387706627267731e-07,0.000582040086872694,0.0021623084275704807
6284,D-SINOS,2000,2041,1.4085488778299733e-05,1.1547853783467563e-05,2.5376349948321706e-06,3.465986997981675e-07,0.0005887263369326767,0.002169544576868354
6285,D-SINOS,2000,2042,1.4086924123740227e-05,1.152910816318742e-05,2.557815960552807e-06,3.5105954705446164e-07,0.0005925027823179075,0.0021823279262306317
6286,D-SINOS,2000,2043,1.4084036646191635e-05,1.1538773562316024e-05,2.5452630838756114e-06,3.483808507039249e-07,0.0005902379610834303,0.0021748593238526404
6287,D-SINOS,2000,2044,1.4081629179343724e-05,1.1533734768335452e-05,2.547894411008272e-06,3.584587128910989e-07,0.00059871421637631,0.002179954854840016
6288,D-SINOS,2000,2045,1.4080385339111753e-05,1.1524812870747198e-05,2.5555724683645556e-06,3.64163910036365e-07,0.0006034599489911199,0.002181670356365184
6289,D-SINOS,2000,2046,1.4078827020614897e-05,1.1514920945669023e-05,2.563906074945873e-06,3.6805630346164414e-07,0.0006066764405032093,0.0021802379652647863
6290,D-SINOS,2000,2047,1.4076380121589713e-05,1.1498489364303824e-05,2.5778907572858886e-06,3.6937394366985725e-07,0.0006077614200242208,0.0021739791789735508
6291,D-SINOS,2000,2048,1.4082659199132409e-05,1.1473654285212652e-05,2.6090049139197578e-06,3.574384568283054e-07,0.0005978615699543711,0.002141703726854627
6292,D-SINOS,2000,2049,1.4075239538230407e-05,1.1490236434620258e-05,2.5850031036101498e-06,3.659420830167319e-07,0.0006049314696862215,0.0021648871729447183
6293,D-SINOS,2000,2050,1.4071670816904843e-05,1.147030236452898e-05,2.6013684523758638e-06,3.642969767077268e-07,0.0006035701920304935,0.0021546088340004266
6294,D-SINOS,2000,2051,1.406749251777913e-05,1.1455513440067644e-05,2.6119790777114848e-06,3.6221178691473987e-07,0.000601840333406411,0.0021459951788251885
6295,D-SINOS,2000,2052,1.4062101543009583e-05,1.1443877871438458e-05,2.6182236715711253e-06,3.594698215245935e-07,0.0005995580218165657,0.0021361475310880396
6296,D-SINOS,2000,2053,1.4055699175534704e-05,1.1434923732836288e-05,2.6207754426984164e-06,3.594890437408536e-07,0.000599574051924242,0.0021305621188668633
6297,D-SINOS,2000,2054,1.404658670078929e-05,1.1412132688261229e-05,2.634454012528061e-06,3.584110470099925e-07,0.0005986744081802666,0.0021117820510162533
6298,D-SINOS,2000,2055,1.4041921796255727e-05,1.1420372408228844e-05,2.6215493880268842e-06,3.627653545732976e-07,0.0006023000536055908,0.0021181225792733516
6299,D-SINOS,2000,2056,1.4038975726822001e-05,1.1431594562555723e-05,2.607381164266278e-06,3.59378715639158e-07,0.0005994820394633671,0.0021111660494221862
6300,D-SINOS,2000,2057,1.4037274063464046e-05,1.1433338492570349e-05,2.603935570893698e-06,3.611108389826115e-07,0.0006009249861526907,0.0021142141142515003
6301,D-SINOS,2000,2058,1.403302632656638e-05,1.1441339601782528e-05,2.591686724783852e-06,3.6510684341683227e-07,0.000604240716450681,0.0021202683857803883
6302,D-SINOS,2000,2059,1.402802494368076e-05,1.1447621883707888e-05,2.5804030599728708e-06,3.760445968487355e-07,0.000613224752312507,0.002126822299197584
6303,D-SINOS,2000,2060,1.4023734270574369e-05,1.1462372066535879e-05,2.5613622040384903e-06,4.007937433305276e-07,0.0006330827302418916,0.0021396493803312877
6304,D-SINOS,2000,2061,1.4017832242005354e-05,1.145379203763691e-05,2.564040204368444e-06,3.9389763867093e-07,0.000627612650183957,0.0021363209080037526
6305,D-SINOS,2000,2062,1.4014140029319779e-05,1.1448550907343102e-05,2.5655891219766776e-06,3.8975188993156877e-07,0.0006243011211999934,0.002133558839284233
6306,D-SINOS,2000,2063,1.4009380634078585e-05,1.144231807352413e-05,2.5670625605544543e-06,3.883260111476872e-07,0.000623158094826415,0.0021281503030181614
6307,D-SINOS,2000,2064,1.4004605983265408e-05,1.1433144026934172e-05,2.5714619563312377e-06,3.8216858330265094e-07,0.0006181978512601374,0.002112516587694846
6308,D-SINOS,2000,2065,1.4000116136142412e-05,1.142355930095263e-05,2.5765568351897822e-06,3.8254773069972075e-07,0.0006185044306225467,0.002113758946272637
6309,D-SINOS,2000,2066,1.3996898322863067e-05,1.1420907153125227e-05,2.5759911697378394e-06,3.8316896319077337e-07,0.0006190064322693047,0.0021113211045340474
6310,D-SINOS,2000,2067,1.3988418938530587e-05,1.1419378448745051e-05,2.5690404897855368e-06,3.8328368056251033e-07,0.0006190990878385384,0.002109375536268998
6311,D-SINOS,2000,2068,1.3978860307206048e-05,1.1423143320914748e-05,2.5557169862913e-06,3.852057607696793e-07,0.0006206494669051761,0.0021128810280827137
6312,D-SINOS,2000,2069,1.3974714598428357e-05,1.1438600575052836e-05,2.5361140233755218e-06,3.9567568579771384e-07,0.0006290275715719573,0.002093210777780352
6313,D-SINOS,2000,2070,1.3963131031936608e-05,1.1431971776150044e-05,2.531159255786564e-06,3.9319605200414943e-07,0.0006270534682179419,0.002108891474099539
6314,D-SINOS,2000,2071,1.3958593260014962e-05,1.1428651913008554e-05,2.529941347006408e-06,3.918872585695142e-07,0.0006260089924030758,0.0021097611029968766
6315,D-SINOS,2000,2072,1.3953206983521028e-05,1.141581870750899e-05,2.537388276012037e-06,3.962441052634478e-07,0.0006294792333853817,0.002102117550589422
6316,D-SINOS,2000,2073,1.3948177525060344e-05,1.140299751238462e-05,2.545180012675724e-06,3.892792023786344e-07,0.0006239224329823655,0.0020769551873213166
6317,D-SINOS,2000,2074,1.3942096157235904e-05,1.1385958188029982e-05,2.556137969205922e-06,3.8678037348406816e-07,0.0006219166933634023,0.0020576425955878275
6318,D-SINOS,2000,2075,1.3932467936670179e-05,1.1355356227115187e-05,2.5771117095549915e-06,3.751434755601865e-07,0.0006124895717970932,0.0020213887253652807
6319,D-SINOS,2000,2076,1.3945173650911478e-05,1.1373541521767169e-05,2.5716321291443103e-06,4.087379805412408e-07,0.0006393261925975197,0.00208439705774921
6320,D-SINOS,2000,2077,1.3930560649268412e-05,1.135615207054965e-05,2.5744085787187607e-06,3.8385544396197387e-07,0.0006195606862624306,0.002038143425428851
6321,D-SINOS,2000,2078,1.3925314106251756e-05,1.1344387774809748e-05,2.5809263314420073e-06,3.786229664550646e-07,0.0006153234648987999,0.0020287372606917486
6322,D-SINOS,2000,2079,1.3915049889814075e-05,1.1334594652218371e-05,2.580455237595703e-06,3.750900976679969e-07,0.0006124459957155381,0.002029740626017573
6323,D-SINOS,2000,2080,1.390375171873991e-05,1.1338542597628492e-05,2.5652091211114195e-06,3.809641534411732e-07,0.000617222936580595,0.0020485732993725803
6324,D-SINOS,2000,2081,1.3913675383123541e-05,1.1329611856811081e-05,2.5840635263124603e-06,3.943585284139208e-07,0.0006279797197473186,0.0020664143986842687
6325,D-SINOS,2000,2082,1.3897617227085315e-05,1.1328965853453007e-05,2.5686513736323086e-06,3.8555419824508596e-07,0.0006209301073752874,0.0020558855259029674
6326,D-SINOS,2000,2083,1.3887184200195435e-05,1.1336814130886626e-05,2.5503700693088095e-06,3.990929870490341e-07,0.0006317380683867595,0.002079865184755336
6327,D-SINOS,2000,2084,1.3875526309835705e-05,1.1336201362437039e-05,2.539324947398665e-06,4.182088840752167e-07,0.0006466907174803244,0.0021001245224646636
6328,D-SINOS,2000,2085,1.3863098474400708e-05,1.1318152730401227e-05,2.544945743999482e-06,4.369082726443635e-07,0.0006609903725806932,0.0021052561056115193
6329,D-SINOS,2000,2086,1.3848574692562307e-05,1.1272719665023251e-05,2.575855027539055e-06,4.5338073212580743e-07,0.0006733355271525538,0.002095980235589434
6330,D-SINOS,2000,2087,1.3939048126520164e-05,1.1206178013539718e-05,2.732870112980446e-06,5.114398705410484e-07,0.000715150243334258,0.0020197096888864285
6331,D-SINOS,2000,2088,1.3845238813443684e-05,1.1251460521039686e-05,2.5937782924039992e-06,4.619557195884771e-07,0.0006796732447201943,0.002084022951656994
6332,D-SINOS,2000,2089,1.3834869807080574e-05,1.1204672768394606e-05,2.6301970386859674e-06,4.6949070910085604e-07,0.0006851939207996931,0.002072519728348321
6333,D-SINOS,2000,2090,1.3828544283507586e-05,1.1173177733007558e-05,2.6553665505000277e-06,4.681232456861036e-07,0.0006841953271443057,0.002064462822066293
6334,D-SINOS,2000,2091,1.3822005114097121e-05,1.1144027669379251e-05,2.67797744471787e-06,4.652321718930399e-07,0.0006820793002965563,0.002059019605447854
6335,D-SINOS,2000,2092,1.381297613997856e-05,1.111779992403282e-05,2.695176215945739e-06,4.619218551551331e-07,0.0006796483319740681,0.0020538554135959286
6336,D-SINOS,2000,2093,1.3804028186734334e-05,1.1103344765428514e-05,2.7006834213058197e-06,4.42783736848637e-07,0.0006654199702809024,0.0020675730247657897
