rep,seed,method,step,closure_call,total_loss,mom_loss,div_loss,bc_loss,gauge_loss,mom_weight,div_weight,bc_weight,u_mse,u_rmse,u_max_error,p_mse,p_rmse,p_max_error,solution_mse,solution_rmse,solution_max_error,elapsed_s
0,1234,D-SINOS,0,0,830.5517448154552,2.071792242351601,0.036819593664560765,828.443132979439,4.5231564731140115e-37,1.0,1.0,1.0,4.959270398518739,2.226941938739926,3.2838127750103276,0.14372544318012911,0.37911138624437163,0.7312009457582304,5.102995841698868,2.258981151249135,3.286218301193365,0.24203325004782528
0,1234,D-SINOS,0,1,830.5517448154552,2.071792242351601,0.036819593664560765,828.443132979439,4.5231564731140115e-37,1.0,1.0,1.0,4.959270398518739,2.226941938739926,3.2838127750103276,0.14372544318012911,0.37911138624437163,0.7312009457582304,5.102995841698868,2.258981151249135,3.286218301193365,0.999307292047888
0,1234,D-SINOS,0,2,828.3898012340331,2.072355420981537,0.026201356958540166,826.2912444560889,4.242484285447601e-12,1.0,1.0,1.0,4.96060412889106,2.2272413719422195,3.260584654653069,0.1435844628470551,0.378925405386146,0.729814541818106,5.104188591738114,2.2592451375931106,3.262929196708933,1.716089625027962
0,1234,D-SINOS,0,3,814.8915180417241,2.082515035346544,0.014522462188832366,812.7944805437656,4.2312929946902517e-10,1.0,1.0,1.0,5.027728602102275,2.2422597088879503,3.3403882521218557,0.1424111411689092,0.3773740070128164,0.7172106322726336,5.170139743271184,2.2737941294829627,3.364790593849886,2.420074583031237
0,1234,D-SINOS,1,4,814.8915180417241,2.082515035346544,0.014522462188832366,812.7944805437656,4.2312929946902517e-10,1.0,1.0,1.0,5.027728602102275,2.2422597088879503,3.3403882521218557,0.1424111411689092,0.3773740070128164,0.7172106322726336,5.170139743271184,2.2737941294829627,3.364790593849886,3.131317208055407
0,1234,D-SINOS,1,5,810.473780489026,2.1006385681209094,0.012388122087667104,808.360753793859,4.958461189424674e-09,1.0,1.0,1.0,5.177603953588644,2.275434893287137,3.4630649671322233,0.1412373694997986,0.3758156057161525,0.7019930565878366,5.318841323088442,2.306261330181045,3.487410536112071,3.798528917017393
0,1234,D-SINOS,2,6,810.473780489026,2.1006385681209094,0.012388122087667104,808.360753793859,4.958461189424674e-09,1.0,1.0,1.0,5.177603953588644,2.275434893287137,3.4630649671322233,0.1412373694997986,0.3758156057161525,0.7019930565878366,5.318841323088442,2.306261330181045,3.487410536112071,4.506358625018038
0,1234,D-SINOS,2,7,809.8233440949534,2.102329037620553,0.007239733139507085,807.713775310466,1.3727501309691766e-08,1.0,1.0,1.0,5.191186903349303,2.278417631460331,3.4675745864558913,0.14038571685572604,0.3746808199731153,0.6922382519957154,5.33157262020503,2.309019839716634,3.492565649405438,5.1581917920848355
0,1234,D-SINOS,2,8,807.4049530670684,2.1177101545887056,0.10118447112234416,805.1860582339979,2.073594307343625e-07,1.0,1.0,1.0,5.3354999732533575,2.309870120429579,3.5839101442443453,0.13616341192404813,0.3690032681752943,0.6307193445323485,5.471663385177406,2.3391586917473997,3.588623071616457,5.975936875096522
0,1234,D-SINOS,3,9,807.4049530670684,2.1177101545887056,0.10118447112234416,805.1860582339979,2.073594307343625e-07,1.0,1.0,1.0,5.3354999732533575,2.309870120429579,3.5839101442443453,0.13616341192404813,0.3690032681752943,0.6307193445323485,5.471663385177406,2.3391586917473997,3.588623071616457,6.781654666992836
0,1234,D-SINOS,3,10,800.3816233910604,2.1198161406992835,0.2124796581501145,798.0493268126223,7.795887371425332e-07,1.0,1.0,1.0,5.397657703253336,2.3232859710447475,3.6368150180221552,0.1357922918079935,0.36850005672725955,0.6914729201893518,5.5334499950613285,2.3523286324536645,3.6420885120123874,7.610449375002645
0,1234,D-SINOS,3,11,773.8484835452415,1.9793875186324976,17.884293828737515,753.9847882960295,1.3901841911476717e-05,1.0,1.0,1.0,7.445293827465488,2.728606572495472,4.501104049541481,0.3578999521975121,0.5982474004937356,1.306537003400602,7.803193779663001,2.793419728516107,4.622175535613546,8.374706250033341
0,1234,D-SINOS,3,12,749.4848126946836,2.046387013253162,5.485574270930816,741.9528418770981,9.533401466029457e-06,1.0,1.0,1.0,6.541101014428781,2.5575576268050697,4.122669000599224,0.2678169306237111,0.5175103193403114,1.1357408379020728,6.808917945052495,2.609390339725449,4.219540787000506,9.102587208035402
0,1234,D-SINOS,4,13,749.4848126946836,2.046387013253162,5.485574270930816,741.9528418770981,9.533401466029457e-06,1.0,1.0,1.0,6.541101014428781,2.5575576268050697,4.122669000599224,0.2678169306237111,0.5175103193403114,1.1357408379020728,6.808917945052495,2.609390339725449,4.219540787000506,9.827828625100665
0,1234,D-SINOS,4,14,2503.723192285183,4.212714833763424,153.93584585373702,2345.574607537546,2.4060136532089223e-05,1.0,1.0,1.0,20.52595310158591,4.5305577031515565,8.641066523345609,0.6169834968838316,0.7854829704607424,1.6949429571478358,21.142936598469745,4.59814490838096,8.643659427187666,10.512916833045892
0,1234,D-SINOS,4,15,747.1383527335903,2.034292645133626,6.665436836563439,738.4386130430249,1.0208868222008876e-05,1.0,1.0,1.0,6.615526596583439,2.572066600339781,4.169235868869637,0.2811508001648639,0.5302365511400208,1.1606262062841801,6.896677396748303,2.6261525844376035,4.270321060915709,11.21484837506432
0,1234,D-SINOS,5,16,747.1383527335903,2.034292645133626,6.665436836563439,738.4386130430249,1.0208868222008876e-05,1.0,1.0,1.0,6.615526596583439,2.572066600339781,4.169235868869637,0.2811508001648639,0.5302365511400208,1.1606262062841801,6.896677396748303,2.6261525844376035,4.270321060915709,11.909888375084847
0,1234,D-SINOS,5,17,706.6964846562219,1.971948074574217,12.202234855855426,692.5222888231865,1.2902605722259047e-05,1.0,1.0,1.0,6.105839947152921,2.470999786959303,4.165307682104656,0.3357233926697409,0.5794164242319516,1.2597442729764161,6.441563339822661,2.5380235104944675,4.284253961605766,12.599870292004198
0,1234,D-SINOS,6,18,706.6964846562219,1.971948074574217,12.202234855855426,692.5222888231865,1.2902605722259047e-05,1.0,1.0,1.0,6.105839947152921,2.470999786959303,4.165307682104656,0.3357233926697409,0.5794164242319516,1.2597442729764161,6.441563339822661,2.5380235104944675,4.284253961605766,13.295752875041217
0,1234,D-SINOS,6,19,640.2834898334721,1.8432989184835058,34.44864766533298,603.9915260808318,1.7168823744632763e-05,1.0,1.0,1.0,5.620423211555114,2.3707431770554805,4.142561742084085,0.43417943062393055,0.6589229322340592,1.4794610863840687,6.054602642179044,2.4606102174418125,4.2826909996731395,13.95303233305458
0,1234,D-SINOS,7,20,640.2834898334721,1.8432989184835058,34.44864766533298,603.9915260808318,1.7168823744632763e-05,1.0,1.0,1.0,5.620423211555114,2.3707431770554805,4.142561742084085,0.43417943062393055,0.6589229322340592,1.4794610863840687,6.054602642179044,2.4606102174418125,4.2826909996731395,14.594993292004801
0,1234,D-SINOS,7,21,617.0118741512476,2.09250160875336,99.01792349305971,515.901428135026,2.0914408585506225e-05,1.0,1.0,1.0,4.880627715454766,2.2092142755864055,3.9689893928189948,0.5480526018530248,0.7403057488990781,1.6506621869461624,5.4286803173077915,2.3299528573144546,3.9725612752889403,15.256369542097673
0,1234,D-SINOS,7,22,559.0643928678165,1.808087713771633,66.03808889096851,491.21819677676,1.9486316422958815e-05,1.0,1.0,1.0,4.9101221750144965,2.2158795488506358,3.9727943015358904,0.5098563987707468,0.7140422948052495,1.59631042447383,5.419978573785243,2.3280847436863725,4.120852602718296,15.908427125075832
0,1234,D-SINOS,8,23,559.0643928678165,1.808087713771633,66.03808889096851,491.21819677676,1.9486316422958815e-05,1.0,1.0,1.0,4.9101221750144965,2.2158795488506358,3.9727943015358904,0.5098563987707468,0.7140422948052495,1.59631042447383,5.419978573785243,2.3280847436863725,4.120852602718296,16.591033292002976
0,1234,D-SINOS,8,24,484.39200302330164,1.5932985514530706,68.22280242284072,414.5758830987662,1.895024160201492e-05,1.0,1.0,1.0,5.379961028523551,2.3194743000351505,4.327382280690205,0.5813761745530807,0.7624802781404124,1.6575281508977173,5.961337203076632,2.4415849776480507,4.476806145019235,17.25546866701916
0,1234,D-SINOS,9,25,484.39200302330164,1.5932985514530706,68.22280242284072,414.5758830987662,1.895024160201492e-05,1.0,1.0,1.0,5.379961028523551,2.3194743000351505,4.327382280690205,0.5813761745530807,0.7624802781404124,1.6575281508977173,5.961337203076632,2.4415849776480507,4.476806145019235,17.897192167001776
0,1234,D-SINOS,9,26,551.8618287207721,1.4078340193956524,217.91905499115276,332.53491684989075,2.2860332982280212e-05,1.0,1.0,1.0,8.09876156457771,2.845832314908542,5.403376583338895,0.8978661809106141,0.9475580092588601,1.9820849297102583,8.996627745488325,2.999437904922908,5.530776909851304,18.594703250098974
0,1234,D-SINOS,9,27,442.2465434208314,1.3709913569669712,114.62602785579156,326.2495034881913,2.0719881616109295e-05,1.0,1.0,1.0,6.113069495258269,2.472462233333053,4.735492041532808,0.6960658550111208,0.8343056124772988,1.8174315460585688,6.809135350269389,2.609431997632701,4.879483573479065,19.248277958016843
0,1234,D-SINOS,10,28,442.2465434208314,1.3709913569669712,114.62602785579156,326.2495034881913,2.0719881616109295e-05,1.0,1.0,1.0,6.113069495258269,2.472462233333053,4.735492041532808,0.6960658550111208,0.8343056124772988,1.8174315460585688,6.809135350269389,2.609431997632701,4.879483573479065,19.926828292082064
0,1234,D-SINOS,10,29,401.1066231726149,1.2517162008455267,99.41849280206355,300.43639438563923,1.9784066562097745e-05,1.0,1.0,1.0,6.715713053610586,2.591469284712938,4.647666538430124,0.6308285084897691,0.7942471331328613,1.793023884312228,7.346541562100354,2.710450435278305,4.782305896455984,20.590465417015366
0,1234,D-SINOS,11,30,401.1066231726149,1.2517162008455267,99.41849280206355,300.43639438563923,1.9784066562097745e-05,1.0,1.0,1.0,6.715713053610586,2.591469284712938,4.647666538430124,0.6308285084897691,0.7942471331328613,1.793023884312228,7.346541562100354,2.710450435278305,4.782305896455984,21.242645999998786
0,1234,D-SINOS,11,31,377.9057540192449,1.2054128672719768,106.79166911807158,269.9086527186289,1.9315272426133007e-05,1.0,1.0,1.0,6.871527962431461,2.621359945225276,4.671511333411839,0.631754794607115,0.7948300413340672,1.8074470015415243,7.503282757038575,2.739212068650139,4.800946493906407,21.870105750043876
0,1234,D-SINOS,12,32,377.9057540192449,1.2054128672719768,106.79166911807158,269.9086527186289,1.9315272426133007e-05,1.0,1.0,1.0,6.871527962431461,2.621359945225276,4.671511333411839,0.631754794607115,0.7948300413340672,1.8074470015415243,7.503282757038575,2.739212068650139,4.800946493906407,22.534695917041972
0,1234,D-SINOS,12,33,371.6793392940593,1.6238599193136138,167.9622694912965,202.09319427831258,1.5605136553674063e-05,1.0,1.0,1.0,6.647613788677057,2.578296683602773,5.1042531962476625,0.5544815428174598,0.7446351743085065,1.6938987554848548,7.202095331494518,2.6836719865688723,5.105509864319583,23.15740500006359
0,1234,D-SINOS,12,34,329.8932841825974,1.2920010467831569,132.70463665889235,195.8966291484046,1.7328517301294104e-05,1.0,1.0,1.0,6.790398281278956,2.6058392662017655,4.784183754148091,0.6007851491432832,0.7751033151414611,1.7685152320600497,7.391183430422239,2.718673101059088,4.785589544540616,23.828050125041045
0,1234,D-SINOS,13,35,329.8932841825974,1.2920010467831569,132.70463665889235,195.8966291484046,1.7328517301294104e-05,1.0,1.0,1.0,6.790398281278956,2.6058392662017655,4.784183754148091,0.6007851491432832,0.7751033151414611,1.7685152320600497,7.391183430422239,2.718673101059088,4.785589544540616,24.462014542077668
0,1234,D-SINOS,13,36,308.3105928421395,1.2250792916521371,137.38644601813667,169.69905172561704,1.5806733658579893e-05,1.0,1.0,1.0,6.641103974106499,2.577033948962741,4.829242369962405,0.4588582524142058,0.6773907678838011,1.547622865806926,7.099962226520703,2.6645754308183327,4.829457393139927,25.11369004205335
0,1234,D-SINOS,14,37,308.3105928421395,1.2250792916521371,137.38644601813667,169.69905172561704,1.5806733658579893e-05,1.0,1.0,1.0,6.641103974106499,2.577033948962741,4.829242369962405,0.4588582524142058,0.6773907678838011,1.547622865806926,7.099962226520703,2.6645754308183327,4.829457393139927,25.735684458049946
0,1234,D-SINOS,14,38,283.8416326496001,1.136917621581431,136.7136290258164,145.99107179639503,1.4205807243515578e-05,1.0,1.0,1.0,6.695275585323264,2.587523059863093,4.94833306527503,0.35705987118700255,0.5975448696014405,1.2709309128864326,7.052335456510265,2.65562336495789,4.94835285771935,26.394598542014137
0,1234,D-SINOS,15,39,283.8416326496001,1.136917621581431,136.7136290258164,145.99107179639503,1.4205807243515578e-05,1.0,1.0,1.0,6.695275585323264,2.587523059863093,4.94833306527503,0.35705987118700255,0.5975448696014405,1.2709309128864326,7.052335456510265,2.65562336495789,4.94835285771935,27.067784917075187
0,1234,D-SINOS,15,40,263.8227526194907,1.1409317721012473,137.42206663554197,125.25974139911703,1.2812730448472762e-05,1.0,1.0,1.0,6.50598979240681,2.550684181235852,4.915875482330303,0.3034191987207431,0.5508350013577051,1.0465244708365558,6.809408991127553,2.609484430137025,4.916105738429845,27.734974042046815
0,1234,D-SINOS,16,41,263.8227526194907,1.1409317721012473,137.42206663554197,125.25974139911703,1.2812730448472762e-05,1.0,1.0,1.0,6.50598979240681,2.550684181235852,4.915875482330303,0.3034191987207431,0.5508350013577051,1.0465244708365558,6.809408991127553,2.609484430137025,4.916105738429845,28.385215874994174
0,1234,D-SINOS,16,42,244.8971833648896,1.2649628210577608,119.18890335800285,124.44330643907807,1.0746750922996476e-05,1.0,1.0,1.0,6.11899114414844,2.4736594640629983,4.810111786243408,0.2841544850390518,0.5330614270785795,1.1439771523776783,6.403145629187492,2.5304437613168744,4.8120181234877135,29.041979208006524
0,1234,D-SINOS,17,43,244.8971833648896,1.2649628210577608,119.18890335800285,124.44330643907807,1.0746750922996476e-05,1.0,1.0,1.0,6.11899114414844,2.4736594640629983,4.810111786243408,0.2841544850390518,0.5330614270785795,1.1439771523776783,6.403145629187492,2.5304437613168744,4.8120181234877135,29.70388637506403
0,1234,D-SINOS,17,44,228.1022921766327,1.299891053350518,134.27931346638215,92.52307813129126,9.525608754740404e-06,1.0,1.0,1.0,6.600819275421631,2.5692059620477354,4.958332508395576,0.30509083730951286,0.5523502849727815,1.242134074189226,6.905910112731143,2.6279098372530103,4.964525865527086,30.377816874999553
0,1234,D-SINOS,18,45,228.1022921766327,1.299891053350518,134.27931346638215,92.52307813129126,9.525608754740404e-06,1.0,1.0,1.0,6.600819275421631,2.5692059620477354,4.958332508395576,0.30509083730951286,0.5523502849727815,1.242134074189226,6.905910112731143,2.6279098372530103,4.964525865527086,31.017552500008605
0,1234,D-SINOS,18,46,208.91895157948284,1.2096466365705683,127.46582974111072,80.24346554826013,9.653541420615293e-06,1.0,1.0,1.0,6.733020444613753,2.594806436829875,5.011810945149304,0.30253374109593806,0.5500306728682848,1.1916795666730362,7.035554185709692,2.652461910322124,5.014794465210855,31.676058958051726
0,1234,D-SINOS,19,47,208.91895157948284,1.2096466365705683,127.46582974111072,80.24346554826013,9.653541420615293e-06,1.0,1.0,1.0,6.733020444613753,2.594806436829875,5.011810945149304,0.30253374109593806,0.5500306728682848,1.1916795666730362,7.035554185709692,2.652461910322124,5.014794465210855,32.34941429202445
0,1234,D-SINOS,19,48,187.40301467204281,1.2096501620913993,108.16949491637382,78.02386060742663,8.986150954402178e-06,1.0,1.0,1.0,7.022631485787205,2.65002480852297,5.071395555829441,0.31997644823147003,0.565664607547149,1.1491992417493928,7.342607934018675,2.709724697089849,5.073394611893119,33.00887520809192
0,1234,D-SINOS,20,49,187.40301467204281,1.2096501620913993,108.16949491637382,78.02386060742663,8.986150954402178e-06,1.0,1.0,1.0,7.022631485787205,2.65002480852297,5.071395555829441,0.31997644823147003,0.565664607547149,1.1491992417493928,7.342607934018675,2.709724697089849,5.073394611893119,33.66321537503973
0,1234,D-SINOS,20,50,173.28477623487868,1.2735765357202546,87.38974014614482,84.62145063806909,8.914944502433151e-06,1.0,1.0,1.0,6.548917127333715,2.559085212987976,4.8574292520501094,0.3157634910270936,0.561928368234861,1.0615002326562755,6.864680618360808,2.6200535525749866,4.857977868828182,34.32714125001803
0,1234,D-SINOS,21,51,173.28477623487868,1.2735765357202546,87.38974014614482,84.62145063806909,8.914944502433151e-06,1.0,1.0,1.0,6.548917127333715,2.559085212987976,4.8574292520501094,0.3157634910270936,0.561928368234861,1.0615002326562755,6.864680618360808,2.6200535525749866,4.857977868828182,34.988759625004604
0,1234,D-SINOS,21,52,153.069662858203,1.374429630957215,77.41491863403081,74.28030386682393,1.0726391044084248e-05,1.0,1.0,1.0,5.301458904042469,2.3024897185530424,4.2758797549687975,0.3405784984208195,0.583591036960661,1.1483789694650823,5.642037402463289,2.375297329275493,4.275958291246806,35.64674370805733
0,1234,D-SINOS,22,53,153.069662858203,1.374429630957215,77.41491863403081,74.28030386682393,1.0726391044084248e-05,1.0,1.0,1.0,5.301458904042469,2.3024897185530424,4.2758797549687975,0.3405784984208195,0.583591036960661,1.1483789694650823,5.642037402463289,2.375297329275493,4.275958291246806,36.31019237509463
0,1234,D-SINOS,22,54,133.00077316766777,1.4647893781494161,52.30036030807308,79.23561460957947,8.871865817752114e-06,1.0,1.0,1.0,3.5499177517085054,1.884122541584943,3.5998685918260116,0.3531962120840391,0.5943031314775643,1.2281422056132838,3.9031139637925443,1.975630016929421,3.7848282100045463,36.958107708022
0,1234,D-SINOS,23,55,133.00077316766777,1.4647893781494161,52.30036030807308,79.23561460957947,8.871865817752114e-06,1.0,1.0,1.0,3.5499177517085054,1.884122541584943,3.5998685918260116,0.3531962120840391,0.5943031314775643,1.2281422056132838,3.9031139637925443,1.975630016929421,3.7848282100045463,37.62736795807723
0,1234,D-SINOS,23,56,112.79492069020806,1.4133827521971085,60.37458318432792,51.006947683449695,7.070233341126191e-06,1.0,1.0,1.0,3.468418068403602,1.8623689399266736,3.544470837268709,0.3521774924749186,0.5934454418688533,1.2629074201291526,3.8205955608785205,1.9546343803582604,3.74244431818313,38.26572016708087
0,1234,D-SINOS,24,57,112.79492069020806,1.4133827521971085,60.37458318432792,51.006947683449695,7.070233341126191e-06,1.0,1.0,1.0,3.468418068403602,1.8623689399266736,3.544470837268709,0.3521774924749186,0.5934454418688533,1.2629074201291526,3.8205955608785205,1.9546343803582604,3.74244431818313,38.91936216701288
0,1234,D-SINOS,24,58,101.40589437094559,1.3013985313503806,63.54305179056337,36.56143704410488,7.004926957167029e-06,1.0,1.0,1.0,3.390604005012705,1.8413592818927829,3.7496429990655997,0.3490589807054554,0.590812136559038,1.2345530101782622,3.7396629857181605,1.9338208256501326,3.751872899274759,39.578798667062074
0,1234,D-SINOS,25,59,101.40589437094559,1.3013985313503806,63.54305179056337,36.56143704410488,7.004926957167029e-06,1.0,1.0,1.0,3.390604005012705,1.8413592818927829,3.7496429990655997,0.3490589807054554,0.590812136559038,1.2345530101782622,3.7396629857181605,1.9338208256501326,3.751872899274759,40.25435725005809
0,1234,D-SINOS,25,60,92.05795951443316,1.3067391955493295,55.289085577641664,35.46212818049257,6.560749607748552e-06,1.0,1.0,1.0,2.8425953407373847,1.68599980448913,3.3784183971995683,0.36319933534763527,0.6026602155009365,1.262324526647653,3.20579467608502,1.790473310631862,3.386277061071885,40.90719691698905
0,1234,D-SINOS,26,61,92.05795951443316,1.3067391955493295,55.289085577641664,35.46212818049257,6.560749607748552e-06,1.0,1.0,1.0,2.8425953407373847,1.68599980448913,3.3784183971995683,0.36319933534763527,0.6026602155009365,1.262324526647653,3.20579467608502,1.790473310631862,3.386277061071885,41.54500820802059
0,1234,D-SINOS,26,62,84.01925130968543,1.3004276125688965,49.52773467070539,33.19108361987008,5.406541069118418e-06,1.0,1.0,1.0,2.5558735707637106,1.598709970808874,3.3218018363991506,0.35653901652550946,0.5971088816334166,1.2506953702776005,2.9124125872892197,1.70657920627471,3.326531834477935,42.194679958047345
0,1234,D-SINOS,27,63,84.01925130968543,1.3004276125688965,49.52773467070539,33.19108361987008,5.406541069118418e-06,1.0,1.0,1.0,2.5558735707637106,1.598709970808874,3.3218018363991506,0.35653901652550946,0.5971088816334166,1.2506953702776005,2.9124125872892197,1.70657920627471,3.326531834477935,42.85472950001713
0,1234,D-SINOS,27,64,72.17055441998889,1.2418415770705682,40.291837683544834,30.636871485357286,3.674016202222103e-06,1.0,1.0,1.0,2.0162460915862943,1.419945805862426,3.049140162079822,0.3711397870044188,0.6092124317546539,1.255141848495096,2.387385878590713,1.5451167847741196,3.0581352836741824,43.48938562499825
0,1234,D-SINOS,28,65,72.17055441998889,1.2418415770705682,40.291837683544834,30.636871485357286,3.674016202222103e-06,1.0,1.0,1.0,2.0162460915862943,1.419945805862426,3.049140162079822,0.3711397870044188,0.6092124317546539,1.255141848495096,2.387385878590713,1.5451167847741196,3.0581352836741824,44.124446292058565
0,1234,D-SINOS,28,66,57.75285852170177,1.1801270716946588,30.93273313804485,25.639996457333687,1.8546285682702379e-06,1.0,1.0,1.0,1.7775127627672604,1.3332339490004221,2.8552136282404255,0.404329211344345,0.6358688633235198,1.246401766561327,2.1818419741116055,1.477105945459433,2.867349118881549,44.80157437501475
0,1234,D-SINOS,29,67,57.75285852170177,1.1801270716946588,30.93273313804485,25.639996457333687,1.8546285682702379e-06,1.0,1.0,1.0,1.7775127627672604,1.3332339490004221,2.8552136282404255,0.404329211344345,0.6358688633235198,1.246401766561327,2.1818419741116055,1.477105945459433,2.867349118881549,45.45666800008621
0,1234,D-SINOS,29,68,48.40096546339237,1.139554330879039,25.61471181341475,21.646697770648334,1.5484502437002715e-06,1.0,1.0,1.0,1.6354602786181038,1.278851155771501,2.6613451513345976,0.4295100600227093,0.6553701702264982,1.2538060412368073,2.0649703386408134,1.4370004657761295,2.6776454174829047,46.097645083093084
0,1234,D-SINOS,30,69,48.40096546339237,1.139554330879039,25.61471181341475,21.646697770648334,1.5484502437002715e-06,1.0,1.0,1.0,1.6354602786181038,1.278851155771501,2.6613451513345976,0.4295100600227093,0.6553701702264982,1.2538060412368073,2.0649703386408134,1.4370004657761295,2.6776454174829047,46.78116462507751
0,1234,D-SINOS,30,70,42.01393596003775,1.1506840657841673,26.052036954402055,14.81121368707529,1.2527762389557739e-06,1.0,1.0,1.0,1.687655187413401,1.2990978359667147,2.744688788089803,0.4245945640673271,0.6516092111590559,1.236066139726958,2.112249751480728,1.4533580947174471,2.756736835422722,47.445067958091386
0,1234,D-SINOS,31,71,42.01393596003775,1.1506840657841673,26.052036954402055,14.81121368707529,1.2527762389557739e-06,1.0,1.0,1.0,1.687655187413401,1.2990978359667147,2.744688788089803,0.4245945640673271,0.6516092111590559,1.236066139726958,2.112249751480728,1.4533580947174471,2.756736835422722,48.09058170800563
0,1234,D-SINOS,31,72,36.099391538135244,1.1398127609674218,22.36360545065984,12.595972607410257,7.190977179428086e-07,1.0,1.0,1.0,1.6106800012721219,1.269125683796574,2.703177851130126,0.41691024387504405,0.6456858708962463,1.2191760587478282,2.0275902451471657,1.423934775594432,2.7150294828840584,48.7519137080526
0,1234,D-SINOS,32,73,36.099391538135244,1.1398127609674218,22.36360545065984,12.595972607410257,7.190977179428086e-07,1.0,1.0,1.0,1.6106800012721219,1.269125683796574,2.703177851130126,0.41691024387504405,0.6456858708962463,1.2191760587478282,2.0275902451471657,1.423934775594432,2.7150294828840584,49.38583362509962
0,1234,D-SINOS,32,74,30.45000191223308,1.1003759471471768,19.74341473510882,9.606210930032173,2.9994490956215585e-07,1.0,1.0,1.0,1.4968920964112395,1.2234754171667037,2.6444266340428504,0.40921318558551334,0.6396977298580271,1.2075407305554102,1.906105281996753,1.3806177175441263,2.657444065849653,50.03257929207757
0,1234,D-SINOS,33,75,30.45000191223308,1.1003759471471768,19.74341473510882,9.606210930032173,2.9994490956215585e-07,1.0,1.0,1.0,1.4968920964112395,1.2234754171667037,2.6444266340428504,0.40921318558551334,0.6396977298580271,1.2075407305554102,1.906105281996753,1.3806177175441263,2.657444065849653,50.65593054203782
0,1234,D-SINOS,33,76,28.662532852829855,1.0962382946617342,16.296962644827808,11.269331783321677,1.300186356519129e-07,1.0,1.0,1.0,1.487954739038671,1.2198175023497044,2.630799813806921,0.40942713347030313,0.6398649337714195,1.1976108246336086,1.897381872508974,1.3774548531654218,2.643512656957978,51.313662375090644
0,1234,D-SINOS,34,77,28.662532852829855,1.0962382946617342,16.296962644827808,11.269331783321677,1.300186356519129e-07,1.0,1.0,1.0,1.487954739038671,1.2198175023497044,2.630799813806921,0.40942713347030313,0.6398649337714195,1.1976108246336086,1.897381872508974,1.3774548531654218,2.643512656957978,51.96343158301897
0,1234,D-SINOS,34,78,26.613532815959328,1.056908432090748,14.891087366043154,10.665536951935447,6.588997728234994e-08,1.0,1.0,1.0,1.4214122876243986,1.192229964236933,2.5459093570616784,0.41843332304411535,0.6468642230361139,1.2120015078253683,1.8398456106685142,1.356409086768632,2.5621337749449964,52.6317867920734
0,1234,D-SINOS,35,79,26.613532815959328,1.056908432090748,14.891087366043154,10.665536951935447,6.588997728234994e-08,1.0,1.0,1.0,1.4214122876243986,1.192229964236933,2.5459093570616784,0.41843332304411535,0.6468642230361139,1.2120015078253683,1.8398456106685142,1.356409086768632,2.5621337749449964,53.27890716702677
0,1234,D-SINOS,35,80,24.169498563966698,1.0332890148892584,14.54770766016339,8.588501885157982,3.7560720434770825e-09,1.0,1.0,1.0,1.455485346958582,1.2064349741940434,2.541737944768894,0.43371656640920747,0.6585716106918119,1.2247430185083774,1.8892019133677895,1.3744824165364173,2.558638057429101,53.91834950004704
0,1234,D-SINOS,36,81,24.169498563966698,1.0332890148892584,14.54770766016339,8.588501885157982,3.7560720434770825e-09,1.0,1.0,1.0,1.455485346958582,1.2064349741940434,2.541737944768894,0.43371656640920747,0.6585716106918119,1.2247430185083774,1.8892019133677895,1.3744824165364173,2.558638057429101,54.60694625007454
0,1234,D-SINOS,36,82,19.196008281775327,1.0466424067534525,11.434245245546892,6.715120581900173,4.757480832174209e-08,1.0,1.0,1.0,1.6138896215636187,1.2703895550434987,2.5539921593193786,0.4717343869510918,0.6868292269196847,1.252859322077069,2.085624008514711,1.4441689681317456,2.5623453192396974,55.25989000010304
0,1234,D-SINOS,37,83,19.196008281775327,1.0466424067534525,11.434245245546892,6.715120581900173,4.757480832174209e-08,1.0,1.0,1.0,1.6138896215636187,1.2703895550434987,2.5539921593193786,0.4717343869510918,0.6868292269196847,1.252859322077069,2.085624008514711,1.4441689681317456,2.5623453192396974,55.92585541703738
0,1234,D-SINOS,37,84,15.821565196037527,1.0713820414854476,8.709953296696462,6.040229636422722,2.2143289771265423e-07,1.0,1.0,1.0,1.7801390152740848,1.3342185035720666,2.5610826917833496,0.5142058269898291,0.7170814646815444,1.2814471553897635,2.2943448422639134,1.5147094910456966,2.5626860214118077,56.56487337499857
0,1234,D-SINOS,38,85,15.821565196037527,1.0713820414854476,8.709953296696462,6.040229636422722,2.2143289771265423e-07,1.0,1.0,1.0,1.7801390152740848,1.3342185035720666,2.5610826917833496,0.5142058269898291,0.7170814646815444,1.2814471553897635,2.2943448422639134,1.5147094910456966,2.5626860214118077,57.23369166709017
0,1234,D-SINOS,38,86,13.935207915876019,1.0953634065526159,6.171430393857762,6.668413299820482,8.156451581721168e-07,1.0,1.0,1.0,1.9006541835470703,1.3786421521000547,2.5374113514867234,0.5326948003156733,0.7298594387384966,1.2930661131917438,2.4333489838627433,1.5599195440351221,2.6116182667953742,57.945427583064884
0,1234,D-SINOS,39,87,13.935207915876019,1.0953634065526159,6.171430393857762,6.668413299820482,8.156451581721168e-07,1.0,1.0,1.0,1.9006541835470703,1.3786421521000547,2.5374113514867234,0.5326948003156733,0.7298594387384966,1.2930661131917438,2.4333489838627433,1.5599195440351221,2.6116182667953742,58.642605750006624
0,1234,D-SINOS,39,88,12.586882102093547,1.1117954960809822,5.04661501234653,6.428471166056729,4.2760930439689223e-07,1.0,1.0,1.0,1.9487819766085688,1.3959878139183626,2.54345101769331,0.5421647611831087,0.7363183830267371,1.295461067445926,2.4909467377916776,1.5782733406453007,2.6590658064567276,59.304970708093606
0,1234,D-SINOS,40,89,12.586882102093547,1.1117954960809822,5.04661501234653,6.428471166056729,4.2760930439689223e-07,1.0,1.0,1.0,1.9487819766085688,1.3959878139183626,2.54345101769331,0.5421647611831087,0.7363183830267371,1.295461067445926,2.4909467377916776,1.5782733406453007,2.6590658064567276,59.96434354200028
0,1234,D-SINOS,40,90,11.588353880470239,1.1128320817752464,4.439614516775589,6.035906580874322,7.010450811629338e-07,1.0,1.0,1.0,1.96603132706176,1.4021523908126963,2.552569903391196,0.5393064682867375,0.7343748826633012,1.292126782984376,2.505337795348497,1.5828258891452645,2.6935789001947317,60.62068804202136
0,1234,D-SINOS,41,91,11.588353880470239,1.1128320817752464,4.439614516775589,6.035906580874322,7.010450811629338e-07,1.0,1.0,1.0,1.96603132706176,1.4021523908126963,2.552569903391196,0.5393064682867375,0.7343748826633012,1.292126782984376,2.505337795348497,1.5828258891452645,2.6935789001947317,61.2764682500856
0,1234,D-SINOS,41,92,9.551839402931739,1.0817278460684765,3.324624089864793,5.14548602407262,1.4429258476095696e-06,1.0,1.0,1.0,1.8804863713790556,1.3713082700031585,2.539321047059842,0.5276671103978419,0.726406986749055,1.282477005191501,2.4081534817768975,1.5518226321899347,2.707912738773221,61.932434042100795
0,1234,D-SINOS,42,93,9.551839402931739,1.0817278460684765,3.324624089864793,5.14548602407262,1.4429258476095696e-06,1.0,1.0,1.0,1.8804863713790556,1.3713082700031585,2.539321047059842,0.5276671103978419,0.726406986749055,1.282477005191501,2.4081534817768975,1.5518226321899347,2.707912738773221,62.590302083059214
0,1234,D-SINOS,42,94,8.365051450720237,1.1286687786687173,3.0336151933849846,4.202765785655597,1.6930109389755746e-06,1.0,1.0,1.0,1.9790058303275389,1.4067714207814783,2.637387650373814,0.5328900580657048,0.7299931904242016,1.2814049957531186,2.511895888393243,1.5848961759034068,2.791896085830958,63.270168625051156
0,1234,D-SINOS,43,95,8.365051450720237,1.1286687786687173,3.0336151933849846,4.202765785655597,1.6930109389755746e-06,1.0,1.0,1.0,1.9790058303275389,1.4067714207814783,2.637387650373814,0.5328900580657048,0.7299931904242016,1.2814049957531186,2.511895888393243,1.5848961759034068,2.791896085830958,63.91693079203833
0,1234,D-SINOS,43,96,7.590085889982974,1.1489788085478316,2.7670589498033706,3.6740455532104086,2.578421362511291e-06,1.0,1.0,1.0,2.0167555009096687,1.4201251708598326,2.6648727787250044,0.5343931580757485,0.7310219956169229,1.2790569364474718,2.551148658985417,1.5972315608531584,2.8088352068663283,64.57500608300325
0,1234,D-SINOS,44,97,7.590085889982974,1.1489788085478316,2.7670589498033706,3.6740455532104086,2.578421362511291e-06,1.0,1.0,1.0,2.0167555009096687,1.4201251708598326,2.6648727787250044,0.5343931580757485,0.7310219956169229,1.2790569364474718,2.551148658985417,1.5972315608531584,2.8088352068663283,65.21121820807457
0,1234,D-SINOS,44,98,7.188228730108756,1.1747734668122891,2.6229990510453582,3.3904527585844835,3.453666625751722e-06,1.0,1.0,1.0,2.1167495267425767,1.4549053325706716,2.697898415582809,0.5461338309977708,0.7390086812736173,1.284835450787729,2.6628833577403475,1.6318343536463336,2.8554994631826798,65.88040995807387
0,1234,D-SINOS,45,99,7.188228730108756,1.1747734668122891,2.6229990510453582,3.3904527585844835,3.453666625751722e-06,1.0,1.0,1.0,2.1167495267425767,1.4549053325706716,2.697898415582809,0.5461338309977708,0.7390086812736173,1.284835450787729,2.6628833577403475,1.6318343536463336,2.8554994631826798,66.52322979201563
0,1234,D-SINOS,45,100,6.875952480673278,1.169639061215226,2.6002856239984613,3.10602522377291,2.571686681381264e-06,1.0,1.0,1.0,2.1122885231387594,1.4533714333021546,2.6924798913244095,0.5495514107720584,0.7413173482200848,1.285677226091359,2.6618399339108176,1.6315146134530385,2.847128402867785,67.17763170809485
0,1234,D-SINOS,50,110,4.669675967786009,0.8710069420239617,1.902604228085562,1.896058198339991,6.59933649496817e-06,1.0,1.0,1.0,1.6495414697800341,1.2843447628187823,2.366606823456791,0.5415309534601163,0.7358878674500051,1.309030052602711,2.1910724232401497,1.4802271525817075,2.5289865579644406,73.34375562507194
0,1234,D-SINOS,55,120,3.6603779836873076,0.8328599469268789,1.752549550778466,1.0749600101469783,8.475834984561275e-06,1.0,1.0,1.0,1.5040635179190325,1.2264026736431362,2.306819962796418,0.5072575813713799,0.7122201775935444,1.3260389791417175,2.0113210992904125,1.4182105271398928,2.364810049294291,80.33098362502642
0,1234,D-SINOS,60,130,3.038816909486301,0.82355572929414,1.5439938157563398,0.6712540123010472,1.335213477421e-05,1.0,1.0,1.0,1.4983811479326228,1.2240837993914562,2.3080127559089285,0.47124004566840466,0.6864692605415079,1.3586477782596686,1.9696211936010275,1.4034319340819588,2.406727250073877,90.30492145800963
0,1234,D-SINOS,65,140,2.6467018024791833,0.8789413173554478,1.1934416148472042,0.5743029997523674,1.5870524163723136e-05,1.0,1.0,1.0,1.6190451598245863,1.2724170542021929,2.4221350286548815,0.45735457660377055,0.6762799543116523,1.360516492520399,2.076399736428357,1.4409718027873957,2.5085702072663953,96.86554437503219
0,1234,D-SINOS,70,150,1.9917298356783697,0.8644367602278128,0.7556531126081781,0.37161530844940294,2.4654392975729477e-05,1.0,1.0,1.0,1.5471313213318887,1.2438373371674805,2.4117759677090223,0.39611336836642747,0.6293753795362729,1.3099090543830294,1.9432446896983162,1.3940031168180063,2.4388903910367468,102.98819629207719
0,1234,D-SINOS,75,160,1.8345780550374253,0.8637338574085578,0.6094875004624297,0.361331983970973,2.4713195464612952e-05,1.0,1.0,1.0,1.5240265077378812,1.2345146851041835,2.451042139218075,0.3647789927789936,0.6039693641063208,1.288039609696782,1.8888055005168747,1.3743382045613353,2.4763585904052117,108.97816950001288
0,1234,D-SINOS,80,170,1.6863283993909315,0.8441090434746309,0.49760459033379756,0.3445526073319224,6.215825058093514e-05,1.0,1.0,1.0,1.5052039725700996,1.2268675448352604,2.4190693898696214,0.33104150762127443,0.5753620665470347,1.2577882287106252,1.836245480191374,1.3550813555618622,2.437664824336564,115.02897091698833
0,1234,D-SINOS,85,180,1.2691554058519368,0.7588210481077335,0.24671533472992258,0.2634831740536556,0.00013584896062506776,1.0,1.0,1.0,1.4016628359702037,1.1839184245420813,2.3454952282519606,0.22865307517632594,0.4781768241731566,1.1585813186563425,1.6303159111465297,1.2768382478397684,2.345562159233072,121.20283891703002
0,1234,D-SINOS,90,190,1.1981290242070521,0.7338334903182382,0.17527150489863025,0.2889238589058487,0.0001001700843351155,1.0,1.0,1.0,1.3704084189279782,1.1706444459903178,2.327664255764742,0.20080100740447937,0.4481082541133106,1.122746195709389,1.5712094263324572,1.2534789293532052,2.3276858991519336,127.23241037502885
0,1234,D-SINOS,95,200,1.0973969099480143,0.6682948549774143,0.158610525364825,0.2704091235004915,8.24061052836441e-05,1.0,1.0,1.0,1.294272272071276,1.1376608774460322,2.2372471171762256,0.19390584112262207,0.44034740957864404,1.1182196801751532,1.4881781131938978,1.2199090593949606,2.237487001401336,133.28138850000687
0,1234,D-SINOS,100,210,1.0032617827979422,0.5802261651639173,0.1954863285263143,0.22741614962733378,0.00013313948037672763,1.0,1.0,1.0,1.162574244926491,1.0782273623528995,2.1284377706327255,0.1749927065471449,0.41832129583269473,1.0920292022637026,1.3375669514736361,1.156532295906014,2.128438962195154,139.32768320804462
0,1234,D-SINOS,105,220,0.9222002558557807,0.5514023284243798,0.169629106534523,0.2011247856062211,4.403529065674741e-05,1.0,1.0,1.0,1.0936713944662095,1.0457874518592243,2.056949131513787,0.1756490731898753,0.41910508609401925,1.105244595900705,1.2693204676560847,1.1266412328936326,2.0569518245115956,145.55995979206637
0,1234,D-SINOS,110,230,0.7934456160768129,0.4913850343369006,0.1607454520806555,0.1412755255533594,3.960410589733499e-05,1.0,1.0,1.0,0.9539473537109552,0.9767022850955941,1.968351236344189,0.16625390252528993,0.4077424463129758,1.0890340679266541,1.1202012562362451,1.058395604788798,1.9689819500715038,151.58822308306117
0,1234,D-SINOS,115,240,0.7193235569088231,0.43330780419767617,0.1598456637982607,0.1261089515463852,6.11373665009833e-05,1.0,1.0,1.0,0.8249583400600083,0.9082721728975343,1.8626522968304249,0.16628565168501097,0.4077813773151135,1.0810266518481044,0.9912439917450195,0.9956123702249885,1.8643964902064423,157.72313587507233
0,1234,D-SINOS,120,250,0.6603078627981029,0.3579899390162326,0.18604864214897665,0.1162238253389882,4.545629390544994e-05,1.0,1.0,1.0,0.6719825457293228,0.8197454151926211,1.720489526468856,0.17252656286050952,0.4153631698411759,1.0696032327765521,0.8445091085898323,0.9189717670254252,1.7239151621466862,163.82799391704611
0,1234,D-SINOS,125,260,0.6151082070918406,0.3312625888155287,0.16820194800599308,0.11559238597572394,5.128429459482238e-05,1.0,1.0,1.0,0.6112093713222698,0.7817988048866984,1.6333162758130646,0.1768205376500365,0.42050034203319797,1.062713935617417,0.7880299089723064,0.8877104871366038,1.6394466593473143,169.92149904207326
0,1234,D-SINOS,130,270,0.5852930242520377,0.3156451174310002,0.15182984394296967,0.11777223219834017,4.58306797276105e-05,1.0,1.0,1.0,0.5800623786123896,0.761618263050716,1.5962916467286723,0.18043881442031143,0.42478090166615473,1.0592286254693455,0.760501193032701,0.8720671952508597,1.6011037567951292,176.06920304207597
0,1234,D-SINOS,135,280,0.5417957559364859,0.3071973946420322,0.12428164903614633,0.11029481739508562,2.189486322163584e-05,1.0,1.0,1.0,0.5638786136353819,0.7509185133124512,1.5572831197732389,0.17977170989703134,0.4239949408861282,1.0545651061486887,0.7436503235324132,0.8623516240678237,1.562327159560926,182.13260133308358
0,1234,D-SINOS,140,290,0.46826609381565487,0.25601413061575606,0.10379830735122385,0.10845364896455359,6.884121405910047e-09,1.0,1.0,1.0,0.49108187338005754,0.7007723406214443,1.4295918350356547,0.1825802788560207,0.4272941362293902,1.0413344457246452,0.6736621522360783,0.8207692442069685,1.4308506721710432,188.0561032081023
0,1234,D-SINOS,145,300,0.44347986177855486,0.22707304071786105,0.10531308064923109,0.11109094134906605,2.799062396704847e-06,1.0,1.0,1.0,0.43628324215619196,0.660517404885134,1.344034192562577,0.18775393636620832,0.4333058231390484,1.020845906919484,0.6240371785224003,0.7899602385705247,1.3451451609966998,193.9998890000861
0,1234,D-SINOS,150,310,0.4125907470990377,0.20617939127906496,0.09706378764609948,0.10933920865214901,8.359521724225609e-06,1.0,1.0,1.0,0.40508097113180846,0.6364597168178112,1.2842353695855966,0.18048674364417888,0.42483731432653005,1.0039673577002546,0.5855677147759872,0.7652239638014398,1.284407054141255,200.08191750000697
0,1234,D-SINOS,155,320,0.3853262433584935,0.20539961486002886,0.08727020040465089,0.09265301903480792,3.4090590058929086e-06,1.0,1.0,1.0,0.3974989166715304,0.6304751515099786,1.273263962619477,0.17848060124829226,0.42246964535726383,1.0029807770228394,0.5759795179198226,0.7589331445653317,1.2733512744447029,206.0688552079955
0,1234,D-SINOS,160,330,0.3662435306717689,0.1917305141559451,0.10057311513630182,0.07393753777402387,2.363605498057564e-06,1.0,1.0,1.0,0.35287159806332713,0.5940299639440144,1.2069575698093151,0.17926048783189322,0.42339164827839154,0.9939342183903337,0.5321320858952203,0.7294738418169773,1.2124360494650717,212.22027929208707
0,1234,D-SINOS,165,340,0.3449924105649847,0.16925373527973162,0.10427557984450717,0.07145453130826188,8.564132484039404e-06,1.0,1.0,1.0,0.30391538555621633,0.5512852125317859,1.1063930788042626,0.17778322321523807,0.4216434788007969,0.9866709259095767,0.4816986087714543,0.6940451057182482,1.1132145762187835,218.5103867080761
0,1234,D-SINOS,170,350,0.32308600494433815,0.15752887951193678,0.08429035563586026,0.08125609150959842,1.0678286942670071e-05,1.0,1.0,1.0,0.2755574798282506,0.524935691135829,1.0627285310298007,0.1738255991246527,0.41692397283515936,0.9655946337096026,0.44938307895290325,0.6703604097445666,1.070393639731706,225.2495404999936
0,1234,D-SINOS,175,360,0.2800765576058457,0.1389591535939247,0.07389027767132726,0.06721383257599234,1.3293764601402174e-05,1.0,1.0,1.0,0.23194687864434124,0.48160863638886425,0.9899635708833769,0.16815105271295036,0.4100622546796405,0.9339942446451823,0.4000979313572916,0.6325329488313566,1.0175131082719644,231.94642783305608
0,1234,D-SINOS,180,370,0.2546315857975692,0.1330321077094092,0.06400709774353477,0.05758789760332039,4.482741304873581e-06,1.0,1.0,1.0,0.2088168784076118,0.45696485467441783,0.9468449090060076,0.16867106285750272,0.41069582766020735,0.9283123025640468,0.37748794126511453,0.6144004730345791,0.9883025857044919,238.0940413750941
0,1234,D-SINOS,185,380,0.23449243233352976,0.1154570707999174,0.06896808593963638,0.050057172121660345,1.0103472315645841e-05,1.0,1.0,1.0,0.15693122914813035,0.39614546463152944,0.8272471585346316,0.1658606893121429,0.40725997754768745,0.9196704627849313,0.3227919184602733,0.5681477963173608,0.926762617224273,244.15079816710204
0,1234,D-SINOS,190,390,0.2251219974405323,0.10729689230967053,0.06719162935032288,0.0506223092109159,1.1166569623005568e-05,1.0,1.0,1.0,0.13319725562301582,0.36496199202521873,0.7725676993054429,0.165893327241244,0.40730004571721323,0.9127416167745728,0.2990905828642599,0.5468917469337601,0.9181623657753101,250.22656533308327
0,1234,D-SINOS,195,400,0.20610399812411526,0.09638207603841954,0.05892979126310845,0.05077272907893833,1.940174364893269e-05,1.0,1.0,1.0,0.09457485129612671,0.3075302445225944,0.6561848394262524,0.1656180036005324,0.40696191910365814,0.8961431621630982,0.2601928548966591,0.5100910260891277,0.901184363549453,256.16889004199766
0,1234,D-SINOS,200,410,0.19629716009603693,0.08832699865917305,0.05884606663437299,0.04910584459919178,1.82502032990943e-05,1.0,1.0,1.0,0.07565691234834435,0.27505801633172655,0.5790975327091369,0.16341018211309677,0.4042402529599159,0.8856930148494179,0.2390670944614411,0.48894487875571524,0.8899805364716828,262.19183875003364
0,1234,D-SINOS,205,420,0.1848705507430857,0.08977528064544199,0.056002385486195516,0.039076952045022026,1.5932566426154694e-05,1.0,1.0,1.0,0.08092030824424287,0.2844649508186252,0.6035788700122228,0.15831740882593898,0.3978912022474724,0.8871636513143067,0.23923771707018182,0.489119328048056,0.8922240661652907,268.18363737501204
0,1234,D-SINOS,210,430,0.17333960448234514,0.08340553830930496,0.05583552857384076,0.03408539424324216,1.3143355957262854e-05,1.0,1.0,1.0,0.06785322293331647,0.2604865119988297,0.5452352625874334,0.15473154909774375,0.3933593129668392,0.8735693102574609,0.22258477203106025,0.4717889062187243,0.8793135609795704,274.1466041250387
0,1234,D-SINOS,215,440,0.16685074373841516,0.08329582604752568,0.05461555934944285,0.028931516073127835,7.842268318800427e-06,1.0,1.0,1.0,0.0715938778047344,0.26757032310167433,0.5534423236091744,0.15327515529952257,0.3915037104543488,0.8703640231461178,0.22486903310425696,0.4742035777008193,0.8763237860903611,280.1406630000565
0,1234,D-SINOS,220,450,0.16117320578055386,0.08031093088490342,0.05481637275842746,0.02603902086694787,6.8812702751150935e-06,1.0,1.0,1.0,0.06259611744873768,0.2501921610457404,0.5104033317391451,0.15247296259673324,0.390477864413251,0.8657467103912292,0.2150690800454709,0.4637554097209766,0.8707591379160146,286.3115745000541
0,1234,D-SINOS,224,460,0.14372733233892276,0.07026171065503212,0.04639862496721258,0.027066825783067114,1.7093361093478988e-07,1.0,1.0,1.0,0.03811456389509195,0.19522951594236962,0.4184239287016861,0.1492438363727981,0.38632089818284243,0.8275171570318378,0.18735840026789002,0.4328491657239159,0.8333806697084422,292.4515081670834
0,1234,D-SINOS,229,470,0.1296593713659472,0.06782193518114474,0.0377148793846523,0.02411274456559878,9.812234551405813e-06,1.0,1.0,1.0,0.0323655901699254,0.1799043917471872,0.39022015797866544,0.14805593442594847,0.38478037167447676,0.8096605549194533,0.18042152459587385,0.4247605497169833,0.8180011678960016,298.37864366709255
0,1234,D-SINOS,234,480,0.12536738621719482,0.06718592073457824,0.03582906071504225,0.022342914180030492,9.490587543835918e-06,1.0,1.0,1.0,0.032089352391898765,0.17913501163060996,0.39023625900504266,0.14725093839570522,0.3837328998088452,0.8019657079488637,0.179340290787604,0.42348588026946543,0.8112250879547657,304.443378917058
0,1234,D-SINOS,239,490,0.11825169848498107,0.06583653671421605,0.0351127501094671,0.017302397377763123,1.4283534805066425e-08,1.0,1.0,1.0,0.023445590233936026,0.15311952923757316,0.34894687856111956,0.14484862258818362,0.38058983510885264,0.785689017642026,0.16829421282211965,0.41023677653535606,0.795382409744576,310.4439512920799
0,1234,D-SINOS,244,500,0.11551854480618133,0.06544828004851687,0.03264387664290893,0.017426070993187902,3.171215676280881e-07,1.0,1.0,1.0,0.02470552585667658,0.15717991556390587,0.34962295454231884,0.1436360964563444,0.3789935308898351,0.7816500784252475,0.168341622313021,0.41029455554884103,0.7906267556500822,316.5049214171013
0,1234,D-SINOS,249,510,0.11234368573040888,0.06504227223166846,0.03151819483534758,0.01578316796580442,5.0697588415234016e-08,1.0,1.0,1.0,0.025299723654684594,0.1590588685194403,0.34391823051452375,0.14226217158662816,0.37717657878854055,0.7773485577902586,0.16756189524131274,0.4093432486817301,0.7851486033703388,322.5844936670037
0,1234,D-SINOS,254,520,0.10820308700358632,0.06272812017725247,0.029479118426695854,0.015994595527453304,1.2528721846808235e-06,1.0,1.0,1.0,0.019486165799062278,0.13959285726376647,0.30993963657472956,0.1400320481622267,0.37420856238497097,0.7644242842158371,0.159518213961289,0.3993973134127081,0.7696231344885514,328.6255200000014
0,1234,D-SINOS,259,530,0.10529518170241867,0.06205543663926783,0.02941735835543468,0.013818628840137508,3.757867578640257e-06,1.0,1.0,1.0,0.017344060354990858,0.13169685020907243,0.30338157777237,0.13952802875659193,0.3735345081201895,0.7581957419223769,0.1568720891115828,0.39607081325387106,0.7626987388585288,334.66684887500014
0,1234,D-SINOS,264,540,0.10333921653546506,0.06122742926943814,0.028419669898896816,0.013688013441118661,4.10392601145952e-06,1.0,1.0,1.0,0.014784129625363527,0.12159000627256965,0.2765639528864043,0.13831148413179,0.37190251966313703,0.7478595078262933,0.15309561375715358,0.39127434589703625,0.7514680848752104,340.8465728330193
0,1234,D-SINOS,269,550,0.10072222291538452,0.06011574660087901,0.027601897976806122,0.012998329815729716,6.248521969679189e-06,1.0,1.0,1.0,0.014174005362187036,0.11905463183844228,0.2690669718632186,0.13721764578736678,0.370429002357222,0.7390858055510856,0.15139165114955383,0.38909080064883805,0.7431898871358683,347.0202977920417
0,1234,D-SINOS,274,560,0.09762037976791878,0.05920369577104586,0.026829353860176652,0.011586649371198535,6.807654977290615e-07,1.0,1.0,1.0,0.011172422269270826,0.1056996796081749,0.23845911267017034,0.13612321086854734,0.36894879166159,0.7289556906520032,0.14729563313781815,0.3837911321771494,0.7320785827518863,353.26342266704887
0,1234,D-SINOS,279,570,0.09457367453496379,0.058416784738852486,0.025839115089083178,0.01031773504088214,3.96661459969808e-08,1.0,1.0,1.0,0.009241163319897598,0.0961309696190442,0.21900269496151534,0.13533595029087267,0.36788034779106193,0.7211018010341956,0.14457711361077027,0.38023297280847473,0.7239312121267001,360.9178526670439
0,1234,D-SINOS,283,580,0.09272795782484063,0.05783419702264154,0.026004537738424927,0.008888864134429405,3.589293447571457e-07,1.0,1.0,1.0,0.007175720343823754,0.08470962367891711,0.200155300962285,0.13479451430136755,0.3671437243115665,0.7135500090685992,0.14197023464519132,0.37678937703336507,0.7160103245983781,368.55622670799494
0,1234,D-SINOS,288,590,0.09023237122736742,0.057190955972767896,0.025381302853211146,0.007656313102557367,3.7992988310131484e-06,1.0,1.0,1.0,0.006451537263386255,0.08032146203466577,0.21695235109206867,0.1338728687560194,0.3658864151017627,0.7029009929850532,0.14032440601940566,0.37459899361771604,0.7051905766919623,374.7718197919894
0,1234,D-SINOS,293,600,0.08874638259336881,0.0569826806952182,0.022381380940565174,0.009369394954663927,1.292600292148752e-05,1.0,1.0,1.0,0.006254827523763934,0.07908746755184373,0.19657922564429944,0.13153946317941304,0.36268369577279463,0.6831449171665875,0.13779429070317695,0.3712065337560439,0.6833107201982385,380.7245455000084
0,1234,D-SINOS,298,610,0.0848101244099275,0.05647223834562537,0.021781545923829707,0.0065432892171051,1.305092336731248e-05,1.0,1.0,1.0,0.006145578633215576,0.0783937410334242,0.1908893323440566,0.13168162236366257,0.36287962517019684,0.6903491871432074,0.13782720099687815,0.3712508599274595,0.6903655140923844,386.72008362505585
0,1234,D-SINOS,303,620,0.08301907262070793,0.05664993920847658,0.01979195020344678,0.006563749437839305,1.3433770945274003e-05,1.0,1.0,1.0,0.006911891435911728,0.08313778584922579,0.19789937253183817,0.1316572520499614,0.36284604455603675,0.7022716953984978,0.13856914348587313,0.3722487655934847,0.7022819372492333,392.7945727080805
0,1234,D-SINOS,308,630,0.08083734850529477,0.05652595837295166,0.017541708525953176,0.006756818475911331,1.2863130478597885e-05,1.0,1.0,1.0,0.0065776631833545625,0.08110279393063202,0.19266414271049503,0.1317038389949091,0.36291023545073664,0.7246004424605668,0.13828150217826368,0.37186220859111735,0.7246199125044855,398.7226990000345
0,1234,D-SINOS,313,640,0.07876723572822734,0.05610996940804768,0.015698585168652315,0.006949500059022272,9.181092505077643e-06,1.0,1.0,1.0,0.006145912632400093,0.07839587127138835,0.18869078356677285,0.13221405415138995,0.3636125054936779,0.7490289192851238,0.13835996678379,0.37196769588741174,0.7490362944581594,404.7510546250269
0,1234,D-SINOS,317,650,0.07706703327895992,0.05593014373716343,0.014570395697679272,0.006553269692970796,1.3224151146423525e-05,1.0,1.0,1.0,0.0063461758749219725,0.07966288894411232,0.19158700425099695,0.13273049864593328,0.36432197112709697,0.7583057765793357,0.13907667452085526,0.37292985201087786,0.7583103768640828,410.8504710000707
0,1234,D-SINOS,322,660,0.07400169453066778,0.05542005539876521,0.012830338865069785,0.0057419731729740475,9.327093858723767e-06,1.0,1.0,1.0,0.005618736063745852,0.07495822879274731,0.17744693006196413,0.1353452358894374,0.36789296798041327,0.7964889083522528,0.14096397195318328,0.37545169057174754,0.7965043213266324,416.89879379200283
0,1234,D-SINOS,327,670,0.07215787554451879,0.05510807887330777,0.012147025736692981,0.004897985535930448,4.785398587583625e-06,1.0,1.0,1.0,0.005513541673548036,0.07425322668778803,0.19322886818713644,0.13658750174519665,0.3695774637950705,0.809286782618359,0.1421010434187447,0.3769629204825651,0.8092947520935105,422.86774995806627
0,1234,D-SINOS,332,680,0.07120489696226222,0.055233973067966735,0.011535531995846915,0.004432002334625654,3.389563822912689e-06,1.0,1.0,1.0,0.005448515345093589,0.07381405926443545,0.18754340595949398,0.13790076788724911,0.37134992646727305,0.8200254456768925,0.1433492832323427,0.37861495378859866,0.8200302860677429,428.8336167919915
0,1234,D-SINOS,337,690,0.06897084569367402,0.05490600814915854,0.010026834494654288,0.0040379815157485805,2.1534112612199795e-08,1.0,1.0,1.0,0.00548239036644623,0.0740431655620303,0.19070331077644953,0.1393195895815479,0.37325539457795903,0.8328523892896609,0.1448019799479941,0.380528553393821,0.8328615729997283,434.71218016708735
0,1234,D-SINOS,342,700,0.06789727930143505,0.05444697582083234,0.009754536605548411,0.003693165550284038,2.601324770251133e-06,1.0,1.0,1.0,0.005685836812456075,0.07540448801269109,0.20529185211500062,0.1398778173119819,0.37400242955358176,0.8416951007443538,0.14556365412443795,0.38152805155641956,0.8416962874315747,440.7638840000145
0,1234,D-SINOS,347,710,0.06705702987340297,0.054028506016850046,0.00929120266339321,0.0037348954606696025,2.425732490108832e-06,1.0,1.0,1.0,0.005349078755520461,0.07313739642290024,0.2005326492896196,0.1396273704451606,0.37366745970871024,0.8418951849041931,0.14497644920068106,0.38075773032294574,0.8419025865653021,446.77735666709486
0,1234,D-SINOS,352,720,0.06634192643590225,0.05395300784411837,0.008739801582552227,0.0036479422474950157,1.174761736641998e-06,1.0,1.0,1.0,0.005184592697814815,0.07200411583940751,0.18863146700566427,0.1408528154308447,0.37530363098542585,0.8507297247090769,0.14603740812865953,0.3821484111293144,0.8507361099062589,452.78018720808905
0,1234,D-SINOS,357,730,0.06566389157392241,0.053777020954681516,0.008210220800009636,0.0036763109486769754,3.3887055428196754e-07,1.0,1.0,1.0,0.005005692963996913,0.07075092200103765,0.17518034573150026,0.1414896245589384,0.37615106614090354,0.8566745803744557,0.14649531752293532,0.38274706729501573,0.8566800244403937,458.80609341699164
0,1234,D-SINOS,362,740,0.06502423738262704,0.05361255723861885,0.008046399234650916,0.00336497258110157,3.083282557086204e-07,1.0,1.0,1.0,0.004857484844761049,0.06969565872248464,0.1694350680096761,0.141269067388936,0.3758577754802154,0.8547406467317674,0.14612655223369705,0.3822650287872238,0.8547436774693541,464.65035566699225
0,1234,D-SINOS,367,750,0.06427666224197263,0.0533681342234028,0.007849128090070491,0.0030559168497676396,3.4830787317031735e-06,1.0,1.0,1.0,0.0048524946107902965,0.06965984934515934,0.1743526681774661,0.14179389777658324,0.3765553050702954,0.8607778548692502,0.1466463923873735,0.38294437244510265,0.860778943799691,470.6017770830076
0,1234,D-SINOS,372,760,0.06352494030809867,0.05308028465955379,0.007739176689384398,0.0026981353614563093,7.3435977041723776e-06,1.0,1.0,1.0,0.004921071236752965,0.07015034737442834,0.18342742100673629,0.14115552783114854,0.3757067045331352,0.858250830191054,0.14607659906790152,0.3821996848087417,0.8582550692170909,476.75570645800326
0,1234,D-SINOS,377,770,0.06295322823369719,0.0527836899794297,0.007582036665925209,0.002581037071867312,6.464516474973229e-06,1.0,1.0,1.0,0.004828700119259291,0.06948884888425834,0.180418084631436,0.14227084946271937,0.3771880823444974,0.8657966528848211,0.14709954958197866,0.383535591023804,0.8658036623542054,482.8150466250954
0,1234,D-SINOS,382,780,0.062124767182787574,0.05231108034869503,0.007592415391672227,0.0022144787545144004,6.7926879059193025e-06,1.0,1.0,1.0,0.004717954783134758,0.06868736989530723,0.1862218517412126,0.1427564074528199,0.37783118909483887,0.8700802524531958,0.1474743622359547,0.38402390841711237,0.8700932037346792,488.87757433298975
0,1234,D-SINOS,387,790,0.06146874279661402,0.05183403736721253,0.007477793056971608,0.002154055402513094,2.856969916781491e-06,1.0,1.0,1.0,0.004422702633455168,0.06650340317198188,0.18098010048418756,0.1436233851910233,0.3789767607532463,0.8760032088975062,0.14804608782447848,0.3847675763684857,0.8760165523046176,495.36709425004665
0,1234,D-SINOS,392,800,0.06103984533061,0.05153339028625504,0.007213985775723686,0.0022890650016327155,3.4042669985604115e-06,1.0,1.0,1.0,0.004163298091922614,0.06452362429314254,0.17162588708392446,0.1436083667572656,0.37895694578311345,0.8759843683692445,0.14777166484918822,0.3844108022014837,0.8759953364550684,502.21546908305027
0,1234,D-SINOS,397,810,0.06042602923154133,0.05104443736074083,0.006813308749902913,0.00256570584555027,2.577275347312491e-06,1.0,1.0,1.0,0.004044648934501721,0.06359755446950552,0.17248827113123488,0.14246710424342168,0.3774481477546574,0.8751869175893666,0.14651175317792342,0.38276853734067984,0.875197173904645,509.1725112500135
0,1234,D-SINOS,402,820,0.05948737744682557,0.050480630551130584,0.006428286360929982,0.0025779714381554963,4.890966095027348e-07,1.0,1.0,1.0,0.003807287905854713,0.06170322443644832,0.16103755355256738,0.1384477058017163,0.3720856162252396,0.8606859570589513,0.14225499370757105,0.3771670633917695,0.8606929725700028,515.1127285000402
0,1234,D-SINOS,407,830,0.05867634396803584,0.04986491632999526,0.006239488725508271,0.0025719337383667057,5.174165598262525e-09,1.0,1.0,1.0,0.0036452307242604556,0.060375746159036875,0.1555566346943745,0.13546984094587156,0.36806227862397356,0.8464932828586352,0.13911507167013196,0.37298132884922264,0.8464986396878783,521.0847897080239
0,1234,D-SINOS,412,840,0.058116024616486094,0.049587146343605,0.0063626311166690595,0.00216494419384656,1.3029623654798518e-06,1.0,1.0,1.0,0.0034839968267611934,0.059025391373214914,0.14857194232442986,0.13350349021786118,0.36538129429112975,0.8376489906008295,0.13698748704462238,0.3701182068537326,0.8376546209394696,527.1191739999922
0,1234,D-SINOS,417,850,0.05749280126520237,0.049011002070119665,0.00630610951396929,0.00216948599502216,6.2036860912556575e-06,1.0,1.0,1.0,0.0033538713708461117,0.0579126184077884,0.15148198668588028,0.13252979441352505,0.36404641793804954,0.8363020920867651,0.13588366578437117,0.36862401683066065,0.8363088566303092,533.1660902500153
0,1234,D-SINOS,422,860,0.05725620932519008,0.049020793071515016,0.006176133994488032,0.0020500533849399857,9.228874247043481e-06,1.0,1.0,1.0,0.003374690921247254,0.0580920900058455,0.15118213402706765,0.1318786044445448,0.3631509389283536,0.8348461520998436,0.13525329536579206,0.3677679912197255,0.8348495969445828,539.0843790420331
0,1234,D-SINOS,427,870,0.056883371383470334,0.048846817545655695,0.006009726994214307,0.0020214512012337277,5.375642366608889e-06,1.0,1.0,1.0,0.0035504839268315144,0.05958593732443515,0.1653374209156768,0.1294771200226054,0.3598292928912339,0.8254323803743946,0.13302760394943688,0.36472949421377604,0.8254381070417176,545.1465965420939
0,1234,D-SINOS,432,880,0.05649614191357932,0.04855944910115376,0.0058280138503880655,0.0021052853749747046,3.3935870627999607e-06,1.0,1.0,1.0,0.0033295576000302025,0.05770231884448148,0.15804414493677696,0.12737118790982527,0.3568910028423598,0.8182309589041363,0.1307007455098555,0.36152558071297736,0.8182343845810474,551.1887744580163
0,1234,D-SINOS,437,890,0.05603495011750566,0.04812444467136848,0.00578319512223479,0.002124824602177726,2.4857217246594463e-06,1.0,1.0,1.0,0.0032770194918501235,0.0572452573743024,0.15288178787431075,0.12547638859861873,0.35422646513017453,0.8115079037544286,0.12875340809046887,0.3588222513870466,0.8115148663233183,557.2568167080171
0,1234,D-SINOS,442,900,0.05562233767119346,0.047818363322816644,0.005762771606372859,0.002039514464507068,1.6882774968863155e-06,1.0,1.0,1.0,0.0032286692583091436,0.056821380292185295,0.15069888944229784,0.12369480848158608,0.3517027274298368,0.8047504813629733,0.1269234777398952,0.3562632141267117,0.8047592977901764,563.3557263331022
0,1234,D-SINOS,447,910,0.05527362493913597,0.047621823464553695,0.00566518464829719,0.0019859081125992157,7.087136858687702e-07,1.0,1.0,1.0,0.0031691793776051132,0.05629546498258197,0.15093227877948506,0.12243414235750703,0.3499059050051985,0.7991967370096285,0.12560332173511216,0.3544055893113315,0.7991981818386825,569.4062089580111
0,1234,D-SINOS,451,920,0.05476469306302705,0.04747340595537282,0.005493191591318104,0.0017980653651141654,3.0151221965688324e-08,1.0,1.0,1.0,0.0031294363613033043,0.055941365386476795,0.14495392189177533,0.12045571874342025,0.3470673115454987,0.7884877810384545,0.12358515510472354,0.35154680357631407,0.7884918631373536,575.3843478329945
0,1234,D-SINOS,456,930,0.05446173668662271,0.04733433190890953,0.005290665227347169,0.0018349465015232488,1.7930488427542743e-06,1.0,1.0,1.0,0.003050400851388186,0.05523043410465091,0.14118050381591604,0.1195410170065381,0.3457470419346174,0.7826165098582194,0.1225914178579263,0.3501305725838952,0.7826206908168893,581.4181465000147
0,1234,D-SINOS,461,940,0.05410624455420161,0.04680439358407284,0.005428802338745417,0.0018715124225559552,1.5362088274002965e-06,1.0,1.0,1.0,0.003021720844517256,0.05497018141244629,0.14519445202382777,0.1170117971135523,0.34206987168347974,0.7675725398410728,0.12003351795806953,0.3464585371412711,0.7675763990554519,587.5664756250335
0,1234,D-SINOS,466,950,0.05371636852697219,0.0466204527334709,0.005291128345254355,0.0018015665813731294,3.220866873804348e-06,1.0,1.0,1.0,0.0029806040854734313,0.05459490897028249,0.14577893441853573,0.11582085517886546,0.3403246320483803,0.7587675580613222,0.11880145926433888,0.3446758756634106,0.7587703356002431,593.7588221250335
0,1234,D-SINOS,471,960,0.05350183050482733,0.04620546758231592,0.005425732555456472,0.001868345832011625,2.2845350433163406e-06,1.0,1.0,1.0,0.0029636258691854273,0.054439194237106664,0.1462855104653239,0.11398446002803925,0.3376158468260032,0.7448767161890373,0.11694808589722468,0.34197673297641856,0.7448802350211576,598.8558382500196
0,1234,D-SINOS,476,970,0.053291688971819684,0.04618979419561068,0.00534324741805214,0.0017546243107843397,4.023047372525409e-06,1.0,1.0,1.0,0.0029224125782844014,0.05405934311739647,0.1465158046613724,0.11378829874200845,0.337325212135127,0.7409528077282231,0.11671071132029286,0.341629494218946,0.7409557087400017,604.2151313750073
0,1234,D-SINOS,481,980,0.05312638670594675,0.04593348450550581,0.0054385548488903816,0.0017509018681117683,3.445483438791788e-06,1.0,1.0,1.0,0.002956912561049739,0.05437750050388248,0.1469532394643909,0.11314712988305924,0.33637349759316537,0.7358260787830764,0.11610404244410899,0.34074043265234755,0.7358302582805183,608.986570875044
0,1234,D-SINOS,486,990,0.05296415420395574,0.04572854635309774,0.005500629762789521,0.0017304389845752455,4.539103493233197e-06,1.0,1.0,1.0,0.0028546418120228905,0.053428848125548156,0.14778224380129173,0.11270943187282835,0.3357222540625336,0.7352133696786007,0.11556407368485123,0.3399471630781043,0.7352199278964344,612.7509211250581
0,1234,D-SINOS,491,1000,0.05268724922788916,0.04535480614910143,0.005623493928874446,0.0017057175281044116,3.2316218088671542e-06,1.0,1.0,1.0,0.002768250665343639,0.052614167914580186,0.14754374331028272,0.11142402562705425,0.3338023751069699,0.7301112694367261,0.11419227629239792,0.3379234769772558,0.730113189523264,616.7129913750105
0,1234,D-SINOS,539,1100,0.05092758415459259,0.04453879503349719,0.004920294949497134,0.0014665758239636698,1.918347634587942e-06,1.0,1.0,1.0,0.002789412149514546,0.05281488568116517,0.14489347671500977,0.11051087013898657,0.3324317526034277,0.7454409485314836,0.11330028228850114,0.3366010729164438,0.7454423695324621,676.2489893749589
0,1234,D-SINOS,587,1200,0.048656706935585534,0.04307663245633748,0.004204476890282073,0.001375561922081638,3.566688434119366e-08,1.0,1.0,1.0,0.0028360065036355203,0.053254168885032094,0.15058685050607773,0.10897247791273498,0.33010979675364827,0.7757440103485307,0.11180848441637051,0.3343777570598417,0.7757559364276443,733.9984419998946
0,1234,D-SINOS,637,1300,0.045303257196742955,0.039490606526207186,0.0035331026389328586,0.0022614053842012296,1.8142647401678307e-05,1.0,1.0,1.0,0.002583376144952697,0.05082692342600226,0.15661261887691186,0.10269062058561575,0.3204537729308484,0.7917970995796598,0.10527399673056846,0.324459545599399,0.7918061646614144,793.0246501249494
0,1234,D-SINOS,686,1400,0.04285341442255065,0.03751200287210317,0.0037128776645372445,0.001628529303386936,4.5825232894076824e-09,1.0,1.0,1.0,0.0027907875824841858,0.052827905338790275,0.1707826450762474,0.09723795158360536,0.3118300043029942,0.7760328524782136,0.10002873916608954,0.3162732033639422,0.7760508886536236,851.1441029158887
0,1234,D-SINOS,735,1500,0.03941403489274272,0.03274704239574465,0.004468561214709659,0.0021827477385560545,1.5683543732356075e-05,1.0,1.0,1.0,0.0028642287121037847,0.05351848944153585,0.1648560075163432,0.08667132265256693,0.2943999365702495,0.7240343395550245,0.08953555136467072,0.2992249176867975,0.724043268195028,909.9688097909093
0,1234,D-SINOS,783,1600,0.035939587632302726,0.029437752136447413,0.00442429903006549,0.002017407122242695,6.012934354712409e-05,1.0,1.0,1.0,0.0035777114173310203,0.059813973428714966,0.18251975817808952,0.08128164183557268,0.28509935432331773,0.7505061736129559,0.08485935325290371,0.29130628769888184,0.7505136503416134,967.327415207983
0,1234,D-SINOS,832,1700,0.03226286834781841,0.025890803959910502,0.0045427017425626,0.0018202367638541438,9.12588149116971e-06,1.0,1.0,1.0,0.004179950153178233,0.06465253400430823,0.19277373354154534,0.07898953395881009,0.2810507675826737,0.8271026935416622,0.08316948411198832,0.2883911997824974,0.8271065572091599,1025.7864436249947
0,1234,D-SINOS,880,1800,0.029286022727798504,0.022843297051657534,0.0046589161284629095,0.00174284013128208,4.096941639597873e-05,1.0,1.0,1.0,0.004961599647501741,0.07043862326523526,0.23227439648948597,0.0789054415714224,0.28090112419038554,0.909167436076531,0.08386704121892415,0.28959806839639685,0.9091762904445265,1084.9467070829123
0,1234,D-SINOS,928,1900,0.02728181787091488,0.02126153190772295,0.004105586720855375,0.0019075753774982847,7.123864838270682e-06,1.0,1.0,1.0,0.005685131417138267,0.07539981045823833,0.24749139081723054,0.07770024823577214,0.2787476425654074,0.9325190785370607,0.0833853796529104,0.2887652673936227,0.9325336400780578,1143.9458516659215
0,1234,D-SINOS,977,2000,0.025213663227714997,0.019982123609719463,0.003506539689489291,0.0017196026776955479,5.397250810695024e-06,1.0,1.0,1.0,0.006596296094619893,0.08121758488541686,0.2630558204306209,0.07137196387464621,0.26715531788576885,0.9242344962712401,0.0779682599692661,0.2792279713231934,0.9242646647764099,1202.883556582965
0,1234,D-SINOS,1027,2100,0.023190061443762473,0.01876871460269075,0.003001403244750173,0.0014138740469587553,6.069549362794303e-06,1.0,1.0,1.0,0.006593164689588455,0.0811983047211483,0.2551391035828833,0.06583354267560688,0.25658047991927774,0.8367318772323336,0.07242670736519534,0.2691221049360222,0.836740431794315,1260.5970885829302
0,1234,D-SINOS,1076,2200,0.021334283265488932,0.017625029783841676,0.002510050781120143,0.001188595742118524,1.0606958408589338e-05,1.0,1.0,1.0,0.005847807720922776,0.07647095998431545,0.24782260089257807,0.06480296854787394,0.25456427193908016,0.7567253777280263,0.07065077626879672,0.2658021374421145,0.7567282688408582,1320.0012864159653
0,1234,D-SINOS,1124,2300,0.02013251504185328,0.016461020525303127,0.0024394818007130604,0.0012124939283232467,1.951878751384941e-05,1.0,1.0,1.0,0.005648944716026079,0.0751594619194821,0.24341953907729708,0.06970766375254007,0.26402208951627526,0.7009577203294001,0.07535660846856615,0.27451158166563056,0.7046318792379515,1378.164534124895
0,1234,D-SINOS,1172,2400,0.018798814400186784,0.015095192679043492,0.002420309488486927,0.0012814135178741168,1.8987147822490764e-06,1.0,1.0,1.0,0.00569315832892562,0.07545302067462653,0.2439032940981074,0.07954799208093262,0.28204253594259965,0.6942131658073588,0.08524115040985822,0.29196087136782256,0.7218719507619589,1436.325655415887
0,1234,D-SINOS,1221,2500,0.016881672318287674,0.013715188673634124,0.002057207251515094,0.0011092708193792828,5.573759173928277e-09,1.0,1.0,1.0,0.005756378195598658,0.07587079936048294,0.24058373667071106,0.07581879531923734,0.2753521296798653,0.6692656333932246,0.081575173514836,0.2856136787950395,0.6965554589528158,1495.2447414159542
0,1234,D-SINOS,1270,2600,0.015445682141664698,0.012689332847391571,0.0016908181026464861,0.0010639952523694915,1.5359392571505364e-06,1.0,1.0,1.0,0.006050478741014048,0.07778482333343727,0.2435577140294342,0.06725486540764002,0.2593354302975974,0.6276416052866007,0.07330534414865406,0.2707495967654505,0.6580994024703727,1552.9838026659563
0,1234,D-SINOS,1319,2700,0.013974647174506692,0.011388633644221767,0.0016487166358077903,0.0009263549899741746,1.0941904502960262e-05,1.0,1.0,1.0,0.006118369878156687,0.07822000944871259,0.2527881051328019,0.04976517211557441,0.22308108865516685,0.5533630805280157,0.0558835419937311,0.23639700081373938,0.5902077352074598,1611.7683546659537
0,1234,D-SINOS,1369,2800,0.01286576485929943,0.01047406042856624,0.001412919399442396,0.0009676505263194423,1.1134504971352113e-05,1.0,1.0,1.0,0.006382249450095944,0.07988898203191691,0.25935992707385497,0.0422078009766167,0.2054453722443431,0.5043658590042924,0.04859005042671264,0.22043150960493973,0.5445225197947284,1669.4012802909128
0,1234,D-SINOS,1418,2900,0.01205790982348768,0.009603948085306508,0.0014412553581579796,0.0010040313877163012,8.67499230689103e-06,1.0,1.0,1.0,0.006454538933259227,0.08034014521557219,0.2619619298340958,0.03762114526924328,0.1939617108329458,0.4796650679015761,0.04407568420250251,0.20994209726136992,0.516002210745702,1728.4946362079354
0,1234,D-SINOS,1466,3000,0.011198560909557027,0.008830843513284248,0.001205962877671391,0.0011574629499039547,4.291568697432249e-06,1.0,1.0,1.0,0.0062478288814846955,0.07904320895234894,0.2569025884866967,0.03425815317002057,0.18508958147345994,0.5071989014842904,0.04050598205150526,0.20126097995266062,0.5244758857371704,1786.113271207898
0,1234,D-SINOS,1515,3100,0.010324268285234466,0.008340163814962647,0.0010103121727703603,0.0009694550611340458,4.337236367413928e-06,1.0,1.0,1.0,0.006046082361805964,0.07775655832022123,0.2514846071946096,0.03591018725243471,0.1894998344390694,0.5266762878488139,0.04195626961424067,0.20483229631637845,0.5361270696064279,1843.1384088749764
0,1234,D-SINOS,1563,3200,0.009734046816428539,0.007831149771432075,0.0009291073165826401,0.0009737886235132447,1.104900578403569e-09,1.0,1.0,1.0,0.005677425266545986,0.07534869120658955,0.2454303748133709,0.038810026587204935,0.19700260553405108,0.5478243629504675,0.04448745185375092,0.2109204870413278,0.5557462345452463,1901.4240856249817
0,1234,D-SINOS,1613,3300,0.009143981238635338,0.0074628936253338714,0.0008115254984575964,0.0008689559762013426,6.061386425271252e-07,1.0,1.0,1.0,0.0054464429599044625,0.07380002005355055,0.2379640281808844,0.03933940341827687,0.19834163309370242,0.5529159074612398,0.044785846378181345,0.21162666745517056,0.5604578060681817,1958.808205874986
0,1234,D-SINOS,1661,3400,0.008711744614304164,0.006937106251557727,0.0008192868028681752,0.0009552599844658742,9.157541238735111e-08,1.0,1.0,1.0,0.005504657584865059,0.07419337965657757,0.23437704398169038,0.03810273601152247,0.19519922133943687,0.5381617648660147,0.043607393596387524,0.2088238338801094,0.5475132886578604,2017.1115291249007
0,1234,D-SINOS,1710,3500,0.008153066687008369,0.00619440233283261,0.0009043685109704637,0.0010538622956357516,4.3354756954326087e-07,1.0,1.0,1.0,0.0052446661797124405,0.07242006752076692,0.2331143654218124,0.03373171145866904,0.183661948858954,0.5013634508856327,0.038976377638381486,0.1974243592831986,0.5120572203758548,2074.680012915982
0,1234,D-SINOS,1759,3600,0.007618763563744066,0.005664043648053217,0.001031314322498606,0.0009192459067236534,4.15968646858961e-06,1.0,1.0,1.0,0.004823314274399337,0.06945008476884199,0.2246135169612025,0.03192117218980811,0.17866497191617642,0.48762600662829697,0.03674448646420744,0.19168851416870925,0.49848638150654606,2132.854523707996
0,1234,D-SINOS,1809,3700,0.006910627151672197,0.004968144061282248,0.0009653390895077902,0.0009771413954295172,2.6054526418677797e-09,1.0,1.0,1.0,0.004442444918930134,0.06665166853823042,0.21954612108815563,0.026036953431242772,0.16135970200531102,0.45509138431767154,0.030479398350172906,0.1745834996503762,0.46478068708141346,2190.14751124999
0,1234,D-SINOS,1858,3800,0.0061578613198737895,0.00427926236153808,0.0009545010124461498,0.0009238292712773269,2.6867461223234647e-07,1.0,1.0,1.0,0.004149807059791245,0.06441899610977529,0.20546858175824678,0.022690687204149393,0.1506342829642356,0.4441125907901132,0.026840494263940643,0.16383068779670262,0.45399340710673,2247.568768790923
0,1234,D-SINOS,1907,3900,0.005714855432501494,0.004102281496810509,0.0008390216311905277,0.0007719254804930095,1.6268240074487674e-06,1.0,1.0,1.0,0.003932006061131919,0.06270570995636617,0.20282353231472738,0.02399691371450244,0.15490937258443221,0.45344797671898723,0.027928919775634362,0.16711947754715595,0.4624202447545524,2305.8974674158962
0,1234,D-SINOS,1955,4000,0.005229452333603471,0.0036193335029573947,0.0008680698810738063,0.000732923924892791,9.125024679479465e-06,1.0,1.0,1.0,0.00364029731587251,0.06033487644698139,0.19231441953022235,0.026851368898934018,0.16386387307437236,0.4562842398497982,0.03049166621480652,0.17461863077806594,0.46583056232881914,2363.0205284579424
0,1234,D-SINOS,2003,4100,0.0046516621115088065,0.0030926058996762385,0.0008190770957658643,0.0007361689116815507,3.8102043851530547e-06,1.0,1.0,1.0,0.00323824139982193,0.05690554805835658,0.17633390798779383,0.02185619428035654,0.14783840597204956,0.406510033208888,0.025094435680178467,0.15841223336655053,0.4280539303773337,2421.556037832983
0,1234,D-SINOS,2051,4200,0.00419335056956409,0.002840048777572221,0.0006449075259616289,0.0007076899365856721,7.043294445679808e-07,1.0,1.0,1.0,0.003008602776605246,0.054850731778210995,0.1630586628799159,0.01633701559559379,0.12781633540198917,0.36442489164540304,0.019345618372199037,0.13908852710485878,0.383875948706907,2479.2376016658964
0,1234,D-SINOS,2100,4300,0.003964373956453358,0.0027320738181106424,0.0005924755874047182,0.0006387545124869577,1.0700384510400326e-06,1.0,1.0,1.0,0.0027660024589811188,0.05259279854676987,0.15938673360384722,0.012870021569721477,0.11344611747310472,0.3316438291571854,0.015636024028702594,0.12504408833968358,0.3525692266260997,2538.495121832937
0,1234,D-SINOS,2148,4400,0.0037550743638431285,0.002554660375584427,0.0005736134796027508,0.0006261130232736859,6.874853822642236e-07,1.0,1.0,1.0,0.0025017630377528557,0.05001762727032197,0.14950362507911696,0.011264551755678016,0.1061345926438596,0.3155375256775641,0.01376631479343087,0.11732993988505606,0.33388479753692574,2596.4668419579975
0,1234,D-SINOS,2197,4500,0.0034885133110187875,0.002359809264916846,0.000534334652414816,0.0005928582000778658,1.511193609259958e-06,1.0,1.0,1.0,0.002348155854646257,0.0484577739340785,0.13690351111573268,0.009994946345710366,0.09997472853531719,0.2863028434015571,0.012343102200356625,0.11109951485203086,0.30353070233596985,2654.191960749915
0,1234,D-SINOS,2245,4600,0.003254833693209014,0.002222144589599098,0.0005124474287209503,0.0005169094134939312,3.3322613950344366e-06,1.0,1.0,1.0,0.0022109321911885273,0.0470205507325098,0.13372341327688342,0.010550597071628984,0.10271609937896291,0.2725338977889723,0.01276152926281751,0.1129669388043135,0.2910078488016976,2714.766035165987
0,1234,D-SINOS,2294,4700,0.0029720590777915362,0.00196557412412642,0.0005112174901605578,0.0004903550332107027,4.912430293855427e-06,1.0,1.0,1.0,0.0017388068377806884,0.04169900283916497,0.12218493358619172,0.01022553238832143,0.10112137453734216,0.2409051809991058,0.011964339226102119,0.10938162197600709,0.25822236207890054,2774.187723540934
0,1234,D-SINOS,2342,4800,0.0026167791551045625,0.0016941595576679118,0.0005051570432370228,0.00041738536736952135,7.718683010664056e-08,1.0,1.0,1.0,0.001299226891988008,0.03604479008106453,0.10805260980324036,0.009143224327630642,0.09562020878261374,0.21065730819779327,0.010442451219618652,0.10218831253924615,0.22271868245591964,2834.3949889159994
0,1234,D-SINOS,2392,4900,0.0023956507601672035,0.0015154224875770232,0.0004854848418009725,0.00039471778009988274,2.5650689324945525e-08,1.0,1.0,1.0,0.0011736869806549585,0.03425911529294005,0.09616696555060554,0.00597752750116378,0.07731447148602763,0.17521800626298722,0.007151214481818737,0.08456485370305289,0.18936797071915568,2893.124233749928
0,1234,D-SINOS,2441,5000,0.002202184979629361,0.0013785388996875162,0.0004857634407697409,0.0003372749718481014,6.0766732400258e-07,1.0,1.0,1.0,0.0009182461450798322,0.030302576541935047,0.08629986196798553,0.003638800234322767,0.06032246873531261,0.14380789750276085,0.004557046379402599,0.06750589884893467,0.15613260147741895,2952.6849128329195
0,1234,D-SINOS,2489,5100,0.0020239704872009913,0.0012777508992788688,0.0004417141957631267,0.00030448926056483665,1.6131594159429423e-08,1.0,1.0,1.0,0.0007432399923625116,0.027262428218383476,0.07821763603225157,0.002737813951127704,0.05232412398815391,0.15681129603331792,0.0034810539434902157,0.05900045714645113,0.15681283712425603,3009.3265180829912
0,1234,D-SINOS,2538,5200,0.001859645292564827,0.001145265370125603,0.0004329243598716921,0.0002814220034613318,3.355910620002257e-08,1.0,1.0,1.0,0.0007217844218375768,0.026866045891377033,0.06275754655127845,0.0022324519733649476,0.04724883039150226,0.154782698233458,0.0029542363952025246,0.05435288764364341,0.15478339770922525,3068.170226832968
0,1234,D-SINOS,2586,5300,0.0017398722974941983,0.0010665454018165615,0.00042331604837449004,0.0002498321786349836,1.7866866816311172e-07,1.0,1.0,1.0,0.0005270316567869518,0.02295717005179323,0.05688041193447924,0.0024126235102335915,0.049118464045953145,0.13205548334115635,0.002939655167020543,0.05421858691464158,0.13205864491197145,3127.1171860409668
0,1234,D-SINOS,2634,5400,0.001628889548182487,0.0010046878028693762,0.0003723635699627717,0.00025135477600345027,4.833993468888854e-07,1.0,1.0,1.0,0.00043658815488629743,0.020894692026596072,0.05422166198807066,0.002842209659447972,0.05331237810722733,0.13130241663428477,0.0032787978143342684,0.05726078775509701,0.13288926427011297,3185.9038878328865
0,1234,D-SINOS,2683,5500,0.001548346610531306,0.00096129422942825,0.00035916540935066485,0.0002274837481685922,4.0322358379894345e-07,1.0,1.0,1.0,0.0004210250775169243,0.020518895621278555,0.049569705583620546,0.003251953920347084,0.057025905695105655,0.13548249544522972,0.0036729789978640084,0.06060510702790655,0.13723504809311327,3246.376154999947
0,1234,D-SINOS,2731,5600,0.0014355421447193966,0.0008767884735368717,0.00035480566239055845,0.00020391167816611976,3.633062584650056e-08,1.0,1.0,1.0,0.00029644523864740896,0.01721758515725736,0.041546777807439865,0.001912374362999621,0.04373070274989439,0.12334304485992864,0.00220881960164703,0.046998080829402274,0.12334349215267273,3304.981249790988
0,1234,D-SINOS,2780,5700,0.0013453347242101219,0.0008286290531303271,0.00031802209943144994,0.00019832885711913847,3.54714529206396e-07,1.0,1.0,1.0,0.000303445560870966,0.017419688885596262,0.04271657492902117,0.0012978871626317676,0.03602620105744939,0.11248382118969727,0.0016013327235027337,0.04001665557618145,0.11248914964361108,3366.1934986659326
0,1234,D-SINOS,2829,5800,0.001268487334292967,0.0008010110866396321,0.00028684523793512433,0.00017970276005419212,9.282496640184006e-07,1.0,1.0,1.0,0.00024957036908011506,0.015797796336201927,0.037460785630338375,0.0010951108798761286,0.03309245956220433,0.1041229960480409,0.0013446812489562438,0.03666989567692065,0.10413029426495916,3425.070461999974
0,1234,D-SINOS,2878,5900,0.0011768860080854171,0.0007776389173332429,0.00023218678166399482,0.00016687025633234636,1.900527558330793e-07,1.0,1.0,1.0,0.00021563804278220008,0.014684619259013836,0.03364843873968379,0.000917640291096872,0.03029257815203044,0.10358738257447614,0.0011332783338790723,0.03366419958767878,0.1035895555155952,3485.622396957944
0,1234,D-SINOS,2926,6000,0.0011070209753626973,0.0007554227686690039,0.00021237936292400634,0.00013910394884078108,1.1489492890606568e-07,1.0,1.0,1.0,0.0001902809745244972,0.013794237004071563,0.03101975830542349,0.001009888057198934,0.03177873592827339,0.118909910751955,0.001200169031723431,0.0346434558282431,0.11891212818448142,3544.1032738749636
0,1234,D-SINOS,2974,6100,0.0010535565424537596,0.0007337122731616498,0.00019390301486900147,0.00012523872956303884,7.025248600695507e-07,1.0,1.0,1.0,0.00021975203663702515,0.014824035774276354,0.03519115925847032,0.0013082923195857016,0.036170323741787296,0.12488985363995442,0.001528044356222727,0.03909020793271285,0.12489157292947929,3602.4430061249295
0,1234,D-SINOS,3023,6200,0.0009822639576163434,0.0006903707303909196,0.00019140617758999125,0.00010042040981367832,6.663982175419831e-08,1.0,1.0,1.0,0.00020835776077128047,0.01443460289621022,0.034047042834824924,0.0010577568154932486,0.03252317351509918,0.11729149891377666,0.0012661145762645294,0.03558250379420382,0.11729329618862362,3662.170727040968
0,1234,D-SINOS,3071,6300,0.0009378601964670652,0.0006630993217003298,0.00018023172029595083,9.4528073624935e-05,1.0808458495172652e-09,1.0,1.0,1.0,0.0001726588543776896,0.013139971627735334,0.02975603740040239,0.0008188332252524815,0.028615262103508357,0.1122152826708514,0.0009914920796301708,0.03148796721972015,0.11221725147388001,3720.0178694579517
0,1234,D-SINOS,3119,6400,0.0008879293889412714,0.0006201310760036429,0.00018778323133667626,7.99471362513924e-05,6.794534955993243e-08,1.0,1.0,1.0,0.00017107157916751312,0.013079433442145462,0.02987375387715823,0.0008762384560949758,0.02960132524220792,0.11094970186459846,0.001047310035262489,0.03236216981697131,0.11095080882537531,3780.341188040911
0,1234,D-SINOS,3167,6500,0.0008367710227960411,0.0005735838675262091,0.00017728845382348256,8.559931824380938e-05,2.9938320254014994e-07,1.0,1.0,1.0,0.00016105298429551447,0.012690665242433686,0.028777194260088203,0.0008101258387536904,0.02846270961721126,0.11291542980121917,0.0009711788230492048,0.031163742122043123,0.11291624190009085,3839.405181249953
0,1234,D-SINOS,3216,6600,0.000780647748013158,0.000544665340090955,0.00014682569281377817,8.899855073920944e-05,1.5816436921538574e-07,1.0,1.0,1.0,0.00014615065126360178,0.012089278359918833,0.027616845791695932,0.0007168060267766873,0.026773233401602564,0.13993299484762414,0.000862956678040289,0.02937612428555355,0.13993311524797677,3901.476578624919
0,1234,D-SINOS,3264,6700,0.0007541751110039987,0.0005319059656362344,0.000138289179181649,8.397611838641844e-05,3.8477996967622395e-09,1.0,1.0,1.0,0.00016579435403487746,0.012876115642338627,0.03034953398101126,0.0006918495375466025,0.026303032858334085,0.15387191630075867,0.0008576438915814802,0.02928555773041518,0.15387215555794034,3963.2435472499346
0,1234,D-SINOS,3312,6800,0.000729409419286311,0.0005182750839519872,0.0001300003000739747,8.078101056096323e-05,3.530246993857451e-07,1.0,1.0,1.0,0.00020414462877814328,0.014287918979968471,0.03373530019700849,0.0007689625473591299,0.027730173951115596,0.15710870146258665,0.0009731071761372731,0.03119466582826739,0.1571106266944669,4034.70616324991
0,1234,D-SINOS,3361,6900,0.0007075112569980293,0.0005027062290388383,0.00012228263937328092,8.222117877909653e-05,3.012098068136088e-07,1.0,1.0,1.0,0.00018706883641804396,0.013677311008310222,0.03210243266642569,0.0008575691272362461,0.02928428123134058,0.15397974226990904,0.0010446379636542902,0.032320859574805405,0.153982803321088,4100.784384207916
0,1234,D-SINOS,3410,7000,0.0006711333047974668,0.0004827222833691239,0.00011073512408492211,7.701752772750799e-05,6.583696159127499e-07,1.0,1.0,1.0,0.0001731109306927399,0.013157162714382607,0.030664724006902268,0.0008781154982449381,0.02963301365445199,0.15423412554895136,0.0010512264289376779,0.0324226221786221,0.15423505369587504,4159.90870666597
0,1234,D-SINOS,3459,7100,0.0006383033061355462,0.0004622687601634493,0.00010023815642667307,7.579632106721737e-05,6.847820655694615e-11,1.0,1.0,1.0,0.00015849907261079318,0.012589641480629748,0.028086813209290927,0.000860535890500099,0.02933489203150574,0.1673791385598956,0.001019034963110892,0.03192232703157607,0.16738085101475808,4220.887047165888
0,1234,D-SINOS,3508,7200,0.0006147950630265724,0.00044348924146138814,9.697893250607493e-05,7.421442567430568e-05,1.1246338480367198e-07,1.0,1.0,1.0,0.0001855518963372066,0.01362174351311926,0.031005230466916674,0.0008169558923841936,0.02858244028042731,0.18438583498668565,0.0010025077887214002,0.031662403394584565,0.184388035357159,4279.433827749919
0,1234,D-SINOS,3555,7300,0.0005994841443529425,0.00043254291128355893,9.554459838376838e-05,7.135147911692752e-05,4.51555686876077e-08,1.0,1.0,1.0,0.00019789177531816626,0.014067401157220414,0.032151930895684015,0.0007428298394278697,0.02725490486917666,0.20479927382211796,0.000940721614746036,0.030671185414751025,0.20480126668162688,4339.965093874955
0,1234,D-SINOS,3604,7400,0.0005751893890006407,0.00041573671010041504,9.311053869353366e-05,6.633305882139578e-05,9.081385296096162e-09,1.0,1.0,1.0,0.0001883109070449385,0.013722642130615317,0.03167451346764967,0.0007206375900753636,0.02684469389051333,0.21685817674690183,0.0009089484971203022,0.03014877272991891,0.21686135490721842,4399.239582290989
0,1234,D-SINOS,3652,7500,0.0005453321569381299,0.0003963862512830995,8.408682143368742e-05,6.47625583224593e-05,9.652589888359262e-08,1.0,1.0,1.0,0.00019957018744638742,0.014126931282001319,0.0321095496753769,0.0008231748730535445,0.028691024259401135,0.2120228151466198,0.0010227450604999317,0.03198038555896304,0.2120251412242104,4459.292182374978
0,1234,D-SINOS,3701,7600,0.0005248046082568462,0.0003811304011625721,8.046306936469608e-05,6.29120315626182e-05,2.991061669598594e-07,1.0,1.0,1.0,0.00017760461597510216,0.013326838183721679,0.029846645160638383,0.0008464816607994742,0.02909435788601416,0.20654341842142965,0.0010240862767745764,0.03200134804620856,0.20654567491409986,4519.870557124959
0,1234,D-SINOS,3750,7700,0.0005035302948287338,0.0003673912368369197,7.452748533192325e-05,6.154214069519231e-05,6.943196469847504e-08,1.0,1.0,1.0,0.0001762183520970892,0.013274726064860593,0.030451612865073283,0.000865863322585053,0.029425555603676424,0.19267797255194996,0.0010420816746821424,0.032281289854684286,0.1926794113246312,4579.214921207982
0,1234,D-SINOS,3798,7800,0.0004818997416718367,0.0003527099533521911,7.156311310652124e-05,5.7621687881433214e-05,4.987331691079282e-09,1.0,1.0,1.0,0.00018562258037484864,0.01362433779582878,0.030242772585212904,0.0008634751343852095,0.029384947411646146,0.18222181389488823,0.0010490977147600581,0.03238977793625727,0.1822232959610038,4639.931426625
0,1234,D-SINOS,3847,7900,0.0004621533561399342,0.0003355106234551071,6.900069858898971e-05,5.7585791127165e-05,5.6242968672393507e-08,1.0,1.0,1.0,0.00017139898974104012,0.013091943696068973,0.028668024512010632,0.0008167448572526586,0.02857874835000054,0.18518610293713217,0.0009881438469936988,0.03143475539897995,0.18518759333808937,4698.853721374995
0,1234,D-SINOS,3896,8000,0.00044395818716702027,0.0003234602828049622,6.213466890377659e-05,5.833484886640397e-05,2.838659187746876e-08,1.0,1.0,1.0,0.00015139248449651713,0.012304165331159897,0.026204428989364845,0.0007220032069159861,0.026870117359549923,0.18482108426909577,0.0008733956914125032,0.029553268709442332,0.18482310747556704,4759.4579092079075
0,1234,D-SINOS,3944,8100,0.00042746742027398966,0.00031431323476979273,5.866171684915806e-05,5.433877381956193e-05,1.5369483547695458e-07,1.0,1.0,1.0,0.00014331386613864396,0.01197137695249147,0.02490091300757845,0.0006694412994569613,0.02587356371775951,0.17641102169693976,0.0008127551655956053,0.02850886117675705,0.17641267789802725,4818.821407957934
0,1234,D-SINOS,3992,8200,0.0004145356159739661,0.0003085030782423233,5.439770905203299e-05,5.15802232257505e-05,5.460545385931648e-08,1.0,1.0,1.0,0.00014294191717157683,0.01195583193138716,0.02592424558076428,0.0006444247699896172,0.02538552284254979,0.17246183825886766,0.0007873666871611941,0.02806005500994597,0.17246327471445932,4878.1811161659425
0,1234,D-SINOS,4041,8300,0.00040229850332226867,0.00030031336217028256,4.9866717225018254e-05,5.181669715122116e-05,3.017267757466233e-07,1.0,1.0,1.0,0.0001467184020234254,0.012112737181307344,0.0265937982853384,0.0006949838503977478,0.02636254635648362,0.17573071007550625,0.0008417022524211731,0.02901210527385376,0.17573168724824142,4940.658719332889
0,1234,D-SINOS,4090,8400,0.00039298106246494634,0.0002921913663233731,4.772962911637086e-05,5.30539060823596e-05,6.160942842800703e-09,1.0,1.0,1.0,0.00014548200377550365,0.012061592091241672,0.026296270658024205,0.0007803833290863188,0.027935341936090898,0.1735297845457685,0.0009258653328618224,0.03042803531057867,0.17353031592097426,5000.741924040951
0,1234,D-SINOS,4139,8500,0.00038303687469941496,0.00028889335158099736,4.49574159003553e-05,4.915043592735239e-05,3.567129070985618e-08,1.0,1.0,1.0,0.00015330049588270088,0.012381457744655953,0.02770788879822874,0.0008074879741633593,0.02841633287676929,0.16997218793160546,0.0009607884700460603,0.030996588038783565,0.1699725644192137,5067.9165376249
0,1234,D-SINOS,4187,8600,0.0003726403884897155,0.0002809050328090985,4.200139005602861e-05,4.959144744336858e-05,1.4251818121980235e-07,1.0,1.0,1.0,0.0001490184824523643,0.012207312663005085,0.026731171767895617,0.0007917677260093574,0.028138367507894935,0.16835201584838305,0.0009407862084617217,0.030672238399923175,0.1683527444737727,5126.031397457933
0,1234,D-SINOS,4235,8700,0.0003580830676034683,0.00027124299753916324,3.8066201172523014e-05,4.846686529970996e-05,3.070035920721112e-07,1.0,1.0,1.0,0.00014289618558687337,0.011953919256330678,0.02476422800843663,0.0007536256327786668,0.027452242764092458,0.15553989522449294,0.0008965218183655399,0.02994197418951429,0.15554018641428866,5190.927781874896
0,1234,D-SINOS,4285,8800,0.0003456197897076915,0.0002635308560801897,3.861689085639231e-05,4.3469934933834005e-05,2.1078372755372794e-09,1.0,1.0,1.0,0.00014095485250130874,0.01187244088219894,0.025148709925141913,0.0007329254973897373,0.02707259679804908,0.15223085190879024,0.0008738803498910462,0.02956146731627248,0.1522314811452403,5248.707009665901
0,1234,D-SINOS,4334,8900,0.0003342380903560622,0.0002511574307978132,3.988779209321215e-05,4.309666543222959e-05,9.620203280722817e-08,1.0,1.0,1.0,0.00014479131202810693,0.012032926162330879,0.024778775952520368,0.0007202703389344754,0.02683785272585114,0.14755971642982646,0.0008650616509625824,0.029411930418838245,0.14756003863449116,5306.89216612489
0,1234,D-SINOS,4382,9000,0.00032469951173841387,0.0002437968852127476,3.757925809409102e-05,4.331639437977819e-05,6.974051797040358e-09,1.0,1.0,1.0,0.00014665822265737152,0.012110252790812069,0.024922985610132037,0.0007117334552135176,0.026678333066620142,0.14198838931576763,0.0008583916778708892,0.0292983220999239,0.1419885245811416,5367.681711457903
0,1234,D-SINOS,4431,9100,0.00031652303958810057,0.0002362513674263619,3.78324733071157e-05,4.2006014454630984e-05,4.331843999920182e-07,1.0,1.0,1.0,0.00014716053515788968,0.012130974204815114,0.02499140093056488,0.0006910600458916353,0.026288020958064443,0.13486369507751741,0.000838220581049525,0.028952039324536796,0.13486376982292858,5426.401473457925
0,1234,D-SINOS,4480,9200,0.00030751408987012463,0.00022905248615979397,3.770033572719582e-05,4.067904510960598e-05,8.222287352884085e-08,1.0,1.0,1.0,0.00014780518723666678,0.012157515668781463,0.025925410804092636,0.0007359006430862931,0.02712748869848245,0.13392675949905244,0.0008837058303229601,0.029727190084549868,0.13392691682822863,5487.585595874931
0,1234,D-SINOS,4529,9300,0.0003004307256858549,0.00022292785018176035,3.600786021000492e-05,4.142425550230383e-05,7.075979178580988e-08,1.0,1.0,1.0,0.0001463164739824695,0.012096134671144725,0.025342714775435777,0.0008811002591998714,0.029683333020398356,0.12833821988057764,0.001027416733182341,0.03205334199708887,0.12833839796876895,5546.1516613329295
0,1234,D-SINOS,4579,9400,0.0002940652949553659,0.0002191309721448903,3.484988597659353e-05,4.008226617245612e-05,2.170661425933752e-09,1.0,1.0,1.0,0.00014466196392361451,0.012027550204576761,0.025065225624876404,0.000979182579649442,0.031291893193756144,0.12688560373013594,0.0011238445435730567,0.033523790710077175,0.1268859644954169,5606.29408354091
0,1234,D-SINOS,4628,9500,0.0002882877391476242,0.00021630789138539462,3.324412668347692e-05,3.873035436319156e-05,5.366715561124961e-09,1.0,1.0,1.0,0.0001445178666084692,0.012021558410142555,0.0248112713415661,0.0009712744146653079,0.031165275783559303,0.12882897381114544,0.001115792281273777,0.033403477083587825,0.12882923549455158,5665.401987499907
0,1234,D-SINOS,4678,9600,0.00027785091389945097,0.00021187514567724638,2.9567304815677517e-05,3.636848555033244e-05,3.9977856194661846e-08,1.0,1.0,1.0,0.000148180593664327,0.012172945151619102,0.025183668614037015,0.0007783397564939125,0.02789874112740416,0.13511054699237118,0.0009265203501582397,0.03043879679222291,0.13511101295695155,5723.740577582968
0,1234,D-SINOS,4726,9700,0.0002704188528973608,0.00020990624704391364,2.744925064204341e-05,3.306151881821239e-05,1.8363931913259528e-09,1.0,1.0,1.0,0.00014973440872892023,0.012236601191871876,0.02498508339196853,0.0006698882253989063,0.025882199006245707,0.14296772549280376,0.0008196226341278266,0.028629052274356317,0.14296859915478058,5784.67200116592
0,1234,D-SINOS,4774,9800,0.0002623347705848278,0.00020329097475517787,2.710873282065822e-05,3.1931539034847516e-05,3.523974144198362e-09,1.0,1.0,1.0,0.00014419476338712315,0.012008112399004397,0.024741947348440336,0.000689899815670811,0.026265944027786457,0.14168313655034181,0.0008340945790579339,0.02888069561243174,0.1416839133526727,5842.827966582961
0,1234,D-SINOS,4823,9900,0.00025653212889571703,0.00019827591527913182,2.93815103661532e-05,2.883571379949253e-05,3.898945093949196e-08,1.0,1.0,1.0,0.00014231265418425247,0.011929486752759,0.024741147167991667,0.000720116261492496,0.026834982047553076,0.1380781077783511,0.0008624289156767483,0.029367140066352194,0.13807830061056645,5908.183430749923
0,1234,D-SINOS,4871,10000,0.0002507351408958193,0.00019356536244926684,3.0212468938392788e-05,2.694472172533037e-05,1.2587782829323833e-08,1.0,1.0,1.0,0.000147343977313708,0.01213853274962456,0.025769598752411037,0.000762580090249565,0.027614852710988066,0.13051671259093853,0.0009099240675632729,0.03016494766385768,0.13051707528569773,5966.220373958
0,1234,D-SINOS,5361,11000,0.0002046443647117959,0.00016484248852664032,1.9128984101076264e-05,2.0667796507534493e-05,5.095576544815679e-09,1.0,1.0,1.0,0.00014224786496147774,0.011926770936069735,0.025920308064408086,0.0008631353701706305,0.02937916557989063,0.11679105826962967,0.0010053832351321083,0.03170777877953781,0.1167914088289839,6567.276364124962
0,1234,D-SINOS,5845,12000,0.00017022297624578442,0.0001372249896662265,1.5003802147885187e-05,1.7982436249356218e-05,1.174818231653993e-08,1.0,1.0,1.0,0.0001363932683712034,0.011678752860267375,0.024935070196117792,0.0009021816816853937,0.030036339352281158,0.09287628805289046,0.0010385749500565972,0.032226928957885474,0.0928770345748298,7169.358487749938
0,1234,D-SINOS,6336,13000,0.00014351663580111998,0.0001131661511813501,1.5778983719099845e-05,1.4569127182915863e-05,2.3737177541574557e-09,1.0,1.0,1.0,0.00013639540025862083,0.011678844131960185,0.023910121952032008,0.0010716342160340623,0.03273582465791968,0.08986744412634529,0.0012080296162926831,0.03475672044788868,0.08997392459841094,7766.1851385409245
0,1234,D-SINOS,6827,14000,0.00011839191856464653,9.388278952498282e-05,1.3350128068262418e-05,1.1158900643919159e-05,1.0032748213375637e-10,1.0,1.0,1.0,0.00012027612620290958,0.0109670472873472,0.02205758879461113,0.0009733763417368625,0.031198979818847644,0.09242324151908397,0.0010936524679397723,0.03307041680928398,0.09242349024698672,8354.145733124926
0,1234,D-SINOS,7312,15000,0.00010006900141097834,7.598267908236065e-05,1.4007192700439125e-05,1.0057647801705148e-05,2.1481826473438284e-08,1.0,1.0,1.0,0.00012707877428143135,0.011272922171355186,0.022456467528770202,0.00092356014531872,0.03039013236757484,0.0867774901450814,0.0010506389196001515,0.03241356073621273,0.0867777448251701,8939.982679332956
0,1234,D-SINOS,7797,16000,8.804621838338943e-05,6.625867915183014e-05,1.2089423617847452e-05,9.698105308181918e-06,1.030552991532242e-11,1.0,1.0,1.0,0.00011388363848397277,0.010671627733573393,0.021428979529176044,0.0007766351414671591,0.027868174347580772,0.08048019319691087,0.0008905187799511318,0.029841561285414202,0.08048063852082714,9528.41744891589
0,1234,D-SINOS,8281,17000,7.840678731311204e-05,5.9514652762721426e-05,9.31634676308647e-06,9.558876433759262e-06,1.6911353544888452e-08,1.0,1.0,1.0,9.031109602465254e-05,0.00950321503622077,0.019705840616879,0.0005562701631858822,0.02358538028495369,0.06945659079952506,0.0006465812592105347,0.02542796215213745,0.06945683119681342,10115.039977999986
0,1234,D-SINOS,8771,18000,7.089116105993702e-05,5.3770372207855955e-05,7.99237407652022e-06,9.127410104926509e-06,1.004670634333651e-09,1.0,1.0,1.0,6.624803769358796e-05,0.008139289753632558,0.0162855088058598,0.00038563116991186647,0.019637493982478174,0.07532234641882722,0.0004518792076054544,0.021257450637493066,0.07532279884900597,10704.774409915903
0,1234,D-SINOS,9252,19000,6.463079173793718e-05,4.9878315836853835e-05,6.987076695567121e-06,7.765352438247167e-06,4.6767269061508314e-11,1.0,1.0,1.0,4.848176301652955e-05,0.0069628846763772805,0.013780886558958214,0.0002889346737457621,0.016998078530991733,0.07317422715118817,0.00033741643676229164,0.018368898626817332,0.0731745789085317,11282.97832162492
0,1234,D-SINOS,9738,20000,5.87923358727965e-05,4.4971052885768044e-05,7.304146863814843e-06,6.510022380201394e-06,7.113743012224924e-09,1.0,1.0,1.0,3.9774083942109356e-05,0.006306669798087526,0.013102777666276594,0.00018440856550821925,0.013579711539948823,0.07023879431368286,0.00022418264945032863,0.014972730193599584,0.07023930326435569,11688.319239749922
0,1234,D-SINOS,10223,21000,5.614633379558657e-05,4.365476762956764e-05,6.302642354415566e-06,6.18471243826545e-06,4.211373337917706e-09,1.0,1.0,1.0,4.1471197696117936e-05,0.006439813483022466,0.01325739192482591,0.00019666022475145888,0.014023559631971437,0.07330340172218136,0.0002381314224475768,0.015431507458689084,0.07330370912097586,12415.376160165993
0,1234,D-SINOS,10705,22000,5.333497268645885e-05,4.235718209996677e-05,5.284599504903771e-06,5.692526896974828e-06,6.641846134763868e-10,1.0,1.0,1.0,3.6828662873595255e-05,0.00606866236279423,0.01272873689183639,0.00018653116994318456,0.013657641448770888,0.06703424670996153,0.00022335983281677985,0.014945227760619103,0.06703471994829784,13100.769271456986
0,1234,D-SINOS,11192,23000,5.157063280624265e-05,4.136436433123205e-05,4.773583102046226e-06,5.4326281257014895e-06,5.7247262882436515e-11,1.0,1.0,1.0,4.025379389723181e-05,0.006344587764168119,0.0132861636384212,0.00020290062644547012,0.014244319093781568,0.0691177225112062,0.00024315442034270193,0.015593409516289307,0.06911795192243096,13711.838206290966
0,1234,D-SINOS,11677,24000,4.969089705499865e-05,3.987909603694536e-05,4.487211715765968e-06,5.324370968405133e-06,2.1833388218802734e-10,1.0,1.0,1.0,3.7196640614240895e-05,0.00609890487007634,0.012250590358805,0.00019901682883811893,0.014107332449407964,0.07271496493267836,0.00023621346945235986,0.01536923776419507,0.07271509247726295,14382.490221290966
0,1234,D-SINOS,12163,25000,4.7352265540896925e-05,3.8094386984178865e-05,4.251745715330494e-06,5.00604686248421e-06,8.597890335966273e-11,1.0,1.0,1.0,3.1592540178038684e-05,0.005620724168471415,0.01120990311811488,0.0001913550741467766,0.0138331151280822,0.07403837997855259,0.00022294761432481528,0.014931430417907565,0.07403858359911684,14957.616092541022
0,1234,D-SINOS,12645,26000,4.6177800436116126e-05,3.73247840955438e-05,4.037067200623807e-06,4.815460378964669e-06,4.887609838566751e-10,1.0,1.0,1.0,3.211914419600178e-05,0.005667375423950824,0.01151435551897938,0.00016954259377110464,0.013020852267463318,0.07156228302246542,0.0002016617379671064,0.014200765400748877,0.07156250231854294,15306.7422387501
0,1234,D-SINOS,13125,27000,4.504611857360681e-05,3.66277055912084e-05,3.7346713430311292e-06,4.6820492067199655e-06,1.6924326473134147e-09,1.0,1.0,1.0,3.093291049224357e-05,0.005561736283953382,0.01152113427659256,0.0001569318916243336,0.012527245971255358,0.06985001092432179,0.00018786480211657717,0.013706378154588365,0.06985029078040295,15652.505740916124
0,1234,D-SINOS,13610,28000,4.400528100252338e-05,3.5758276392790144e-05,3.6094515466460067e-06,4.63689798824203e-06,6.550748452015372e-10,1.0,1.0,1.0,2.8325928623075738e-05,0.005322210877358745,0.01162825558960137,0.00013614133525141422,0.011667961915065297,0.06429530230236967,0.00016446726387448995,0.012824479087841734,0.06429576931789079,16009.83778570802
0,1234,D-SINOS,14095,29000,4.270686623346295e-05,3.4381341781481075e-05,3.7958366220765983e-06,4.529638419035068e-06,4.9410870210112275e-11,1.0,1.0,1.0,2.4920182364659457e-05,0.004992011855420564,0.011742421405591426,0.0001170715771302139,0.01081996197452717,0.06474657803795753,0.00014199175949487338,0.01191602951888226,0.06474678160161391,16359.12678412511
0,1234,D-SINOS,14578,30000,4.1536856633304923e-05,3.323148479108536e-05,3.84524549744311e-06,4.459766410085053e-06,3.5993469139723474e-10,1.0,1.0,1.0,2.1680425756130593e-05,0.004656224409983973,0.01155847719971436,0.00010183874141614484,0.010091518290928518,0.06418379687385511,0.00012351916717227542,0.011113917723839574,0.06418389072270479,16718.069259875105
0,1234,GradNorm,0,0,256.1435686010094,251.3030261937345,0.009207776361902389,4.8313346309130045,4.5231564731140115e-37,1.0,1.0,1.0,4.959270398518739,2.226941938739926,3.2838127750103276,0.14372544318012911,0.37911138624437163,0.7312009457582304,5.102995841698868,2.258981151249135,3.286218301193365,1.028016583994031
0,1234,GradNorm,0,1,251.83909897943045,251.3030261937345,0.009207776361902389,4.8313346309130045,4.5231564731140115e-37,0.9831932774929559,1.03361344496524,0.9831932775418043,4.959270398518739,2.226941938739926,3.2838127750103276,0.14372544318012911,0.37911138624437163,0.7312009457582304,5.102995841698868,2.258981151249135,3.286218301193365,2.873835750040598
0,1234,GradNorm,0,2,251.75635446709296,251.22387693799564,0.005313946414637453,4.830384372802546,3.350619556273019e-05,0.9831932774929559,1.03361344496524,0.9831932775418043,4.962025136012173,2.2275603551895453,3.2986191382124477,0.14228891629320645,0.37721203094971195,0.7222155548815553,5.104314052305379,2.259272903459292,3.300806379380732,3.7943370840512216
0,1234,GradNorm,0,3,250.99963564344657,250.3681681898913,0.019277890564688364,4.898451631105476,0.003285179974888343,0.9831932774929559,1.03361344496524,0.9831932775418043,5.027462175498953,2.242200297809933,3.4320944815846732,0.13189663846337754,0.3631757680013598,0.6408643863022943,5.159358813962331,2.2714222007285065,3.4727474212567278,4.8225332089932635
0,1234,GradNorm,0,4,250.13829376587887,243.43022674748647,2.228568823336569,8.507755789444893,0.13108429118362253,0.9831932774929559,1.03361344496524,0.9831932775418043,7.213383148483929,2.6857742177040738,4.891052314865359,0.18014853709067072,0.4244390852533149,0.9883920444456071,7.3935316855746,2.719104941993707,4.915676716478306,5.762557417037897
0,1234,GradNorm,0,5,248.76835464721026,245.2312698349148,1.0328072371368437,6.635176877598221,0.0674339667434967,0.9831932774929559,1.03361344496524,0.9831932775418043,6.091326724167288,2.4680613290936044,4.360078582532389,0.13969165295994915,0.3737534654821934,0.7492613205325359,6.231018377127238,2.496200788624032,4.389542777483771,6.671959250001237
0,1234,GradNorm,1,6,245.55695809551756,245.2312698349148,1.0328072371368437,6.635176877598221,0.0674339667434967,0.9704034323125187,1.0621352084985483,0.9674613591889334,6.091326724167288,2.4680613290936044,4.360078582532389,0.13969165295994915,0.3737534654821934,0.7492613205325359,6.231018377127238,2.496200788624032,4.389542777483771,7.6334044999675825
0,1234,GradNorm,1,7,246.47575930331354,239.08734242524736,2.936229251545112,11.496459562342954,0.22352872904074003,0.9704034323125187,1.0621352084985483,0.9674613591889334,9.007783688684999,3.001297001078867,5.638453369148317,0.2602593878620565,0.5101562386779726,1.2708300386591247,9.268043076547054,3.044346083569845,5.657826489752005,8.51159758400172
0,1234,GradNorm,1,8,244.38689365734507,240.83017432448742,1.9349011335420931,8.776878114188383,0.13804883975314766,0.9704034323125187,1.0621352084985483,0.9674613591889334,7.349610008732702,2.711016416168058,5.0058170328957186,0.18534750029926358,0.4305200347245916,1.0118712820465232,7.534957509031965,2.7449877065356714,5.029515282098479,9.439523542067036
0,1234,GradNorm,2,9,240.77962345456288,240.83017432448742,1.9349011335420931,8.776878114188383,0.13804883975314766,0.9557563667887806,1.0925899102287544,0.9516537229824648,7.349610008732702,2.711016416168058,5.0058170328957186,0.18534750029926358,0.4305200347245916,1.0118712820465232,7.534957509031965,2.7449877065356714,5.029515282098479,10.669747542007826
0,1234,GradNorm,2,10,235.14028498771268,231.03881349865685,1.480837626380631,13.059487184122723,0.2774101627629724,0.9557563667887806,1.0925899102287544,0.9516537229824648,9.928076369872425,3.1508850137496967,6.124207800632344,0.3107409998585508,0.5574414766220315,1.4093142604382716,10.23881736973098,3.1998152086848672,6.140263733620729,11.677863499964587
0,1234,GradNorm,3,11,231.28018363883913,231.03881349865685,1.480837626380631,13.059487184122723,0.2774101627629724,0.9397296281491208,1.1242519495152157,0.9360184223356641,9.928076369872425,3.1508850137496967,6.124207800632344,0.3107409998585508,0.5574414766220315,1.4093142604382716,10.23881736973098,3.1998152086848672,6.140263733620729,12.677430334035307
0,1234,GradNorm,3,12,222.84411834813244,223.72660017758147,0.005889227338999653,13.12235213928708,0.31221923412123087,0.9397296281491208,1.1242519495152157,0.9360184223356641,9.837111677669471,3.1364170127184092,6.3625854994945,0.30516072450269,0.5524135448218934,1.4019677303318614,10.142272402172162,3.184693454976815,6.3766894454326835,13.472306000068784
0,1234,GradNorm,4,13,218.55582073908158,223.72660017758147,0.005889227338999653,13.12235213928708,0.31221923412123087,0.9207784572052983,1.146902911514376,0.932318631280326,9.837111677669471,3.1364170127184092,6.3625854994945,0.30516072450269,0.5524135448218934,1.4019677303318614,10.142272402172162,3.184693454976815,6.3766894454326835,14.513761459034868
0,1234,GradNorm,4,14,217.95412369310725,226.18803689733215,0.0026987754917124607,10.168387524238618,0.20177966809163836,0.9207784572052983,1.146902911514376,0.932318631280326,8.006165761962752,2.829516877836701,5.602986062195015,0.20512800535966333,0.4529105931192859,1.0926363342329743,8.211293767322415,2.8655355114397754,5.6243072428621845,15.29324320901651
0,1234,GradNorm,5,15,213.32577335309816,226.18803689733215,0.0026987754917124607,10.168387524238618,0.20177966809163836,0.9002324809287229,1.165594783104366,0.9341727359669107,8.006165761962752,2.829516877836701,5.602986062195015,0.20512800535966333,0.4529105931192859,1.0926363342329743,8.211293767322415,2.8655355114397754,5.6243072428621845,16.31974937499035
0,1234,GradNorm,5,16,212.0779802875922,223.81492912795935,0.0027944320376499052,11.093964465212162,0.22557505725133295,0.9002324809287229,1.165594783104366,0.9341727359669107,8.602459368286933,2.9329949485614417,5.71885338450468,0.21246605351445033,0.46094040126078156,1.1146652616861812,8.814925421801384,2.9689940083808497,5.741971616299211,17.087070667068474
0,1234,GradNorm,6,17,207.3734426561613,223.81492912795935,0.0027944320376499052,11.093964465212162,0.22557505725133295,0.8789183305928279,1.180973774725839,0.9401078946813335,8.602459368286933,2.9329949485614417,5.71885338450468,0.21246605351445033,0.46094040126078156,1.1146652616861812,8.814925421801384,2.9689940083808497,5.741971616299211,17.952108292025514
0,1234,GradNorm,6,18,206.75035048535753,222.74150010842132,0.00505851872831348,11.46153107185661,0.19771323257676185,0.8789183305928279,1.180973774725839,0.9401078946813335,8.895974315818233,2.9826119955197377,5.686664989488746,0.19904367828619834,0.44614311413065466,1.0455096908428785,9.095017994104431,3.0157947533120404,5.723390509234228,18.69265954196453
0,1234,GradNorm,7,19,202.08649485090342,222.74150010842132,0.00505851872831348,11.46153107185661,0.19771323257676185,0.8575338754055033,1.1936957189313053,0.9487704056631916,8.895974315818233,2.9826119955197377,5.686664989488746,0.19904367828619834,0.44614311413065466,1.0455096908428785,9.095017994104431,3.0157947533120404,5.723390509234228,19.575276000075974
0,1234,GradNorm,7,20,201.68169984529607,222.48473525200293,0.0046707176697751845,11.325166177630111,0.14294468183867814,0.8575338754055033,1.1936957189313053,0.9487704056631916,8.875619926997269,2.9791978663723007,5.503250927209945,0.17977394736044805,0.4239975794275812,0.9502612034976137,9.055393874357717,3.0092181500113475,5.542799552151375,20.28049620904494
0,1234,GradNorm,8,21,197.0598922259367,222.48473525200293,0.0046707176697751845,11.325166177630111,0.14294468183867814,0.8362194408311315,1.2043896677959385,0.9593908913729303,8.875619926997269,2.9791978663723007,5.503250927209945,0.17977394736044805,0.4239975794275812,0.9502612034976137,9.055393874357717,3.0092181500113475,5.542799552151375,21.211324542062357
0,1234,GradNorm,8,22,196.5353657680872,222.0174248841894,0.01078249908349825,11.271907068924603,0.05292757584496084,0.8362194408311315,1.2043896677959385,0.9593908913729303,8.915693584268222,2.985915870259613,5.4477297630633466,0.14939421530329455,0.3865154787370029,0.8110998865827702,9.065087799571518,3.0108284241337167,5.453951465161271,22.0917257090332
0,1234,GradNorm,9,23,191.92335349197242,222.0174248841894,0.01078249908349825,11.271907068924603,0.05292757584496084,0.8148321136269894,1.213689709647337,0.9714781767256734,8.915693584268222,2.985915870259613,5.4477297630633466,0.14939421530329455,0.3865154787370029,0.8110998865827702,9.065087799571518,3.0108284241337167,5.453951465161271,23.068701875046827
0,1234,GradNorm,9,24,191.55654515394377,221.79930320578015,0.012599880560939894,11.123157372828267,0.006153132416922569,0.8148321136269894,1.213689709647337,0.9714781767256734,8.78124337779251,2.963316280418361,5.3375831259379,0.13205175258288207,0.36338925766026997,0.6519125968964787,8.913295130375394,2.9855142154033354,5.340921858368912,23.783254874986596
0,1234,GradNorm,10,25,186.92599363121556,221.79930320578015,0.012599880560939894,11.123157372828267,0.006153132416922569,0.7932866252799275,1.2219189166645454,0.9847944580555271,8.78124337779251,2.963316280418361,5.3375831259379,0.13205175258288207,0.36338925766026997,0.6519125968964787,8.913295130375394,2.9855142154033354,5.340921858368912,24.610916584031656
0,1234,GradNorm,10,26,186.6473553005823,221.60154156857845,0.012470596482953882,11.004547171981981,0.0013611066920186134,0.7932866252799275,1.2219189166645454,0.9847944580555271,8.656458856761683,2.94218606766494,5.280732860589903,0.12628147447723892,0.35536104805850477,0.5793402522348938,8.782740331238921,2.963568850429988,5.281293922127468,25.308979084016755
0,1234,GradNorm,11,27,182.00387643636495,221.60154156857845,0.012470596482953882,11.004547171981981,0.0013611066920186134,0.771613467511592,1.2291220123288478,0.9992645201595601,8.656458856761683,2.94218606766494,5.280732860589903,0.12628147447723892,0.35536104805850477,0.5793402522348938,8.782740331238921,2.963568850429988,5.281293922127468,26.170413125073537
0,1234,GradNorm,11,28,181.84673423427506,221.0046678174948,0.027575914034963404,11.282740676645686,0.008219552086779902,0.771613467511592,1.2291220123288478,0.9992645201595601,8.869886313045697,2.9782354361342382,5.341555575091147,0.12777983868141352,0.3574630591843212,0.5995541765287313,8.997666151727111,2.999611000067694,5.372184574884495,26.86896054202225
0,1234,GradNorm,12,29,177.53674972448812,221.0046678174948,0.027575914034963404,11.282740676645686,0.008219552086779902,0.7515604050373313,1.2383993178869166,1.0100402770757522,8.869886313045697,2.9782354361342382,5.341555575091147,0.12777983868141352,0.3574630591843212,0.5995541765287313,8.997666151727111,2.999611000067694,5.372184574884495,27.652289125020616
0,1234,GradNorm,12,30,177.42727793040095,220.72471771798757,0.029655135684681623,11.369715917648936,0.018723764981102207,0.7515604050373313,1.2383993178869166,1.0100402770757522,8.94358615292472,2.9905829118960603,5.352302477184126,0.13064345409432607,0.361446336396326,0.6185420675633797,9.074229607019046,3.01234619640888,5.385196711258609,28.346174584003165
0,1234,GradNorm,13,31,173.3955968587807,220.72471771798757,0.029655135684681623,11.369715917648936,0.018723764981102207,0.732896659575046,1.2493633337906225,1.0177400066343312,8.94358615292472,2.9905829118960603,5.352302477184126,0.13064345409432607,0.361446336396326,0.6185420675633797,9.074229607019046,3.01234619640888,5.385196711258609,29.197593167074956
0,1234,GradNorm,13,32,173.22929338507325,220.92671532395212,0.05953226073265076,10.965992867719187,0.07793463558000437,0.732896659575046,1.2493633337906225,1.0177400066343312,8.834300907068652,2.972255188752919,5.290201285609644,0.1454429098121335,0.38136978093725976,0.6800262023513499,8.979743816880786,2.996622067742408,5.331855215468401,29.874275124981068
0,1234,GradNorm,14,33,169.33528257679572,220.92671532395212,0.05953226073265076,10.965992867719187,0.07793463558000437,0.7150098512748595,1.2620607266593489,1.0229294220657916,8.834300907068652,2.972255188752919,5.290201285609644,0.1454429098121335,0.38136978093725976,0.6800262023513499,8.979743816880786,2.996622067742408,5.331855215468401,30.685208125039935
0,1234,GradNorm,14,34,168.96351754375007,220.72883507374377,0.17011470124199218,10.534207411617762,0.14978022264730662,0.7150098512748595,1.2620607266593489,1.0229294220657916,8.859049677775173,2.9764155754489616,5.089469761495285,0.17412571607578617,0.4172837356952535,0.8049858963965936,9.033175393850959,3.0055241462764792,5.150395605679242,31.36476120899897
0,1234,GradNorm,15,35,165.08892099703135,220.72883507374377,0.17011470124199218,10.534207411617762,0.14978022264730662,0.6972983834087668,1.2767017721899172,1.0259998444013159,8.859049677775173,2.9764155754489616,5.089469761495285,0.17412571607578617,0.4172837356952535,0.8049858963965936,9.033175393850959,3.0055241462764792,5.150395605679242,32.23444833396934
0,1234,GradNorm,15,36,250.24356184565647,322.70943712985957,11.092126246450077,9.73219405624426,1.0722262006651893,0.6972983834087668,1.2767017721899172,1.0259998444013159,6.72100142240116,2.59248942570672,4.763550753942383,0.8969465348308941,0.9470726132831073,1.6597527712790865,7.617947957232053,2.7600630350106234,4.830577715284597,33.131590750068426
0,1234,GradNorm,15,37,165.75500475107174,223.34489663024215,1.3103056041517176,7.752020651574205,0.39052791896394257,0.6972983834087668,1.2767017721899172,1.0259998444013159,7.869511365229075,2.805264936726846,4.2837537780921275,0.34445724388492516,0.5869047996778738,1.1960702578915838,8.213968609114,2.866002199774801,4.441788297275572,33.833846542052925
0,1234,GradNorm,15,38,164.6812739527153,220.89105649695793,0.5414760717637389,9.46130175481346,0.2556997592402291,0.6972983834087668,1.2767017721899172,1.0259998444013159,8.620139085592255,2.9360073374554525,4.7474587396478265,0.23898820109472652,0.4888641949404011,0.9974958775644325,8.85912728668698,2.976428612731537,4.847094958645928,34.50806791707873
0,1234,GradNorm,16,39,160.63442338448908,220.89105649695793,0.5414760717637389,9.46130175481346,0.2556997592402291,0.6788826170834149,1.2938780731752082,1.0272393097413768,8.620139085592255,2.9360073374554525,4.7474587396478265,0.23898820109472652,0.4888641949404011,0.9974958775644325,8.85912728668698,2.976428612731537,4.847094958645928,35.32071470899973
0,1234,GradNorm,16,40,160.49142133020612,218.7013323467018,2.4864395408376074,8.207837636251329,0.37032539694977284,0.6788826170834149,1.2938780731752082,1.0272393097413768,8.70501987790773,2.950427067037538,4.498804243159767,0.4148257761725655,0.6440696982257165,1.3076723799960774,9.119845654080295,3.0199082194795746,4.55993105457896,36.00893912499305
0,1234,GradNorm,16,41,159.9498371308904,219.01328183889993,1.4682542240082315,8.805671640422997,0.32025317606199116,0.6788826170834149,1.2938780731752082,1.0272393097413768,8.760209940368263,2.959765183315775,4.404571798857123,0.33291405545430336,0.5769870496417605,1.1877372096684236,9.093123995822568,3.01548072383535,4.470809360718592,36.73775679199025
0,1234,GradNorm,17,42,155.68382648006062,219.01328183889993,1.4682542240082315,8.805671640422997,0.32025317606199116,0.6593070025381353,1.3144667204507556,1.0262262770111092,8.760209940368263,2.959765183315775,4.404571798857123,0.33291405545430336,0.5769870496417605,1.1877372096684236,9.093123995822568,3.01548072383535,4.470809360718592,37.56210879201535
0,1234,GradNorm,17,43,156.57815283967818,207.6888105322719,10.651943755878229,4.869927637293052,0.6481924231873698,0.6593070025381353,1.3144667204507556,1.0262262770111092,7.903131893284959,2.8112509481163293,5.122140354396396,0.7700419579800644,0.8775203461915082,1.6371534519855588,8.673173851265025,2.945025271753203,5.200591256967497,38.25860025000293
0,1234,GradNorm,17,44,153.7188173725197,211.4489222225035,5.42431298181538,6.508224979504241,0.5000718855089644,0.6593070025381353,1.3144667204507556,1.0262262770111092,8.387086024092929,2.8960466198065475,4.766530715575116,0.5646947291137576,0.7514617283094047,1.4731014164776552,8.951780753206688,2.9919526656026307,4.839863481050904,38.977291084011085
0,1234,GradNorm,18,45,149.5906596021152,211.4489222225035,5.42431298181538,6.508224979504241,0.5000718855089644,0.6392905396456192,1.3384261460581968,1.0222833142961838,8.387086024092929,2.8960466198065475,4.766530715575116,0.5646947291137576,0.7514617283094047,1.4731014164776552,8.951780753206688,2.9919526656026307,4.839863481050904,39.7468042090768
0,1234,GradNorm,18,46,660.0208022209172,805.2835257234146,102.18892812922908,7.083810792440075,1.1966676729038233,0.6392905396456192,1.3384261460581968,1.0222833142961838,13.519821724577426,3.6769310198285505,8.2065042651613,1.5520508746001367,1.2458133385865382,2.0182998492630064,15.07187259917756,3.882250970658332,8.24835072318427,40.4372822920559
0,1234,GradNorm,18,47,162.84619646882888,195.6625569223201,24.29699690475662,4.413863772774884,0.729019651011668,0.6392905396456192,1.3384261460581968,1.0222833142961838,9.303767894698238,3.0502078445080163,6.148256378780661,1.0078438250020192,1.0039142518173647,1.7906287185985443,10.311611719700258,3.2111698366327897,6.229823875549484,41.10049883404281
0,1234,GradNorm,18,48,148.42390402254483,201.25972121615933,10.023835444038427,5.645539965070969,0.5729634887692174,0.6392905396456192,1.3384261460581968,1.0222833142961838,8.62363913382689,2.9366033327344176,5.21625840403495,0.7163754301082905,0.8463896443768026,1.6034611603257019,9.340014563935181,3.0561437407188787,5.30243443145666,41.79030500003137
0,1234,GradNorm,19,49,144.45651398108015,201.25972121615933,10.023835444038427,5.645539965070969,0.5729634887692174,0.6184150066250201,1.3649570778095776,1.016627915565403,8.62363913382689,2.9366033327344176,5.21625840403495,0.7163754301082905,0.8463896443768026,1.6034611603257019,9.340014563935181,3.0561437407188787,5.30243443145666,42.6465876250295
0,1234,GradNorm,19,50,158.8363530470687,209.31478661395172,13.299296702184307,10.672166564824117,0.39035628358709157,0.6184150066250201,1.3649570778095776,1.016627915565403,13.292252803808397,3.6458541939864237,6.442391664396531,0.5319671313012387,0.7293607689622734,1.4715465585149965,13.824219935109635,3.7180935888045683,6.504505707322238,43.35804049996659
0,1234,GradNorm,19,51,143.78495764845277,198.56635800019407,10.375103587733499,6.18513164058208,0.5389934879096637,0.6184150066250201,1.3649570778095776,1.016627915565403,9.25696139163264,3.0425254956421712,5.286903821229674,0.686602082218835,0.8286145558815842,1.5864307315844797,9.943563473851473,3.1533416360825024,5.374825403828296,44.03645466698799
0,1234,GradNorm,20,52,139.67062858562312,198.56635800019407,10.375103587733499,6.18513164058208,0.5389934879096637,0.5963847595728001,1.394522164078443,1.0090930763487567,9.25696139163264,3.0425254956421712,5.286903821229674,0.686602082218835,0.8286145558815842,1.5864307315844797,9.943563473851473,3.1533416360825024,5.374825403828296,44.85250437504146
0,1234,GradNorm,20,53,147.58874107555988,208.85330631124407,11.811690498096679,5.899428476768538,0.607075579991831,0.5963847595728001,1.394522164078443,1.0090930763487567,8.807630011842603,2.9677651544289354,5.509604625595044,0.6794895837923828,0.8243115817410203,1.5659192889205222,9.487119595634985,3.0801168152579836,5.584349693664139,45.5700106669683
0,1234,GradNorm,20,54,138.17579446363607,196.42021651976205,10.612305680312637,5.626050507354511,0.5574667619290397,0.5963847595728001,1.394522164078443,1.0090930763487567,8.829706151469917,2.971482147257479,5.336566391426338,0.6857164373569069,0.8280799703874662,1.582509918569429,9.515422588826823,3.0847078611801835,5.420150012633373,46.28949350002222
0,1234,GradNorm,21,55,133.96704831055533,196.42021651976205,10.612305680312637,5.626050507354511,0.5574667619290397,0.5734842940177164,1.4267164798984475,0.9997992260838362,8.829706151469917,2.971482147257479,5.336566391426338,0.6857164373569069,0.8280799703874662,1.582509918569429,9.515422588826823,3.0847078611801835,5.420150012633373,47.1181875000475
0,1234,GradNorm,21,56,137.89942291676317,216.17271498825642,1.9005811903241085,11.119431343776506,0.09897671820938976,0.5734842940177164,1.4267164798984475,0.9997992260838362,10.344281493219887,3.2162527097881917,5.42296199305928,0.26844671760646294,0.5181184397475764,1.103097502172464,10.61272821082635,3.25771825221678,5.533923037766427,47.83546745905187
0,1234,GradNorm,21,57,133.39741869949304,200.20801257502188,7.92908907626676,6.834660103421018,0.43541801357759785,0.5734842940177164,1.4267164798984475,0.9997992260838362,9.25283474994593,3.0418472594701282,5.388279796342295,0.5726051566209553,0.7567067837815089,1.4882854180759337,9.825439906566885,3.134555774996975,5.460899558606022,48.505077000008896
0,1234,GradNorm,22,58,128.92979214326618,200.20801257502188,7.92908907626676,6.834660103421018,0.43541801357759785,0.5501866325394529,1.4609995165361462,0.9888138509244011,9.25283474994593,3.0418472594701282,5.388279796342295,0.5726051566209553,0.7567067837815089,1.4882854180759337,9.825439906566885,3.134555774996975,5.460899558606022,49.37753066699952
0,1234,GradNorm,22,59,128.42243561726764,202.76401900432174,6.414337264489148,7.212814600595049,0.3609081775776818,0.5501866325394529,1.4609995165361462,0.9888138509244011,9.1073471173926,3.0178381529486633,5.047084594395341,0.5150465793306024,0.7176674573440002,1.4291026330001824,9.622393696723202,3.101998339252167,5.117396727548758,50.19384879199788
0,1234,GradNorm,23,60,123.75238841846944,202.76401900432174,6.414337264489148,7.212814600595049,0.3609081775776818,0.5264519639496328,1.4969481510654439,0.9765998849849232,9.1073471173926,3.0178381529486633,5.047084594395341,0.5150465793306024,0.7176674573440002,1.4291026330001824,9.622393696723202,3.101998339252167,5.117396727548758,51.12310766696464
0,1234,GradNorm,23,61,123.5535939475623,201.67774911560912,6.766755620500235,7.064179487814884,0.35158765057617253,0.5264519639496328,1.4969481510654439,0.9765998849849232,9.123957209671364,3.0205888845838262,5.0838540825869085,0.5206598673537125,0.7215676457226394,1.4355774420825245,9.644617077025075,3.1055783804349675,5.15342200993631,51.88869095908012
0,1234,GradNorm,23,62,122.23558827109791,191.9659150170502,10.261226792502748,5.670430896514511,0.2764886629323193,0.5264519639496328,1.4969481510654439,0.9765998849849232,9.151831829848527,3.025199469431483,5.345134645133939,0.565622454633514,0.7520787556057636,1.485506169171451,9.71745428448204,3.117283157571997,5.408252244790251,52.63032258406747
0,1234,GradNorm,24,63,117.81990367609046,191.9659150170502,10.261226792502748,5.670430896514511,0.2764886629323193,0.5018133692997804,1.5349316134730877,0.963255017227132,9.151831829848527,3.025199469431483,5.345134645133939,0.565622454633514,0.7520787556057636,1.485506169171451,9.71745428448204,3.117283157571997,5.408252244790251,53.521659334073775
0,1234,GradNorm,24,64,116.71603321144588,186.53862098734018,12.018248791694349,4.67229945799929,0.16065340539215786,0.5018133692997804,1.5349316134730877,0.963255017227132,9.021855370909137,3.0036403531230462,5.406543352800406,0.5000086819120021,0.7071129201987488,1.4330010387988767,9.521864052821138,3.085751780817948,5.456077434297421,54.266606291988865
0,1234,GradNorm,25,65,112.37678644445079,186.53862098734018,12.018248791694349,4.67229945799929,0.16065340539215786,0.4763409067752601,1.5748633199562652,0.9487957732684752,9.021855370909137,3.0036403531230462,5.406543352800406,0.5000086819120021,0.7071129201987488,1.4330010387988767,9.521864052821138,3.085751780817948,5.456077434297421,55.181699334061705
0,1234,GradNorm,25,66,111.67253673456163,190.48390147624366,10.404732315099663,4.742926170160172,0.051162799091921875,0.4763409067752601,1.5748633199562652,0.9487957732684752,8.960497132820343,2.9934089484766933,5.425562418679269,0.33642986539187836,0.5800257454560774,1.2571675757134528,9.296926998212221,3.0490862562761687,5.456853923772853,55.940058542066254
0,1234,GradNorm,26,67,107.03592104047189,190.48390147624366,10.404732315099663,4.742926170160172,0.051162799091921875,0.4501084846012138,1.6165143371620245,0.9333771782367619,8.960497132820343,2.9934089484766933,5.425562418679269,0.33642986539187836,0.5800257454560774,1.2571675757134528,9.296926998212221,3.0490862562761687,5.456853923772853,56.91752408398315
0,1234,GradNorm,26,68,106.57324408567777,191.11839580802754,10.085065061506638,4.524620358410476,0.023402923248440993,0.4501084846012138,1.6165143371620245,0.9333771782367619,8.691892035312405,2.9482014916406927,5.418987664373705,0.28095470445525905,0.5300516054642784,1.1820505327828308,8.972846739767665,2.995471038045213,5.443327382994545,57.76034487504512
0,1234,GradNorm,27,69,101.78941770795967,191.11839580802754,10.085065061506638,4.524620358410476,0.023402923248440993,0.42318618891391785,1.6596235543460276,0.9171902567400543,8.691892035312405,2.9482014916406927,5.418987664373705,0.28095470445525905,0.5300516054642784,1.1820505327828308,8.972846739767665,2.995471038045213,5.443327382994545,58.62146216700785
0,1234,GradNorm,27,70,101.59510169733653,204.08920437495993,6.668486922023594,4.5096950553712665,0.023942766129427754,0.42318618891391785,1.6596235543460276,0.9171902567400543,7.8280674494113285,2.7978683759982936,5.114168557940753,0.15164882707698696,0.38942114359262386,0.8689418391171759,7.979716276488315,2.824839159401525,5.1210872197033,59.39194904197939
0,1234,GradNorm,28,71,96.23140954389058,204.08920437495993,6.668486922023594,4.5096950553712665,0.023942766129427754,0.3958379023416537,1.703382039282562,0.9007800583757837,7.8280674494113285,2.7978683759982936,5.114168557940753,0.15164882707698696,0.38942114359262386,0.8689418391171759,7.979716276488315,2.824839159401525,5.1210872197033,60.14620191697031
0,1234,GradNorm,28,72,95.96444178599006,201.79723385968455,6.927969071917353,4.7459916421261985,0.00937532236987135,0.3958379023416537,1.703382039282562,0.9007800583757837,8.053844119124198,2.8379295479493845,5.136655719924617,0.16614699281822717,0.40761132567462743,0.9341406087053183,8.219991111942425,2.867052687332834,5.1454023288570445,60.82160783407744
0,1234,GradNorm,29,73,90.59520688488357,201.79723385968455,6.927969071917353,4.7459916421261985,0.00937532236987135,0.3680978981110959,1.7478221834936467,0.8840799183952572,8.053844119124198,2.8379295479493845,5.136655719924617,0.16614699281822717,0.40761132567462743,0.9341406087053183,8.219991111942425,2.867052687332834,5.1454023288570445,61.63525358401239
0,1234,GradNorm,29,74,90.1815957390186,205.33900924264913,4.96662542173961,6.691264273391581,0.00034757458345090057,0.3680978981110959,1.7478221834936467,0.8840799183952572,8.709423693287505,2.95117327401959,4.898618533655497,0.1857603820923851,0.4309992831692242,0.9902648847686708,8.895184075379893,2.9824795180151518,4.912725107987862,62.368858625064604
0,1234,GradNorm,30,75,84.62032788119434,205.33900924264913,4.96662542173961,6.691264273391581,0.00034757458345090057,0.34048954773105433,1.7924293848414308,0.8670810674275148,8.709423693287505,2.95117327401959,4.898618533655497,0.1857603820923851,0.4309992831692242,0.9902648847686708,8.895184075379893,2.9824795180151518,4.912725107987862,63.14288620906882
0,1234,GradNorm,30,76,84.27371949028924,209.44253626474162,3.4164005257593746,7.884693284032011,0.00040008004657000136,0.34048954773105433,1.7924293848414308,0.8670810674275148,8.932672757513503,2.988757728139486,4.831799652386474,0.16314870899490838,0.4039167104675274,0.9063452809755863,9.095821466508413,3.015927961093967,4.915606637944973,63.84499916702043
0,1234,GradNorm,31,77,78.62000646966798,209.44253626474162,3.4164005257593746,7.884693284032011,0.00040008004657000136,0.3134219979407647,1.8367496836291226,0.8498283184301133,8.932672757513503,2.988757728139486,4.831799652386474,0.16314870899490838,0.4039167104675274,0.9063452809755863,9.095821466508413,3.015927961093967,4.915606637944973,64.67630499997176
0,1234,GradNorm,31,78,79.83461686240247,225.70819891499036,0.2048193682337594,10.244203659140993,0.01068592774677285,0.3134219979407647,1.8367496836291226,0.8498283184301133,7.9719511852300595,2.8234643941849273,5.657872984228416,0.12971798896455744,0.3601638362808757,0.6616555840531677,8.101669174194617,2.8463431230606435,5.6597887461279965,65.38503037497867
0,1234,GradNorm,31,79,78.20887729289541,215.84493320692047,1.3927106926265074,9.413333541907258,0.0005487429820270363,0.3134219979407647,1.8367496836291226,0.8498283184301133,8.980740539704833,2.99678837085718,5.113409297654853,0.1336886455644984,0.36563457927895493,0.7263775462762856,9.114429185269332,3.0190112926700574,5.1643808452978055,66.08226233406458
0,1234,GradNorm,32,80,72.51976173767468,215.84493320692047,1.3927106926265074,9.413333541907258,0.0005487429820270363,0.28754355958037603,1.8800116763912396,0.8324447640283847,8.980740539704833,2.99678837085718,5.113409297654853,0.1336886455644984,0.36563457927895493,0.7263775462762856,9.114429185269332,3.0190112926700574,5.1643808452978055,66.97516920906492
0,1234,GradNorm,32,81,72.16552113230223,217.7452159746315,1.0638140179884705,9.068823913030515,0.005008891734281129,0.28754355958037603,1.8800116763912396,0.8324447640283847,8.649687476980056,2.941035102983311,4.948394712239756,0.1272847079737248,0.35676982492038867,0.6152844642863262,8.776972184953781,2.962595514908132,4.979483219476314,67.67386062501464
0,1234,GradNorm,33,82,66.66308787998392,217.7452159746315,1.0638140179884705,9.068823913030515,0.005008891734281129,0.26279188964506384,1.9221532948452915,0.8150548155096445,8.649687476980056,2.941035102983311,4.948394712239756,0.1272847079737248,0.35676982492038867,0.6152844642863262,8.776972184953781,2.962595514908132,4.979483219476314,68.53872595902067
0,1234,GradNorm,33,83,66.52656194501189,222.00825516786594,0.4241839231183068,9.03933658914133,0.001691711210469853,0.26279188964506384,1.9221532948452915,0.8150548155096445,8.1680959207932,2.857988089687079,4.832626979352111,0.1383591468884911,0.37196659378026287,0.7256565704216281,8.306455067681691,2.88209213379477,4.847044667915781,69.2546580840135
0,1234,GradNorm,34,84,61.170130254343285,222.00825516786594,0.4241839231183068,9.03933658914133,0.001691711210469853,0.23928743357159737,1.9628621612481443,0.7978504051802578,8.1680959207932,2.857988089687079,4.832626979352111,0.1383591468884911,0.37196659378026287,0.7256565704216281,8.306455067681691,2.88209213379477,4.847044667915781,70.08577891706955
0,1234,GradNorm,34,85,61.13125792445739,222.56509833683327,0.39842236123351976,8.887729989170827,0.0010995907732616315,0.23928743357159737,1.9628621612481443,0.7978504051802578,8.068129606633647,2.8404453183671126,4.802950029353821,0.13969365019560304,0.37375613733503166,0.7442541676211305,8.207823256829249,2.8649298868958817,4.8162564118866,71.00496245897375
0,1234,GradNorm,35,86,56.01721002337163,222.56509833683327,0.39842236123351976,8.887729989170827,0.0010995907732616315,0.2169197659343641,2.0022745089860794,0.7808057250795566,8.068129606633647,2.8404453183671126,4.802950029353821,0.13969365019560304,0.37375613733503166,0.7442541676211305,8.207823256829249,2.8649298868958817,4.8162564118866,72.09419570898172
0,1234,GradNorm,35,87,56.013941370289984,225.50320952429314,0.21030370589943967,8.551073498944515,2.5049812740184716e-05,0.2169197659343641,2.0022745089860794,0.7808057250795566,7.653792375519436,2.7665488203752044,4.7050108239391655,0.1493755665752234,0.3864913538169042,0.8250479885348203,7.8031679420946585,2.7934151037922486,4.712884588421213,73.07506187504623
0,1234,GradNorm,36,88,51.07267244199308,225.50320952429314,0.21030370589943967,8.551073498944515,2.5049812740184716e-05,0.19560833374305497,2.0403655006470554,0.764026165609889,7.653792375519436,2.7665488203752044,4.7050108239391655,0.1493755665752234,0.3864913538169042,0.8250479885348203,7.8031679420946585,2.7934151037922486,4.712884588421213,73.95321666705422
0,1234,GradNorm,36,89,51.04268442954273,225.52457015383052,0.1962937772135432,8.543722878793947,6.016149659866114e-05,0.19560833374305497,2.0403655006470554,0.764026165609889,7.629262746747201,2.762112008363745,4.711885149127961,0.14750650535419563,0.38406575654983305,0.8139522333027254,7.776769252101396,2.7886859364405656,4.7205077500714605,74.66617158404551
0,1234,GradNorm,37,90,46.31607603841651,225.52457015383052,0.1962937772135432,8.543722878793947,6.016149659866114e-05,0.17524465934267647,2.077272800170067,0.747482540487257,7.629262746747201,2.762112008363745,4.711885149127961,0.14750650535419563,0.38406575654983305,0.8139522333027254,7.776769252101396,2.7886859364405656,4.7205077500714605,75.50769112503622
0,1234,GradNorm,37,91,46.68597223764028,230.4828363537415,0.1366781195640699,8.036238381175666,0.0042204752237780105,0.17524465934267647,2.077272800170067,0.747482540487257,6.87781005079795,2.622557921342816,4.846702564424568,0.14521326872752724,0.38106858795698084,0.822636949565388,7.023023319525479,2.6500987376936505,4.851628113576137,76.25848212500568
0,1234,GradNorm,37,92,46.27796138002664,226.65730391707407,0.13506563317637132,8.396744583806118,0.0004912281884633336,0.17524465934267647,2.077272800170067,0.747482540487257,7.4301840638347905,2.725836397114616,4.6880147289589225,0.14730222103494947,0.38379971474057856,0.818122105011307,7.577486284869741,2.752723430508365,4.6965964589046525,77.08231291698758
0,1234,GradNorm,38,93,41.72383891617164,226.65730391707407,0.13506563317637132,8.396744583806118,0.0004912281884633336,0.15573375126066938,2.1130598060005967,0.7312064427387345,7.4301840638347905,2.725836397114616,4.6880147289589225,0.14730222103494947,0.38379971474057856,0.818122105011307,7.577486284869741,2.752723430508365,4.6965964589046525,78.2481960420264
0,1234,GradNorm,38,94,41.698982887471885,227.84045497511542,0.10444044459556961,8.197712710318026,0.001624890158040706,0.15573375126066938,2.1130598060005967,0.7312064427387345,7.245834254286389,2.6918087328572193,4.656492092306107,0.1483404124736882,0.3851498571643098,0.8284613191309267,7.394174666760077,2.719223173400829,4.664685620446696,79.0924674590351
0,1234,GradNorm,39,95,37.29923184875355,227.84045497511542,0.10444044459556961,8.197712710318026,0.001624890158040706,0.1369828040523913,2.147809850802726,0.7152073451448822,7.245834254286389,2.6918087328572193,4.656492092306107,0.1483404124736882,0.3851498571643098,0.8284613191309267,7.394174666760077,2.719223173400829,4.664685620446696,79.97105925006326
0,1234,GradNorm,39,96,37.35051433278477,233.90736543658747,0.05150874121727335,7.2441491039532995,0.017527896512602642,0.1369828040523913,2.147809850802726,0.7152073451448822,6.438418720786074,2.5374039333117766,4.551581102237498,0.1549192291043749,0.3935978011935215,0.88569175302855,6.593337949890449,2.5677495886262838,4.5594818019115655,80.64900520897936
0,1234,GradNorm,39,97,37.26098801526339,230.19986659682732,0.06933467843523242,7.792084380517195,0.005691108063534687,0.1369828040523913,2.147809850802726,0.7152073451448822,6.908990874658457,2.628495933924657,4.6017051503831246,0.15108060199202109,0.38869088231140836,0.8519591177558017,7.060071476650476,2.6570795013793767,4.606761085205675,81.39007745904382
0,1234,GradNorm,40,98,32.98224098645171,230.19986659682732,0.06933467843523242,7.792084380517195,0.005691108063534687,0.11891640354439842,2.1815593531499413,0.6995242433056607,6.908990874658457,2.628495933924657,4.6017051503831246,0.15108060199202109,0.38869088231140836,0.8519591177558017,7.060071476650476,2.6570795013793767,4.606761085205675,82.61219220899511
0,1234,GradNorm,40,99,32.91857796697811,233.19726074939106,0.047388320255964934,7.244507047848294,0.01650965820215112,0.11891640354439842,2.1815593531499413,0.6995242433056607,6.537408294010154,2.5568356016784017,4.489510449086785,0.15441634722586012,0.39295845483442665,0.8776400121216363,6.691824641236014,2.586856130757181,4.496049829038915,83.536908625043
0,1234,GradNorm,41,100,28.7447323452336,233.19726074939106,0.047388320255964934,7.244507047848294,0.01650965820215112,0.10148677140238806,2.214290818638931,0.6842224099586814,6.537408294010154,2.5568356016784017,4.489510449086785,0.15441634722586012,0.39295845483442665,0.8776400121216363,6.691824641236014,2.586856130757181,4.496049829038915,84.45505025004968
0,1234,GradNorm,45,110,13.011320227060725,250.0018584811989,0.04479001846993599,4.553149555857055,0.0005516140514377816,0.04015560299629601,2.3300761350124106,0.6297682619912929,5.123882665228157,2.263599493114486,3.5104016353521086,0.15573630580264064,0.394634395108486,0.9079887666308246,5.279618971030797,2.2977421463320895,3.5207892916686547,91.53387408400886
0,1234,GradNorm,50,120,2.469855084438037,253.1110913191814,0.022314407743865405,4.202729728781103,0.006554329158051885,1.0023588027761366e-12,2.426765680495996,0.5732343195030016,5.279396355895006,2.297693703672229,3.5422509088159133,0.15235130992489204,0.39032205923428415,0.8975408040600361,5.431747665819899,2.3306110069721844,3.546388996647083,98.69589974998962
0,1234,GradNorm,55,130,2.2250116223054976,255.32874232736833,0.004835182760814198,4.183892394290816,3.169080693359154e-05,1.0016039026447025e-12,2.471059075988268,0.5289409240107309,5.328311869556698,2.308313641937919,3.5485335265417435,0.17356581322167364,0.41661230565319796,0.9982867400505855,5.501877682778372,2.345608169063702,3.5562500619122224,106.97556616703514
0,1234,GradNorm,60,140,3.236914867580849,255.54064330826762,0.0028088444399881913,4.175942829298337,1.186485981551021e-06,0.004470607043361713,2.4956465919862962,0.49988280097034193,5.263158250572823,2.2941574162582703,3.5287186597577,0.23926914264656055,0.4891514516451531,1.2205025092163675,5.502427393219383,2.3457253447962283,3.5362287644738344,115.50419000000693
0,1234,GradNorm,64,150,5.984932616977851,254.4032511231051,0.00500404906513858,4.169892082402739,0.0007625828493054812,0.015548506898725783,2.500970311575968,0.4834811815253064,5.203876471542118,2.2812006644620544,3.5618468164659016,0.20332885967229528,0.4509200147169066,1.068080664554516,5.407205331214413,2.3253398313395857,3.5618845346572225,122.3068778750021
0,1234,GradNorm,68,160,8.969988312262284,252.91457404966528,0.013812566635594499,4.1385683232456065,0.000299560390502159,0.027612369073158182,2.5008295553011926,0.4715580756256493,5.073772726858756,2.252503657457354,3.4646755180030095,0.20975727046412346,0.45799265328618916,1.0134454094515308,5.283529997322881,2.2985930473493736,3.4744938776790084,130.07114358397666
0,1234,GradNorm,72,170,9.229938156103968,251.45946431685024,0.04099857968129831,3.9791816246292977,0.0004296007007559292,0.028993378140935725,2.5096156334542377,0.4613909884048263,4.856336516511737,2.203709716934546,3.5869287324677224,0.3027614954123025,0.5502376717494928,1.1457849833230582,5.15909801192404,2.2713647905882577,3.5921894569122905,137.57576987496577
0,1234,GradNorm,76,180,6.429033833214481,251.00792898122714,0.05564982130413472,3.711373805382426,0.00020924313928056995,0.018388878336952828,2.5310453230732937,0.4505657985897531,4.642046171724727,2.154540826191216,3.6698074436815906,0.2357900934709996,0.48558222112326105,0.9675740085424931,4.877836265195726,2.2085824107774936,3.671851163291618,147.27749654196668
0,1234,GradNorm,80,190,3.624845818316082,250.469376889247,0.036268571534020036,3.361715040817378,0.0005019217094412806,0.008237373388608499,2.5549409326405406,0.436821693970851,3.7535488769608505,1.9374077725045005,3.010503560354083,0.260003527394193,0.5099054102421282,1.1641848034733266,4.013552404355043,2.003385236132842,3.0236952279041507,155.47184683405794
0,1234,GradNorm,85,200,5.3598736809180725,246.81825074394283,0.07122442757031323,2.7083886484656334,0.0031276096390218007,0.01643262379784708,2.5708620455101623,0.41270533069199034,2.9601440830662407,1.7205069261895578,2.797368389701579,0.3170955006457387,0.5631123339492208,1.3745792515553807,3.2772395837119794,1.8103147747593453,2.8849638252810688,162.6409531669924
0,1234,GradNorm,89,210,2.7674385768326015,246.00929761875412,0.04084260261392141,2.64791881164107,0.00013720504523836763,0.0065870342940612114,2.6004168147114277,0.39299615099451124,2.8466033494571947,1.6871880006262476,2.718651574259281,0.27829049510137355,0.5275324588130796,1.2393158600104366,3.1248938445585686,1.7677369274183783,2.796695729265905,170.40076670900453
0,1234,GradNorm,94,220,2.6744976459059155,245.66324870462734,0.023366548465918947,2.493695482989435,1.8923728441163903e-05,0.0069268563814715136,2.627588661408653,0.3654844822098753,2.7994369755401136,1.6731518088745305,2.727601631728358,0.2293625842832249,0.47891813943848993,1.2657825107408767,3.028799559823339,1.740344666962076,2.777843046243177,177.8339918750571
0,1234,GradNorm,99,230,8.184875871541365,241.09830040469106,0.018169505675385462,2.474572809694275,5.1672480128376546e-05,0.03031929996361579,2.6354787077589164,0.3342019922774673,2.631024008929742,1.6220431587752966,2.593440566707159,0.23743912706076925,0.48727725892018525,1.4633798052667253,2.868463135990511,1.6936537827993392,2.8815574502073704,184.4140361250611
0,1234,GradNorm,104,240,4.80473318931731,236.0892056259383,0.01380940647669055,2.5167709364851407,0.0007358372954155669,0.016947603112843435,2.6787500719710575,0.30430232491609877,2.5848803230871287,1.6077563009010813,2.506110472454016,0.28190549715123037,0.5309477348583667,1.6677138763839439,2.8667858202383587,1.6931585336991803,2.838567411741277,190.99355829204433
0,1234,GradNorm,109,250,3.271160149419601,235.34870619256353,0.012713852210669998,2.2683741872195053,0.0007409223834193379,0.011109760375718092,2.7150231249114616,0.27386711471282027,2.5527279570768644,1.5977258704411292,2.5671851130655137,0.3106448505119449,0.5573552282987438,1.655037417010449,2.8633728075888096,1.692150350172469,2.932315570249431,197.53834354202263
0,1234,GradNorm,114,260,4.885171586563096,223.6324635455018,0.03204489483768894,2.2330531893401186,0.0005100158211639886,0.0190430187966478,2.7399311239855453,0.24102585721780667,2.393081798102625,1.546958887011101,2.5776547304384487,0.3492542478657773,0.5909773666273331,1.51387976805135,2.742336045968402,1.6560000138793483,2.622280663173298,204.23738750000484
0,1234,GradNorm,119,270,0.4770260585681824,223.1800310593218,0.02235303178060556,2.0251031475711945,0.00018455989213658533,1.0025797643207255e-12,2.7953901488350477,0.2046098511639499,2.4638948085885466,1.5696798427031375,2.612680811929118,0.3466188725471572,0.5887434692182641,1.455467582167058,2.8105136811357037,1.6764586726596344,2.763213107149716,210.98115683405194
0,1234,GradNorm,124,280,0.40058965914292916,224.97705091626509,0.018403349167502362,1.9698691998600812,8.819008612127141e-07,0.00010784419551309792,2.835339829533952,0.16455232627053515,2.39428145452925,1.5473465851350983,2.5863630003585363,0.32378899825386925,0.5690246025031512,1.4234856373053988,2.7180704527831194,1.6486571665398235,2.7351954704768584,218.170721167
0,1234,GradNorm,129,290,1.6140621665319097,224.40270900363515,0.012850023132871655,2.0190710594384806,2.727073684548154e-05,0.005884296487366639,2.8669570491170253,0.12715865439560847,2.401188615735317,1.5495769150756333,2.5171052678253933,0.30562650945520003,0.5528349748841873,1.3796793379084225,2.7068151251905164,1.6452401421040384,2.686411954003257,225.59273208398372
0,1234,GradNorm,132,300,2.2024970438375555,195.45954318273922,0.03509386397492931,2.1527145539341705,0.007202350489534325,0.009566020328810014,2.8862704495643525,0.10416353010683782,2.2110585124524516,1.4869628483766673,2.3970060259129125,0.4028851136658849,0.6347323165444508,2.099420759366876,2.613943626118336,1.6167695030889024,3.036453709096747,232.92731129203457
0,1234,GradNorm,137,310,1.098374777401062,196.43209610617657,0.016211704322603937,2.0826598735272572,1.1858211901776784e-05,0.004736613499696542,2.937491951248366,0.05777143525193752,2.254790060651811,1.5015958379843128,2.3547424126289873,0.4245067837817152,0.6515418511359921,2.118287436801124,2.679296844433526,1.6368557799737662,2.963192647869761,239.96740429196507
0,1234,GradNorm,142,320,0.5582498126570661,134.840861641192,0.04866714800707747,2.564917294670313,0.004302843562416458,0.002624643489267143,2.9758496471273967,0.021525709383335777,2.7582989967839078,1.660812751872982,2.74807326077402,1.046414781670477,1.0229441732912294,2.9376462080452956,3.804713778454384,1.9505675529072004,3.685775009499718,246.6963942090515
0,1234,GradNorm,147,330,1.032253942994476,127.59131916791203,0.043179006216803505,2.509288402713301,0.0007110858947562868,0.006854475404251289,2.981900991448773,0.011244533146975681,2.695177681142398,1.6416996318274542,2.75767548215016,1.1146876790420677,1.0557877054796896,2.9912101066053864,3.8098653601844656,1.9518876402560845,3.725897701546667,253.5536122500198
0,1234,GradNorm,151,340,0.292746496947767,150.90963238033754,0.01100884643041062,2.228036698194983,4.44577967126475e-05,0.001435937237872693,2.979171186326438,0.01939287643568954,2.299826486346965,1.516517881974019,2.494728472502026,0.7666427697893071,0.8755813895859751,2.622868792186722,3.066469256136272,1.7511337059563075,3.469609946845529,260.1932299999753
0,1234,GradNorm,156,350,0.09658129337699353,123.8530782774295,0.012904244775375589,2.0242893646373443,5.358978688175054e-06,9.990520290266514e-13,2.9712321626628935,0.028767837336107313,2.0923854395393575,1.4465080157190133,2.491675114502837,0.8531383474685911,0.923654885478657,2.743623116777696,2.9455237870079487,1.7162528330662556,3.7061992233485888,266.9835776250111
0,1234,GradNorm,160,360,0.341997412991947,92.05695841601921,0.019409987909680442,1.8887191867571225,0.0003867917695975632,0.0022922722310658996,2.958973878355037,0.03873384941389723,2.11746191057076,1.4551501333438965,2.499631496070544,1.0849930582539833,1.0416300006499348,3.025152143595898,3.202454968824744,1.789540435090737,3.84972054613213,273.60860337503254
0,1234,GradNorm,165,370,0.39661509616052587,99.92546346296561,0.01735578983084002,2.0002518337065154,0.0005386437541645052,0.0024173550462658813,2.9458927366582994,0.05168990829543468,1.3673041296147206,1.1693178052243627,3.386118847076728,0.7552511237606675,0.8690518533210015,2.518078468998804,2.122555253375388,1.4568991912192786,4.21977724797928,280.3610047920374
0,1234,GradNorm,170,380,0.0829271665779306,94.44175839333607,0.00427817825554178,1.6287996466041355,0.00025568150828361095,1.001151769812894e-12,2.957010755738984,0.04298924426001468,1.5041102897635112,1.2264217422092252,2.6470054071999276,0.8887271409415582,0.9427232578766466,2.677929830792235,2.3928374307050695,1.5468799018362962,3.765361311267829,287.2438976250123
0,1234,GradNorm,175,390,1.3656805965061394,92.67179982363866,0.005871614401247399,1.3970387962203574,0.0012715550131261093,0.013787559157701208,2.936500779939915,0.04971166090238407,1.3862595085741498,1.1773952219090027,2.7335641548307468,0.8359673731037834,0.914312513916212,2.6355242613050622,2.2222268816779334,1.490713547827997,3.4521927480488617,293.91901116701774
0,1234,GradNorm,180,400,0.151124028219485,85.57578410503241,0.0038867726012464182,1.2429230516435472,1.0043824607293339e-05,0.0006135811107087546,2.929212229278269,0.07017418961102219,1.2146129854240992,1.102094816893764,2.544754320122969,0.795193885620212,0.8917364440350142,2.514673920005967,2.0098068710443115,1.4176765749085056,3.1207056108846776,301.03590150002856
0,1234,GradNorm,184,410,0.18471079990870423,85.95183457165886,0.003638549638404496,1.0282573611975556,4.742575414399507e-05,0.0009692197438874404,2.91075889252289,0.08827188773322182,1.066920985694531,1.032918673320669,2.5096558530508175,0.8567171972435439,0.9255901886059207,2.5819768707579027,1.9236381829380746,1.3869528409207268,2.800294495633139,308.4554060000228
0,1234,GradNorm,189,420,0.5586933352426349,81.66614193665974,0.0037535239040767986,0.9757930434451887,2.2343264023337625e-06,0.00542346571586015,2.887032177012002,0.10754435727213783,0.9142026332397322,0.9561394423616946,2.572280303687336,0.7926930362066363,0.8903331040720862,2.470947532889323,1.7068956694463686,1.3064821734131578,2.6282536146935187,316.1875996669987
0,1234,GradNorm,194,430,0.5317496782982676,76.49918058566998,0.004527732662330563,0.9161301744685502,0.00018824861702720908,0.005321810248947051,2.8730372209842785,0.12164096876677456,0.7740468157236347,0.8797993042300242,2.565747827357554,0.7556610351792495,0.8692876596266909,2.408462788125878,1.5297078509028843,1.2368135877741981,2.6503021968390774,322.78358533408027
0,1234,GradNorm,199,440,0.21742139336603397,66.4863726557995,0.007695075463672228,0.7637571470790969,0.0007166144964111125,0.0013847346152094345,2.8642820799589392,0.13433318542585088,0.6681905752696858,0.8174292478677808,2.3801286968336117,0.7838268401664258,0.8853399573985271,2.420390137050613,1.4520174154361118,1.204996852873945,2.589395155406888,329.5726882920135
0,1234,GradNorm,203,450,0.5575378878009258,63.907123157005,0.0075473540457541705,0.7290943375237432,1.3923335938314718e-05,0.00679334462215387,2.853520585036381,0.13968607034146496,0.6660791099325357,0.8161366980675087,2.363355481310356,0.8083164864682043,0.8990642282218798,2.358544626267542,1.47439559640074,1.2142469256295196,2.5434622379002936,336.0777486669831
0,1234,GradNorm,208,460,5.276231789712796,294.2581829556964,1.3048410976109135,6.066834178573444,0.13944282911384404,0.0017718995076872242,2.8505626642774398,0.14766543621487352,3.732100873444038,1.93186461053668,3.732765349821421,2.471978039740839,1.5722525368848477,2.829466395848918,6.204078913184878,2.490798850406206,4.5247627444361305,342.74342412501574
0,1234,GradNorm,212,470,0.2302605521273167,61.46357443059613,0.0041352639533112434,0.5701551272259563,0.00015848178726372017,0.002212442650568233,2.853409595920062,0.14437796142936948,0.583267595914441,0.7637195793708846,2.1043604554705113,0.9296121853154391,0.964163982585659,2.4254943664918285,1.51287978122988,1.2299917809602956,2.5494092650669815,349.4698498750804
0,1234,GradNorm,216,480,0.23985249775774836,60.86306268218079,0.00415782820727184,0.5202913060882985,0.00010145224411017941,0.002592391126351599,2.862738034107317,0.13466957476633112,0.5975053591728644,0.7729847082399912,1.922591207306487,0.9815151821914561,0.9907144806610308,2.4532697954285725,1.5790205413643206,1.2565908408723663,2.5624023383877295,355.9072591670556
0,1234,GradNorm,221,490,0.10034137196989265,61.11789155157506,0.0031803799600715324,0.5076720478578438,2.9329946530872864e-06,0.0005081368989149847,2.881070364622935,0.11842149847815028,0.5946547553650985,0.7711386096967902,1.8240824898966383,1.0055418531137335,1.0027670981408063,2.4565082285678472,1.600196608478832,1.2649887780050983,2.5626504012518345,362.6645420000423
0,1234,GradNorm,226,500,0.2214169338583661,60.727835058977654,0.002570384134909652,0.49543770282655736,8.291623576904245e-06,0.002720041720623743,2.8988310764436425,0.09844888183573347,0.5836273151458528,0.7639550478567785,1.7818282761208828,0.9701845391189918,0.98497946126759,2.412124271563873,1.5538118542648447,1.2465198972599052,2.535588853669742,369.27638516703155
0,1234,GradNorm,231,510,0.06995563644846299,60.58989003899845,0.00245822734186127,0.4900438330931662,5.462801169870753e-11,0.00039043018348897346,2.919775809775705,0.0798337600408054,0.5813289988151744,0.7624493418025714,1.7658935150662802,0.9523199294032653,0.9758688074753006,2.386619052638867,1.53364892821844,1.2384058011081989,2.522974290303502,375.84504683397245
0,1234,GradNorm,236,520,0.18882903876002682,60.51722924442358,0.002359309272533672,0.48539706914800007,9.257045865065072e-07,0.0024594686751215154,2.929397290801056,0.06814324052382291,0.585237879409307,0.7650084178682657,1.7352514910670012,0.9517749367979598,0.9755895329481348,2.379042913409984,1.5370128162072667,1.2397632097329179,2.5229077790297367,382.36454233399127
0,1234,GradNorm,240,530,0.18026455971436536,60.646540527526966,0.0022610268955426706,0.48057063596846866,1.8177328067673914e-05,0.0023682430787029824,2.935239310808386,0.062392446112911254,0.6123150721325135,0.7825056371250712,1.5705887573808401,0.9736285994784777,0.986726202894439,2.372680573585598,1.5859436716109911,1.2593425553085194,2.5339573900006163,388.8890918340767
0,1234,GradNorm,244,540,0.17647091187581251,60.588823195558696,0.0021917181069794653,0.47730077189876124,1.0924736289436114e-05,0.0023443599447475487,2.9390418111386802,0.05861382891657195,0.6083451434668956,0.7799648347630139,1.6074389021856648,0.9675748583120811,0.9836538305278342,2.367317743547291,1.5759200017789765,1.255356523772819,2.5362187032796744,395.425810417044
0,1234,GradNorm,249,550,0.04723401552478691,60.62064379656549,0.0021436036280362645,0.47219614736637533,1.2417349834247672e-07,0.00023939859667453613,2.943828350980039,0.05593225042328616,0.6115092355824555,0.781990559778349,1.5965517118103287,0.9599274401257377,0.9797588683577902,2.3497770170567964,1.571436675708193,1.253569573541171,2.529193727344244,402.09912720904686
0,1234,GradNorm,254,560,0.17621432496911923,60.75972397421329,0.0020459398917293857,0.45744519433298075,1.0208524316478397e-05,0.002395236252338936,2.943723903174061,0.05388086057360017,0.6086904829741618,0.7801861848137032,1.6125950678557277,0.9351371895972969,0.9670249167406685,2.311166861623348,1.5438276725714588,1.242508620723196,2.4960357734719665,408.80147204198875
0,1234,GradNorm,259,570,0.051592044892485076,60.86386934185963,0.0019495606418112933,0.45137437964578503,5.386738356496097e-06,0.0003597413452335542,2.9465870530353144,0.05305320561945181,0.6018240555726873,0.7757731985398099,1.6225264717570225,0.9347301010974411,0.9668144088176599,2.3022001292504557,1.5365541566701284,1.2395782172457406,2.4817414116320964,415.3979539590655
0,1234,GradNorm,264,580,0.18099646177776993,60.892166606313914,0.0018727287141586414,0.4427552275179368,3.7782765101861253e-06,0.0025024637975836297,2.9453322963295174,0.052165239872899234,0.5780100545780955,0.7602697248859088,1.6071398300481707,0.9135467776900709,0.9557964101680184,2.261195933813514,1.4915568322681663,1.2212930984281236,2.4220557618828855,422.0330937500112
0,1234,GradNorm,269,590,0.06210060068950444,60.97352821883157,0.0016371006031174133,0.4354754187441834,5.805320221590755e-05,0.0005665724998184266,2.947371984414187,0.05206144308599448,0.601778729987208,0.775743984821802,1.6614026372371216,0.8895674683307654,0.9431688440203935,2.199537233556574,1.4913461983179734,1.2212068613948963,2.381257809196876,428.5022972919978
0,1234,GradNorm,274,600,0.19270872417642768,60.90991529581117,0.0016094305496610522,0.4349962888185157,2.5692184069361482e-05,0.002717271540216082,2.9457114040726045,0.05157132438717972,0.6058648005085062,0.778373175609557,1.6674907276302233,0.8808778287437145,0.9385509196328745,2.1966667967510314,1.4867426292522208,1.219320560497616,2.376778026622485,435.1796059170738
0,1234,GradNorm,278,610,0.1941558038066838,60.891913130655844,0.0015633310116204809,0.43204935380377113,1.35707824792735e-05,0.0027418571199389298,2.9449925647558675,0.05226557812419376,0.6154531765271138,0.7845082386610824,1.6816998999856072,0.8851230455275843,0.9408097817984166,2.1959614646247787,1.500576222054698,1.224980090472779,2.3784821608073345,441.8911325840745
0,1234,GradNorm,282,620,0.19445963859335355,60.9245109064,0.0015544130466863147,0.4236812127330864,3.388981734432556e-06,0.0027360695017271015,2.9425325860960396,0.054731344402233685,0.6110163982271233,0.7816753790590588,1.6735768202646824,0.8902706519112222,0.9435415475278353,2.1908493313821875,1.5012870501383455,1.2252701947482219,2.364002634218837,449.1341778340284
0,1234,GradNorm,287,630,0.06796581460158707,60.93647557397383,0.0015414974370533997,0.418083248007003,9.955480242130233e-06,0.0006503325757618868,2.942444461293336,0.05690520613090215,0.6098027474812622,0.7808986793952607,1.6628271878427123,0.8952601411635231,0.9461818753091411,2.193914071082361,1.5050628886447852,1.2268100458688727,2.3617185675385164,455.7501251670765
0,1234,GradNorm,292,640,0.18178790569880696,60.94415786698831,0.0015135004516900878,0.4162245929378355,1.549880352813923e-06,0.002515318410345301,2.939719891722337,0.05776478986731774,0.6049442776513585,0.777781638798036,1.6522825603824605,0.8866140231816565,0.9416018389859148,2.1904937585632487,1.4915583008330147,1.2212936996615575,2.3501048058601235,462.5725355000468
0,1234,GradNorm,297,650,0.05925915352440789,60.93016667770974,0.0015198079616965136,0.4138533350426672,4.614884329181432e-06,0.0005004362750376441,2.9407990019642996,0.058700561760662795,0.6017372335481633,0.7757172381403957,1.6609306141521623,0.8739420490724868,0.9348486770983242,2.174158864398611,1.4756792826206502,1.2147754041882188,2.3320290270804183,470.12765645899344
0,1234,GradNorm,302,660,0.17618913727570285,60.926594926599535,0.0015199349022048164,0.412728759149755,6.654953578335315e-06,0.0024199597637910393,2.9387621207182897,0.058817919517919814,0.5993972414763173,0.7742074925214282,1.6580976767062123,0.8652318376031468,0.930178390204345,2.1615890233344426,1.464629079079464,1.2102186079710822,2.317848469859305,479.45861733402126
0,1234,GradNorm,306,670,0.18386166108773042,60.94818775802602,0.0015145023147402723,0.4060800897163175,3.0173282085454254e-06,0.0025505220342959298,2.9384496408493503,0.05899983711635365,0.6010535549615137,0.7752764377701116,1.6454589068217182,0.8664502565107272,0.9308330980958548,2.1540805200846598,1.4675038114722407,1.2114057171205033,2.3125389588606198,486.8911555840168
0,1234,GradNorm,310,680,0.19192199312366573,60.995241658748974,0.0015038655510594995,0.39912742840881843,1.0683071392653534e-06,0.0026870956575805773,2.9381782795464315,0.05913462479598794,0.6067528770700235,0.7789434363739279,1.637080607718204,0.8630847465651833,0.9290235446775196,2.1421080582305803,1.4698376236352066,1.212368600564699,2.2972418120789713,495.0901409999933
0,1234,GradNorm,315,690,0.027738970353605955,61.049526160387664,0.001467871481739133,0.3990986211597992,2.639257891494134e-05,1.0002217402511667e-12,2.9413803804467293,0.05861961955227058,0.6048884899208936,0.77774577460819,1.6683386949772565,0.8520728478916128,0.9230779208125459,2.140150997206173,1.4569613378125064,1.2070465350650348,2.2918764533425153,509.1840770840645
0,1234,GradNorm,320,700,0.2160456140037241,61.09343901059133,0.0015962606680774464,0.39010585003732423,8.27958436851165e-08,0.0031041237603834943,2.941247034744867,0.055648841494748906,0.616696779270875,0.7853004388581958,1.6534560533273526,0.8451517265690485,0.9193213402119242,2.1095461384345295,1.4618485058399235,1.2090692725563426,2.2645020425863938,518.2360829589888
0,1234,GradNorm,325,710,0.19314467091082788,61.08680749836274,0.0013719400015178944,0.39511951158040615,1.6175939249418283e-05,0.00274479090227677,2.9430429961836833,0.05421221291404024,0.6129506430576654,0.7829116444769905,1.6629270355688106,0.8473797807702873,0.9205323355375884,2.1295501367401344,1.4603304238279526,1.208441319977082,2.2876746858218002,525.7431792500429
0,1234,GradNorm,329,720,0.2109170510566527,61.106756830636314,0.0013765304985511391,0.39208761666254516,4.059524407134031e-06,0.0030420706824742976,2.9434746399405523,0.05348328937697355,0.614025915032286,0.7835980570626028,1.6452353076634483,0.8486813579033202,0.9212390340749356,2.1257054246864655,1.4627072729356065,1.2094243560205022,2.282819178805866,535.2185890420806
0,1234,GradNorm,334,730,0.02483460533897783,61.109515522925925,0.0013383375502676802,0.39102064489826327,1.9385588198339164e-06,1.000964942746774e-12,2.946577882351771,0.053422117647227825,0.6148170823005398,0.7841027243292423,1.6555552360665977,0.8459311358393167,0.9197451472224883,2.121800183991342,1.4607482181398566,1.2086141725711546,2.2811966843320524,544.6745949999895
0,1234,GradNorm,338,740,0.02418962338106808,61.12832738816055,0.0012619266391810514,0.3856528804633412,3.164288314925623e-05,1.0010045069846812e-12,2.9470013528755117,0.05299864712348688,0.6147970290047065,0.7840899368087225,1.648095655221264,0.841148296731953,0.9171413722714471,2.107975827070363,1.4559453257366592,1.2066255946799154,2.2672680493604345,551.5860323340166
0,1234,GradNorm,342,750,0.023566685701412064,61.28877299903303,0.001317030454507023,0.3735455195020387,4.3876032267597846e-05,1.0010331813590451e-12,2.947420149664724,0.05257985033427523,0.61709886493973,0.7855564046837948,1.6593231196127798,0.8244377996492287,0.9079855723794452,2.065777752922258,1.4415366645889587,1.2006401061887608,2.2494293143891446,558.328567916993
0,1234,GradNorm,346,760,0.022927123809741847,61.20993910419232,0.0012404524833195807,0.36735511345423305,7.680536177507249e-06,1.001025768279892e-12,2.9475626414091463,0.05243735858985263,0.6027611103031872,0.7763769125258603,1.6339332175797703,0.7936387540341234,0.8908640491310239,2.0349235752516988,1.3963998643373108,1.1816936423359952,2.2494647874466454,565.0283176670782
0,1234,GradNorm,349,770,0.23441878050230291,61.2433751572541,0.0012215557798240671,0.3619160162478617,3.168506990497251e-05,0.0034622087732320023,2.944723004334759,0.051814786892009294,0.6029793206490152,0.7765174310014007,1.6376874566574422,0.7852092868776085,0.8861203568802651,2.016994464571411,1.3881886075266234,1.1782141602979586,2.2455821406637004,571.5701404589927
0,1234,GradNorm,353,780,0.23680829872812603,61.735437599534244,0.001447820350474061,0.3749947799872077,0.00013393791570774568,0.0034493163471208082,2.94464063822907,0.051910045423809156,0.621076089467032,0.7880838086568154,1.6500123496680452,0.7481128368375355,0.8649351633721082,1.9699758869918953,1.3691889263045673,1.1701234662652344,2.1731080583897433,578.2165975000244
0,1234,GradNorm,357,790,0.23331728439571245,61.280853680479304,0.0012005159181737802,0.35715716031905603,1.057041136143151e-06,0.003446396353407562,2.9445228108886603,0.05203079275793238,0.6007195307537102,0.7750609851835597,1.6449626390397527,0.7809261491027552,0.8837002597616203,2.001806789527015,1.3816456798564654,1.1754342516093639,2.248745239990883,584.6863212920725
0,1234,GradNorm,362,800,0.022231169186971232,61.29224133750815,0.0011819552481746882,0.35506044820716676,2.269910604604056e-06,1.0009479243818046e-12,2.947204947905629,0.05279505209337042,0.6014797594289745,0.775551261638439,1.6474119667772442,0.7809345385876435,0.8837050065421399,1.998710351040883,1.382414298016618,1.1757611568752466,2.2482568488769856,591.4605390420184
0,1234,GradNorm,366,810,0.02184222737950927,61.32737632584932,0.0011548155464884819,0.34832793021197644,2.8921537169030802e-08,1.000993774900725e-12,2.947064588295743,0.052935411703256524,0.6022206516822761,0.7760287698805219,1.6486426408856636,0.7841535604321332,0.8855244550164232,1.9882108216254801,1.3863742121144094,1.1774439316223977,2.2544504878382043,598.1675111249788
0,1234,GradNorm,370,820,0.02129028013358081,61.42042628082183,0.0011653218945685692,0.3365841635491888,9.137730667466861e-06,1.0009384512017445e-12,2.946976214662444,0.05302378533655565,0.6127015620174842,0.7827525547818315,1.6468748584246302,0.7930052054056376,0.8905083971561625,1.9535701945407997,1.4057067674231218,1.185625053473113,2.2644072793973966,604.9184379590442
0,1234,GradNorm,375,830,0.03169889238635612,61.423491714005074,0.001128784124234203,0.3299373069826245,5.396873428047113e-06,0.00017756542242040494,2.9469021052343654,0.05292032934321406,0.6097847433164281,0.780887151460714,1.6378011851964986,0.8010622878590387,0.8950208309637484,1.9352686034001554,1.4108470311754668,1.1877908196208062,2.2707449995774605,611.6549492920749
0,1234,GradNorm,379,840,0.02772416553552508,61.446936936778364,0.00111297683992121,0.31699506365374147,1.0920914883031193e-06,0.00012571367785094829,2.9471344726349407,0.05273981368720807,0.6296163482316967,0.793483678617082,1.6610065817019821,0.8057584962382051,0.8976405161523209,1.8887407091300266,1.4353748444699015,1.1980713019139977,2.2918802184585982,618.2720982920146
0,1234,GradNorm,384,850,0.1952956847588365,56.01018545460384,0.007051196646299402,0.3016767608829084,0.00085251560266683,0.0028131156840391983,2.943741814395916,0.05344506992004464,0.7123227068356593,0.8439921248659015,1.680782053744704,1.0239681114551071,1.0119130948135355,2.0163326896205405,1.736290818290766,1.3176838840521523,2.5074253634011323,625.075033375062
0,1234,GradNorm,388,860,0.4720979174452366,58.837164660514325,0.0018286599304567065,0.29164324025330557,7.135258388198394e-05,0.007660252159241263,2.9376596989137056,0.0546800489270531,0.6972612168050487,0.8350216864279926,1.7206094841464195,0.906362477661058,0.952030712561868,1.914207321906183,1.6036236944661069,1.2663426449686146,2.4618260544423465,631.6482186249923
0,1234,GradNorm,392,870,0.03240986469153548,55.26043526424192,0.0046944549791278845,0.30333708153414113,0.0002463305056558542,1.0007873860691808e-12,2.9394588461732365,0.06054115382576226,0.710019636444053,0.8426266293228888,1.7433692900641942,1.0693843972076633,1.0341104376263026,2.0252112630618417,1.7794040336517165,1.3339430398827816,2.5615200856146285,638.2888955420349
0,1234,GradNorm,396,880,0.09579245880631297,56.852451224380424,0.0016843869710327904,0.27901977161817837,1.6693813526558938e-05,0.0012947740567125431,2.9369976075801625,0.06170761836312507,0.7017658915271892,0.8377146838436038,1.706048096396697,0.957773469981695,0.9786590161959859,1.9578219008957007,1.659539361508884,1.2882310978659397,2.498996541820643,644.7933202920249
0,1234,GradNorm,400,890,0.02489031596784612,55.98489355168675,0.0020949793751860067,0.2878404507066159,4.0632335785143465e-05,1.0006569161564577e-12,2.935030482323073,0.06496951767592683,0.6319198958272816,0.7949338939982882,1.677427460032424,0.9557483031853149,0.97762380453082,1.9692394594267801,1.5876681990125965,1.2600270628096035,2.5142108070374176,651.3516252919799
0,1234,GradNorm,404,900,0.4337741891252875,55.85563583117935,0.0018087639448354286,0.2744562679091597,0.0001293363690814013,0.007351542107117237,2.9280713055724834,0.06457715232039911,0.656370497272917,0.8101669564188094,1.640123528174054,0.9495675710478001,0.9744575778594983,1.9606427548113325,1.6059380683207167,1.2672561178864818,2.484875343459283,657.7676855840255
0,1234,GradNorm,408,910,0.1288610265361799,55.815666037890736,0.0015065871120075942,0.2709340006326816,4.133824064210169e-05,0.001908955390675167,2.9321987652456087,0.06589227936371587,0.6715222430538699,0.8194646075663486,1.6431826102335663,0.9601166657985094,0.9798554310705786,1.9692187271082864,1.6316389088523793,1.2773562184654597,2.480561635072976,664.3905721249757
0,1234,GradNorm,413,920,0.0928307750029198,55.67035122943989,0.0014518221785097525,0.26698013961510975,4.931293341339531e-05,0.0012907025871414515,2.9362903313089324,0.06241896610392611,0.6542541892395254,0.8088598081494255,1.61713915304623,0.9489686983905419,0.9741502442593452,1.958143367546348,1.6032228876300672,1.2661843813718707,2.4620717462658455,672.542289791978
0,1234,GradNorm,417,930,0.09192885236797572,55.53504706429341,0.001386235664097598,0.2626333770137638,4.21279809086297e-07,0.001305532505772808,2.940248948662311,0.058445518831916135,0.6390354373766203,0.7993969210452466,1.570207480510646,0.9298657520757084,0.9642954692809194,1.9435634700377058,1.5689011894523286,1.2525578587244297,2.437353505910804,681.1229514590232
0,1234,GradNorm,422,940,0.01747093175532236,55.299246684360874,0.001220047789314688,0.263231979884053,1.597140776790162e-05,1.0007806049355788e-12,2.9473504247907933,0.052649575208205665,0.641157636753652,0.8007231960881688,1.5826856694329636,0.9337946426317257,0.9663305038296813,1.950348442823151,1.5749522793853776,1.2549710273091477,2.4217907121280295,688.6891147920396
0,1234,GradNorm,426,950,0.01620438630853163,55.239430120605874,0.001054628623925382,0.26385141188409506,7.917073832472075e-06,1.0007991602681672e-12,2.950408132298175,0.04959186770082414,0.641133459592123,0.800708098867573,1.6191231612641734,0.9462873140218172,0.9727730023092834,1.9569180925456375,1.5874207736139403,1.2599288764108632,2.401195509958264,695.4475589590147
0,1234,GradNorm,430,960,0.6216171025752582,54.47725363350162,0.0022329378982761466,0.26144843126366624,0.0014261815693165463,0.01103709656706652,2.94172018949712,0.0472427139358137,0.7139265922434354,0.8449417685517951,1.6170116843957847,1.0516612817048323,1.0255053786815709,2.036914266114114,1.765587873948268,1.3287542564177426,2.501915973140112,701.9869061670033
0,1234,GradNorm,435,970,0.036320977536291335,54.27122983740501,0.0006653957066806043,0.25650712500565814,4.754032557322311e-06,0.00039066250563247015,2.9483332546881904,0.05127608280617701,0.6579546553072791,0.8111440410354249,1.5937598935816615,0.9600120080821037,0.9798020249428472,1.9598687372161265,1.6179666633893828,1.2719931852763138,2.4110738931845375,709.0037945000222
0,1234,GradNorm,440,980,0.44916442729122974,46.785606461252804,0.008911741475711997,0.3468992964843298,1.7895682869935735e-05,0.008645076604183332,2.938029888875557,0.05332503452026017,0.6228422380860407,0.7892035466760401,1.512740506216732,1.2822278952340376,1.1323550217286262,2.141702847058576,1.9050701333200781,1.3802427805716204,2.5059087630180197,716.6627508340171
0,1234,GradNorm,444,990,0.028676045819268692,50.05533329681375,0.0012907707629772529,0.2877553770764336,0.00011116344282536419,0.00020281743658818115,2.949037901413016,0.05075928115039567,0.6410461568131283,0.800653581028105,1.5663633765468559,1.0295749834164099,1.0146797442624003,1.9730342923602402,1.6706211402295383,1.2925251023595397,2.4155839955183525,723.3180900840089
0,1234,GradNorm,449,1000,0.01779875987572752,49.67449723823604,0.0011852153506925471,0.2728997558293289,9.739929989925356e-07,9.999567130842462e-13,2.947584182443224,0.052415817555776026,0.617575529663558,0.7858597391796821,1.519371365913124,1.0253235803573097,1.0125826289035922,1.9783821920729117,1.642899110020868,1.281756259988953,2.41153017920142,729.9636880420148
0,1234,GradNorm,497,1100,0.041095268554725346,27.677794882697736,0.0018792629861228674,0.22048461225107524,0.00011409068324218749,9.989909058502947e-13,2.8383233118287134,0.16167668817028782,0.2944306309861454,0.5426146247440677,1.5337776917869188,0.21342408126402967,0.46197844242348546,1.129163438151424,0.507854712250175,0.7126392581455044,1.5349043195459815,809.1352671671193
0,1234,GradNorm,541,1200,0.02829147129843466,28.16074625787773,0.001001167686784512,0.1638113827878246,1.129896427431517e-05,0.00035029480237685806,2.90498453371013,0.09466517148749355,0.2121928402869319,0.460643940898968,1.2314700637004337,0.21227826696214944,0.46073665684656506,1.1456774448140092,0.4244711072490814,0.6515144720181444,1.4007083356121226,876.5034010011004
0,1234,GradNorm,585,1300,0.00901675725848403,28.278150491804922,0.0007996616690842176,0.1351019417175672,2.123353940754938e-07,1.0001919513483281e-12,2.950726377204468,0.04927362279453179,0.20493139469910504,0.4526934886864456,1.12792751708792,0.2049448332632665,0.45270833133847505,1.0990648572075115,0.40987622796237155,0.6402157667242908,1.2721863693043876,945.6475250010844
0,1234,GradNorm,631,1400,0.15670072412490446,26.927691430097084,0.0011598125704704984,0.10115165266974438,5.147482407944787e-05,0.00546408554181307,2.9341215898401347,0.060414324618052184,0.22610307826467568,0.47550297398089497,0.9931221293449641,0.1897551251061803,0.43560891302426347,1.0414950690973055,0.41585820337085594,0.6448706873248744,1.1745970096679852,1015.5138320841361
0,1234,GradNorm,675,1500,0.01788595139001469,27.15559626055034,0.0005967030980750603,0.09716089899619472,1.8022427940078866e-06,0.00043622751741134453,2.9555693937045158,0.04399437877807322,0.2235202969105321,0.47277933215246637,0.9675333922169884,0.2260759638566713,0.4754744618343569,1.1470111388947766,0.4495962607672034,0.6705193962647191,1.2586140625626763,1079.9781313340645
0,1234,GradNorm,722,1600,0.0807649863015397,27.117250188594273,0.000548523021762406,0.09176288181749713,8.033875937097463e-07,0.002773176825727055,2.9542598467981582,0.042966976376115365,0.24258272463491218,0.4925268770685638,0.9970200860335311,0.219602180061206,0.4686173066172503,1.1110844522208405,0.4621849046961181,0.679841823291358,1.286472382681141,1149.3756450840738
0,1234,GradNorm,766,1700,0.09217496280853617,27.117286837271237,0.00046820543091694337,0.09119633519235046,4.506286579485904e-06,0.003282525789666655,2.977382966367074,0.019334507843259973,0.2502041568507892,0.5002041151877793,1.0120519568004598,0.2243076440534211,0.473611279482891,1.1308653254512027,0.47451180090421025,0.6888481697037528,1.2960971142215956,1216.1752435010858
0,1234,GradNorm,804,1800,0.015141377027428491,26.603963566985477,0.0006573716153553423,0.07846564856318751,8.50861603493951e-08,0.0004251666726904988,2.975691282753429,0.023883550573880728,0.27154037316321455,0.5210953589922046,1.0761512899041776,0.22019569162352617,0.46925013758498374,1.076991454618073,0.4917360647867408,0.7012389498500071,1.3804690621840006,1287.2100127091398
0,1234,GradNorm,849,1900,0.03453263084472486,26.469405524208113,0.0005972548129298023,0.05877071615559288,4.677103107409749e-06,0.0010803653179308095,2.927749607214975,0.07117002746709411,0.2556853950370358,0.5056534337241623,1.0292549563002527,0.2930584643744535,0.5413487456108618,1.2465037101865137,0.5487438594114893,0.7407724747933668,1.4238953933459508,1353.39599104214
0,1234,GradNorm,893,2000,0.08823252659938569,25.61712845194182,0.0004901883704653707,0.042439110105878156,3.057851925370937e-06,0.003348909470129066,2.9735014809059432,0.02314960962392775,0.24802094011431614,0.49801700785647485,0.9376825503711128,0.2973896115775928,0.5453344034421382,1.2411759163516065,0.5454105516919089,0.738519161357313,1.370672456911303,1425.5917568340665
0,1234,GradNorm,934,2100,0.21652850869113205,20.357097929529495,0.005905667800168854,0.1612512635042475,0.0011883651051277525,0.009509820264618298,2.96418135786478,0.026308821870601518,0.1528144624708732,0.3909149043856901,1.1908794409637617,0.24563014280026793,0.4956108784119533,1.211106044416181,0.39844460527114123,0.6312246868359485,1.34684980811509,1489.9185241670348
0,1234,GradNorm,974,2200,0.018488623066703222,21.178428685804107,0.000569309470621656,0.059942778172001866,0.0001708887958592148,0.0006960787767252204,2.9678362059035086,0.031467715319766276,0.17282442562771155,0.4157215722424223,0.7912248393303487,0.2665608994191923,0.5162953606407793,1.216044498185612,0.439385325046904,0.6628614674627753,1.2529971517370773,1558.067588959122
0,1234,GradNorm,1016,2300,0.0035935457970419746,15.158041819254908,0.000886383348699478,0.07351657566542835,5.546339669863771e-06,9.930597857828699e-13,2.987211249665383,0.012788750333623642,0.18546939826199352,0.4306615820595024,0.8219737120186122,0.2996195029052376,0.5473751025624363,1.1631374174494329,0.48508890116723113,0.6964832382528894,1.2736129563807814,1622.3089427510276
0,1234,GradNorm,1061,2400,0.0417431909942693,9.716220181634526,0.0005422496956587647,0.049521276253678186,2.262552236252644e-05,0.004043854615863183,2.9795199809645396,0.016436164419597277,0.06074163961713857,0.24645819040384634,0.6179334199932455,0.4095537321294057,0.6399638522052677,1.3294407025966382,0.4702953717465444,0.6857808481917124,1.3484558199536858,1689.9190677091246
0,1234,GradNorm,1106,2500,0.0480626868389275,6.726215942966289,0.000537227224405128,0.03953730469091075,1.7195081793694868e-05,0.006708579348896526,2.959597622342419,0.033693798308684436,0.015634084397009623,0.1250363323078921,0.4764152203584791,0.15328109136412835,0.3915112914899497,1.04534339283257,0.16891517576113796,0.41099291449018677,1.0669466657728202,1752.7206289171008
0,1234,GradNorm,1152,2600,0.013621247405160042,5.344847824007774,0.00035200945416130917,0.037009412603732875,4.6732345977955436e-07,0.0023242510154073384,2.9937801676522993,0.003895581332293592,0.015053099913008261,0.12269107511554482,0.5006297080168747,0.13966042654564226,0.3737116890674444,0.7484043581899298,0.15471352645865052,0.39333640367839146,0.7702352019044161,1820.3022957510548
0,1234,GradNorm,1200,2700,0.018318597012910883,4.123845292123623,0.0003859995205252257,0.03955440219710584,8.929015180538507e-07,0.00395609506700672,2.9744216654370383,0.021622239495954647,0.01805835872796552,0.134381392789201,0.42466437240793137,0.137449597451413,0.3707419553428139,0.8001343860622833,0.15550795617937851,0.3943449710334576,0.8178898511053199,1885.5411888760282
0,1234,GradNorm,1244,2800,0.010108648167414344,3.715860470137019,0.00037649011289719734,0.039629122157639696,3.9940443985118155e-08,0.0023112070077304365,2.987705124226054,0.009983668766215465,0.022391312762569608,0.1496372706332537,0.37736340682666336,0.1271163141518581,0.3565337489661506,0.7468961702994651,0.1495076269144277,0.38666216121367203,0.7626238586919941,1950.5954982510302
0,1234,GradNorm,1289,2900,0.007938219195081983,3.3945218768396725,0.0003058481041528216,0.03659538517650696,1.7919589712660068e-06,0.0019039221477153315,2.9827594299556015,0.015336647896682981,0.023982359042432195,0.15486238743617572,0.3593764079725399,0.1326114696431647,0.3641585776048186,0.7911177755496491,0.15659382868559688,0.3957193812357399,0.8038859683686873,2018.3811791670742
0,1234,GradNorm,1329,3000,0.03536586703917208,2.9885301990718367,0.0005381014852299936,0.0389274808117527,1.10206263520057e-05,0.010448774350684566,2.9239162294075767,0.06563499624173831,0.0276630669397412,0.16632217813551264,0.37605134149798486,0.1388524054442407,0.3726290453577669,0.8926150797520502,0.1665154723839819,0.40806307402653075,0.892944347372616,2082.5490277510835
0,1234,GradNorm,1371,3100,0.005740738463300613,2.9988300967782693,0.0002004183361981184,0.03120263015687199,1.6073887657203264e-08,0.0014863968777595882,2.976505057629687,0.02200854549255308,0.02507297052018749,0.15834446791785145,0.3631984235994856,0.16126395353418904,0.4015768339112567,0.9534292312658124,0.18633692405437652,0.4316676082987656,0.953625822913564,2150.081585667096
0,1234,GradNorm,1414,3200,0.004386436961726532,2.975367100431631,0.00018991883559029666,0.027082599348345438,4.400539169653623e-07,0.0009116481405854268,2.958039053891484,0.04104929796793093,0.02512851419866227,0.1585197596473773,0.36221160164935196,0.17587613607517186,0.41937588876230336,1.0239135359887004,0.20100465027383413,0.44833542161403456,1.0248568592384175,2214.7792910421267
0,1234,GradNorm,1456,3300,0.0030839852961786125,2.8392085882489466,0.00016075423820134703,0.029466661154345417,1.3460325471294858e-08,0.0005865341739668897,2.967457091032554,0.031956374793479396,0.02293218684505703,0.15143377049078924,0.35251541810374526,0.1741421910918225,0.41730347601214934,1.028767370010875,0.19707437793687954,0.44393060036100185,1.0291606011914018,2283.3487424590858
0,1234,GradNorm,1495,3400,0.01882466938678844,2.7319961976879963,0.00020000421759409947,0.030831029296871017,8.760090970160277e-07,0.006279796652046437,2.9588321729175426,0.03488803043041102,0.02188977320374643,0.14795192869221555,0.371630442550528,0.17870669719163718,0.4227371490555771,1.0592636122792851,0.2005964703953836,0.44787997320195466,1.0595260574268754,2347.5310545010725
0,1234,GradNorm,1539,3500,0.0012902574784512775,2.7198526138583294,0.00014863975896137888,0.027952839706788947,7.298204657578023e-08,9.995654321482702e-13,2.969635335006437,0.03036466499256376,0.01717239236370671,0.13104347509016506,0.3475272001308754,0.16322740956338969,0.40401412050000146,1.0020970393738395,0.1803998019270964,0.424734978459623,1.0023356275581952,2415.8393032921012
0,1234,GradNorm,1586,3600,0.0032215931061058745,2.512031922063746,0.00015063150328826445,0.02966772585510945,1.6708836364271702e-07,0.001019553872925897,2.9919156176154713,0.007064828511603031,0.014670301842244174,0.12112102147127135,0.33343350648377856,0.13715961310649136,0.37035066235460057,0.897073398614425,0.15182991494873552,0.3896535832617679,0.8980471285381866,2481.59375937609
0,1234,GradNorm,1628,3700,0.017511144722737373,2.310729470928766,0.00024151027480195003,0.02403395273513199,2.3717861598740882e-06,0.006889562963656938,2.9567127518504384,0.03639768518590488,0.015794758551040462,0.12567719980585365,0.3267936939103644,0.12864797995318758,0.3586753127177665,0.8509503431598987,0.14444273850422804,0.3800562307135985,0.8540898798894279,2550.2222000011243
0,1234,GradNorm,1672,3800,0.0013985014521469563,2.170255085425044,0.00013269176606381955,0.0209546751918518,1.4785102323563912e-06,0.00025159589484558535,2.977994772431186,0.0217536316739684,0.014601514831950128,0.12083672799256909,0.3040788660574786,0.1182456887204878,0.3438687085509349,0.9070802458690662,0.13284720355243793,0.364482103199098,0.9101524700514495,2616.393765251036
0,1234,GradNorm,1720,3900,0.00708020933779798,2.0520385297091472,0.00011603899286794025,0.016362464560571822,2.035020840396711e-07,0.0029588865260073466,2.9563870604230096,0.04065405305098335,0.010618586514981055,0.10304652597240266,0.2518026911423895,0.09233566509547646,0.303867841496063,0.8180384531629458,0.1029542516104575,0.3208648494467063,0.82063537029778,2686.3704555421136
0,1234,GradNorm,1763,4000,0.013175909154718286,1.8557165192046359,0.00016621737578041392,0.01771799461305,3.869277997991602e-06,0.006568314638312324,2.9657678463562154,0.027663839005471823,0.010633232693252953,0.10311756733579858,0.2767981901046816,0.08915512958477446,0.2985885623810371,0.7917992620906958,0.09978836227802743,0.3158929601590188,0.7921940736814248,2752.2568937920732
0,1234,GradNorm,1807,4100,0.004513116447884229,1.5904821417688555,0.00011858700991803888,0.02018897469190631,3.496682094707566e-06,0.002424982511077968,2.982764395282757,0.014810622206164832,0.010026604648758064,0.10013293488537157,0.32969113363794167,0.08242359937512655,0.28709510510478325,0.7754703996175373,0.09245020402388461,0.30405625141391945,0.7757831110156054,2821.0620485420804
0,1234,GradNorm,1849,4200,0.004299762488720528,1.1376742342608783,0.00016782367047112065,0.019474798563995352,6.945258452897235e-07,0.002640961384611835,2.956364193451443,0.04099484516394482,0.011207112815652039,0.10586365200413236,0.3207090124810274,0.10230777457331725,0.3198558653101694,0.71964011640424,0.11351488738896928,0.3369197046611689,0.7200442496754631,2886.718001667061
0,1234,GradNorm,1895,4300,0.0034485339252007265,1.1848613115917095,8.055955924331637e-05,0.017555285839825283,5.0344437039938605e-06,0.0023657201392840383,2.974803529230258,0.022830750630458696,0.009928757384247458,0.09964315021238268,0.3000279746812631,0.08694108103017496,0.29485773015163597,0.6924488097266843,0.09686983841442244,0.3112391980686598,0.692888260111294,2953.6621519171167
0,1234,GradNorm,1939,4400,0.00038459247585376146,0.9124065924772361,9.580122352919461e-05,0.015617969492818386,1.8301962527256868e-06,1.0006552492090259e-12,2.9938566180663857,0.006143381932613862,0.0096447467039436,0.09820767130903574,0.2692045061730031,0.10323620080403993,0.3213039072343191,0.7441356584278408,0.11288094750798354,0.33597759971162294,0.7446068481477379,3019.6291251260554
0,1234,GradNorm,1983,4500,0.003448397386673033,0.9381230880228548,5.193429592096537e-05,0.011907492004498156,1.6811526069120805e-06,0.0029375780225858283,2.9519143020280665,0.04514811994934731,0.010030018093068286,0.1001499779983415,0.26469776555606045,0.09606240775633053,0.3099393614182144,0.7023422196493707,0.10609242584939882,0.32571832286409497,0.7027750803193671,3084.109280459117
0,1234,GradNorm,2028,4600,0.004944012067302544,0.8941941136630631,5.623020561271623e-05,0.009318061370362524,1.6379178551606837e-06,0.004745421747302784,2.9379632968717,0.057291281380996845,0.007800919031407049,0.0883228115008068,0.2421000088020669,0.08842323644113256,0.2973604486832984,0.6801068151572026,0.09622415547253961,0.3102001861258945,0.6806554130552606,3152.7217927920865
0,1234,GradNorm,2071,4700,0.004918041457449848,0.8805708747672638,0.0002334184723449837,0.01612632636514696,2.1781342712748434e-06,0.0040696731579845154,2.956106136419413,0.03982419042260223,0.012578363110093544,0.11215330182430451,0.2957842592049062,0.09743580427814251,0.3121470875695343,0.7217563050676212,0.11001416738823605,0.33168383648926286,0.7230692773959958,3217.095618917141
0,1234,GradNorm,2113,4800,0.004894201618862994,0.7135933794083342,4.9585507986430244e-05,0.010915262876143694,1.1447764482316738e-08,0.005227077713225394,2.901296487250247,0.09347643503652747,0.008159420074437724,0.09032950832611525,0.24519664423160878,0.09952011101083565,0.31546808239635854,0.675973772433641,0.10767953108527337,0.32814559434079466,0.6763499000251382,3284.51411866711
0,1234,GradNorm,2159,4900,0.0008310393396496658,0.5860109389197475,4.0547020014655226e-05,0.011813735732378743,2.487518409326774e-09,0.0006653149960530887,2.9721932782941645,0.02714140670978241,0.009478338775146219,0.09735676029504176,0.23053108841624953,0.09038325191489069,0.3006380746261037,0.6151985518857148,0.0998615906900369,0.31600884590472605,0.6164421102453715,3349.209022626048
0,1234,GradNorm,2202,5000,0.0034707048676198365,0.5326765524984683,5.1287317499714046e-05,0.014254192344312461,1.702630429269444e-08,0.005807454772544446,2.978447262826337,0.015745282401118638,0.010134952803179293,0.10067250271637879,0.20905985722617063,0.08557653932873506,0.29253468055725473,0.5962604054139032,0.09571149213191434,0.3093727398008983,0.5986401215709547,3417.4399947091006
0,1234,GradNorm,2243,5100,0.0010309351961041368,0.598344177012873,4.637064748985052e-05,0.008983139337453296,1.2267343781143351e-08,0.00028490517486026213,2.9189976822820705,0.08071741254306916,0.00828441959601541,0.09101878704979215,0.1940310008677077,0.08470477834282512,0.2910408533914528,0.6002987134699592,0.09298919793884054,0.30494130244825896,0.6020506868770581,3481.286027751048
0,1234,GradNorm,2290,5200,0.0006874247682408083,0.6383907082503228,5.5448604117110274e-05,0.006028956257518026,3.3991249034565695e-07,0.00017814715888090146,2.931684092902379,0.06813775993874,0.006765331289377419,0.08225163396174826,0.16959878782406743,0.07314521390264021,0.270453718596436,0.5767784492685917,0.07991054519201764,0.2826845329904302,0.5787713842130972,3549.376592792105
0,1234,GradNorm,2332,5300,0.0006462964115488499,0.5590641797554534,3.836158472553468e-05,0.006529592002567702,5.304358419237825e-07,0.00038156102017649436,2.950724972007563,0.04889346697226065,0.0062240432678348995,0.0788926059135766,0.15893472290081015,0.07115248985377629,0.2667442405259695,0.56967706580065,0.07737653312161118,0.27816637669138083,0.5712164056625202,3612.7336633340456
0,1234,GradNorm,2369,5400,0.0005400067000479659,0.5547161860694686,2.7493369239934624e-05,0.006757082893370709,1.194155950245027e-08,0.00048802099728156303,2.9717517536418088,0.027760225360909736,0.006089631860595129,0.07803609331966285,0.17685009675043617,0.0730113039635137,0.2702060398353703,0.5757254960176335,0.07910093582410882,0.2812488859073202,0.5769107133458179,3678.547020376078
0,1234,GradNorm,2413,5500,0.0014341009537068678,0.5306863302339233,3.337537655509242e-05,0.005314085852067754,5.230591958430061e-07,0.002067450225871193,2.9531747099791494,0.04475783979497948,0.005694036366403923,0.07545883888852202,0.15175880285792898,0.06432154872472615,0.2536169330402175,0.5372121075918601,0.07001558509113007,0.2646045825210328,0.5383070712514527,3743.5774087511236
0,1234,GradNorm,2457,5600,0.0009615050980352199,0.4279614818106814,4.13819298199259e-05,0.007438107244982417,3.8617579254821065e-07,0.0017862285942697033,2.988397263259334,0.009816508146396771,0.00687897552778706,0.08293958962875968,0.1550971720245349,0.06905948557368387,0.26279171519224853,0.5424616291948139,0.07593846110147093,0.27556933991551186,0.543912957854741,3808.5108741261065
0,1234,GradNorm,2500,5700,0.001985813335920532,0.4156997091360079,0.0001720248096372501,0.010535449430284068,0.00014905906955835598,0.002447257409544698,2.9682403633112586,0.029312379279196714,0.009832321624305473,0.09915806383903164,0.1903636676685696,0.06665797124825151,0.2581820505927,0.5557198317590704,0.07649029287255699,0.27656878506541005,0.5617373632206886,3875.178599792067
0,1234,GradNorm,2544,5800,0.0011264218324455785,0.3569951605901802,3.8759456177195186e-05,0.006684969682387094,5.050136587087042e-06,0.00146239769736557,2.9258524040006657,0.07268519830196873,0.00642328484599513,0.08014539815856635,0.1455768707930714,0.06286642253484903,0.2507317740830807,0.5546145940783496,0.06928970738084417,0.2632293816822966,0.5573799387720179,3939.9085045841057
0,1234,GradNorm,2591,5900,0.0004503681378914088,0.3821529724247201,2.2534646668126197e-05,0.0051295470485625515,2.4974150695741187e-08,0.0007728355452056848,2.98211045675226,0.017116707702534706,0.005247594808398589,0.07244028443068531,0.13506585952311448,0.06079800400789596,0.24657251267709457,0.5187995351736866,0.06604559881629456,0.2569933828258902,0.5222749919874424,4008.279803501093
0,1234,GradNorm,2638,6000,0.0002763320883981684,0.3735115332441215,1.944285047617078e-05,0.005028851765817321,1.2029270806942193e-08,9.997481799364182e-13,2.956483586983113,0.043516413015886816,0.0051029563721536435,0.07143498003186985,0.13261822703408013,0.05917168993587617,0.24325231743166634,0.5110657236757712,0.0642746463080298,0.25352444913268185,0.5152134765843566,4073.362250376027
0,1234,GradNorm,2683,6100,0.000467856040637958,0.3600047325533978,1.7554879267714862e-05,0.005245077105594711,3.800668701530298e-08,0.0007466798540607615,2.9712556921069346,0.027997628039004747,0.005186765025249938,0.07201919900450114,0.133502254635,0.05950061295056019,0.24392747477592636,0.519156567581144,0.06468737797581013,0.2543371344806144,0.5238913144896828,4141.96579308412
0,1234,GradNorm,2728,6200,0.0004649242944973325,0.3515933461921742,1.5818213237890588e-05,0.005326059319399176,4.685575818189505e-09,0.0009964801082326293,2.9863628591885556,0.012640660703211596,0.005694879063462627,0.07546442250135244,0.13551351356462296,0.05817666774570671,0.24119839913587054,0.5166073782874886,0.06387154680916934,0.25272820738724305,0.5221680363805121,4206.8691570421215
0,1234,GradNorm,2775,6300,0.00022309812860002128,0.35148131185552445,1.4796592344571781e-05,0.005295417249758588,1.6871873660533967e-09,0.00047322529276798257,2.9971816299602807,0.0023451447469516663,0.00536423797403998,0.07324095830913178,0.13191891383816573,0.05751542706058645,0.23982374165329515,0.5113938997655878,0.06287966503462641,0.2507581803942324,0.516488197696137,4278.074564251117
0,1234,GradNorm,2819,6400,0.00048550045426021786,0.3482182669300174,1.64724830478939e-05,0.004708449712379787,1.752416315790085e-08,0.0006624809168926405,2.9555631299789784,0.04377438910412895,0.004856817386136006,0.06969087017777871,0.13428261795890664,0.05298117474670888,0.2301763991957231,0.5038672204717003,0.05783799213284489,0.2404953058436794,0.5092552505971423,4348.909456917085
0,1234,GradNorm,2865,6500,5.66454572601968e-05,0.3478969668844074,1.353958497860861e-05,0.0047502332216567906,1.7138859539296503e-10,9.998337083660408e-13,2.996616515269515,0.0033834847294851255,0.004736478077176346,0.06882207550761853,0.13225915091959325,0.054048659370595595,0.2324836754927012,0.49975965619078466,0.05878513744777196,0.24245646505666116,0.504369995020632,4415.682641126099
0,1234,GradNorm,2911,6600,0.0002526906455889235,0.3463458529023608,1.3346816920516728e-05,0.004422668589052584,1.0410812808924845e-09,0.0003051358824568669,2.9754347433084214,0.024260120809121433,0.004550613731285273,0.06745823694172026,0.12792019583972783,0.0511887121393271,0.22624922572094497,0.49089483735406214,0.05573932587061239,0.2360917742544462,0.4962605512754307,4479.047939001117
0,1234,GradNorm,2956,6700,0.00044366449138060366,0.3453610141593683,1.2495638721780342e-05,0.004390757550598871,6.325755645940095e-10,0.0009811526637581204,2.983638926005913,0.01537992133032892,0.004540844448030898,0.06738578817548176,0.1311359343889725,0.05098283494628511,0.22579378854672932,0.48584180358296003,0.05552367939431602,0.23563463114388772,0.4909267037532557,4545.564431167091
0,1234,GradNorm,3002,6800,0.0006388518835170951,0.34534358852034575,1.1777747637235818e-05,0.0043547770507244,2.014946884591047e-08,0.0015826302894284693,2.9853006493224337,0.013116720388138017,0.004544405693044012,0.06741220729989497,0.12859905948642483,0.05051985942891071,0.22476623284851022,0.4773320937734493,0.055064265121954725,0.23465776169126545,0.4822950385286515,4608.58746825112
0,1234,GradNorm,3050,6900,0.0005142802251754838,0.3364719733114888,1.199334603644144e-05,0.004345824556992512,2.4562133166805574e-08,0.0012446164593342718,2.98502342374254,0.013731959798125725,0.004280409014193404,0.06542483484269107,0.1322799590233596,0.04963555172119868,0.2227903761862228,0.4716957032425183,0.05391596073539209,0.23219810665763857,0.47638831774361223,4673.511526209069
0,1234,GradNorm,3094,7000,0.0010386531011642467,0.3166055368047437,1.3885928192344725e-05,0.004384770332419444,1.9505832109186126e-08,0.003098017028587279,2.9932026206145976,0.003699362356815208,0.004211411284830018,0.06489538723846262,0.12725388317022784,0.04916468329721786,0.22173110584042524,0.4601266156102406,0.05337609458204788,0.23103266994528693,0.4636721350939381,4737.815310834092
0,1234,GradNorm,3139,7100,0.0005961704075482531,0.31472239216176107,1.3088551849496193e-05,0.004601045219424684,3.761152135396801e-07,0.0016433041391395414,2.989776506815801,0.008580189045059104,0.0040757199849923206,0.06384136578263595,0.12956538559627806,0.04884404055101795,0.22100687896764198,0.4632073699337972,0.05291976053601026,0.2300429536760695,0.46633682767870105,4801.035696917097
0,1234,GradNorm,3185,7200,0.00020174640911897195,0.3132812506570145,1.0844352082787238e-05,0.004048378056235132,2.029529839356366e-10,0.00032613621259559465,2.983068596562489,0.01660526722491554,0.004104569470566704,0.0640669140084545,0.12700585870622227,0.0496748043611253,0.222878451989252,0.4552712805781829,0.05377937383169201,0.23190380296944682,0.458265514513793,4866.6563625010895
0,1234,GradNorm,3230,7300,0.00011811387868681053,0.3121194803637372,1.0638016131351838e-05,0.004009473788139221,8.9069409612336e-10,9.994682055297046e-13,2.9784439911500966,0.021556008848904133,0.004049080987648021,0.06363238945417672,0.1275367732826991,0.04979190444831631,0.22314099678973454,0.4582739624146986,0.053840985435964335,0.2320366036554671,0.4616083972545679,4928.85392820905
0,1234,GradNorm,3273,7400,0.00048063133095958664,0.31170239221312607,1.1387748186492744e-05,0.0037601356895862813,3.362863221429187e-09,0.0009423026691276661,2.9583087698291073,0.04074892750176508,0.0038705591449505845,0.06221381795831682,0.12142548565692203,0.05027057265646601,0.22421100030209493,0.46059498258297726,0.0541411318014166,0.23268246990569919,0.46306940890982523,4992.061077542137
0,1234,GradNorm,3319,7500,9.678067011424871e-05,0.31014537831398087,9.80661874001118e-06,0.003581316197381584,1.0603699547221577e-09,1.0009623382937353e-12,2.9811396968888935,0.01886030311010583,0.0036238440697597884,0.06019837265042792,0.11421600392886344,0.05027141148327413,0.2242128709135007,0.4666244977182606,0.05389525555303393,0.23215351721012958,0.46911340019420217,5055.216574959108
0,1234,GradNorm,3365,7600,0.057407312121547094,5.69030860950361,0.012240581488099844,0.10333685425349802,0.0039531756456939226,0.0026378242737143255,2.9781007253267524,0.019261450399533454,0.06656932705813351,0.2580103235495307,0.8241298954790071,0.06706064002616875,0.2589606920483662,0.926893781711136,0.13362996708430225,0.3655543284989281,0.9540004427818848,5120.822380751139
0,1234,GradNorm,3408,7700,0.001564520728584801,0.29595964076946213,1.3208217758725947e-05,0.0037438939464051334,7.1673700496195e-07,0.004823258300665349,2.969242300155939,0.02593444154339542,0.0036563317306844943,0.06046760893804628,0.112332763358329,0.048352075519221646,0.21989105374985507,0.4556318099286547,0.052008407249906144,0.22805351838966692,0.4577250774561697,5183.72165250103
0,1234,GradNorm,3451,7800,0.0006064769420051849,0.2921222642468645,1.0242282974663358e-05,0.003860810070146051,1.2411467506758292e-06,0.0017389209769208477,2.980978115209674,0.017282963813405373,0.003654526761444584,0.06045268200373399,0.11396818676751891,0.048485669802753116,0.22019461801495765,0.4563813149421866,0.052140196564197695,0.22834227940571517,0.45849870642654605,5248.633263917058
0,1234,GradNorm,3495,7900,0.0009578116675179137,0.2594960633133839,1.1840364109451416e-05,0.004468978813881092,2.7293979262977984e-07,0.003177129300925116,2.9749248056878774,0.021898065011196857,0.003960508163936505,0.06293256838820822,0.12252457610070608,0.04616424344674561,0.21485865923147154,0.44930351212694936,0.050124751610682125,0.22388557704926443,0.4508563700243252,5311.822406084044
0,1234,GradNorm,3537,8000,0.0005183785792391437,0.26647457744055336,9.524076608876765e-06,0.004102041931294084,4.99035030760486e-08,0.0015104410196389241,2.9771636412672975,0.021325917713063688,0.004057864790798065,0.06370137196951149,0.12048103503434984,0.04681244425463812,0.21636183640983941,0.4505085511225364,0.050870309045436185,0.22554447243378895,0.4525123463037794,5376.577151626116
0,1234,GradNorm,3583,8100,0.0004295619644262456,0.26105028969912514,8.710868994404187e-06,0.004060824636410854,1.4637704669889693e-09,0.0012252909099736348,2.9781494194747924,0.02062528961523391,0.003981806980581542,0.06310156084108809,0.11719989412550899,0.045800113165904474,0.21400960998493612,0.452111250343298,0.04978192014648602,0.22311862348644504,0.4538852121426119,5440.246014334029
0,1234,GradNorm,3631,8200,0.0009807261435640126,0.25569768484346184,9.844959293760975e-06,0.003848163588724331,1.0780379753592448e-07,0.003062812794344212,2.9531785807049116,0.043758606500744486,0.003955299252660039,0.06289116991009183,0.11875823959096117,0.043389084175474976,0.2083004660951938,0.44882391363121654,0.04734438342813502,0.21758764539406877,0.45048595649690554,5505.744679667056
0,1234,GradNorm,3676,8300,0.0014149910566941056,0.2403088806354123,1.087842659052666e-05,0.003837965840546223,2.767376948177092e-11,0.004687990580115758,2.928461961119387,0.0668500483004974,0.0036117691909210658,0.06009799656328874,0.13582535412421992,0.039379683094348326,0.19844314826757897,0.435595848792705,0.0429914522852694,0.20734380213854814,0.4368705537809894,5569.3407537090825
0,1234,GradNorm,3719,8400,0.0012009497645308973,0.21894932551864496,1.2862766100315921e-05,0.004378404364170344,1.523724459559708e-07,0.0030302098001359517,2.882714624480073,0.11425516571979118,0.0038095620490641237,0.0617216497597409,0.14122896208041524,0.04007171965403614,0.20017921883661186,0.44017490673067433,0.04388128170310027,0.20947859485661122,0.4412275459701768,5633.624036251102
0,1234,GradNorm,3762,8500,0.0023449347058163805,0.21605587812478122,1.4886805935454623e-05,0.004294791704062939,1.1750636785907686e-06,0.008784179962885335,2.8974389051804,0.09377691485671448,0.0038072318215167447,0.06170276996632116,0.14508968267618258,0.04080026765506124,0.2019907613111581,0.44712731265115885,0.04460749947657798,0.2112048755985003,0.44817029319101703,5697.952436417108
0,1234,GradNorm,3805,8600,0.0016976500699709557,0.19824364318352658,1.7965398882190565e-05,0.005055263307764809,2.2736208374494208e-07,0.006507630119815799,2.9233065030993153,0.07018586678086902,0.003930971642182672,0.06269746121002566,0.15883529928171006,0.041205798476614604,0.20299211432125783,0.45456547298479283,0.04513677011879728,0.21245416004116577,0.4553910161026201,5761.598898126045
0,1234,GradNorm,3848,8700,0.000288054869972916,0.22668730517264804,9.379424665470006e-06,0.003716960536011489,1.8554121760918573e-09,0.0010413659940069087,2.9925231558918823,0.006435478114110763,0.0034924622075745136,0.059097057520442704,0.14128635670003578,0.041587999992237355,0.20393136098265355,0.4515457224669125,0.04508046219981187,0.2123216008789776,0.45267725041460094,5826.93320716708
0,1234,GradNorm,3894,8800,0.0009445644001390858,0.22395295041554167,9.278736949992948e-06,0.003606397357366485,3.834677688975854e-08,0.0030943259852720074,2.934707246993152,0.0621984270215762,0.0034596748189207197,0.05881900049236403,0.13847498139632325,0.0424699650541568,0.20608242296265056,0.4604303136026938,0.04592963987307753,0.21431201523264515,0.4615719407089651,5890.022221376072
0,1234,GradNorm,3940,8900,0.0003090178348217401,0.2232245361878602,7.022634904437096e-06,0.003554295948027655,2.707847237705588e-09,0.0011817434319486007,2.992006999134151,0.0068112574339006275,0.003324061884692161,0.057654677908146885,0.1352272501939777,0.04228728702583408,0.20563872939170305,0.4608158871783756,0.04561134891052624,0.21356813645889744,0.4617279142066101,5955.0926052090945
0,1234,GradNorm,3986,9000,0.0009696925162255931,0.21474956047218288,8.359794982625302e-06,0.0035004951555378393,4.0775869975092585e-08,0.003539855805751478,2.943650201160657,0.05280994303359152,0.0033170799523056134,0.05759409650568028,0.14291867535885622,0.040912783410762675,0.20226908664144078,0.463531539522451,0.044229863363068285,0.21030897119017125,0.4644313254827453,6018.994599376107
0,1234,GradNorm,4029,9100,0.00018054082893532184,0.21349633178956626,7.834215898213739e-06,0.0032526281984159213,8.72430329610205e-08,1.00075494868277e-12,2.9516299220095523,0.048370077989447036,0.003124097989284802,0.055893631026126774,0.14633326017004436,0.03824248724468819,0.1955568644785659,0.45398084292374724,0.041366585233973,0.20338777061065644,0.45504495798828243,6083.951645542053
0,1234,GradNorm,4075,9200,0.0001173038369240226,0.21266323497652262,6.307607218295825e-06,0.003278638961689968,1.152847235641671e-09,0.00030879234019641396,2.9896943495739468,0.009996858085856892,0.003174512778506518,0.05634281479041066,0.14252543456541328,0.03816859724003083,0.19536785109129606,0.4478621754301678,0.04134311001853735,0.20333005193167425,0.44901179913819755,6147.605327417026
0,1234,GradNorm,4121,9300,0.0007139734449135375,0.21046705335697832,6.428929447086272e-06,0.003190651812770437,3.1859348232704905e-09,0.003017915494504659,2.9782864424679154,0.018695642037579653,0.003055541235047058,0.05527695030523173,0.13989997966424816,0.037619586406007,0.1939576923094493,0.4434461308965897,0.04067512764105406,0.2016807567445493,0.444416543871981,6213.240821917076
0,1234,GradNorm,4165,9400,0.0003441447796328585,0.2096377530232687,7.210277970442912e-06,0.003131663910970006,8.686204596417899e-08,0.0013711532958586646,2.9874296169546137,0.011199229749527887,0.0030641791130835198,0.05535502789344,0.13219687280140205,0.03764479250398856,0.19402265976939023,0.4390378419763031,0.04070897161707209,0.2017646441205002,0.4399956329083565,6276.981032542069
0,1234,GradNorm,4209,9500,0.0002648368503281442,0.20976450017424025,6.708351916243841e-06,0.0030356304187105017,2.6555424753175915e-11,0.0008206034317415965,2.975215820543712,0.023963576024546095,0.0031317651353140485,0.055962175934411704,0.13041618106792946,0.037882217842241335,0.19463354757657103,0.435594482968528,0.04101398297755538,0.2025190928716485,0.436799768761741,6342.940304834046
0,1234,GradNorm,4253,9600,0.000688015775769973,0.2088405010122269,6.797504621836663e-06,0.002915246427533472,2.082832151689199e-09,0.002864111106681729,2.973240592380039,0.02389529651327905,0.002965066266430743,0.05445242204375066,0.13312492015173172,0.03763819278389254,0.19400565142256176,0.430357644835571,0.04060325905032329,0.2015025038313998,0.43139818997968443,6406.35665633413
0,1234,GradNorm,4295,9700,8.64052324084205e-05,0.20774534535598954,6.902026188106624e-06,0.0028706300760195464,5.833271828456892e-09,1.000024440412583e-12,2.977060209899729,0.022939790099271253,0.0029030555087690003,0.053880010289243635,0.13274336807840365,0.0374940400289514,0.19363377811980895,0.42828606470564196,0.040397095537720404,0.20099028717259051,0.42942602725390006,6471.085853834054
0,1234,GradNorm,4340,9800,0.0002706048317255354,0.20470149809792249,1.0422688811439347e-05,0.0024862609245504663,2.1005332073391406e-07,0.0005151048315014382,2.945487284124205,0.05399761104429322,0.002479733858316981,0.04979692619346079,0.11924912476175212,0.035109485713240345,0.18737525373762765,0.41439969781991703,0.03758921957155732,0.1938793943965096,0.4144797019561527,6535.152950292104
0,1234,GradNorm,4385,9900,0.0006236843112257188,0.19338830795874457,8.758929281716163e-06,0.002752858822024379,6.044838973575539e-11,0.002535539820361245,2.958440401249536,0.039024058930102565,0.0026103831846965263,0.051091909190169496,0.11667548410795754,0.03446885361266087,0.18565789402193722,0.4128669762021542,0.0370792367973574,0.1925596967108055,0.41400399150155753,6600.357414376107
0,1234,GradNorm,4431,10000,0.001545973414862076,0.16645137395888338,1.8505622750052325e-05,0.003653599013140906,7.177185743191927e-08,0.007774350024108574,2.938175484081286,0.05405016589460559,0.0030045053694627974,0.05481336852869743,0.1156492061137244,0.0339335696618877,0.18421066652582227,0.4042005650102463,0.0369380750313505,0.1921928069188608,0.4048238247157005,6664.151649584062
0,1234,GradNorm,4865,11000,0.0005232665271148751,0.16768474438374645,6.575502124155137e-06,0.002578402151166284,2.1536062435284883e-08,0.002708294863627121,2.978084904719294,0.019206800417078403,0.0025784211086264035,0.05077815582143963,0.09885106723218637,0.03720918272475112,0.19289681885596538,0.4241584765149965,0.039787603833377524,0.19946830282873898,0.4244589222408818,7309.403838917031
0,1234,GradNorm,5309,12000,0.0003842315049455137,0.1465023052523066,7.113378755986197e-06,0.0019631414643163586,7.884528497488926e-09,0.002210110390274796,2.977793786919401,0.01999610269032425,0.0023679343287452462,0.04866142546972135,0.09811141483459676,0.03277122901581342,0.1810282547444277,0.37320742951305647,0.03513916334455866,0.187454430047835,0.3733396498750826,7953.474151084083
0,1234,GradNorm,5747,13000,0.00024753215502457647,0.12331325533497359,6.532895764049358e-06,0.0014618458335098788,1.3936798884019875e-08,0.0016361735358016518,2.9803825839332254,0.01798124253097262,0.002072519189908076,0.04552492932348249,0.09180783749534548,0.03322376953169745,0.18227388603883293,0.3686578555701191,0.03529628872160552,0.18787306545006796,0.3686998931443927,8594.189042792073
0,1234,GradNorm,6192,14000,0.00029187596873949084,0.11512746200440915,5.758295036205861e-06,0.0012964894821337882,2.922621153314341e-09,0.0021948695214467503,2.980821700853453,0.016983429625100285,0.002031115738912587,0.045067901425655345,0.08875508460920835,0.028263371436938408,0.16811713605976758,0.3343094737167013,0.030294487175850992,0.17405311596133805,0.3345113537678101,9248.140122042038
0,1234,GradNorm,6613,15000,0.009822919820192939,0.66466602962449,0.0015543679102540155,0.008754483537613702,0.0006201318058971755,0.006446809907435492,2.9567858009616974,0.03676738913086704,0.008667769372681901,0.0931008559180951,0.24698754384786034,0.04214205589529674,0.20528530365151992,0.43613094336952707,0.050809825267978635,0.22541034862662945,0.4385225025889497,9911.68739766709
0,1234,GradNorm,7058,16000,0.00016091225527914034,0.09291635087361727,4.985374073917758e-06,0.0012470057369300064,7.763972848258356e-11,0.0013071654521976323,2.9789624589009835,0.019730375646818524,0.0022823264353228107,0.04777370024734122,0.09271443298307765,0.030700950690632008,0.1752168675973635,0.38592925900579234,0.032983277125954814,0.1816129872171999,0.3866813100192677,10571.353358251043
0,1234,GradNorm,7495,17000,0.00011182969654351658,0.09413937403277323,4.174402866388205e-06,0.0010881511638617695,5.31752218172303e-11,0.000969059220761875,2.991573353254865,0.007457587524372693,0.002170570994469278,0.04658938714416919,0.09382180443265786,0.027722863390410347,0.16650184200305518,0.3615768256373175,0.02989343438487963,0.17289717864927592,0.36218465850778514,11223.243295084103
0,1234,GradNorm,7936,18000,2.862702586243947e-05,0.0947982651063538,3.793745010143292e-06,0.000984012038020178,1.1105624307351522e-09,9.998950844063756e-13,2.9824073063125356,0.01759269368646418,0.002091008657636776,0.04572754812623104,0.09226054681165258,0.028613306558240778,0.16915468234205278,0.35362994534174336,0.030704315215877555,0.17522646836559125,0.3542345323979804,11880.528324501123
0,1234,GradNorm,8359,19000,0.0002176169095501459,0.0958123953962262,4.3162559796026285e-06,0.0009268544280465279,4.124047156492079e-08,0.0018913506003849178,2.9727219132782583,0.025386736121356925,0.0020982360979300016,0.04580650715706232,0.09441840318179491,0.030226400690686214,0.17385741482803146,0.35358283109719457,0.03232463678861621,0.17979053587054078,0.3544079468364921,12535.060495876125
0,1234,GradNorm,8818,20000,1.656013006713473e-05,0.09554133469490421,3.3413645312320354e-06,0.0008902108711914321,2.279529332132501e-10,9.999581795686018e-13,2.992630473393463,0.007369526605536544,0.0020057325458001114,0.044785405500007605,0.09220696629309567,0.029952606921103117,0.1730682146470088,0.35823720024000116,0.03195833946690323,0.17876895554570774,0.3589080134206574,13178.02220975107
0,1234,GradNorm,9268,21000,2.972170368850442e-05,0.09114330388596746,3.26301501880075e-06,0.0009703479497530791,7.642529151347382e-10,0.00012035821419966196,2.990612160206907,0.009267481578893608,0.0021392724145256233,0.04625226929055074,0.0946766254883667,0.029742117404544573,0.17245903109012464,0.3586430307717068,0.0318813898190702,0.17855360488959665,0.3593521068238774,13848.443847542047
0,1234,GradNorm,9708,22000,6.085393838474405e-05,0.09128816303893358,3.1956516387918727e-06,0.0009550033343854575,1.2565874421868503e-12,0.0004188232620773075,2.9858864833368366,0.013694693401085822,0.002105380498362534,0.04588442544439817,0.09327332414745484,0.029395790978085614,0.17145200779835043,0.36031453185776885,0.031501171476448146,0.17748569372332,0.36116467418291637,14506.999884459074
0,1234,GradNorm,10142,23000,0.00029330117031471664,0.09133495984772272,3.178217203388173e-06,0.0009467973327739539,1.5270787640115173e-10,0.0029538111861810742,2.9822207920708315,0.014825396742987447,0.002098085141898462,0.04580485936992343,0.09365128888699918,0.029247861197045377,0.17102006080295193,0.3613186452713921,0.031345946338943845,0.17704786454217358,0.3621383557305532,15169.915815834072
0,1234,GradNorm,10588,24000,2.7426039424115985e-05,0.09142096439099186,3.1111341342598232e-06,0.0009411118637525713,1.1298819287826512e-10,9.933151607349628e-05,2.9902931598878273,0.009607508596099532,0.002092748105329272,0.045746563863631025,0.09374272615897292,0.029063838412412814,0.1704811966535102,0.36176441297426687,0.03115658651774209,0.17651228432531854,0.36252378247577244,15911.055242042057
0,1234,GradNorm,11046,25000,0.00016513187981862619,0.0914606209995062,3.0435192712337886e-06,0.000934449647026175,3.452564317614279e-11,0.0015514894598071974,2.9833038603399653,0.01514465020022753,0.002081818608084523,0.04562695045786561,0.09316218852074769,0.029044443563828994,0.17042430449859255,0.36218056908193474,0.031126262171913516,0.17642636473019987,0.3629274222037778,16635.451220251038
0,1234,GradNorm,11500,26000,0.00013579387914408394,0.08047714253397781,3.0765176512058085e-06,0.0012750314437013912,5.147792006046872e-11,0.0013837871936432065,2.9866619427081442,0.011954270098212419,0.002449007391302056,0.049487446805246034,0.09517599510704913,0.030336849460622088,0.17417476700320883,0.3639215812549197,0.03278585685192414,0.1810686523170815,0.36481461955219147,17336.03000795911
0,1234,GradNorm,11930,27000,0.0001365038625244337,0.0806747819877166,3.017720594090352e-06,0.0012415827376879456,1.3598805455654099e-10,0.0013424876279329052,2.9831962979524085,0.015461214419658646,0.0023922453625420006,0.04891058538335031,0.09405556940061274,0.031281880451182284,0.17686684384356013,0.37105872902177556,0.03367412581372428,0.18350511113787615,0.37189317063552557,18042.301116126124
0,1234,GradNorm,12416,28000,0.00011708140274228214,0.08067393803833263,3.007009048835207e-06,0.0012444075391018312,1.1668393515103233e-10,0.0012879697663771357,2.99536215352586,0.00334987670776261,0.0023926122679312723,0.04891433601646119,0.0938190759063234,0.031245847377919644,0.17676494951748675,0.37082767793011406,0.03363845964585091,0.1834079050800453,0.37163562158415986,18843.768964042072
0,1234,GradNorm,12839,29000,0.00013159268203429786,0.08071889399518574,3.0082851176407247e-06,0.0012321440336661971,4.783129076081033e-11,0.0013641978893096111,2.988502390935104,0.010133411175586018,0.002385957142940829,0.0488462602758986,0.09413605558410755,0.03146102706491471,0.1773725657053951,0.37225399157807093,0.033846984207855535,0.18397549893356868,0.3730353504935541,19581.403238542145
0,1234,GradNorm,13286,30000,0.00023665586644560046,0.080758286491538,3.0096901682357624e-06,0.0012292136510221223,5.6729001055379606e-11,0.002659910936775256,2.986881066212993,0.010459022850231817,0.0023815822740655503,0.04880145770430992,0.094033599555964,0.03148001000192899,0.17742606911592498,0.3724168971392071,0.03386159227599454,0.184015195774682,0.37317074361869107,20343.732625209144
0,1234,ID,0,0,256.1435686010094,251.3030261937345,0.009207776361902389,4.8313346309130045,4.5231564731140115e-37,1.0,1.0,1.0,4.959270398518739,2.226941938739926,3.2838127750103276,0.14372544318012911,0.37911138624437163,0.7312009457582304,5.102995841698868,2.258981151249135,3.286218301193365,1.0707946670008823
0,1234,ID,0,1,258.1178895081105,251.3030261937345,0.009207776361902389,4.8313346309130045,4.5231564731140115e-37,1.0,4.990160757655796,1.401044545082655,4.959270398518739,2.226941938739926,3.2838127750103276,0.14372544318012911,0.37911138624437163,0.7312009457582304,5.102995841698868,2.258981151249135,3.286218301193365,3.070977333933115
0,1234,ID,0,2,258.01778491610554,251.25397845165816,0.0031325268158092457,4.816517833450366,1.8615209871161113e-05,1.0,4.990160757655796,1.401044545082655,4.961234806396786,2.2273829501001363,3.2953193583681597,0.14259837336544792,0.37762199798932256,0.7241200789337681,5.103833179762234,2.2591664789833956,3.297544670587183,3.9938666669186205
0,1234,ID,1,3,258.01778491610554,251.25397845165816,0.0031325268158092457,4.816517833450366,1.8615209871161113e-05,1.0,4.990160757655796,1.401044545082655,4.961234806396786,2.2273829501001363,3.2953193583681597,0.14259837336544792,0.37762199798932256,0.7241200789337681,5.103833179762234,2.2591664789833956,3.297544670587183,4.950774083961733
0,1234,ID,1,4,257.58179969435304,250.80021751857814,0.009882943224676774,4.804189822121423,0.0013807565001878823,1.0,4.990160757655796,1.401044545082655,5.001407291355389,2.2363826352740688,3.3819045004079524,0.13542403310435566,0.36800004497874134,0.6724201783853284,5.136831324459744,2.266457880583653,3.3830585758314644,5.948244541999884
0,1234,ID,2,5,257.58179969435304,250.80021751857814,0.009882943224676774,4.804189822121423,0.0013807565001878823,1.0,4.990160757655796,1.401044545082655,5.001407291355389,2.2363826352740688,3.3819045004079524,0.13542403310435566,0.36800004497874134,0.6724201783853284,5.136831324459744,2.266457880583653,3.3830585758314644,6.813658333965577
0,1234,ID,2,6,256.30548974149696,248.03736444101366,0.1851698148048449,5.228951853043432,0.018103686935442027,1.0,4.990160757655796,1.401044545082655,5.344121268894078,2.311735553408754,3.752071336054534,0.12509448271983367,0.3536869840972858,0.5361802321689098,5.469215751613911,2.338635446497361,3.788686531878416,7.619984874967486
0,1234,ID,3,7,256.30548974149696,248.03736444101366,0.1851698148048449,5.228951853043432,0.018103686935442027,1.0,4.990160757655796,1.401044545082655,5.344121268894078,2.311735553408754,3.752071336054534,0.12509448271983367,0.3536869840972858,0.5361802321689098,5.469215751613911,2.338635446497361,3.788686531878416,8.447907708934508
0,1234,ID,3,8,2821.447482139786,2694.4312832048163,15.512433752715456,35.1948593828117,0.29709501319455744,1.0,4.990160757655796,1.401044545082655,40.3878233968977,6.3551414930666725,11.597684447606069,2.164938936958614,1.4713731467437532,2.9522668115457447,42.552762333856315,6.523247836304881,11.830076108463633,9.399443124886602
0,1234,ID,3,9,256.06169547239807,247.3243634166294,0.23733619841410322,5.374460753660153,0.023127350395060083,1.0,4.990160757655796,1.401044545082655,5.443696058558037,2.333172959417719,3.836931941676214,0.12513179254587264,0.35373972429721917,0.5365437695707521,5.568827851103911,2.359836403461882,3.8723421518985,10.516438124934211
0,1234,ID,3,10,260.3909163650449,235.64310854272344,1.920859564812717,10.695626324574716,0.17736088273740444,1.0,4.990160757655796,1.401044545082655,8.858302166977973,2.976290000483483,5.3415599069681825,0.22884184762414791,0.47837417115073,1.1847310247992238,9.087144014602123,3.014489013846646,5.360983007599722,11.502494916901924
0,1234,ID,3,11,255.0626607677785,241.6304713440376,0.7444035130865833,6.885293323402961,0.07089357282739117,1.0,4.990160757655796,1.401044545082655,6.420143477857599,2.5338002048025805,4.427368079894875,0.14255928398666695,0.3775702371568328,0.7762291979493388,6.562702761844267,2.5617772662439386,4.455810437356115,12.354279666906223
0,1234,ID,4,12,255.0626607677785,241.6304713440376,0.7444035130865833,6.885293323402961,0.07089357282739117,1.0,4.990160757655796,1.401044545082655,6.420143477857599,2.5338002048025805,4.427368079894875,0.14255928398666695,0.3775702371568328,0.7762291979493388,6.562702761844267,2.5617772662439386,4.455810437356115,13.114916083985008
0,1234,ID,4,13,253.6658186174112,237.9148881894268,0.8979323105556608,7.969546751102237,0.10441384640535643,1.0,4.990160757655796,1.401044545082655,7.098672252240244,2.66433335981822,4.76856969458261,0.16402705718758562,0.4050025397297968,0.9155740775166208,7.2626993094278305,2.6949395743555793,4.793519020135421,13.943203916889615
0,1234,ID,4,14,252.0653965234781,231.19294235715537,1.0765561408379005,10.926501546827932,0.19175056987962533,1.0,4.990160757655796,1.401044545082655,8.976463315462476,2.9960746511831906,5.521308048595778,0.23902154796510883,0.4888983002272649,1.2190816366957558,9.215484863427587,3.035701708572103,5.53943977708293,14.72995520895347
0,1234,ID,5,15,265.87408073377,231.19294235715537,1.0765561408379005,10.926501546827932,0.19175056987962533,1.0,5.065713615689147,2.657379636254026,8.976463315462476,2.9960746511831906,5.521308048595778,0.23902154796510883,0.4888983002272649,1.2190816366957558,9.215484863427587,3.035701708572103,5.53943977708293,16.066639166907407
0,1234,ID,5,16,256.5045934615398,228.12207068987294,0.21207904860028667,10.203036728648845,0.1948490169066098,1.0,5.065713615689147,2.657379636254026,8.472933783182016,2.910830428448558,5.528470740668584,0.23193859655004398,0.4816000379464727,1.1964730716131982,8.704872379732059,2.950402070859506,5.54644191370188,16.824847583891824
0,1234,ID,6,17,256.5045934615398,228.12207068987294,0.21207904860028667,10.203036728648845,0.1948490169066098,1.0,5.065713615689147,2.657379636254026,8.472933783182016,2.910830428448558,5.528470740668584,0.23193859655004398,0.4816000379464727,1.1964730716131982,8.704872379732059,2.950402070859506,5.54644191370188,17.580358041916043
0,1234,ID,6,18,253.82494590016816,225.9164386410488,0.0069142602574318,10.405487933107809,0.22214985806318183,1.0,5.065713615689147,2.657379636254026,8.560906110150333,2.925902614604651,5.648302105671982,0.24067651211763005,0.490587924961092,1.2251652559997201,8.801582622267961,2.96674613377484,5.665638896507568,18.316586333909072
0,1234,ID,7,19,253.82494590016816,225.9164386410488,0.0069142602574318,10.405487933107809,0.22214985806318183,1.0,5.065713615689147,2.657379636254026,8.560906110150333,2.925902614604651,5.648302105671982,0.24067651211763005,0.490587924961092,1.2251652559997201,8.801582622267961,2.96674613377484,5.665638896507568,19.04427070892416
0,1234,ID,7,20,252.8942871905333,229.55562979036003,0.0029126130236100762,8.71538803708865,0.16380824491102472,1.0,5.065713615689147,2.657379636254026,7.462071966147252,2.7316793307683924,5.128840464937262,0.18798312203255127,0.43357020427210086,1.0267536378183233,7.650055088179804,2.765873295756659,5.153175824065554,19.81838812492788
0,1234,ID,8,21,252.8942871905333,229.55562979036003,0.0029126130236100762,8.71538803708865,0.16380824491102472,1.0,5.065713615689147,2.657379636254026,7.462071966147252,2.7316793307683924,5.128840464937262,0.18798312203255127,0.43357020427210086,1.0267536378183233,7.650055088179804,2.765873295756659,5.153175824065554,20.586622541886754
0,1234,ID,8,22,251.6951723434449,227.05517139967375,0.0016068195443612256,9.203969157774024,0.17342104354852392,1.0,5.065713615689147,2.657379636254026,7.691742140500705,2.7733990229501244,5.021170547700285,0.18267880227405353,0.4274094082657207,0.9935403775237537,7.874420942774758,2.8061398651483422,5.050477077665993,21.413076666998677
0,1234,ID,9,23,251.6951723434449,227.05517139967375,0.0016068195443612256,9.203969157774024,0.17342104354852392,1.0,5.065713615689147,2.657379636254026,7.691742140500705,2.7733990229501244,5.021170547700285,0.18267880227405353,0.4274094082657207,0.9935403775237537,7.874420942774758,2.8061398651483422,5.050477077665993,22.440530541935004
0,1234,ID,9,24,251.42568009961352,225.86659120209472,0.0014220179270322355,9.55470240238763,0.1614137673717651,1.0,5.065713615689147,2.657379636254026,7.871729977250858,2.805660346023884,5.081706115899341,0.16953680182352485,0.41174846912104585,0.9187395266068155,8.041266779074382,2.8357127462199663,5.091697811539003,23.222950249910355
0,1234,ID,10,25,251.56643017836657,225.86659120209472,0.0014220179270322355,9.55470240238763,0.1614137673717651,1.0,208.0426992069424,2.6419017252417785,7.871729977250858,2.805660346023884,5.081706115899341,0.16953680182352485,0.41174846912104585,0.9187395266068155,8.041266779074382,2.8357127462199663,5.091697811539003,24.288376916898414
0,1234,ID,10,26,262.64413549003893,224.55901017775886,0.05073769855930314,10.377797986806,0.11239514690098441,1.0,208.0426992069424,2.6419017252417785,8.273830911099003,2.8764267609482084,5.561319193840149,0.14353272998157035,0.3788571366380345,0.7513649626219585,8.417363641080575,2.901269315503229,5.566589272275084,24.974561916897073
0,1234,ID,10,27,251.5451717754143,225.77159034163918,0.0013763864080342414,9.587090722513581,0.1590827704378734,1.0,208.0426992069424,2.6419017252417785,7.887209243410799,2.8084175692746975,5.103248438827153,0.16776752704699366,0.4095943445007434,0.9078634374085295,8.054976770457793,2.8381290968625428,5.112991155787799,25.698258416960016
0,1234,ID,11,28,251.5451717754143,225.77159034163918,0.0013763864080342414,9.587090722513581,0.1590827704378734,1.0,208.0426992069424,2.6419017252417785,7.887209243410799,2.8084175692746975,5.103248438827153,0.16776752704699366,0.4095943445007434,0.9078634374085295,8.054976770457793,2.8381290968625428,5.112991155787799,26.364323249901645
0,1234,ID,11,29,251.49616154693632,225.76809703776584,0.0014415047242668374,9.569854234649162,0.14555556258248734,1.0,208.0426992069424,2.6419017252417785,7.864950156929757,2.804451846070771,5.133401860639239,0.15956077946599334,0.39945059702795954,0.8548353737116483,8.024510936395751,2.832756773250353,5.14205908699538,27.05152341700159
0,1234,ID,12,30,251.49616154693632,225.76809703776584,0.0014415047242668374,9.569854234649162,0.14555556258248734,1.0,208.0426992069424,2.6419017252417785,7.864950156929757,2.804451846070771,5.133401860639239,0.15956077946599334,0.39945059702795954,0.8548353737116483,8.024510936395751,2.832756773250353,5.14205908699538,27.724440041929483
0,1234,ID,12,31,251.43976011749277,225.73610874697852,0.0015109865240997263,9.558498659840224,0.13668755542210898,1.0,208.0426992069424,2.6419017252417785,7.8595077651988134,2.803481365231239,5.114228807712658,0.15500408627971268,0.3937055832468123,0.8263534610234975,8.014511851478526,2.830991319569618,5.122089153064673,28.3721887919819
0,1234,ID,13,32,251.43976011749277,225.73610874697852,0.0015109865240997263,9.558498659840224,0.13668755542210898,1.0,208.0426992069424,2.6419017252417785,7.8595077651988134,2.803481365231239,5.114228807712658,0.15500408627971268,0.3937055832468123,0.8263534610234975,8.014511851478526,2.830991319569618,5.122089153064673,29.137302791932598
0,1234,ID,13,33,251.3148776603123,225.66544122132805,0.001784556277565845,9.525604188560395,0.11246239438476181,1.0,208.0426992069424,2.6419017252417785,7.849466427544429,2.8016899235183805,5.0809707914901105,0.14399898287294954,0.3794719790352768,0.753809026321512,7.99346541041738,2.8272717256071056,5.119795966917254,29.83113795891404
0,1234,ID,14,34,251.3148776603123,225.66544122132805,0.001784556277565845,9.525604188560395,0.11246239438476181,1.0,208.0426992069424,2.6419017252417785,7.849466427544429,2.8016899235183805,5.0809707914901105,0.14399898287294954,0.3794719790352768,0.753809026321512,7.99346541041738,2.8272717256071056,5.119795966917254,30.568553999997675
0,1234,ID,14,35,251.224534188892,225.5119680908958,0.0017324419616802948,9.558303622494579,0.10004536541568078,1.0,208.0426992069424,2.6419017252417785,7.860583790667289,2.8036732674595464,5.069456569242482,0.13882424661689827,0.3725912594478006,0.721766498142134,7.999408037284188,2.828322477597664,5.105936236033094,31.254700999939814
0,1234,ID,15,36,252.58243766567622,225.5119680908958,0.0017324419616802948,9.558303622494579,0.10004536541568078,1.0,793.9193703750883,2.677776934988829,7.860583790667289,2.8036732674595464,5.069456569242482,0.13882424661689827,0.3725912594478006,0.721766498142134,7.999408037284188,2.828322477597664,5.105936236033094,32.35778604191728
0,1234,ID,15,37,1342.31538944349,288.5422989677878,1.2697469529230432,16.954408241315562,0.2962657403733387,1.0,793.9193703750883,2.677776934988829,17.40950537818975,4.1724699373620115,6.920069519684524,0.2029206396733301,0.450467134953628,1.0940103790536122,17.612426017863072,4.196716099268936,6.92037599281523,33.27521229197737
0,1234,ID,15,38,252.52740737776924,225.44565538095458,0.0017078993534403138,9.572434370710319,0.09297364788489935,1.0,793.9193703750883,2.677776934988829,7.864464856030094,2.804365321428379,5.058523887646209,0.13617644332422266,0.36902092532026237,0.7047061727877828,8.000641299354315,2.828540489254894,5.09337610535058,34.010829249979
0,1234,ID,16,39,252.52740737776924,225.44565538095458,0.0017078993534403138,9.572434370710319,0.09297364788489935,1.0,793.9193703750883,2.677776934988829,7.864464856030094,2.804365321428379,5.058523887646209,0.13617644332422266,0.36902092532026237,0.7047061727877828,8.000641299354315,2.828540489254894,5.09337610535058,34.70572454191279
0,1234,ID,16,40,252.48228273522577,225.36470553012444,0.001689753564616841,9.595927565746832,0.0802956136113117,1.0,793.9193703750883,2.677776934988829,7.877642613284037,2.806713845992148,5.063696866789356,0.13222603972718186,0.36362898636822377,0.6786167149667752,8.00986865301122,2.8301711349335785,5.088656930770796,35.378490374889225
0,1234,ID,17,41,252.48228273522577,225.36470553012444,0.001689753564616841,9.595927565746832,0.0802956136113117,1.0,793.9193703750883,2.677776934988829,7.877642613284037,2.806713845992148,5.063696866789356,0.13222603972718186,0.36362898636822377,0.6786167149667752,8.00986865301122,2.8301711349335785,5.088656930770796,36.100005583954044
0,1234,ID,17,42,252.37653764218047,225.38606634534054,0.001560396484028436,9.587253825541126,0.07911513878711962,1.0,793.9193703750883,2.677776934988829,7.8626178319976585,2.8040359897828804,5.051128695480172,0.13189362585786646,0.36317162039160833,0.6767675127044022,7.994511457855524,2.8274567119330976,5.075709785472729,36.83196733391378
0,1234,ID,18,43,252.37653764218047,225.38606634534054,0.001560396484028436,9.587253825541126,0.07911513878711962,1.0,793.9193703750883,2.677776934988829,7.8626178319976585,2.8040359897828804,5.051128695480172,0.13189362585786646,0.36317162039160833,0.6767675127044022,7.994511457855524,2.8274567119330976,5.075709785472729,37.53949012490921
0,1234,ID,18,44,252.20371586566444,225.44191797287354,0.0012890596553372497,9.580710474240776,0.08338293412178815,1.0,793.9193703750883,2.677776934988829,7.845751664485279,2.801026894637979,5.030071701574432,0.13340443687176695,0.36524572122307875,0.6967757828364394,7.979156101357045,2.824740005975248,5.054516114993437,38.22220712492708
0,1234,ID,19,45,252.20371586566444,225.44191797287354,0.0012890596553372497,9.580710474240776,0.08338293412178815,1.0,793.9193703750883,2.677776934988829,7.845751664485279,2.801026894637979,5.030071701574432,0.13340443687176695,0.36524572122307875,0.6967757828364394,7.979156101357045,2.824740005975248,5.054516114993437,38.944912499981
0,1234,ID,19,46,251.89950051000076,225.47938431856485,0.0005972468310424021,9.652393557865526,0.09899352668912895,1.0,793.9193703750883,2.677776934988829,7.867450335693327,2.804897562424219,5.1193164098855135,0.1406676922515639,0.3750569186824366,0.7730968926413768,8.00811802794489,2.8298618390205714,5.121725853306453,39.64889154199045
0,1234,ID,20,47,251.8169463210796,225.47938431856485,0.0005972468310424021,9.652393557865526,0.09899352668912895,1.0,934.9977150112898,2.660494922793222,7.867450335693327,2.804897562424219,5.1193164098855135,0.1406676922515639,0.3750569186824366,0.7730968926413768,8.00811802794489,2.8298618390205714,5.121725853306453,40.66473399999086
0,1234,ID,20,48,251.5869507787422,225.46795621695975,0.000137029373333711,9.73243740170483,0.09777211718745586,1.0,934.9977150112898,2.660494922793222,7.891847407994738,2.8092432091214063,5.142216716539117,0.14313920895850957,0.3783374273826336,0.7985288983297547,8.034986616953246,2.8346051959582037,5.144452408261078,41.31850504199974
0,1234,ID,21,49,251.5869507787422,225.46795621695975,0.000137029373333711,9.73243740170483,0.09777211718745586,1.0,934.9977150112898,2.660494922793222,7.891847407994738,2.8092432091214063,5.142216716539117,0.14313920895850957,0.3783374273826336,0.7985288983297547,8.034986616953246,2.8346051959582037,5.144452408261078,42.00617929198779
0,1234,ID,21,50,251.4869583706492,225.78414832047088,0.0001417286627897163,9.581262880167342,0.07939282768594126,1.0,934.9977150112898,2.660494922793222,7.805870483286326,2.7938987961782593,5.096528875383443,0.13660420074657903,0.36960005512253247,0.7434038559394816,7.942474684032906,2.818239642761578,5.11679733131906,42.74635799997486
0,1234,ID,22,51,251.4869583706492,225.78414832047088,0.0001417286627897163,9.581262880167342,0.07939282768594126,1.0,934.9977150112898,2.660494922793222,7.805870483286326,2.7938987961782593,5.096528875383443,0.13660420074657903,0.36960005512253247,0.7434038559394816,7.942474684032906,2.818239642761578,5.11679733131906,43.476853249943815
0,1234,ID,22,52,251.36704403735519,225.88091557762797,7.668477222063128e-05,9.524562964002966,0.07437696537050842,1.0,934.9977150112898,2.660494922793222,7.753854094661123,2.7845743112118813,5.050862016167477,0.13357120177237783,0.36547394130413435,0.7088010122591129,7.887425296433501,2.808456034271055,5.073102129076914,44.151782542001456
0,1234,ID,23,53,251.36704403735519,225.88091557762797,7.668477222063128e-05,9.524562964002966,0.07437696537050842,1.0,934.9977150112898,2.660494922793222,7.753854094661123,2.7845743112118813,5.050862016167477,0.13357120177237783,0.36547394130413435,0.7088010122591129,7.887425296433501,2.808456034271055,5.073102129076914,44.841670083929785
0,1234,ID,23,54,251.28651914773297,225.5562405946145,4.5202936857962056e-05,9.629195725471682,0.06958757224486445,1.0,934.9977150112898,2.660494922793222,7.801882412621506,2.7931849943427496,5.054732553721213,0.13132145995037417,0.36238302933550043,0.6755277002613952,7.93320387257188,2.8165943748740037,5.0791527916877275,45.549808333977126
0,1234,ID,24,55,251.28651914773297,225.5562405946145,4.5202936857962056e-05,9.629195725471682,0.06958757224486445,1.0,934.9977150112898,2.660494922793222,7.801882412621506,2.7931849943427496,5.054732553721213,0.13132145995037417,0.36238302933550043,0.6755277002613952,7.93320387257188,2.8165943748740037,5.0791527916877275,46.31849854195025
0,1234,ID,24,56,251.27106733524508,225.30838616189905,5.0767890532687655e-05,9.716303917484808,0.0650360709177866,1.0,934.9977150112898,2.660494922793222,7.849475122771535,2.8016914753005078,5.0806656597296405,0.12982884121410637,0.3603176948390217,0.6514267542906101,7.979303963985642,2.8247661786395066,5.110541291863179,47.031871374929324
0,1234,ID,25,57,251.53603815557707,225.30838616189905,5.0767890532687655e-05,9.716303917484808,0.0650360709177866,1.0,5622.264226724119,2.6632745998594425,7.849475122771535,2.8016914753005078,5.0806656597296405,0.12982884121410637,0.3603176948390217,0.6514267542906101,7.979303963985642,2.8247661786395066,5.110541291863179,48.02689016691875
0,1234,ID,25,58,253.23448415961468,224.00570932410878,0.0002764477335576549,10.373251004566072,0.04769671413847793,1.0,5622.264226724119,2.6632745998594425,8.226243576839524,2.86814287943253,5.419001206873952,0.1276373688058509,0.3572637244471525,0.6069750636659054,8.353880945645374,2.8903081056602553,5.452734584411525,48.74954962497577
0,1234,ID,25,59,251.52824973352824,225.17904944350687,4.8516395120642626e-05,9.76725097564494,0.063556863437442,1.0,5622.264226724119,2.6632745998594425,7.877764289631516,2.806735521853015,5.108122184930836,0.12942100190245093,0.35975130562994617,0.642996395153079,8.007185291533965,2.829697031756927,5.13830456302357,49.47785295895301
0,1234,ID,26,60,251.52824973352824,225.17904944350687,4.8516395120642626e-05,9.76725097564494,0.063556863437442,1.0,5622.264226724119,2.6632745998594425,7.877764289631516,2.806735521853015,5.108122184930836,0.12942100190245093,0.35975130562994617,0.642996395153079,8.007185291533965,2.829697031756927,5.13830456302357,50.31803374993615
0,1234,ID,26,61,251.48560870506634,224.9191896857197,3.465346716093953e-05,9.875916840518837,0.06930959891780221,1.0,5622.264226724119,2.6632745998594425,7.947094238277834,2.8190591051409037,5.1518402772681595,0.13096866045114774,0.36189592488883837,0.6595384599114917,8.07806289872898,2.8421933253614156,5.183294015547977,51.08164241688792
0,1234,ID,27,62,251.48560870506634,224.9191896857197,3.465346716093953e-05,9.875916840518837,0.06930959891780221,1.0,5622.264226724119,2.6632745998594425,7.947094238277834,2.8190591051409037,5.1518402772681595,0.13096866045114774,0.36189592488883837,0.6595384599114917,8.07806289872898,2.8421933253614156,5.183294015547977,51.93063020892441
0,1234,ID,27,63,251.53615107555896,225.13275053757508,3.762708186249231e-05,9.805030057274422,0.07836363927505106,1.0,5622.264226724119,2.6632745998594425,7.922959351498029,2.81477518667087,5.110033910305875,0.13447474193222664,0.36670797909539227,0.7093028286740755,8.057434093430256,2.83856197632362,5.140207145715252,52.64700095891021
0,1234,ID,27,64,251.43738480076294,225.0058826453136,2.418056895318009e-05,9.845948045628903,0.07308926618285035,1.0,5622.264226724119,2.6632745998594425,7.936771861469872,2.817227690739581,5.134174419481583,0.1323069756688047,0.36374025852083613,0.680541753275625,8.069078837138678,2.840612405299019,5.165084308338863,53.417858583969064
0,1234,ID,28,65,251.43738480076294,225.0058826453136,2.418056895318009e-05,9.845948045628903,0.07308926618285035,1.0,5622.264226724119,2.6632745998594425,7.936771861469872,2.817227690739581,5.134174419481583,0.1323069756688047,0.36374025852083613,0.680541753275625,8.069078837138678,2.840612405299019,5.165084308338863,54.1492665419355
0,1234,ID,28,66,251.41945320704266,225.20620847353274,1.4506537909858782e-05,9.783991738726572,0.07422846138062046,1.0,5622.264226724119,2.6632745998594425,7.896841883419541,2.810132004625324,5.1079238410192165,0.13364719785821422,0.3655778957461928,0.7093068143605132,8.030489081277755,2.833811758264433,5.130745564059806,54.95563708397094
0,1234,ID,29,67,251.41945320704266,225.20620847353274,1.4506537909858782e-05,9.783991738726572,0.07422846138062046,1.0,5622.264226724119,2.6632745998594425,7.896841883419541,2.810132004625324,5.1079238410192165,0.13364719785821422,0.3655778957461928,0.7093068143605132,8.030489081277755,2.833811758264433,5.130745564059806,55.779876833898015
0,1234,ID,29,68,251.39418531123243,225.20628070011057,1.5602072463801744e-05,9.772860689668102,0.07237399448800276,1.0,5622.264226724119,2.6632745998594425,7.890442238660117,2.8089931005006252,5.096188851791582,0.13254046697122698,0.3640610758804448,0.6916373233657342,8.022982705631344,2.8324870177339463,5.1204388712721265,56.585445374948904
0,1234,ID,30,69,251.24848507973405,225.20628070011057,1.5602072463801744e-05,9.772860689668102,0.07237399448800276,1.0,14480.206051488833,2.6342245099478285,7.890442238660117,2.8089931005006252,5.096188851791582,0.13254046697122698,0.3640610758804448,0.6916373233657342,8.022982705631344,2.8324870177339463,5.1204388712721265,57.941952875000425
0,1234,ID,30,70,251.23187068578613,225.0084333099812,1.3240856288217348e-05,9.853068835959093,0.07651162256682932,1.0,14480.206051488833,2.6342245099478285,7.944356865674546,2.818573551581464,5.116464113050983,0.13393929660237144,0.3659771804393977,0.7071969009650337,8.078296162276915,2.8422343608993463,5.140755810488746,58.65543591696769
0,1234,ID,31,71,251.23187068578613,225.0084333099812,1.3240856288217348e-05,9.853068835959093,0.07651162256682932,1.0,14480.206051488833,2.6342245099478285,7.944356865674546,2.818573551581464,5.116464113050983,0.13393929660237144,0.3659771804393977,0.7071969009650337,8.078296162276915,2.8422343608993463,5.140755810488746,59.3661627919646
0,1234,ID,31,72,251.21077709332934,224.77997437778313,9.449804649580582e-06,9.951534280998,0.07939208248299359,1.0,14480.206051488833,2.6342245099478285,8.005546093462968,2.829407374957337,5.14546562455818,0.13522050684664905,0.3677234107949194,0.7242699455817436,8.140766600309618,2.8532028670092173,5.168764043944246,60.01554891699925
0,1234,ID,32,73,251.21077709332934,224.77997437778313,9.449804649580582e-06,9.951534280998,0.07939208248299359,1.0,14480.206051488833,2.6342245099478285,8.005546093462968,2.829407374957337,5.14546562455818,0.13522050684664905,0.3677234107949194,0.7242699455817436,8.140766600309618,2.8532028670092173,5.168764043944246,60.70426237490028
0,1234,ID,32,74,251.19863395919802,224.8462022408878,9.189988262777461e-06,9.923341806870901,0.07904858640511135,1.0,14480.206051488833,2.6342245099478285,7.990895700010197,2.8268172385228936,5.142312576363775,0.13516062306337118,0.36764197674282406,0.7240756715240646,8.126056323073568,2.850623848050382,5.165451158235677,61.367001999984495
0,1234,ID,33,75,251.19863395919802,224.8462022408878,9.189988262777461e-06,9.923341806870901,0.07904858640511135,1.0,14480.206051488833,2.6342245099478285,7.990895700010197,2.8268172385228936,5.142312576363775,0.13516062306337118,0.36764197674282406,0.7240756715240646,8.126056323073568,2.850623848050382,5.165451158235677,62.0635457088938
0,1234,ID,33,76,251.17929661102482,224.94014675183686,9.09539068371146e-06,9.881545427369026,0.07723756703067036,1.0,14480.206051488833,2.6342245099478285,7.965719048888851,2.822360545516616,5.129351681321573,0.13440032004146446,0.3666064920885396,0.7142035406695286,8.100119368930315,2.846070865057705,5.153067460736928,62.73147533391602
0,1234,ID,34,77,251.17929661102482,224.94014675183686,9.09539068371146e-06,9.881545427369026,0.07723756703067036,1.0,14480.206051488833,2.6342245099478285,7.965719048888851,2.822360545516616,5.129351681321573,0.13440032004146446,0.3666064920885396,0.7142035406695286,8.100119368930315,2.846070865057705,5.153067460736928,63.40458299999591
0,1234,ID,34,78,251.09590185074597,224.76408642161886,3.1372403297761014e-06,9.95003429900683,0.07576331745358923,1.0,14480.206051488833,2.6342245099478285,8.011162698497568,2.8303997418205027,5.142377081420845,0.13395027151065791,0.3659921741112205,0.7038027235534687,8.145112970008228,2.853964430403474,5.1726303977568735,64.11499337491114
0,1234,ID,35,79,250.13636514327592,224.76408642161886,3.1372403297761014e-06,9.95003429900683,0.07576331745358923,1.0,10713.1170326688,2.53897675346834,8.011162698497568,2.8303997418205027,5.142377081420845,0.13395027151065791,0.3659921741112205,0.7038027235534687,8.145112970008228,2.853964430403474,5.1726303977568735,65.17698937491514
0,1234,ID,35,80,250.11915370694916,225.17677705443353,1.86422094570362e-06,9.787294320698889,0.07269227574235733,1.0,10713.1170326688,2.53897675346834,7.909923898649798,2.8124586927899577,5.09681028787484,0.13322459046915025,0.3649994389984048,0.6976477228549605,8.043148489118948,2.8360445146575093,5.1223523778374584,65.91797966696322
0,1234,ID,36,81,250.11915370694916,225.17677705443353,1.86422094570362e-06,9.787294320698889,0.07269227574235733,1.0,10713.1170326688,2.53897675346834,7.909923898649798,2.8124586927899577,5.09681028787484,0.13322459046915025,0.3649994389984048,0.6976477228549605,8.043148489118948,2.8360445146575093,5.1223523778374584,66.61562075000256
0,1234,ID,36,82,250.1147653516923,225.1323318642467,1.4701320811352906e-06,9.804218809982267,0.07400014594491902,1.0,10713.1170326688,2.53897675346834,7.919132241102213,2.814095279321973,5.09582117805192,0.13363615209719995,0.3655627881735229,0.7023846961027342,8.052768393199413,2.8377400150823213,5.120573169251011,67.30438816698734
0,1234,ID,37,83,250.1147653516923,225.1323318642467,1.4701320811352906e-06,9.804218809982267,0.07400014594491902,1.0,10713.1170326688,2.53897675346834,7.919132241102213,2.814095279321973,5.09582117805192,0.13363615209719995,0.3655627881735229,0.7023846961027342,8.052768393199413,2.8377400150823213,5.120573169251011,67.9919693749398
0,1234,ID,37,84,250.11219539666655,225.0389814720948,1.249924701824207e-06,9.840661635073898,0.07461220475867995,1.0,10713.1170326688,2.53897675346834,7.939001178091791,2.8176233208311916,5.097889397963816,0.13378681758217262,0.36576880345673635,0.7036673214846781,8.072787995673965,2.8412652103726543,5.123921420608167,68.6762859999435
0,1234,ID,38,85,250.11219539666655,225.0389814720948,1.249924701824207e-06,9.840661635073898,0.07461220475867995,1.0,10713.1170326688,2.53897675346834,7.939001178091791,2.8176233208311916,5.097889397963816,0.13378681758217262,0.36576880345673635,0.7036673214846781,8.072787995673965,2.8412652103726543,5.123921420608167,69.38363283395302
0,1234,ID,38,86,250.10961411641492,225.036956686786,1.2083186705038356e-06,9.8407891014078,0.07417780604005184,1.0,10713.1170326688,2.53897675346834,7.936545171655523,2.81718745767042,5.091835882768477,0.13356899062157226,0.3654709162458379,0.7006878749598008,8.070114162277095,2.8407946357097154,5.1219998626270735,70.12602116691414
0,1234,ID,39,87,250.10961411641492,225.036956686786,1.2083186705038356e-06,9.8407891014078,0.07417780604005184,1.0,10713.1170326688,2.53897675346834,7.936545171655523,2.81718745767042,5.091835882768477,0.13356899062157226,0.3654709162458379,0.7006878749598008,8.070114162277095,2.8407946357097154,5.1219998626270735,71.0894190419931
0,1234,ID,39,88,250.1028082776195,225.0476271819163,1.2059104459793391e-06,9.834674575314011,0.07225191131609995,1.0,10713.1170326688,2.53897675346834,7.926371329331518,2.8153812049758944,5.087199016207982,0.1326762925139149,0.36424757036103195,0.6883982613276884,8.059047621845432,2.8388461779119756,5.11779220347073,72.04696933389641
0,1234,ID,40,89,250.15477900479863,225.0476271819163,1.2059104459793391e-06,9.834674575314011,0.07225191131609995,1.0,41300.06289716281,2.5405106740403918,7.926371329331518,2.8153812049758944,5.087199016207982,0.1326762925139149,0.36424757036103195,0.6883982613276884,8.059047621845432,2.8388461779119756,5.11779220347073,73.4121625419939
0,1234,ID,40,90,250.6021895380881,225.3649395017028,2.821906276629731e-06,9.86646482064941,0.05484593776677271,1.0,41300.06289716281,2.5405106740403918,7.875411763329878,2.806316404707402,5.312255566857617,0.127475561826628,0.3570371994997552,0.5920758835878777,8.002887325156507,2.8289374905000124,5.3131358581334895,74.12753220892046
0,1234,ID,40,91,250.1494346495811,225.0654105772788,1.0030491224859382e-06,9.829619298999562,0.07034532959287212,1.0,41300.06289716281,2.5405106740403918,7.915246263464879,2.813404745759998,5.090088844202821,0.1318224261486969,0.36307358227871234,0.6758628445280153,8.047068689613575,2.836735569208659,5.108089129613974,74.89129179192241
0,1234,ID,41,92,250.1494346495811,225.0654105772788,1.0030491224859382e-06,9.829619298999562,0.07034532959287212,1.0,41300.06289716281,2.5405106740403918,7.915246263464879,2.813404745759998,5.090088844202821,0.1318224261486969,0.36307358227871234,0.6758628445280153,8.047068689613575,2.836735569208659,5.108089129613974,75.64658012497239
0,1234,ID,41,93,250.14420497921148,225.06986589833326,8.967268999628908e-07,9.827424362478498,0.07062771230694628,1.0,41300.06289716281,2.5405106740403918,7.914906295311214,2.8133443257644832,5.091588197582094,0.13188399632433323,0.36315836259727413,0.6774574019644055,8.046790291635547,2.836686498652177,5.103452310619611,76.42886154190637
0,1234,ID,42,94,250.14420497921148,225.06986589833326,8.967268999628908e-07,9.827424362478498,0.07062771230694628,1.0,41300.06289716281,2.5405106740403918,7.914906295311214,2.8133443257644832,5.091588197582094,0.13188399632433323,0.36315836259727413,0.6774574019644055,8.046790291635547,2.836686498652177,5.103452310619611,77.30726512498222
0,1234,ID,42,95,250.13156075398115,225.02473724210003,7.397451816949562e-07,9.84236716097344,0.07163315907157283,1.0,41300.06289716281,2.5405106740403918,7.93211226130837,2.8164005860864982,5.079442327439183,0.13228708045986554,0.363712909394024,0.6850759700030995,8.064399341768238,2.839788608641185,5.10577013437472,78.40976070892066
0,1234,ID,43,96,250.13156075398115,225.02473724210003,7.397451816949562e-07,9.84236716097344,0.07163315907157283,1.0,41300.06289716281,2.5405106740403918,7.93211226130837,2.8164005860864982,5.079442327439183,0.13228708045986554,0.363712909394024,0.6850759700030995,8.064399341768238,2.839788608641185,5.10577013437472,79.18554845894687
0,1234,ID,43,97,250.12485231561362,225.00320067455317,7.247793971229488e-07,9.848536434333662,0.07140627127234558,1.0,41300.06289716281,2.5405106740403918,7.943186565323712,2.8183659388595568,5.079152815066982,0.13222230427501436,0.36362384998101316,0.6848698458917893,8.075408869598727,2.841726388940133,5.109363472549884,79.9190434999764
0,1234,ID,44,98,250.12485231561362,225.00320067455317,7.247793971229488e-07,9.848536434333662,0.07140627127234558,1.0,41300.06289716281,2.5405106740403918,7.943186565323712,2.8183659388595568,5.079152815066982,0.13222230427501436,0.36362384998101316,0.6848698458917893,8.075408869598727,2.841726388940133,5.109363472549884,80.59093474992551
0,1234,ID,44,99,250.11727269876098,225.02804182206035,7.276411063445737e-07,9.836332760365968,0.06987088211909064,1.0,41300.06289716281,2.5405106740403918,7.938879046786003,2.8176016479953305,5.075404195049738,0.13165070566865314,0.36283702356382147,0.6783661789767782,8.070529752454656,2.840867781586228,5.105433870913514,81.31371037499048
0,1234,ID,45,100,250.14624628609604,225.02804182206035,7.276411063445737e-07,9.836332760365968,0.06987088211909064,1.0,54336.89255382783,2.5424918447322806,7.938879046786003,2.8176016479953305,5.075404195049738,0.13165070566865314,0.36283702356382147,0.6783661789767782,8.070529752454656,2.840867781586228,5.105433870913514,82.76433649996761
0,1234,ID,50,110,250.36918346051803,225.03471944300034,7.122824995473437e-07,9.817618870004571,0.054259370666873995,1.0,53812.4317475572,2.5710791310690975,7.967877472296746,2.822742898723996,5.122960702371484,0.1271812905457211,0.356624859685526,0.5955991142113735,8.09505876284247,2.8451816748394942,5.153443839856834,89.87461145897396
0,1234,ID,55,120,251.11454545591997,225.2970519708591,9.166023621939373e-07,9.702331569957044,0.03571603874621538,1.0,40552.66993255564,2.6534453690470183,7.90725464307991,2.811984111455808,5.0569355131849445,0.1252743977735942,0.35394123491562013,0.5364240914056903,8.032529040853504,2.8341716674989015,5.085231392168787,96.50090562494006
0,1234,ID,60,130,251.0478333610349,224.793039842353,1.1392431901324213e-06,9.86603718766622,0.01007739713432443,1.0,43397.39494497281,2.655096006290589,8.027844892103682,2.8333451770131504,5.078684576476863,0.1312410432981343,0.3622720570208725,0.649560198874525,8.159085935401817,2.856411373629824,5.0792063178627265,103.99458683398552
0,1234,ID,65,140,251.32414799336465,224.77670356825527,1.05683045407371e-06,9.872119527548328,0.0036420294837133595,1.0,187685.03764771917,2.668672219633093,8.04244672989202,2.8359207904827,5.089251611201506,0.13862589354256194,0.3723249837743392,0.7164646799879499,8.181072623434584,2.8602574400627967,5.090862581282395,112.58776783396024
0,1234,ID,69,150,251.29004878216276,224.83084745373554,8.332748139253467e-07,9.855243279338985,0.0023941563070276235,1.0,187685.03764771917,2.668672219633093,8.033602267411634,2.834360998075516,5.078965044176538,0.14159047852481557,0.37628510271443855,0.7377666525503273,8.17519274593645,2.8592293972216445,5.080904515628075,118.93909508397337
0,1234,ID,74,160,251.20145135488107,224.77823058824308,8.061870900069749e-07,9.867827750618408,0.005658454720067081,1.0,111802.17595704837,2.668006526499893,8.021111191396257,2.832156632567531,5.101197611074014,0.1352283690997484,0.3677341010835797,0.688806109145503,8.156339560496004,2.8559305944815963,5.102354727460806,125.55606849992182
0,1234,ID,78,170,251.34943943384752,224.9650536253239,7.703970244443906e-07,9.797774608165986,0.006553672596967942,1.0,233237.77729147652,2.6738874381207305,7.982835964719315,2.8253912940899557,5.071540182118023,0.13414705846894387,0.3662609158358886,0.6790776750808369,8.11698302318826,2.8490319449223906,5.0725104207511755,133.67960912489798
0,1234,ID,83,180,251.65720711008697,225.0755012482257,6.913423492094432e-07,9.754043571459846,0.013059905009230146,1.0,295022.0481505919,2.702949246418953,7.9185379274504,2.813989681475467,5.062289436882814,0.12882022513748398,0.3589153453636163,0.618829487057956,8.047358152587883,2.836786589186413,5.06720886668451,140.70211766695138
0,1234,ID,88,190,251.60017067905358,224.85033541895595,6.519586948594502e-07,9.82359879403193,0.003145068590987751,1.0,158828.68108343793,2.7121568185447034,7.914654253185851,2.8132995313663014,5.107736782283651,0.13809529710675594,0.3716117558780345,0.7126323354867607,8.052749550292605,2.8377366950252108,5.109776911488205,151.51642874989193
0,1234,ID,93,200,251.46556242470007,224.61985825869002,5.419764684884669e-07,9.90587954657766,0.0013510112702569705,1.0,112231.35940930297,2.7038009369058797,7.952532847239922,2.8200235543767933,5.132117636290174,0.14233548919208017,0.37727375894975806,0.7431884537759901,8.094868336432002,2.8451482099236944,5.135081008828342,158.45526937500108
0,1234,ID,98,210,251.25730764075158,224.54062454576734,4.97524627831357e-07,9.930697299490571,0.0005013802389317625,1.0,68315.10917961028,2.6868398523076698,7.957235702615151,2.8208572637790716,5.163884450095259,0.15933568499729106,0.3991687425103462,0.8383689286249374,8.116571387612442,2.8489597027006965,5.1701412326441885,165.56588212493807
0,1234,ID,102,220,251.1356208214853,224.49027366250672,4.674212500478411e-07,9.948837540812768,0.0014473188839631205,1.0,96464.77153750762,2.673559604012187,7.9639443665560465,2.822046131188512,5.16784987567405,0.16488783891070943,0.40606383600452456,0.8640034730403625,8.128832205466756,2.8511106968104123,5.175165229490644,173.17576691694558
0,1234,ID,107,230,250.95560158835548,224.31848368663157,4.3980774354216174e-07,10.013953813176142,0.0021091934162417413,1.0,178436.87903044955,2.6519525936133324,7.995509879195684,2.8276332646217903,5.174457159813307,0.16795066464520947,0.409817843248936,0.8774585093835102,8.163460543840893,2.8571770235393,5.182362410199695,179.8450803749729
0,1234,ID,112,240,250.71114026583214,224.16237640151962,3.423220915395859e-07,10.067855714489774,0.007506833748724476,1.0,156804.19899820612,2.6309057499780533,8.009646365177717,2.830131863567088,5.208547568285766,0.18650024225361334,0.4318567381130151,0.9501496174928356,8.196146607431332,2.8628913020635856,5.2199928094381125,186.22446712490637
0,1234,ID,115,250,250.4958388817828,224.13093189213308,1.7453525854948997e-07,10.079405301014281,0.011484201433801917,1.0,201248.10622837616,2.6110963010202948,7.982925059689852,2.825407060883414,5.228305234226079,0.19771442044556642,0.4446508972728678,0.989063860468093,8.180639480135419,2.8601817215232006,5.24196588947916,192.6684311249992
0,1234,ID,120,260,250.05048337561982,223.92064296685663,1.682096601398866e-07,10.140879761111504,0.004645001651948964,1.0,145764.69867883815,2.573807893549592,7.998415411298068,2.8281469925196725,5.187330011250568,0.1881744668888126,0.4337908100557371,0.9564135110677625,8.18658987818688,2.8612217457210267,5.198580884785216,199.07866045890842
0,1234,ID,125,270,249.9248667080756,223.93516504390928,1.8925998814621162e-07,10.12615680352917,0.0012465093337551763,1.0,105602.74492408143,2.564494040970162,7.998956329540884,2.828242622113754,5.178219843424704,0.17744771011849142,0.4212454274155287,0.9167566158167768,8.176404039659378,2.859441211086421,5.1923185707473065,205.4525806249585
0,1234,ID,130,280,249.8433681950912,223.93764313012178,1.568802348904907e-07,10.119186990993636,0.0001382610488034728,1.0,103982.94411162833,2.5584341862904556,8.031474797588896,2.8339856734974678,5.177310801520575,0.16910543019501953,0.4112243064253614,0.8829108475490888,8.200580227783917,2.8636655230288186,5.192014215937296,211.77078045892995
0,1234,ID,135,290,250.18674146742705,224.08573722402716,4.871203667455256e-07,10.022609593614032,0.01305526839609573,1.0,95090.14243980755,2.59828823887715,7.998881889935762,2.828229462037294,5.109821236616603,0.14137075544213107,0.37599302578921734,0.737314555872492,8.140252645377894,2.8531127992734344,5.114578803931565,218.86787941691
0,1234,ID,140,300,250.2579995546212,224.10681551963114,4.542142228487997e-07,10.006872711349548,0.020556383953585666,1.0,109657.0202472187,2.606290758872623,7.979810015788667,2.824855751324068,5.118911056068354,0.1362176264339028,0.3690767216093462,0.6981093821759997,8.11602764222257,2.8488642723412725,5.120430793309448,225.86690029199235
0,1234,ID,145,310,250.28854851396304,224.11143525691827,3.501264283776544e-07,10.010892732937899,0.01327169080651544,1.0,118362.91986470725,2.609397610854985,7.978012271088924,2.824537532250001,5.138766739969982,0.14006418845173343,0.3742515042745098,0.7281375480550777,8.118076459540658,2.849223834580333,5.141031726880793,233.1857425419148
0,1234,ID,150,320,250.3811468081208,224.12892460364927,3.847594854027043e-07,10.001091899249946,0.011217432620365583,1.0,113114.2679548999,2.619462279542285,7.965254911289386,2.8222783192465952,5.13929297904787,0.1425812492568195,0.3775993236975134,0.7456224704411042,8.107836160546205,2.8474262344345647,5.142025690539585,239.89147887495346
0,1234,ID,154,330,250.37030150143195,224.0108664067438,4.818479936068468e-07,10.036757454011665,0.014023651927384178,1.0,113114.2679548999,2.619462279542285,7.997649432283946,2.8280115686262577,5.14172111672014,0.14165218729439166,0.37636709114160294,0.7393005505097705,8.139301619578339,2.852946129806579,5.144105599996974,245.86474012490362
0,1234,ID,158,340,250.28885726522438,224.0438228143583,5.668568844676076e-07,10.016551696913048,0.020590612275469343,1.0,76879.73581554991,2.6137601864657745,8.006921410439727,2.829650404279604,5.135879505627905,0.13845338461892354,0.3720932472095181,0.7162074844465744,8.14537479505865,2.854010300447188,5.137428499443473,252.3492828749586
0,1234,ID,162,350,250.35922079727132,224.09070524823153,7.21820054753736e-07,9.99027680691744,0.025302418730462253,1.0,66704.01122019121,2.622055959364425,7.9785794596162924,2.824637934252157,5.125799686520434,0.13699769058884273,0.370131990766595,0.7045712563093047,8.115577150205135,2.848785206049262,5.127230108555731,258.9156911249738
0,1234,ID,166,360,250.63451751721254,224.1459557329738,9.264759169387045e-07,9.958747948241305,0.029656095660631182,1.0,49166.74005742639,2.652276573850338,7.948502767047372,2.8193089165693377,5.104189094721637,0.13705384282811306,0.37020783734020685,0.7048098784152916,8.085556609875484,2.8435113169944453,5.105679421574178,265.44113933399785
0,1234,ID,170,370,250.67942381411189,224.0892402895281,1.1412879551562486e-06,9.964792532660793,0.04338075155110997,1.0,96901.56577707328,2.652961423584856,7.930002942351972,2.816026090495607,5.1108058838970365,0.13444227273755402,0.36666370523622055,0.6821471128471823,8.064445215089526,2.83979668551985,5.11196158388064,272.02609908394516
0,1234,ID,175,380,250.6910468485093,224.04303438359503,8.643212006405333e-07,9.994776213127402,0.02515797961070115,1.0,115199.16448911652,2.653714784559475,7.958284299783613,2.8210431226380805,5.130942726033572,0.1402596531786413,0.3745125541001814,0.7294759339097749,8.098543952962256,2.845794081264886,5.132994092818748,278.5392591248965
0,1234,ID,178,390,250.6728001512993,224.15806490018375,7.199115139118056e-07,9.954217737054066,0.01614726866226646,1.0,115199.16448911652,2.653714784559475,7.950424594256773,2.8196497290012412,5.153664671627862,0.14708599530682526,0.38351792045069455,0.7744124998494384,8.097510589563598,2.8456125157096843,5.156612369656622,284.9099066669587
0,1234,ID,182,400,250.92024765417355,224.15885159990597,7.868101457067394e-07,9.948355568090774,0.017189612819826797,1.0,79150.09494765029,2.6820442997927447,7.954641378133755,2.820397379472218,5.1424893211033105,0.14771608817287155,0.3843385072730438,0.7780388605293536,8.102357466306627,2.8464640286338816,5.145515885392841,291.37322879198473
0,1234,ID,186,410,251.21483645987823,224.2175099244681,8.909308948650901e-07,9.916680687701346,0.022476960088855504,1.0,213726.0387678712,2.700947553707551,7.936029554300246,2.8170959433963634,5.147533260814226,0.1471620510181611,0.3836170629914174,0.7747417487634018,8.083191605318406,2.843095426699288,5.150289578068256,297.9307779169176
0,1234,ID,191,420,251.62351378148355,224.4684277861444,6.828754775081454e-07,9.838480519015155,0.012054698064664193,1.0,130611.20026035744,2.7497986156745395,7.909261191301594,2.812340873952088,5.126428083377911,0.15404992942236514,0.39249194822615807,0.8131790138192935,8.06331112072396,2.839596999703296,5.130276185801359,305.06971545889974
0,1234,ID,195,430,252.31896803395074,224.4386808700646,8.886883083470726e-07,9.833459315511568,0.021402307332452984,1.0,528580.8065897957,2.785300716149431,7.8909387288271144,2.8090814742237566,5.111940998208703,0.14980881551327438,0.38705143781321155,0.7895982330927143,8.04074754434039,2.8356211919684178,5.115014066307049,312.54562083398923
0,1234,ID,199,440,252.22098518677325,224.8780883642028,5.210982144216003e-07,9.716308696429893,0.00461273758385691,1.0,528580.8065897957,2.785300716149431,7.880378475179074,2.807201181814206,5.14095612917032,0.16775435087760607,0.4095782597716901,0.8784987477666311,8.04813282605668,2.836923126568057,5.146427749523154,318.99344662495423
0,1234,ID,204,450,252.71614386799175,224.90049490877553,4.67062911360104e-07,9.703629722306438,0.002668533510865858,1.0,313030.5571921598,2.8511779874204066,7.847208468722213,2.801286930809162,5.113031886204706,0.16762486998798215,0.40942016314292845,0.8775338125397607,8.014833338710195,2.8310480989750415,5.11923709546136,325.42371208395343
0,1234,ID,209,460,253.14069898261022,224.97148036886114,5.906093235778428e-07,9.66621957076349,0.00817858414483119,1.0,217308.71985506982,2.900068146429341,7.807999133577548,2.794279716416656,5.090329941546425,0.15899319690687852,0.3987395100900819,0.8378572849575815,7.966992330484425,2.822586106832602,5.095094955426977,331.85075079195667
0,1234,ID,213,470,253.50692185636598,225.16178054371895,5.852987555031929e-07,9.599899114271716,0.009761533467520605,1.0,218487.95777326456,2.938312029494936,7.776552719893508,2.7886471128297154,5.08339606432212,0.15806441150055542,0.39757315238903573,0.8334199422001809,7.934617131394064,2.816845244487894,5.0879503242449635,338.2147162089823
0,1234,ID,217,480,254.05015634415648,225.25238644472307,5.929422893341488e-07,9.56761360564805,0.011086123904811866,1.0,274825.5437326447,2.9917311952860204,7.7557581787355865,2.7849161888171046,5.068683044753998,0.1566814119601228,0.3958300291288204,0.8264368983695611,7.912439590695708,2.812905897945345,5.07305431788832,344.6733131669462
0,1234,ID,221,490,254.47447265340324,225.51198059675457,5.573500079462143e-07,9.481347579614845,0.011454077567933997,1.0,179164.75427893514,3.042940917374499,7.701399688325979,2.7751395799717855,5.0442866210497845,0.15621154367219517,0.3952360606930941,0.8239371926383899,7.857611231998175,2.8031430987372326,5.048815562785737,351.1806033339817
0,1234,ID,226,500,254.97941918106508,225.87743997279355,4.6382544699775064e-07,9.365601675269046,0.009244642970342633,1.0,121063.64572042874,3.100343488062724,7.623309243875874,2.7610340895896006,5.053364518898286,0.15931452750548583,0.3991422396909225,0.8396082789233228,7.782623771381362,2.789735430355603,5.058656198588819,357.74409141694196
0,1234,ID,230,510,255.5390511913361,225.9111056562986,4.3882820287255157e-07,9.350057113491415,0.012973456893926328,1.0,94458.82730521471,3.1629240893127277,7.60909786154166,2.7584593275126714,5.033958562055004,0.15459634316212825,0.39318741480638497,0.8156693234091937,7.763694204703787,2.7863406476423136,5.038676539325555,364.0746270419331
0,1234,ID,235,520,255.74073223904466,225.73001931732787,3.269377315861757e-07,9.405648331386924,0.011432304013220575,1.0,63774.82427452372,3.1872795117465795,7.630946695900424,2.7624168215351617,5.045244254655391,0.15541404488473767,0.39422588053644786,0.8193589164327977,7.786360740785162,2.7904051212655774,5.050451180251635,370.45719054189976
0,1234,ID,239,530,255.734580937644,225.5778088151413,3.0244080241557935e-07,9.452058978688495,0.011130086881053776,1.0,63774.82427452372,3.1872795117465795,7.643508446946674,2.7646895751506486,5.052171056792979,0.1547248879333109,0.3933508458530513,0.8145453322528291,7.798233334879985,2.7925317070500713,5.057691326926785,376.5112821669318
0,1234,ID,243,540,255.6066244582056,225.352197400743,2.340691619169623e-07,9.524855074806265,0.009684878666878071,1.0,184266.52667260705,3.1708210602818463,7.682898027116936,2.7718041105238544,5.075407316796699,0.15597450358522302,0.39493607531500974,0.8204613607037582,7.838872530702161,2.7997986589578474,5.081256231533466,382.92408554197755
0,1234,ID,248,550,255.27370983476493,225.4376715641223,1.9024988684449538e-07,9.500405975008633,0.0053133837726670715,1.0,149088.49311227642,3.1369565570484452,7.674804934051527,2.770343829572699,5.065556622071783,0.15950199734606815,0.3993770115393075,0.8362317100978667,7.834306931397594,2.798983195983426,5.072450749972375,389.22029420896433
0,1234,ID,251,560,255.23878047858628,225.44694328852438,1.4523021712714163e-07,9.49703086877328,0.005572403230954475,1.0,737824.5815935412,3.1250935974348355,7.670684794211342,2.7696001144951126,5.066109381692569,0.1594273078328233,0.3992834930632912,0.8360430918027602,7.830112102044163,2.7982337468560705,5.07294565071567,395.5808433339698
0,1234,ID,255,570,255.53821372140524,225.59396028343312,1.2062264890972456e-07,9.452331705992737,0.0038315050868110365,1.0,531560.1462034485,3.160733739491385,7.659157077409453,2.767518216274186,5.050090619595133,0.1618332643433325,0.4022850535917691,0.8474116938650074,7.8209903417527835,2.7966033579599348,5.057357469569234,402.02474908391014
0,1234,ID,259,580,255.53608283953682,225.68125046735736,1.1068011764541294e-07,9.425908945232758,0.003210804091202867,1.0,531560.1462034485,3.160733739491385,7.6494427590504435,2.7657625999081055,5.048101653720996,0.1626424674750633,0.4032895578552255,0.8506364785514241,7.812085226525507,2.795010773955175,5.055597202396755,408.1459044589428
0,1234,ID,263,590,255.6661391570486,225.75883897824457,1.0637598792552916e-07,9.402209036363125,0.0030134684359300764,1.0,663739.17535884,3.1730501507127102,7.638356468522236,2.7637576718160797,5.044557800208707,0.16296726257930688,0.40369203928156283,0.8519743084760714,7.801323731101545,2.7930849845827366,5.0521340731815405,414.49858074996155
0,1234,ID,267,600,255.95020924696135,226.05981561962975,9.11353867108252e-08,9.312630885435148,0.002020763526311256,1.0,1685217.361283895,3.192952699800201,7.602579129687009,2.757277485072369,5.008431197823666,0.16476053415239944,0.4059070511242684,0.8603272161267741,7.767339663839407,2.7869947369594024,5.016305364054878,420.83564016700257
0,1234,ID,271,610,256.47203088691737,226.17324657978162,8.40162388488642e-08,9.279009952148543,0.0022530149912648894,1.0,1126337.7681228472,3.2548624028795423,7.591734532218571,2.755310242462466,5.015062001146438,0.16459432716784037,0.40570226418870325,0.8594834848855504,7.756328859386413,2.78501864614699,5.02284417911294,427.2361917089438
0,1234,ID,275,620,256.85375182254467,226.24832192453394,8.072944957565098e-08,9.254577085515638,0.0030162309748146014,1.0,642369.5389103573,3.3011292947735305,7.569672670912705,2.7513038129062926,5.005362731823658,0.16203579837628337,0.40253670438393985,0.8474842936564135,7.731708469288989,2.7805949847629714,5.012810119515201,433.55465666693635
0,1234,ID,280,630,257.03888035278584,226.23152815953412,7.661566295944761e-08,9.259235937974735,0.003452204425308545,1.0,442963.53074671305,3.3231642708287756,7.573924188004956,2.7520763412385487,5.00039004989121,0.16045961762210548,0.4005741100247312,0.8396364007485067,7.734383805627061,2.7810760157944374,5.007595463884817,440.2280597919598
0,1234,ID,284,640,257.0313227094788,226.1004709457059,7.5973113041111e-08,9.295731135651172,0.00595686415181311,1.0,442963.53074671305,3.3231642708287756,7.590538144855821,2.7550931281638777,5.005510469411366,0.15473786518201726,0.3933673412753241,0.822212108918686,7.7452760100378395,2.7830335984385526,5.011757253283588,446.7823827499524
0,1234,ID,289,650,256.90830256689503,226.22075907178137,7.788262244379744e-08,9.2545943325137,0.011350708144581416,1.0,332959.1592820392,3.31189676751098,7.552299791074025,2.748144790776866,4.993919172342425,0.14857790605788346,0.38545804707890513,0.8012167476325873,7.70087769713191,2.775045530641238,4.999057161923234,453.5286254589446
0,1234,ID,293,660,257.01441674232336,226.27691928819004,7.497011330880133e-08,9.23622970636519,0.013871749427074908,1.0,520645.50051160494,3.32219897382941,7.538097019755046,2.7455595094178977,4.9832735805161175,0.1464001377216781,0.38262270936482334,0.7917022523930931,7.684497157476725,2.7720925593271097,4.987992872330968,459.90954920894
0,1234,ID,297,670,257.1135876130646,226.29100848286166,7.118440426095291e-08,9.22931327510243,0.0194719173309944,1.0,409041.8177576686,3.3343748226398313,7.539010582589147,2.7457258753541196,4.979681059812096,0.1425701139673847,0.37758457856139294,0.7715728123900139,7.681580696556532,2.7715664698066567,4.983472757780052,466.9134779999731
0,1234,ID,302,680,257.2582908275252,226.63750654669624,4.934758170466088e-07,9.124098066146667,0.03020547501251225,1.0,286705.22538455843,3.3372171681762373,7.460140154244377,2.7313257136863736,4.938913027729124,0.1366619998489696,0.36967823826805063,0.7448849169274989,7.596802154093347,2.7562296990804933,4.94171067447131,474.7473670839099
0,1234,ID,306,690,257.1879557283505,226.27690726189408,6.81064910545377e-08,9.230780879855605,0.026204433870729585,1.0,583546.8047338629,3.3415483596477404,7.5468543791931175,2.7471538688601185,4.970353207012366,0.13910701109713702,0.3729705230941676,0.7510792117325956,7.685961390290253,2.7723566491867984,4.973244856102131,483.41178995894734
0,1234,ID,311,700,257.2648659656431,226.3846537260682,6.338671228666561e-08,9.198756023799119,0.02704553946954207,1.0,524327.1164429521,3.350445565497508,7.534723401817768,2.7449450635336525,4.961305988410201,0.13861191826945035,0.37230621572765926,0.748363478073589,7.67333532008722,2.770078576518583,4.964038396779805,491.4263403749792
0,1234,ID,316,710,257.5082714096785,226.5513426482306,5.383650437403336e-08,9.152043896346903,0.027118145709468817,1.0,2417305.579827571,3.365332562009515,7.529689618938306,2.744027991646278,4.938445610830403,0.13823399610376097,0.3717983271933334,0.7453871782993423,7.667923615042068,2.769101589873883,4.940903993383,502.2178894589888
0,1234,ID,319,720,257.50340791013554,226.55573457036547,4.7559748277876235e-08,9.154896523457753,0.023435522662704565,1.0,2417305.579827571,3.365332562009515,7.5413248304845215,2.746147270356148,4.946428091912218,0.14014694783056458,0.3743620544747619,0.755214463625139,7.681471778315085,2.7715468205164937,4.949157540733527,513.6262974588899
0,1234,ID,322,730,257.861904683701,226.53650136776778,4.710642837517345e-08,9.161257549393097,0.022440732984224974,1.0,4873565.167675711,3.391825430833414,7.545684140255844,2.746940869450204,4.950798152723471,0.14070704920302868,0.37510938298452184,0.7585464463918705,7.686391189458871,2.7724341632325324,4.953643798897546,520.7208012089832
0,1234,ID,325,740,258.0342107776882,226.77067264752378,4.384817903109435e-08,9.093650598495579,0.019939000227096666,1.0,2869980.166390912,3.421921195315525,7.502916539103278,2.739145220521044,4.948347006073503,0.14190489986537985,0.37670266771736544,0.7693715486745674,7.644821438968659,2.7649270223585756,4.951640260891736,528.7700121249072
0,1234,ID,330,750,258.4162657206198,226.9237833629585,4.032803914274265e-08,9.048826353711588,0.01922454962133821,1.0,1708849.2984581124,3.470543254900834,7.478814678807143,2.73474215947448,4.926867068947259,0.14208580681973823,0.376942710262101,0.7633710673426277,7.620900485626882,2.7605978493121524,4.930138360721338,538.0518144998932
0,1234,ID,334,760,258.41166822813705,227.15379048200498,3.6111224227742606e-08,8.982858352482687,0.020770641005630003,1.0,1708849.2984581124,3.470543254900834,7.435815499131854,2.726869175287266,4.907878444499135,0.1409405864753623,0.3754205461550584,0.7571968525076416,7.576756085607216,2.7525907951613906,4.910990866405271,545.4580813749926
0,1234,ID,339,770,258.8716658633845,227.1864781150431,3.597976416296958e-08,8.971722213135774,0.024630456313269978,1.0,1019328.6790574703,3.5248396389546715,7.4265027596356505,2.725161052054658,4.90747670658424,0.1388926836700659,0.3726830874483921,0.7447638101424829,7.565395443305716,2.7505263938573132,4.910104040319808,551.9048643339192
0,1234,ID,344,780,259.10022271563423,227.25029810239076,3.6150208465470554e-08,8.952872777697975,0.02616985573292112,1.0,755768.6244704442,3.5515341671547827,7.408199745017719,2.7218008275804677,4.900797026735849,0.13797469096474094,0.3714494460417742,0.7403960640005672,7.546174435982461,2.747030111954083,4.903327334657192,558.2639098749496
0,1234,ID,348,790,259.24436399804716,227.21291160832183,3.624570901509032e-08,8.962582754567679,0.027421760635400534,1.0,556737.5330108198,3.5685975971792807,7.4065671019696,2.7215008914144416,4.906684981398281,0.1372710914136023,0.3705011355091942,0.7368283577761834,7.543838193383203,2.74660484842345,4.90913753007389,564.8444089998957
0,1234,ID,351,800,259.2715736254191,227.15130609622548,3.45784498474173e-08,8.979121341434364,0.03012316294993912,1.0,900755.7149846554,3.5703936288277216,7.410615142275889,2.7222445044991623,4.908104526357761,0.13574781056282467,0.3684396973221326,0.727526390167189,7.546362952838713,2.747064424588312,4.910284348380489,571.2110192088876
0,1234,ID,356,810,259.1763385565305,227.12626212520354,2.764477498370168e-08,8.985819471994681,0.03236580893577398,1.0,579455.3511520048,3.5613548446340793,7.414180352234473,2.722899254881545,4.905540267393552,0.13436520159794982,0.36655859231226573,0.7186878505284073,7.548545553832423,2.7474616564808367,4.907398670152743,577.7277275839588
0,1234,ID,361,820,259.1765131333407,227.16768380457097,2.3071819707538272e-08,8.974554456651,0.03305212076824217,1.0,1127024.5088007557,3.5600402065698793,7.409868318998513,2.7221073305434733,4.901124550604412,0.13352993808401956,0.36541748464464524,0.7126171099440515,7.543398257082533,2.7465247599616744,4.902772527735368,584.1671838338953
0,1234,ID,365,830,503.4865206770201,227.67925550765563,2.952825007291172e-05,8.889340492970165,0.013096591029082665,1.0,8265605.075536853,3.568916606248096,7.412776843326253,2.7226415194303955,4.9667491042824565,0.1329993162440775,0.3646907131311099,0.7086522032665704,7.54577615957033,2.7469576188158293,4.984024680915743,590.7083427920006
0,1234,ID,368,840,259.3927647558854,227.32015226930815,1.862136594754011e-08,8.933196381677051,0.03686271624519371,1.0,8265605.075536853,3.568916606248096,7.37329830125619,2.7153817965907097,4.913352540510964,0.132037254243332,0.3633693083397826,0.7026878498216974,7.505335555499523,2.7395867490370738,4.914775619208611,596.9576139589772
0,1234,ID,373,850,259.4251363396447,227.34628957554216,1.7473669837550266e-08,8.92559660202551,0.03472900953362547,1.0,4262656.455148106,3.5817923359639394,7.3751204876894585,2.715717306291187,4.888892786469982,0.13225635079864054,0.3636706625487414,0.7020785365571924,7.507376838488098,2.739959276793744,4.890315296782015,603.4953857089859
0,1234,ID,378,860,259.58076502143336,227.5101691176381,1.396069798609461e-08,8.88108059813937,0.0361949938304288,1.0,2706440.8589295074,3.6027842279935562,7.342174724708178,2.709644759873179,4.878225287763383,0.13172984463122178,0.3629460629779882,0.6975341279266398,7.4739045693394015,2.733844284032908,4.879607124761923,610.0075934999622
0,1234,ID,382,870,259.75181975447447,227.66598597290363,1.1933122426492624e-08,8.838854630554044,0.036866391036369406,1.0,2621830.1313153487,3.6223789290433315,7.320963847046436,2.7057279698902543,4.868587505654947,0.13145361218749807,0.36256532126983415,0.6949650129336831,7.452417459233933,2.7299116211397636,4.869865883010351,616.5489961669082
0,1234,ID,387,880,260.01379876985555,227.80485393412317,1.1120146077434243e-08,8.800512834260104,0.03777086020909029,1.0,2312086.2005692236,3.652680684026516,7.306047189931973,2.702970068264163,4.85809068843704,0.13121439215024772,0.36223527181963894,0.6916399594486399,7.43726158208222,2.7271343168392383,4.864125900143835,623.1458907499909
0,1234,ID,392,890,260.23190767153164,227.89361381999004,8.958067245586522e-09,8.776249366383917,0.038780487375755755,1.0,2171135.4593401365,3.6781161107802696,7.305611245775207,2.702889425369674,4.8453448188440795,0.13099847804963355,0.3619371189165786,0.6886093675990754,7.43660972382484,2.7270148008078063,4.847981723373744,629.6980071249418
0,1234,ID,396,900,260.45134587201363,227.7823653058128,7.931763365560749e-09,8.804998329331433,0.04130047330788862,1.0,1230250.7461334695,3.704477935723924,7.324247724891836,2.706334739992789,4.852435237987936,0.13051264591651396,0.3612653400431793,0.682147850587676,7.454760370808351,2.7303407059940983,4.857910605317157,636.0678614589851
0,1234,ID,400,910,260.44304564998055,227.77859622088013,7.49554246326292e-09,8.805528118295973,0.043124931933039214,1.0,1857935.5081206644,3.7030599215192046,7.328915795320336,2.7071970366636293,4.856228429570077,0.130105372355831,0.360701223113855,0.6768724910285486,7.459021167676167,2.7311208628832535,4.858442044767204,642.6002195419278
0,1234,ID,405,920,260.50329655287624,227.85451491249782,6.765798930581421e-09,8.785450190553712,0.04255146650365001,1.0,2473967.8061812287,3.7094845566568972,7.321318009995488,2.705793415986425,4.851555076981982,0.1301579250386726,0.36077406370008447,0.677670290190058,7.45147593503416,2.7297391697805415,4.8522041110446095,649.0368405419867
0,1234,ID,410,930,260.829725654343,228.09740074581254,8.639577303125225e-08,8.721611142603471,0.04417324001679587,1.0,2455352.2800337686,3.723626183191854,7.263126814031863,2.695018889364574,4.823765918175074,0.12974865103635003,0.3602064006043619,0.675431234780435,7.392875465068213,2.7189842708386918,4.835490800866468,655.7078645419097
0,1234,ID,413,940,260.62431731951506,227.94706486639342,5.780257359498382e-09,8.759329226539677,0.04659222989402322,1.0,2455352.2800337686,3.723626183191854,7.301987273390385,2.702218953636138,4.843439413626175,0.12926790529067214,0.3595384614901056,0.6675428099179487,7.431255178681057,2.726032864563642,4.846336395466052,661.9962901669787
0,1234,ID,418,950,262.3003129669124,227.6149017390854,1.154654180435145e-06,8.84014017203699,0.07370882486835645,1.0,1396688.9538691146,3.732860454858862,7.356034699030114,2.712201080124797,4.837177512699891,0.12718952549888715,0.356636405178842,0.6238989629517194,7.483224224529003,2.7355482493513077,4.857434871111563,669.1601542499848
0,1234,ID,422,960,260.5475226614646,227.69646802795896,3.0849428826944576e-09,8.820258427857363,0.06339154621243988,1.0,2295872.161023856,3.7165102044264753,7.336846295803084,2.7086613475669274,4.84953347332137,0.1273441135122936,0.35685306992135235,0.637532535530267,7.464190409315379,2.7320670579829076,4.869774602432587,677.6873314999975
0,1234,ID,426,970,260.43274807517565,227.63653464664492,2.2929322078685673e-09,8.834792957961504,0.0696405138335797,1.0,1816413.6729404284,3.7038115275577264,7.347575766668639,2.710641209505352,4.850597083604136,0.1270331026747035,0.35641703477065106,0.6270240318999251,7.474608869343341,2.7339730922859027,4.871131730755439,685.2194736669771
0,1234,ID,430,980,260.2719450555882,227.52315977314564,2.1534948175335746e-09,8.864326133907845,0.07344931915998885,1.0,2398896.8968818076,3.6855785152440808,7.36097890192415,2.7131124012698313,4.859991806929531,0.12693264376295435,0.3562760780110761,0.6215298340121983,7.487911545687104,2.736404857780936,4.880669254910196,692.5984766669571
0,1234,ID,434,990,260.2711188484322,227.47292168638302,1.9331525217431224e-09,8.877628918921888,0.07436131857553918,1.0,2398896.8968818076,3.6855785152440808,7.366349406903095,2.7141019521939653,4.859200165198613,0.1270498980224228,0.3564405953625692,0.6224799389949895,7.493399304925518,2.7374074057263593,4.8796869890127565,698.7937660419848
0,1234,ID,439,1000,260.1048556125138,227.313309847818,1.797204922255598e-09,8.92027470313938,0.07535096748405436,1.0,1577790.351765865,3.667304009495603,7.388408101201781,2.718162633324537,4.874811210318136,0.1270510026129043,0.3564421448326563,0.622366838438867,7.515459103814684,2.7414337679058898,4.895290363726513,705.3978307499783
0,1234,ID,482,1100,260.1776964008135,227.70590733600454,2.9877661626861894e-09,8.80888845697761,0.06117482365097834,1.0,3435197.9081169055,3.6781429156843664,7.300894571018571,2.702016759944055,4.852537728028709,0.12698879293264617,0.35635486938253863,0.6288119049215153,7.427883363951217,2.7254143472050663,4.856539845659936,781.9901407499565
0,1234,ID,530,1200,261.1187935060849,229.00122097513267,2.7828610148208957e-07,8.44952631471869,0.013165610868522627,1.0,950196.8293353607,3.7682562504531836,7.074193642166205,2.6597356338866094,4.832846158198516,0.1273648928806229,0.35688218347323375,0.6389972564713706,7.2015585350468285,2.6835719731445304,4.841158131713942,848.2479474999709
0,1234,ID,568,1300,261.2022714283079,228.90120945535605,1.3705818952571704e-07,8.430328405032702,0.0006689526474659414,1.0,387505.6854495412,3.825151363424337,7.091052517810268,2.6629030244847947,4.811087771175174,0.12944474756090657,0.3597843069964372,0.6337090799243555,7.220497265371175,2.68709829841991,4.811090505210047,912.1158825840103
0,1234,ID,613,1400,265.5299725576233,231.29948895033826,4.5330051305841253e-07,7.6789832697732585,0.030204483917468803,1.0,357721.63205841644,4.432634181924504,6.77527518738792,2.60293587846261,4.648792268185765,0.15923737244534095,0.3990455769023646,0.8072410208017782,6.9345125598332595,2.633346266603247,4.673501271358563,981.3563934999984
0,1234,ID,658,1500,267.46623088853363,234.43506995228915,4.279560248930298e-06,6.587511017961972,0.009733922280616713,1.0,58037.39704728042,4.9750281080741505,6.087410587378982,2.467267838597784,4.391183870042745,0.2489710333787313,0.4989699724219197,1.121714852487932,6.336381620757714,2.5172170388660797,4.40263128352367,1044.0442185419379
0,1234,ID,704,1600,259.2155912394571,235.1877678599968,0.00020350248686776465,4.840489022068189,1.6537451221394213,1.0,3753.228196562485,4.46448424673936,5.279462663852056,2.297708132868937,3.750001851848964,0.8051883236372265,0.8973228647689896,2.5515669762633073,6.084650987489282,2.4667085331447822,4.098597734080655,1110.7256467499537
0,1234,ID,750,1700,187.29335380436655,116.79520590493539,0.075100784652465,3.6244921294947376,0.31351203297390984,1.0,107.99566593583472,17.126282634324234,4.425931518459114,2.103789799019644,3.5198833185511873,3.2551408647507327,1.8042008936786205,5.942444488534945,7.681072383209847,2.771474766836214,6.321664916804482,1174.8626583749428
0,1234,ID,799,1800,8.447842991046729,5.125588266042551,0.03536689069577449,0.059960914127654856,0.001715689073554115,1.0,39.02624122398418,32.35945042739349,0.04562082139898349,0.2135903120438366,0.5828431625540064,0.18063293465687882,0.42500933478793007,1.241052213532058,0.22625375605586234,0.47566138802289004,1.249896853132776,1244.9477708749473
0,1234,ID,849,1900,4.114921832284118,2.659536984355081,0.0024095186872938167,0.009295192718059658,0.00024316077775989842,1.0,381.31449199415647,57.70265439610711,0.02028187448530319,0.14241444619596422,0.35243635154576625,0.12108697732848252,0.34797554127909985,1.0447303813961515,0.1413688518137857,0.37599049431306864,1.0535608724382204,1307.6288748339284
0,1234,ID,899,2000,2.3881496969562255,1.5903558314791517,0.0010293714475594598,0.005582507714795575,0.0012164292978147225,1.0,506.55976016813486,49.2859654900967,0.016653128880089227,0.12904700260017365,0.27489533697525337,0.15406015368404483,0.3925049728144152,0.9201311498329527,0.17071328256413404,0.4131746393041737,0.927878639806113,1377.9186112090247
0,1234,ID,948,2100,1.999757870102812,1.0168019427898667,0.00048361173789109404,0.00820654331714053,0.00046104400483351556,1.0,1447.3799978018812,34.426788023191534,0.024135125520552497,0.15535483745462353,0.2971973275660245,0.11583677908408403,0.34034802641426326,0.8675057450414296,0.13997190460463652,0.3741281927423226,0.8745265338320283,1441.0299970839405
0,1234,ID,998,2200,1.8409816693585217,0.8791487761939302,0.0001923589837105112,0.006638097271930551,0.00016765984949868663,1.0,3483.159790568903,43.93550500279454,0.022881844611585964,0.15126746051807033,0.2810429866013019,0.18935638592431037,0.4351509920985018,1.0701889350003504,0.21223823053589633,0.4606932065224061,1.0756284594325978,1505.8898744999897
0,1234,ID,1047,2300,1.730218774134009,0.7920778560308545,9.815431238105133e-05,0.005848503927658971,0.00026441703939977156,1.0,7183.968618303173,39.79462167520775,0.020763484550102726,0.1440954008638122,0.2478451534267267,0.19316794026985531,0.43950874879785423,1.0161079486687234,0.21393142481995808,0.4625272152208539,1.023658019573674,1570.945767458994
0,1234,ID,1097,2400,1.0096974811346453,0.6537958107588113,5.504172801327503e-05,0.0055555115411459795,0.0004345303177924447,1.0,2730.7573260768695,36.92936942464527,0.019499491746729193,0.13964058058719606,0.2511524205202083,0.18249364821775935,0.42719275300238807,1.0322443631768812,0.20199313996448853,0.44943646933074816,1.0351061205881145,1633.5733723749872
0,1234,ID,1145,2500,0.9459510674214662,0.553104499902477,4.051535192254605e-05,0.004841570939622167,0.0022839440837716125,1.0,4405.644648269033,43.8011510539729,0.01627327218478057,0.12756673620023587,0.22994768593139803,0.13635491048938805,0.36926265785939966,0.8665271954228315,0.15262818267416867,0.3906765704187655,0.8691716167391758,1701.2706954589812
0,1234,ID,1195,2600,1.1320762626644623,0.5434906562305251,2.9440362040966253e-05,0.004427755987948812,4.9986296041393465e-05,1.0,14659.723729017514,35.44640819463575,0.015009950282100604,0.12251510226131554,0.22844600414690575,0.10660969745519012,0.32651140478579016,0.8256373419842662,0.12161964773729073,0.3487400862207996,0.8291284973731763,1764.3075252919225
0,1234,ID,1244,2700,0.8584598155035503,0.5250687998010364,2.3777091799393414e-05,0.003584125695287653,5.214109518322437e-05,1.0,8536.769529803478,36.37130304841794,0.012297373337307892,0.11089352252186731,0.2224415866114431,0.09244838496135006,0.3040532600735438,0.751632533332441,0.10474575829865794,0.323644493694328,0.7557921014967086,1830.3079005000181
0,1234,ID,1293,2800,0.7105462539212566,0.45002863178770586,2.2166077671038625e-05,0.003709526411381284,0.00028100473338199647,1.0,5341.514243983733,38.23566193029256,0.010346383276618364,0.10171717296808029,0.2046623883701322,0.07778652667282306,0.27890236046477457,0.6656165324892181,0.08813290994944142,0.2968718746352396,0.6684633391111521,1893.252214584034
0,1234,ID,1341,2900,0.7036971155265355,0.4095879715477355,1.8696210452893934e-05,0.002934307148613255,0.001112889425834835,1.0,9776.643728799261,37.559144388975554,0.008880878117452818,0.09423841105118877,0.17261254674355087,0.08063259943487071,0.2839587988333355,0.6647407814767496,0.08951347755232351,0.299188030429567,0.6670972509988824,1960.3471820839914
0,1234,ID,1390,3000,0.8806928598257607,0.4319682094812893,1.3793598775056527e-05,0.0022211571329559705,1.4907338929655949e-05,1.0,24616.191287315225,49.147300476214184,0.008160402995824687,0.09033494891693185,0.17861927666303212,0.08553304070639338,0.2924603233028258,0.701343859997974,0.09369344370221806,0.30609384786731353,0.7041299122310114,2022.615510292002
0,1234,ID,1439,3100,0.6889948585002353,0.4260081265083246,1.1267093110729775e-05,0.0016944766000861514,0.00042264320969843917,1.0,12530.701111100516,71.63245135078677,0.006091680607011185,0.07804921913133522,0.15186261999013725,0.07501313433039607,0.2738852575995942,0.6548007161687379,0.08110481493740726,0.28478907095850303,0.6574069887252857,2087.565855333931
0,1234,ID,1487,3200,0.6720527835002468,0.3919762167313497,9.996694312473386e-06,0.0016720034838209946,9.450790663624043e-05,1.0,17949.324504924032,60.13632725295943,0.005465666004670566,0.07393014273400644,0.14926594336579074,0.06902776429744192,0.2627313538530221,0.5939258043115256,0.07449343030211247,0.27293484625842934,0.5966430620180003,2150.23742804199
0,1234,ID,1535,3300,0.6312394285815212,0.36509472280902866,9.122286909969908e-06,0.0015489903388281065,5.2795943752239564e-05,1.0,18013.26284498242,65.70070543442125,0.005653048170180962,0.07518675528429833,0.14669391570371781,0.06078755376961751,0.24655132076226546,0.5581743066859218,0.06644060193979848,0.25776074553701633,0.560651523470216,2214.539689917001
0,1234,ID,1583,3400,0.6557615232945544,0.3324386821459036,8.034934909630615e-06,0.0015691635440080157,0.0006406105134100324,1.0,28128.72118363949,61.6059347049525,0.005122832425518682,0.07157396471845529,0.14700342611875528,0.05023862509397391,0.22413974456569255,0.47843820490815603,0.05536145751949259,0.23529015601910036,0.4850466299824951,2279.3264189589536
0,1234,ID,1633,3500,0.4925830382498056,0.3120592493668793,7.498760343386646e-06,0.0014441491340934183,0.0007927749535195047,1.0,14244.36696337549,50.49057476572435,0.004464183467204137,0.06681454532662882,0.1394979658508295,0.041629829387012124,0.20403389274091724,0.4424542662684107,0.04609401285421625,0.21469516262416405,0.44907802521894863,2341.608788374928
0,1234,ID,1680,3600,0.4911211330598129,0.29345184192672796,7.127523245323144e-06,0.0014319944357354577,0.000327886202612135,1.0,18824.7813952016,44.11144091883615,0.0039110054720887435,0.06253803220512094,0.13006008376150438,0.04015128417696297,0.20037785350922135,0.4474875785853003,0.04406228964905171,0.20991019424756796,0.4480614997486644,2406.675046624965
0,1234,ID,1730,3700,0.35877885922798164,0.26580013905103617,6.516183490261677e-06,0.001469075880543062,5.5223711334524984e-05,1.0,5845.299960885621,37.32581147856746,0.0032890711484505537,0.05735042413487937,0.11364075893521058,0.03526337189428346,0.18778544111374412,0.4402566611469477,0.038552443042734016,0.19634776047292726,0.44048852480267436,2469.101244708989
0,1234,ID,1778,3800,0.3198648068313503,0.23594253122069492,6.5443229261938025e-06,0.0015069114098340281,7.666284209897105e-06,1.0,6466.412560302353,27.603691289597908,0.0031301750172807474,0.055947967052259795,0.11852468655302696,0.031906012556093565,0.17862254212750855,0.3997026495234725,0.03503618757337432,0.18717955971038697,0.40024081104638215,2534.0380076250294
0,1234,ID,1827,3900,0.27567155037331453,0.20625176878241425,6.073082325384285e-06,0.0015024287993126264,0.0007828740762176843,1.0,4376.024566419819,27.99530339418026,0.002864394589144999,0.053520039136243154,0.10820067665509729,0.03046227978051064,0.1745344658814145,0.38852258471544754,0.03332667436965564,0.1825559486011224,0.3886269469426198,2596.016897958936
0,1234,ID,1875,4000,0.31612498709950726,0.19756209736336736,4.8975000088322515e-06,0.0014201793210384132,0.0005330123532813516,1.0,13895.38454027028,35.190789454401255,0.002696201994981501,0.05192496504554915,0.10673198937086485,0.028815613572663584,0.16975162318123377,0.38266469412268456,0.03151181556764509,0.17751567696303638,0.3827415687704635,2660.992373166955
0,1234,ID,1923,4100,0.2726765883646278,0.17949837291815143,4.720518233873986e-06,0.0012912074064182185,3.4029525613460277e-05,1.0,10074.64651010145,35.30543051681411,0.002435585588711955,0.049351652340240394,0.10706411132843961,0.023965892148355265,0.15480921209138448,0.35429791351484174,0.026401477737067223,0.16248531545055764,0.35462317847690034,2723.1579977499787
0,1234,ID,1971,4200,0.31313062415889426,0.17828858664236696,4.143996947670343e-06,0.00120735577025805,0.00021104667871027982,1.0,22072.88995440391,35.74837119574036,0.0023777546881248246,0.04876222603742393,0.10613287616891778,0.022434670654725535,0.14978207721461714,0.3483618429548232,0.024812425342850355,0.1575196030430827,0.34859592629711245,2787.856545708957
0,1234,ID,2020,4300,0.3306506486982296,0.17589768819927318,3.835353791263214e-06,0.0011405596669994361,0.00037093381117773186,1.0,29981.298754843112,34.53842879174465,0.0023425394091940444,0.04839978728459501,0.10794551513869881,0.022158259446424144,0.14885650622805893,0.3380361445839752,0.02450079885561819,0.1565273102548504,0.3384720950860197,2850.926767416997
0,1234,ID,2068,4400,0.2966836645336196,0.16948145128187989,3.6773801081375437e-06,0.0011811248270459467,0.0004980726472992808,1.0,22646.47635884124,36.76532566980004,0.0023796024123799177,0.04878116862458215,0.11112976282649012,0.022361026363156334,0.1495360370049853,0.32971736940696367,0.02474062877553625,0.15729154069922593,0.3302590990057759,2911.171142208972
0,1234,ID,2117,4500,0.265618443179321,0.16218476273147492,3.498221995562111e-06,0.0011126647443574667,0.0004446360717314111,1.0,17480.972909424934,37.60047278634548,0.0022253308857095987,0.04717341291140168,0.10756493025418633,0.02266315336737137,0.1505428622265811,0.323722163404073,0.024888484253080972,0.1577608451203307,0.324271055600841,2976.4360277500236
0,1234,ID,2165,4600,0.278235115200124,0.15706157931307022,3.2867622416714686e-06,0.0011010870118886077,0.00047225365420930826,1.0,24756.48791355933,35.72160246872542,0.002293999095256798,0.04789571061438381,0.10919127351334182,0.022398447130979264,0.149661107609757,0.3273735931248917,0.02469244622623606,0.1571383028616386,0.32785430656297676,3037.4570005419664
0,1234,ID,2212,4700,0.30070701393494653,0.15262820191955498,3.0379939229807872e-06,0.0011175484084803631,0.00018171377805627174,1.0,37782.869449672384,29.630009944250233,0.0021904195059853876,0.04680191775969642,0.103949552329629,0.021686008718270283,0.14726170146467235,0.3269143494844047,0.023876428224255675,0.15451999295966745,0.32718051644364965,3102.824501666939
0,1234,ID,2261,4800,0.27302659100184545,0.1501443116657337,2.845732765255883e-06,0.0010853361785741387,4.927099838901137e-05,1.0,30698.600834847482,32.68387693579731,0.0022725518146111826,0.04767128920651489,0.10530485185610695,0.021251906306554966,0.145780335802038,0.32803064079975147,0.023524458121166148,0.153376850017094,0.33003024524239816,3163.9748334999895
0,1234,ID,2309,4900,0.24413451673441744,0.15021710189248036,2.7266367127992684e-06,0.0010866586114747397,1.1926744822813318e-05,1.0,22148.872916902154,30.840926212585845,0.0022834515788876402,0.04778547455961529,0.10631559465264497,0.02108020153840601,0.14519022535420906,0.33041577819448054,0.023363653117293652,0.1528517357352989,0.33258289596181084,3230.7799476670334
0,1234,ID,2356,5000,0.2872802861078824,0.14948197320877024,2.625572649169209e-06,0.0010628542194310272,1.8061426866926967e-05,1.0,39851.14911038897,31.187874803554113,0.0022030394630390914,0.04693654719980041,0.10294100511560791,0.02021257069805625,0.1421709207188877,0.33410757385293466,0.02241561016109534,0.14971843627654993,0.33579379362698625,3292.207010541926
0,1234,ID,2405,5100,0.23808190665004184,0.14789775934259441,2.4935129201665904e-06,0.0010150912525353237,0.00016322508170916658,1.0,24116.851234459384,29.44094139737281,0.0021185186954488203,0.046027368982474115,0.10165833260568649,0.018493319917747972,0.1359901463994652,0.32758334485374685,0.020611838613196796,0.14356823678375658,0.3290946726645361,3354.8831092920154
0,1234,ID,2452,5200,0.28983466956381787,0.14902428888931143,2.363574687982367e-06,0.0008825087873906943,8.806340994636382e-05,1.0,42895.668456450105,44.572021988713544,0.002004074133194687,0.04476688657026181,0.10152984169442031,0.016556019914316863,0.1286701982368756,0.3013136452913448,0.018560094047511556,0.13623543609322633,0.30276585000232853,3419.343562333961
0,1234,ID,2501,5300,0.2847075051690356,0.14752788434260133,2.297490409286609e-06,0.0008451184467072357,0.00010269699381204917,1.0,43705.06746329808,43.384392615408174,0.0018619255489993203,0.043150035330221,0.09962901459228213,0.016343941141696725,0.12784342431934748,0.28469436445621155,0.018205866690696043,0.13492911728272755,0.2860758759120875,3481.30284929194
0,1234,ID,2548,5400,0.27253582729610826,0.1485405366790842,2.1989111247454885e-06,0.0007923755123582385,0.00032190632623764286,1.0,39373.06600767321,46.8155702096006,0.0017804342921887407,0.04219519276160189,0.09940566269531845,0.016321211981275237,0.12775449886902315,0.2850908865918213,0.018101646273463976,0.13454235865876582,0.2855987059769986,3547.423837709008
0,1234,ID,2596,5500,0.2694854559700729,0.14598497689110354,2.141103205489772e-06,0.0007599330578721788,0.000404952684886657,1.0,39098.1522478966,51.82344270909228,0.0016129365084642448,0.04016138080873521,0.0979365081915746,0.015934096422685447,0.1262303308348887,0.2896002440469108,0.017547032931149693,0.132465214041837,0.2900609633565866,3610.660999084008
0,1234,ID,2644,5600,0.25708781539398007,0.14377295062443107,2.0544038260750864e-06,0.0007303942991179158,0.0005343865269619964,1.0,38960.746753296815,44.824242310503124,0.0014159088767949912,0.03762856463904771,0.09410235038040217,0.014709593425946622,0.12128311269895171,0.288098068755442,0.01612550230274162,0.12698622879171434,0.2883580706848383,3677.935437874985
0,1234,ID,2692,5700,0.20251359824401444,0.13721247812618328,1.999533130891158e-06,0.0007548840670509218,0.00019614985116916868,1.0,18106.661985370738,38.28415646652698,0.001385635849067538,0.037224129930295724,0.0948516923455183,0.012596669981585306,0.11223488754208874,0.2756256741720247,0.013982305830652842,0.11824680050915899,0.2760750141633738,3740.7660075839376
0,1234,ID,2740,5800,0.1836485971019387,0.13355333431186137,1.95830751844766e-06,0.0007201716386271193,3.5923877178070974e-06,1.0,12274.572253437926,36.177880209766315,0.0012291368229079397,0.03505904766116644,0.09294076989973374,0.011476565080584472,0.10712873134964529,0.27308781666805715,0.012705701903492413,0.11271957196286904,0.2734355471769031,3807.4067427089904
0,1234,ID,2788,5900,0.186577380255916,0.13014477166511507,1.8503616094886775e-06,0.0007045424491319691,4.6593615121732914e-05,1.0,17444.538051186442,34.2169751449338,0.0011291210817741227,0.033602396964712546,0.09203685908986768,0.01008479584271346,0.10042308421231376,0.2568807997298682,0.01121391692448758,0.10589578331778646,0.2573982610146358,3868.978686166927
0,1234,ID,2837,6000,0.16541562308332236,0.121196912629234,1.8804800652293975e-06,0.0007564022019329827,1.2935923814909366e-07,1.0,10720.74393478109,31.806406405988973,0.001172114785991608,0.03423616196350882,0.09628520707514862,0.009694186951809163,0.09845906231428961,0.24441990129269117,0.010866301737800772,0.1042415547552931,0.2448970029724025,3933.403304709005
0,1234,ID,2884,6100,0.15141857152271154,0.11295808094504335,2.116358343518415e-06,0.000712656905862874,2.7409883697100933e-05,1.0,6352.4448384954485,35.06460240923985,0.0009674947069334975,0.031104576945097606,0.09031210381454094,0.009299438264071114,0.0964335951008315,0.2306592951776697,0.010266932971004611,0.10132587513071185,0.23098266556115224,3999.1520200419473
0,1234,ID,2933,6200,0.15823538403352663,0.11064640965689011,1.9839164114099183e-06,0.000680622411310838,2.3860232646414596e-05,1.0,12075.878796660301,34.68528162572825,0.0009310310130280966,0.030512800806023962,0.08815058187774859,0.009420676087997987,0.09706016736024096,0.21763010075000083,0.010351707101026085,0.10174333934477522,0.21791664142036987,4062.2823133339407
0,1234,ID,2980,6300,0.17205730423027352,0.10976119009475202,1.7942096092116065e-06,0.0006812164367153829,2.3261363622816265e-05,1.0,23110.125722311073,30.546008594818648,0.0009743187534172208,0.03121407941005502,0.0865042501161618,0.009580501151270335,0.09788003448748031,0.22213471288427086,0.010554819904687556,0.10273665317055815,0.22242126361395437,4128.571002334007
0,1234,ID,3028,6400,0.15801327579851443,0.10826529491630431,1.7064902137653024e-06,0.0006443151201397222,4.803834456019876e-06,1.0,14021.443775589454,40.06691703316233,0.0009063295006591134,0.030105306852100236,0.08361934781451813,0.0095549473096929,0.09774941078949223,0.2336113418673637,0.010461276810352011,0.1022803833115227,0.23389599552805435,4190.926695124945
0,1234,ID,3077,6500,0.1758780922162054,0.10704298253299828,1.6013874711147185e-06,0.0006157177412161796,5.752628656731397e-05,1.0,25079.704533503224,46.47463742218504,0.0009108626283043247,0.03018050079611544,0.08279803501335749,0.009032276494863534,0.0950382896250955,0.23431376589156172,0.00994313912316786,0.09971529031782367,0.23482519079354428,4260.455720416969
0,1234,ID,3125,6600,0.1648762041212376,0.10591301944630624,1.5292284031336153e-06,0.0005886542713364472,3.9752380651172334e-05,1.0,17917.289883940364,53.552323038462134,0.0008860728321415062,0.029766975528956685,0.07997446229859262,0.008547896526128796,0.09245483506084902,0.2319789013176228,0.009433969358270301,0.0971286227549341,0.23259746786582325,4328.858078541933
0,1234,ID,3173,6700,0.17108467387239482,0.10363232343793495,1.4480580845573006e-06,0.0005752432403174822,2.9640322616888744e-05,1.0,25376.235531263927,53.32778370109212,0.0009213867670199123,0.030354353345441447,0.08066282144597932,0.00783103109851717,0.08849311328299604,0.21641327832185128,0.008752417865537083,0.0935543578115797,0.21706696111372797,4392.431056458969
0,1234,ID,3221,6800,0.182972479025296,0.10403650686260224,1.3805294963109032e-06,0.0005472175738344582,1.6112752005910228e-05,1.0,30158.511630967754,68.13586829464792,0.0008871585338432025,0.029785206627505584,0.08008884961596424,0.007677272889870665,0.08762004844709152,0.2155447841114969,0.008564431423713867,0.09254421334537274,0.21592780426297686,4454.131841083989
0,1234,ID,3269,6900,0.16508274686777447,0.10157881667804479,1.4111315169575647e-06,0.000506252194769842,1.4811426756886017e-07,1.0,14851.453699753538,84.04196194437594,0.0008027640196739157,0.02833309054222493,0.07657107039962395,0.006724324576255328,0.08200197909962495,0.20361370742584906,0.007527088595929243,0.086758795496072,0.20400417695543666,4517.867819541949
0,1234,ID,3317,7000,0.14746128127254154,0.09795405408312,1.4619829892849323e-06,0.00041672430812881314,0.00035346362680388846,1.0,10167.939073966892,82.2808003554082,0.0006951321828551891,0.026365359524481914,0.07053843092193444,0.005412929044440422,0.07357261069474443,0.17936963827508573,0.006108061227295613,0.07815408644015752,0.1797045315378822,4578.7358951669885
0,1234,ID,3365,7100,0.14055361618576329,0.09476543745552825,1.4248227004008447e-06,0.00035638670809444786,0.0008136992900756147,1.0,10355.889639514324,84.79320949008282,0.0006832219780273912,0.026138515222318793,0.06459452667465782,0.005296428981955544,0.07277656890755117,0.17302682365371552,0.005979650959982936,0.07732820287568395,0.17321878851791941,4641.076381459017
0,1234,ID,3414,7200,0.1395290173829967,0.09090205809273162,1.352943602671004e-06,0.000331217710054034,0.00041277642595965997,1.0,12861.688233191056,93.02957877655123,0.0006699738481239769,0.0258838530386026,0.06397368133337801,0.005567256284053173,0.07461404883836001,0.18672451532616308,0.006237230132177148,0.07897613647284317,0.1868156647235189,4704.033740708954
0,1234,ID,3461,7300,0.13439035547864062,0.08944878033444989,1.3577342121104056e-06,0.0002819047243826183,5.698764550901568e-05,1.0,13157.39410902449,95.84920378264249,0.0006339814577670053,0.025178988418262663,0.05736064892120545,0.005966931632888722,0.07724591660980354,0.1848046724168524,0.0066009130906557285,0.08124600353651697,0.1848559928230066,4766.600605833926
0,1234,ID,3510,7400,0.14515682572967226,0.0884782138699821,1.2137375276632592e-06,0.00026571589279264025,2.51786740626555e-06,1.0,23431.044521378353,106.26747104801129,0.0006182543560905158,0.02486472111427184,0.0562322640659069,0.006015244312148756,0.07755800611251398,0.17894525693754632,0.006633498668239273,0.08144629315223176,0.17895202877102576,4832.245207916945
0,1234,ID,3558,7500,0.13971802583158363,0.08634966928512881,1.138297431421911e-06,0.0002627990213269126,0.00015120582801207567,1.0,24589.976240576132,95.99139219658024,0.0006172426682777453,0.024844368945049607,0.05566280370276919,0.005888827639637053,0.07673869714581459,0.17489962152221283,0.006506070307914798,0.0806602151491973,0.17494976031038012,4894.641411333927
0,1234,ID,3607,7600,0.13427219601817555,0.08627374945430084,1.0757914390394322e-06,0.00024139582557622505,0.00018065434606655173,1.0,19532.379689176723,111.04179328759764,0.0005869610528771303,0.024227279105940278,0.053045164383927396,0.006149158601596691,0.07841657096300941,0.18360242403076626,0.006736119654473822,0.08207386706177443,0.18366037247098246,4958.659429166932
0,1234,ID,3657,7700,0.12916648776555448,0.08475752919823878,1.0566082502264179e-06,0.0002204938327752223,0.0005562269562588835,1.0,16032.379886952724,122.05686849833187,0.0006063876557812245,0.024624939711220095,0.051937344472149684,0.00569004411628707,0.0754323810858909,0.18469644386001083,0.006296431772068296,0.07935005842510953,0.18470064121619062,5021.036269249977
0,1234,ID,3704,7800,0.12112559189832531,0.0818330846015806,1.0808111980453275e-06,0.000203947016128475,0.0007570081033735529,1.0,9892.16584928743,136.52533927242965,0.0005995258588686663,0.024485217149714363,0.05029208803488033,0.005034517116935185,0.07095433120631316,0.18706129968042967,0.0056340429758038515,0.0750602622950643,0.1871061832467899,5085.147983541945
0,1234,ID,3752,7900,0.12016234741925719,0.08038829186311015,1.117939092225961e-06,0.00017789050755099886,0.00014403676297219126,1.0,10346.707337816139,157.75451186659689,0.000625498690437496,0.025009971820006034,0.05224017433319703,0.005173159609071553,0.07192468011101302,0.19263607511829323,0.005798658299509049,0.07614892185388476,0.19265109761847315,5147.843282209011
0,1234,ID,3800,8000,0.11360025675374792,0.07818454003784778,1.0483528817187816e-06,0.0001668813228205469,2.6140853258926073e-05,1.0,10690.822071650884,144.90430281336387,0.0005872918706822539,0.02423410552676236,0.05270577212844336,0.004844173498108229,0.06960009696910076,0.1882659736111642,0.005431465368790483,0.07369847602759831,0.18829849080845057,5211.572907416965
0,1234,ID,3846,8100,0.11131242264440541,0.07580627524762679,9.398301676845841e-07,0.00016453575333934826,5.9781096980315043e-05,1.0,15564.27560417668,126.52928087853562,0.0005496575599441119,0.02344477681583068,0.050678200349393014,0.00473048237958738,0.06877850230695184,0.18039335869143774,0.005280139939531491,0.07266457141916885,0.1804087924810791,5273.358071708935
0,1234,ID,3895,8200,0.09830448440605863,0.07225197786542686,1.0529800344654574e-06,0.00014369807320107508,0.0002519978609601738,1.0,7398.307707375032,125.33388913136126,0.0005104623775457638,0.022593414472933563,0.05127194632404793,0.0044010061411273015,0.06634007944770116,0.173642362726587,0.004911468518673065,0.07008187011398215,0.1736458698686153,5336.119527417002
0,1234,ID,3942,8300,0.10911488200011178,0.07130032019701738,1.0615393189008581e-06,0.00012659422555099745,1.6885388854134e-05,1.0,12260.387499283941,195.76558812950168,0.0005083190625789748,0.022545932284538044,0.051097897263197425,0.004553428778797473,0.0674790988291743,0.1669449870456049,0.005061747841376447,0.07114596152541933,0.16695867537440998,5399.1976544170175
0,1234,ID,3991,8400,0.09518556014906071,0.0684890341470813,1.1326911396504177e-06,0.00010960165828446011,5.4929426280370725e-06,1.0,5274.297479854453,189.01979550593214,0.0005120312733110829,0.022628108036490433,0.05268714400677001,0.0053830240573907355,0.0733690947019979,0.17050955941429174,0.005895055330701818,0.07677926367647595,0.170560482361019,5460.606585083995
0,1234,ID,4039,8500,0.10320928634657779,0.06709981209043087,1.080991236778203e-06,9.883063506525886e-05,1.0315836737205326e-05,1.0,11003.790464364783,244.90541156702668,0.0005210483326465311,0.022826483142318072,0.052838518531765966,0.004949244901323281,0.0703508699400603,0.16681315783152512,0.005470293233969813,0.07396143071878622,0.16690450713394678,5523.716280249995
0,1234,ID,4088,8600,0.130621316602177,0.06688640011433163,9.331223718853609e-07,9.748609313794711e-05,9.332940080430418e-07,1.0,34230.24587424188,326.12831174244684,0.0005097881205429378,0.022578488003915095,0.05198704184519064,0.004481273966801494,0.06694231820606077,0.15733211918479467,0.004991062087344431,0.07064744926283206,0.1575103143090942,5585.105165333953
0,1234,ID,4137,8700,0.1326199115983866,0.06682689089018638,8.721171810820385e-07,9.170717356837115e-05,4.020191089379703e-06,1.0,36025.923218529446,374.7817381839242,0.0005484787242668005,0.023419622632886307,0.052756268603945125,0.004213220690552403,0.06490932668386264,0.15151262473622218,0.004761699414819204,0.06900506803720437,0.1519820432563569,5648.375482750009
0,1234,ID,4185,8800,0.10768016136311336,0.06611496188504912,8.808890112000487e-07,8.602794701045962e-05,4.341815005304438e-05,1.0,16348.373357117127,315.25428455747794,0.0005214458143223859,0.022835188072849014,0.05164631270377428,0.003956701374154962,0.06290231612711063,0.15102095139806013,0.004478147188477348,0.06691895985800547,0.15246164745300397,5710.274611416971
0,1234,ID,4234,8900,0.10381889632237534,0.06508501019344891,8.324351790576424e-07,8.123155216802003e-05,2.279979546175314e-05,1.0,18920.161216040804,282.6645303575757,0.00047558938804917445,0.02180801201506397,0.048815415614468005,0.0036351621198510735,0.06029230564384707,0.15021204532319227,0.004110751507900248,0.06411514257880309,0.1524647157639692,5774.524184499984
0,1234,ID,4282,9000,0.10493718074772705,0.06458709406802385,7.718533362445875e-07,7.876200241732798e-05,2.5460045513497953e-06,1.0,23762.333865410706,279.4050853046281,0.0004571188400783564,0.021380337697949402,0.04494003925974181,0.0034943317233397473,0.05911287273800646,0.14535785681118113,0.003951450563418103,0.06286056445354356,0.14735320353606285,5835.029696209007
0,1234,ID,4330,9100,0.10474432832349011,0.06405371239814377,7.536265530241219e-07,7.480113160247271e-05,2.9564751058673535e-06,1.0,16404.974461784605,378.6631898122337,0.00044575031732522173,0.02111279984571496,0.04372069439586841,0.0033654570958811607,0.058012559811485315,0.14266380131519657,0.0038112074132063824,0.06173497722690422,0.1443535928397448,5897.292870125035
0,1234,ID,4378,9200,0.10265692298214443,0.06287830652372502,7.077526567438132e-07,7.146916867769038e-05,4.10614118515487e-06,1.0,21341.261642503603,345.18626909939815,0.00040833607962260677,0.02020732737455913,0.04145415063299056,0.0035022364996368117,0.05917969668422449,0.14472951719235433,0.003910572579259418,0.06253457107280275,0.14627467081020953,5958.040267167031
0,1234,ID,4427,9300,0.1074458622530389,0.06216558727218689,6.464927302395729e-07,7.047560504619208e-05,3.250456993621794e-05,1.0,27235.41129872891,392.19634912089725,0.0004169562651017279,0.020419506974991532,0.040879954085130836,0.003553680721668101,0.05961275636697318,0.15296175586678956,0.0039706369867698295,0.0630129906191559,0.15432386141028223,6020.472411666997
0,1234,ID,4474,9400,0.1039590419762455,0.061755800136806954,6.085523407478091e-07,6.830471594466083e-05,5.942895524473934e-06,1.0,29254.62258435073,357.1397604856088,0.0004046731810885074,0.02011649027759334,0.04005290770751372,0.0034599007964100114,0.05882092141755356,0.15407064630789452,0.003864573977498519,0.06216569775606576,0.1553770295011252,6082.961236416944
0,1234,ID,4523,9500,0.10409331103162531,0.06059749517369429,5.787542761393172e-07,6.443526388924299e-05,2.1336013850593073e-05,1.0,23678.176639220135,462.02393015914487,0.0003844581354665306,0.019607604021565986,0.038294865781116995,0.0029023061536382123,0.05387305591516238,0.14106093199509595,0.0032867642891047434,0.05733030864302706,0.14219303746821166,6145.440148417023
0,1234,ID,4571,9600,0.10229304408172624,0.059350093818743524,5.385652680238872e-07,6.272571054796501e-05,1.1857407924317011e-05,1.0,24186.71354041295,476.75775584369376,0.000394244992553511,0.01985560355550823,0.039447988644773245,0.002667388214822551,0.051646763836880924,0.135399133917647,0.0030616332073760623,0.05533202695886048,0.13580722159592365,6209.2685457499465
0,1234,ID,4619,9700,0.10984225779587016,0.05830422966450438,5.010488084597764e-07,6.242512798555905e-05,1.3726606566296004e-06,1.0,54941.239157615055,384.59533572820914,0.0004106182979447283,0.02026371875902171,0.04022214306573814,0.0028019389130780593,0.052933344057201404,0.14524619967273003,0.0032125572110227882,0.0566794249355336,0.1456314882381467,6270.727527958923
0,1234,ID,4667,9800,0.08931988799131753,0.05671203688439883,4.772104963225126e-07,6.301726549682455e-05,8.435229715540775e-06,1.0,22227.729189009377,348.9854728765052,0.0004228344991809812,0.02056293994498309,0.041207793231048034,0.0030873457548591357,0.055563888946501355,0.15295655607118147,0.003510180254040117,0.05924677420788508,0.15335383547733775,6335.30833595898
0,1234,ID,4716,9900,0.08485061656658782,0.05625169530176561,4.5344832983489883e-07,5.963358209136397e-05,3.184232254675771e-06,1.0,17007.416378211077,350.2012079211549,0.0004205182846368134,0.020506542483724882,0.042341698206215965,0.0034106624089168228,0.05840087678208969,0.15136552390309577,0.0038311806935536355,0.061896532160967105,0.15187430920830675,6396.736672000028
0,1234,ID,4765,10000,0.08541983550446945,0.055496381681176335,4.4730712461186483e-07,5.637731526083357e-05,2.0887131687787148e-07,1.0,22878.374856521565,349.2465859365236,0.0004362405369587334,0.02088637203917266,0.04368830447636805,0.0035215221529245992,0.05934241445142419,0.16025348490070065,0.003957762689883332,0.06291075178284974,0.16086986440941736,6460.46711995895
0,1234,ID,5245,11000,0.06841252202762275,0.04931662710640492,3.317548060259856e-07,5.624573656146301e-05,9.723906854048435e-06,1.0,28861.71880584496,169.10005400961802,0.0004925003806383267,0.02219234959706445,0.04861932747648352,0.0030808948584500006,0.05550580923155702,0.14994667120741512,0.0035733952390883273,0.05977788252429428,0.15104711203365334,7089.27441587497
0,1234,ID,5727,12000,0.13581630378287615,0.04850211645376945,2.7632371721267124e-07,4.226043249020006e-05,3.303263059182209e-05,1.0,132400.70490546312,1199.6020099703283,0.0004948438187473854,0.022245085271749027,0.051532127053597075,0.004147232181942067,0.06439900761612766,0.1726619103941353,0.004642076000689453,0.06813278212937919,0.17408711853731637,7713.780434667016
0,1234,ID,6209,13000,0.07524559606090543,0.042519315630506746,2.7841994794147325e-07,3.122677024438788e-05,9.81971844569433e-06,1.0,13528.001715085193,927.088999346314,0.0004357647306636993,0.02087497857876025,0.047334215592719484,0.0031102910731926094,0.05576998362195034,0.14138681219458427,0.003546055803856309,0.05954876828160519,0.14241546394408483,8341.531736416975
0,1234,ID,6691,14000,0.04191706458845509,0.032862800372116266,2.2644883918227124e-07,2.7192395524639865e-05,2.4823595254511287e-05,1.0,17743.270630270712,184.29775997563547,0.0004032748798159279,0.020081705102304632,0.042769226763297113,0.003358994424910056,0.057956832426471136,0.15144086388242423,0.0037622693047259844,0.06133734021561405,0.151623531071733,8963.84405462502
0,1234,ID,7169,15000,0.027448894572070483,0.022880380202209956,2.991606799135675e-07,3.5219192942189125e-05,4.829505278675006e-07,1.0,7860.755153298034,62.931668158213455,0.0002571184782749585,0.016034914351968285,0.03079108093703371,0.0021173372982779067,0.04601453355493139,0.12197931396060924,0.002374455776552865,0.048728387789386846,0.12225847475425466,9607.639530333923
0,1234,ID,7652,16000,0.02627444454149129,0.020133656567472367,2.0917794374077317e-07,3.072281536856245e-05,1.1839374943604376e-06,1.0,20408.938656210317,60.88322935406924,0.000248651067107262,0.015768673600124457,0.031085098806290908,0.0019295105915874322,0.0439261948225365,0.11546773561313195,0.0021781616586946943,0.046670779495254784,0.11576770558124055,10255.558630666928
0,1234,ID,8127,17000,0.0252209568051878,0.018645297627937093,1.8319097937369738e-07,2.408820134813267e-05,5.917225261678096e-06,1.0,20559.988390188886,116.37803513693221,0.00024130995425694052,0.015534154442934463,0.032121146241623266,0.0019185514487239752,0.04380127222723074,0.11509615118335553,0.002159861402980916,0.04647430906405082,0.11569604418093989,10893.383846791927
0,1234,ID,8609,18000,0.02008753839054642,0.01644455284448956,1.714816402498492e-07,2.7973181337423662e-05,5.422769881830416e-06,1.0,14629.61361783048,40.35481782180079,0.00024263965800743587,0.015576895005341594,0.0344715457550745,0.00175710729784364,0.041917863708014036,0.10992926532462582,0.001999746955851076,0.0447185303409121,0.11027893125839727,11535.329726999975
0,1234,ID,9087,19000,0.01622251064451815,0.013210365485956851,1.7081013023375396e-07,4.249125486657499e-05,4.696602481612473e-10,1.0,12268.552081131213,21.57036107833151,0.000288197396024457,0.01697637758841553,0.04249950550742871,0.0016977625419031485,0.041203914157554845,0.11353142671200173,0.0019859599379276056,0.04456411042450646,0.11459752978137659,12169.457477084012
0,1234,ID,9568,20000,0.02349307009110193,0.01308310693505862,1.340697184341605e-07,3.039985277385014e-05,5.62966167594837e-07,1.0,61353.03578331848,71.83639912900317,0.000252727349211924,0.0158974007061508,0.04065944394602116,0.0015673771589572185,0.03959011440949898,0.11082940371300237,0.0018201045081691425,0.04266268285245482,0.11139697622596036,12802.181812708965
0,1234,ID,10043,21000,0.02595920461183751,0.013515042037520684,1.1608737228411192e-07,2.2213903328664277e-05,2.123856029988613e-06,1.0,77824.90585742502,153.39716971951339,0.00023309356614299037,0.01526740207576228,0.038859954771619055,0.0014633444509616754,0.03825368545593582,0.1076887137912243,0.0016964380171046658,0.04118783821839483,0.10828655504054849,13451.47532195889
0,1234,ID,10519,22000,0.02904069605306014,0.01409297079251403,9.694248745020532e-08,1.7078822719065527e-05,5.1565240549594375e-06,1.0,120757.9906145141,189.47375940726826,0.00021535250331071215,0.014674893638821105,0.03583680011013232,0.001462784851947974,0.03824637044149384,0.09915436040296549,0.0016781373552586863,0.04096507482305734,0.09995862573249042,14092.425774958916
0,1234,ID,10995,23000,0.017533747059689884,0.013531564512495096,8.645620491272456e-08,1.868675364936495e-05,3.2645967252823675e-07,1.0,24672.275186021572,100.00585673905755,0.0002289480327231578,0.015131028805839932,0.03744045422691137,0.0014214420423378348,0.037702016422703905,0.09988899185713312,0.0016503900750609924,0.040624993231519343,0.10033261131665092,14741.901789124939
0,1234,ID,11471,24000,0.016617258855277144,0.012585061162141363,7.893323821656451e-08,2.361955424990206e-05,1.4287397682238374e-07,1.0,37774.539756625556,44.47112180504011,0.00021755012355095915,0.014749580453387789,0.035924734730270434,0.001437591031622921,0.037915577690745016,0.10013558903496284,0.0016551411551738806,0.04068342605009908,0.10095993651968739,15452.665878124884
0,1234,ID,11951,25000,0.0172077555149283,0.012109494863333741,6.679012753292357e-08,2.6132345531622354e-05,6.266452712776583e-06,1.0,60751.38170536201,39.58319262722206,0.00021193568055782153,0.014558010872293699,0.035658922446476386,0.0013647235059735974,0.0369421643379702,0.098583849996418,0.0015766591865314192,0.0397071679490167,0.0991639392185371,16163.954299208941
0,1234,ID,12434,26000,0.016299486474841737,0.012202690406400195,5.981785449397338e-08,2.2430356549665596e-05,3.110362666804607e-06,1.0,50606.411012250275,47.548008121058565,0.0002093367782144171,0.014468475324456862,0.03481839534501429,0.0013788091623553116,0.037132319646842854,0.09832535589857228,0.0015881459405697287,0.03985154878508147,0.09868689626675388,16845.55475995876
0,1234,ID,12914,27000,0.016021793805965287,0.012145206022499605,5.522007294385218e-08,2.2123342520029715e-05,1.205636041447802e-06,1.0,52102.18894837615,45.12407979294764,0.0002069849275166396,0.01438697075539669,0.0345217362057006,0.0013768069687990928,0.03710534959812524,0.10005996041078502,0.0015837918963157323,0.039796882997487786,0.10045749550499071,17540.429975083796
0,1234,ID,13395,28000,0.01618771730645349,0.011990401098096341,5.231887071912813e-08,2.348251486805438e-05,1.7310338197045208e-08,1.0,64429.20910256324,35.19365115235385,0.00021720693054543436,0.014737941869387134,0.035801584194799625,0.0013850747289818961,0.037216592119401475,0.10002109559735456,0.0016022816595273304,0.04002851058342454,0.10038969785737553,18323.50150287582
0,1234,ID,13874,29000,0.014224945711514,0.01155518381232554,5.075881635662959e-08,2.8819993141951547e-05,8.906159268769952e-07,1.0,36915.65918037685,27.587658134573317,0.0002130045499174897,0.014594675396098733,0.03569956100556598,0.0013693664664934124,0.03700495191853939,0.10038502163923768,0.001582371016410902,0.039779027343700875,0.10074229965906721,19046.367049041786
0,1234,ID,14353,30000,0.014986697984620464,0.01119377853504069,4.6942883445359036e-08,3.572567556391086e-05,1.1054599462313172e-07,1.0,64079.67164808041,21.965276619853245,0.0002225803331517973,0.014919126420531375,0.03732223712134277,0.0012854701141884512,0.03585345330910889,0.09691710380892155,0.0015080504473402485,0.038833625215014995,0.09758015316028722,19791.63318345882
0,1234,MSE,0,0,256.1435686010094,251.3030261937345,0.009207776361902389,4.8313346309130045,4.5231564731140115e-37,1.0,1.0,1.0,4.959270398518739,2.226941938739926,3.2838127750103276,0.14372544318012911,0.37911138624437163,0.7312009457582304,5.102995841698868,2.258981151249135,3.286218301193365,1.0108325839973986
0,1234,MSE,0,1,256.1435686010094,251.3030261937345,0.009207776361902389,4.8313346309130045,4.5231564731140115e-37,1.0,1.0,1.0,4.959270398518739,2.226941938739926,3.2838127750103276,0.14372544318012911,0.37911138624437163,0.7312009457582304,5.102995841698868,2.258981151249135,3.286218301193365,2.5655737089691684
0,1234,MSE,0,2,256.0595366300693,251.22369056418506,0.005357259343461424,4.830455111647151,3.369489367061073e-05,1.0,1.0,1.0,4.96204023015586,2.2275637432306756,3.298579520914794,0.14228559214804753,0.3772076247215153,0.7221940639711184,5.104325822303908,2.259275508277799,3.3007663141210526,3.5309367090230808
0,1234,MSE,0,3,255.2828977678535,250.3620622992676,0.018441902569079297,4.899090031878528,0.0033035341383349987,1.0,1.0,1.0,5.027576171368697,2.2422257182024956,3.433655834813401,0.13187527199588667,0.3631463506575368,0.6406500681668399,5.159451443364584,2.271442590814169,3.474482988868812,4.429093083948828
0,1234,MSE,0,4,254.7356518830617,243.09373669095555,2.4840034767055448,9.009577110159915,0.14833460524071854,1.0,1.0,1.0,7.516504103722643,2.741624354962336,5.022489409163635,0.19336701526588976,0.4397351649184879,1.0445913850606412,7.709871118988535,2.7766654676047193,5.046124080747227,5.396005125017837
0,1234,MSE,0,5,252.80560525777423,244.88180158739334,1.0826157859835737,6.7687837240584345,0.07240416033889481,1.0,1.0,1.0,6.169623643361248,2.4838727107807372,4.4116261737648506,0.14221648528519745,0.3771160103803569,0.7703190302248093,6.311840128646446,2.5123375825406993,4.440595851012212,6.38195133395493
0,1234,MSE,1,6,252.80560525777423,244.88180158739334,1.0826157859835737,6.7687837240584345,0.07240416033889481,1.0,1.0,1.0,6.169623643361248,2.4838727107807372,4.4116261737648506,0.14221648528519745,0.3771160103803569,0.7703190302248093,6.311840128646446,2.5123375825406993,4.440595851012212,7.236918709008023
0,1234,MSE,1,7,255.33791154407132,239.68787243550292,3.208322839445224,12.19510570890036,0.24661056022278788,1.0,1.0,1.0,9.452232626353357,3.074448345045556,5.784015919016414,0.2832853484374656,0.532245571552705,1.3342207094010807,9.735517974790822,3.1201791574829194,5.802496558733552,8.038452708977275
0,1234,MSE,1,8,251.7744584700062,240.9913756367611,1.9168373901396818,8.728826160629831,0.13741928247561225,1.0,1.0,1.0,7.323139864925505,2.706130053217233,4.996265612445547,0.184779181395955,0.42985949029416,1.0093731084924271,7.507919046321459,2.740058219513129,5.020015698851226,8.857483041938394
0,1234,MSE,2,9,251.7744584700062,240.9913756367611,1.9168373901396818,8.728826160629831,0.13741928247561225,1.0,1.0,1.0,7.323139864925505,2.706130053217233,4.996265612445547,0.184779181395955,0.42985949029416,1.0093731084924271,7.507919046321459,2.740058219513129,5.020015698851226,9.889956792001612
0,1234,MSE,2,10,245.9775522821523,231.52539624199454,1.566373978674945,12.619383157649596,0.2663989038332196,1.0,1.0,1.0,9.657260136862874,3.107613254068607,6.026997964546248,0.2986682835704498,0.5465055201646638,1.3782179260315868,9.955928420433324,3.155301636996584,6.04357729514805,10.839373167022131
0,1234,MSE,3,11,245.9775522821523,231.52539624199454,1.566373978674945,12.619383157649596,0.2663989038332196,1.0,1.0,1.0,9.657260136862874,3.107613254068607,6.026997964546248,0.2986682835704498,0.5465055201646638,1.3782179260315868,9.955928420433324,3.155301636996584,6.04357729514805,11.801323083927855
0,1234,MSE,3,12,238.80070792482363,224.46601622710517,0.028279888195019837,13.960238343735904,0.3461734657875291,1.0,1.0,1.0,10.387152213891936,3.2229105190637757,6.549280582585598,0.33394754365685275,0.5778819461246845,1.473002179239893,10.721099757548789,3.274309050402663,6.562239818601571,12.61340808402747
0,1234,MSE,4,13,238.80070792482363,224.46601622710517,0.028279888195019837,13.960238343735904,0.3461734657875291,1.0,1.0,1.0,10.387152213891936,3.2229105190637757,6.549280582585598,0.33394754365685275,0.5778819461246845,1.473002179239893,10.721099757548789,3.274309050402663,6.562239818601571,13.445807666983455
0,1234,MSE,4,14,237.09716717123683,227.0822029064189,0.01393632986844509,9.805252737280854,0.19577519766862803,1.0,1.0,1.0,7.777597640585204,2.788834459157661,5.5318883507821415,0.19805807864892971,0.4450371654692782,1.063970867367777,7.975655719234132,2.8241203443256686,5.554214024284566,14.342483624932356
0,1234,MSE,5,15,237.09716717123683,227.0822029064189,0.01393632986844509,9.805252737280854,0.19577519766862803,1.0,1.0,1.0,7.777597640585204,2.788834459157661,5.5318883507821415,0.19805807864892971,0.4450371654692782,1.063970867367777,7.975655719234132,2.8241203443256686,5.554214024284566,15.169093749951571
0,1234,MSE,5,16,235.2702669900187,224.0747647788624,0.0035767189446631073,10.956253717482173,0.23567177472947384,1.0,1.0,1.0,8.513827032433532,2.9178463003444053,5.70544661798758,0.21644089765347863,0.46523209009426536,1.128320017089338,8.73026793008701,2.9547026804886833,5.728600830794157,16.044191124965437
0,1234,MSE,6,17,235.2702669900187,224.0747647788624,0.0035767189446631073,10.956253717482173,0.23567177472947384,1.0,1.0,1.0,8.513827032433532,2.9178463003444053,5.70544661798758,0.21644089765347863,0.46523209009426536,1.128320017089338,8.73026793008701,2.9547026804886833,5.728600830794157,16.82221304194536
0,1234,MSE,6,18,234.50448254960972,222.64679445026394,0.002034271034844174,11.636713502421971,0.21894032588898588,1.0,1.0,1.0,9.005032720682491,3.0008386695526457,5.72147534920119,0.2064157665373778,0.45433001941031564,1.0718470475532054,9.211448487219865,3.035036818099554,5.759191480524858,17.5594873749651
0,1234,MSE,7,19,234.50448254960972,222.64679445026394,0.002034271034844174,11.636713502421971,0.21894032588898588,1.0,1.0,1.0,9.005032720682491,3.0008386695526457,5.72147534920119,0.2064157665373778,0.45433001941031564,1.0718470475532054,9.211448487219865,3.035036818099554,5.759191480524858,18.31380620901473
0,1234,MSE,7,20,234.10931008492176,222.45940957941272,0.0025256408494224777,11.47032433203759,0.17705053262202344,1.0,1.0,1.0,8.947084122443744,2.991167685443888,5.593773571537923,0.18954870126664805,0.43537191143509485,0.9948180003769052,9.136632823710391,3.0226863588057546,5.633432946944918,19.066399459028617
0,1234,MSE,8,21,234.10931008492176,222.45940957941272,0.0025256408494224777,11.47032433203759,0.17705053262202344,1.0,1.0,1.0,8.947084122443744,2.991167685443888,5.593773571537923,0.18954870126664805,0.43537191143509485,0.9948180003769052,9.136632823710391,3.0226863588057546,5.633432946944918,19.835755459032953
0,1234,MSE,8,22,233.30526470101654,221.8429899484573,0.013831416696101858,11.393477761345293,0.05496557451787818,1.0,1.0,1.0,9.01173933614759,3.0019559184217863,5.462324883114519,0.14844548797441598,0.38528624161059266,0.8079204755900383,9.160184824122007,3.026579723734699,5.468589072399134,20.594770708936267
0,1234,MSE,9,23,233.30526470101654,221.8429899484573,0.013831416696101858,11.393477761345293,0.05496557451787818,1.0,1.0,1.0,9.01173933614759,3.0019559184217863,5.462324883114519,0.14844548797441598,0.38528624161059266,0.8079204755900383,9.160184824122007,3.026579723734699,5.468589072399134,21.487207375001162
0,1234,MSE,9,24,232.90864288902995,221.41952702760514,0.014435697616941,11.455418530407544,0.019261633400325478,1.0,1.0,1.0,8.995074459030251,2.9991789641550652,5.432899472043171,0.1344042355961422,0.3666118323187922,0.6721073907708245,9.129478694626394,3.021502721267415,5.436890658295259,22.462123124976642
0,1234,MSE,10,25,232.90864288902995,221.41952702760514,0.014435697616941,11.455418530407544,0.019261633400325478,1.0,1.0,1.0,8.995074459030251,2.9991789641550652,5.432899472043171,0.1344042355961422,0.3666118323187922,0.6721073907708245,9.129478694626394,3.021502721267415,5.436890658295259,23.30625725002028
0,1234,MSE,10,26,232.39700294814645,221.04202727896742,0.01368034783089625,11.338091251554202,0.0032040697939345842,1.0,1.0,1.0,8.806485595313735,2.967572340367415,5.376556990054035,0.12671087222040311,0.35596470642523415,0.5609669469558888,8.933196467534136,2.9888453401830843,5.376603179623284,24.004356542020105
0,1234,MSE,11,27,232.39700294814645,221.04202727896742,0.01368034783089625,11.338091251554202,0.0032040697939345842,1.0,1.0,1.0,8.806485595313735,2.967572340367415,5.376556990054035,0.12671087222040311,0.35596470642523415,0.5609669469558888,8.933196467534136,2.9888453401830843,5.376603179623284,24.676852209027857
0,1234,MSE,11,28,232.18928702736088,220.3800141997457,0.03168479428398123,11.765897685788707,0.011690347542498012,1.0,1.0,1.0,9.13464382794162,3.0223573296256054,5.432893891514052,0.1285990540705734,0.3586071026493667,0.5890584415112391,9.263242882012193,3.0435576028740106,5.462321746207978,25.368574250023812
0,1234,MSE,12,29,232.18928702736088,220.3800141997457,0.03168479428398123,11.765897685788707,0.011690347542498012,1.0,1.0,1.0,9.13464382794162,3.0223573296256054,5.432893891514052,0.1285990540705734,0.3586071026493667,0.5890584415112391,9.263242882012193,3.0435576028740106,5.462321746207978,26.11975741700735
0,1234,MSE,12,30,232.09952070245177,220.18183870981576,0.027097055309549315,11.87723150170603,0.013353435620424577,1.0,1.0,1.0,9.207907141279808,3.0344533513105465,5.412473804257377,0.12972187459990198,0.3601692305013047,0.5954050648669778,9.337629015879708,3.0557534285147594,5.4427413787886545,26.837642667000182
0,1234,MSE,13,31,232.09952070245177,220.18183870981576,0.027097055309549315,11.87723150170603,0.013353435620424577,1.0,1.0,1.0,9.207907141279808,3.0344533513105465,5.412473804257377,0.12972187459990198,0.3601692305013047,0.5954050648669778,9.337629015879708,3.0557534285147594,5.4427413787886545,27.522344166995026
0,1234,MSE,13,32,231.9615869188425,220.1686049648282,0.032197972747575264,11.718510440970737,0.04227354029596773,1.0,1.0,1.0,9.180836349774824,3.0299894966443075,5.348120436917745,0.13695818255513995,0.3700786167223661,0.6489678784030424,9.317794532329964,3.052506270645478,5.381147010402089,28.20298391696997
0,1234,MSE,14,33,231.9615869188425,220.1686049648282,0.032197972747575264,11.718510440970737,0.04227354029596773,1.0,1.0,1.0,9.180836349774824,3.0299894966443075,5.348120436917745,0.13695818255513995,0.3700786167223661,0.6489678784030424,9.317794532329964,3.052506270645478,5.381147010402089,28.976364749949425
0,1234,MSE,14,34,231.75214789632642,219.90408338492955,0.05730537370170619,11.699805011040342,0.09095412665482087,1.0,1.0,1.0,9.331644946784905,3.054774123693093,5.284033410391664,0.1494287067146175,0.38656009457084095,0.6967559522564705,9.481073653499523,3.0791352119547337,5.3250503943490175,29.640664667007513
0,1234,MSE,15,35,231.75214789632642,219.90408338492955,0.05730537370170619,11.699805011040342,0.09095412665482087,1.0,1.0,1.0,9.331644946784905,3.054774123693093,5.284033410391664,0.1494287067146175,0.38656009457084095,0.6967559522564705,9.481073653499523,3.0791352119547337,5.3250503943490175,30.347215833957307
0,1234,MSE,15,36,232.5232109682998,222.05441578257955,0.46501170480215126,9.60663598341335,0.39714749750473827,1.0,1.0,1.0,8.860003906151913,2.976575869376071,4.962418385238352,0.27592701355632576,0.5252875532090264,1.099826706875886,9.135930919708239,3.0225702505828114,5.082705143187757,31.026285500032827
0,1234,MSE,15,37,231.33474294230876,219.7245263354875,0.19099685193141702,11.201884520097007,0.21733523479284356,1.0,1.0,1.0,9.421408185810613,3.0694312479367594,5.1499305233532064,0.19206685870940457,0.4382543310788891,0.8526321632165218,9.613475044520017,3.1005604403913845,5.220035057460469,31.754123874939978
0,1234,MSE,16,38,231.33474294230876,219.7245263354875,0.19099685193141702,11.201884520097007,0.21733523479284356,1.0,1.0,1.0,9.421408185810613,3.0694312479367594,5.1499305233532064,0.19206685870940457,0.4382543310788891,0.8526321632165218,9.613475044520017,3.1005604403913845,5.220035057460469,32.51932362501975
0,1234,MSE,16,39,231.61621485038248,221.0594942814983,1.2779658332320911,8.76541679230564,0.5133379433464332,1.0,1.0,1.0,8.929674032157,2.988256018509291,4.644873733527515,0.4569883762382474,0.6760091539603937,1.4223352048540516,9.386662408395248,3.0637660498796655,4.746400292868832,33.41824412497226
0,1234,MSE,16,40,230.7326696539808,219.3402077125743,0.6237752292163622,10.408332108200462,0.3603546039896665,1.0,1.0,1.0,9.505503689754278,3.0830996885852193,4.907855507821928,0.29796656159540663,0.5458631344901455,1.1470931970041418,9.803470251349685,3.1310493850065164,4.997354676411027,34.099217709037475
0,1234,MSE,17,41,230.7326696539808,219.3402077125743,0.6237752292163622,10.408332108200462,0.3603546039896665,1.0,1.0,1.0,9.505503689754278,3.0830996885852193,4.907855507821928,0.29796656159540663,0.5458631344901455,1.1470931970041418,9.803470251349685,3.1310493850065164,4.997354676411027,34.77009595895652
0,1234,MSE,17,42,230.0880225296509,218.12297931815243,5.018528760618227,6.257017503727291,0.68949694715295,1.0,1.0,1.0,8.164611865204726,2.857378495265324,4.890997449511134,0.9346449539483994,0.9667703729161333,1.8833685932499733,9.099256819153128,3.0164974422586748,5.009022935725194,35.45398379198741
0,1234,MSE,17,43,228.55619901167884,216.92342624846412,2.868841505654777,8.20307870400548,0.5608525535544362,1.0,1.0,1.0,9.161649289872862,3.0268216481769885,4.848425341248199,0.6575323421870438,0.8108836798129827,1.6504067406212164,9.819181632059907,3.133557344626057,4.942484715841918,36.175295708933845
0,1234,MSE,18,44,228.55619901167884,216.92342624846412,2.868841505654777,8.20307870400548,0.5608525535544362,1.0,1.0,1.0,9.161649289872862,3.0268216481769885,4.848425341248199,0.6575323421870438,0.8108836798129827,1.6504067406212164,9.819181632059907,3.133557344626057,4.942484715841918,36.90460195892956
0,1234,MSE,18,45,206264.8589976614,204350.00850581558,1571.5752085653905,339.33480364095425,3.940479639455564,1.0,1.0,1.0,277.6731668004531,16.663528041817948,30.946726604835824,0.4022369419902676,0.6342215243826621,1.6738996161419712,278.0754037424433,16.67559305519427,30.947550754408674,37.58446095895488
0,1234,MSE,18,46,842.8460518771535,774.6222909490228,40.736889569038894,26.044034122484195,1.442837236607629,1.0,1.0,1.0,13.475455898371962,3.6708930655049,7.241798267003106,1.9537884241554355,1.3977798196266233,2.231961207163084,15.4292443225274,3.92800767852195,7.3186113373281065,38.28066233394202
0,1234,MSE,18,47,237.13174093049395,223.39150611030507,8.445835131440845,4.451358844139486,0.8430408446085407,1.0,1.0,1.0,6.776810101683365,2.603230704659763,4.843237132928995,1.248900611617495,1.1175422191655646,2.0684526264399925,8.02571071330086,2.8329685337646904,4.978134985739791,38.9746507499367
0,1234,MSE,18,48,227.805236752171,216.0121450240076,4.686125448559342,6.4384477429233735,0.6685185366806704,1.0,1.0,1.0,8.313162285181276,2.883255501196742,4.908456538994769,0.8819072613858961,0.9390991754792973,1.843540425668866,9.19506954656717,3.032337307518273,5.022364663762411,39.66485720896162
0,1234,MSE,19,49,227.805236752171,216.0121450240076,4.686125448559342,6.4384477429233735,0.6685185366806704,1.0,1.0,1.0,8.313162285181276,2.883255501196742,4.908456538994769,0.8819072613858961,0.9390991754792973,1.843540425668866,9.19506954656717,3.032337307518273,5.022364663762411,40.361058291979134
0,1234,MSE,19,50,317.4400416975067,277.73027585471596,33.280802759117044,5.429223128586158,0.9997399550875457,1.0,1.0,1.0,7.564933707644737,2.750442456704873,5.668419503185449,1.9569706273066538,1.398917662804589,2.2829227945029626,9.52190433495139,3.085758307928764,5.822199197912314,41.04330816701986
0,1234,MSE,19,51,227.02666697016022,210.0627964152537,11.01474267204626,5.176484554569593,0.7726433282906957,1.0,1.0,1.0,8.315809727710775,2.883714571123636,5.324670952303174,1.301722678992269,1.1409306197101858,2.0854299214400216,9.617532406703043,3.1012146663368925,5.470785308617453,41.7267886250047
0,1234,MSE,19,52,225.91807958345456,211.35913292677304,8.151838726920113,5.676331450593537,0.7307764791678606,1.0,1.0,1.0,8.384069310490728,2.8955257399116188,5.178909783082347,1.137250424470379,1.0664194411536105,2.003992041312437,9.521319734961107,3.085663580975915,5.3149435581888405,42.46287425002083
0,1234,MSE,20,53,225.91807958345456,211.35913292677304,8.151838726920113,5.676331450593537,0.7307764791678606,1.0,1.0,1.0,8.384069310490728,2.8955257399116188,5.178909783082347,1.137250424470379,1.0664194411536105,2.003992041312437,9.521319734961107,3.085663580975915,5.3149435581888405,43.15684929199051
0,1234,MSE,20,54,1355.989187368798,1279.242939692121,61.39008913766194,13.997770119823521,1.3583884191915545,1.0,1.0,1.0,20.343871502644387,4.5104181072983005,8.662099108105425,2.032575388661228,1.4256841826509923,2.348473739423654,22.37644689130562,4.730374920797042,8.678722702016202,43.88635799998883
0,1234,MSE,20,55,267.6255790044939,244.30071163187478,17.99229414708567,4.410115186104244,0.922458039429208,1.0,1.0,1.0,8.158396662315093,2.856290717401696,5.8210936992925095,1.58591536948607,1.2593313183932455,2.209387242344867,9.744312031801163,3.1215880624773606,5.909405997571038,44.566028250032105
0,1234,MSE,20,56,225.0796077808906,209.56368618276304,9.60664480020352,5.144301832535041,0.7649749653890043,1.0,1.0,1.0,8.075820853048356,2.841798876248697,4.961755695910486,1.233479735617875,1.110621328634506,2.0554082223038104,9.309300588666233,3.0511146469227,5.117646042694014,45.29591733403504
0,1234,MSE,21,57,225.0796077808906,209.56368618276304,9.60664480020352,5.144301832535041,0.7649749653890043,1.0,1.0,1.0,8.075820853048356,2.841798876248697,4.961755695910486,1.233479735617875,1.110621328634506,2.0554082223038104,9.309300588666233,3.0511146469227,5.117646042694014,46.006202167016454
0,1234,MSE,21,58,449.69961752235014,372.69465226312514,71.2857295071952,4.735253829926658,0.983981922103176,1.0,1.0,1.0,10.601212494478029,3.255950321254615,6.492678364062643,2.045233976077398,1.4301167700846662,2.250998243304915,12.646446470555427,3.5561842571154023,6.59169891515736,46.72026387497317
0,1234,MSE,21,59,217.66602044543723,189.18365882983062,24.041184086126908,3.603267712493036,0.837909816986629,1.0,1.0,1.0,8.4220258773267,2.902072686430631,5.494520876314275,1.6137025707308241,1.2703159334318468,2.1618001825807727,10.035728448057526,3.1679217869223866,5.654919447856107,47.44530962500721
0,1234,MSE,22,60,217.66602044543723,189.18365882983062,24.041184086126908,3.603267712493036,0.837909816986629,1.0,1.0,1.0,8.4220258773267,2.902072686430631,5.494520876314275,1.6137025707308241,1.2703159334318468,2.1618001825807727,10.035728448057526,3.1679217869223866,5.654919447856107,48.130530667025596
0,1234,MSE,22,61,868.1937868478547,786.2621714839042,55.29735566060818,26.591015384595302,0.043244318746910246,1.0,1.0,1.0,31.452771643674787,5.608277065523313,9.642763318341977,0.41659511301145585,0.6454417967651738,1.4692461752310315,31.869366756686247,5.645295984860869,9.686275318781593,48.84146387502551
0,1234,MSE,22,62,214.28557781416637,183.85040257311996,25.72432771245078,3.926758103073567,0.7840894255220809,1.0,1.0,1.0,9.184380045710974,3.030574210559935,5.759988364255647,1.578283106576408,1.2562973798334565,2.130444186999608,10.762663152287383,3.280649806408386,5.886130928121984,49.559205833938904
0,1234,MSE,23,63,214.28557781416637,183.85040257311996,25.72432771245078,3.926758103073567,0.7840894255220809,1.0,1.0,1.0,9.184380045710974,3.030574210559935,5.759988364255647,1.578283106576408,1.2562973798334565,2.130444186999608,10.762663152287383,3.280649806408386,5.886130928121984,50.31295416702051
0,1234,MSE,23,64,208.87617954009932,187.96826584833357,14.822698301809076,5.4790373753302255,0.6061780146264345,1.0,1.0,1.0,9.901586868643633,3.1466787043871562,5.647678995711709,0.9241584610865465,0.9613316082843352,1.8206922454445191,10.82574532973018,3.2902500406094033,5.758637949226393,51.096994249965064
0,1234,MSE,24,65,208.87617954009932,187.96826584833357,14.822698301809076,5.4790373753302255,0.6061780146264345,1.0,1.0,1.0,9.901586868643633,3.1466787043871562,5.647678995711709,0.9241584610865465,0.9613316082843352,1.8206922454445191,10.82574532973018,3.2902500406094033,5.758637949226393,52.04888745897915
0,1234,MSE,24,66,202.05290195581048,178.6530662611318,17.478752324523857,5.216050828986523,0.705032541168306,1.0,1.0,1.0,10.16888173926271,3.188868410465178,5.852024531791934,1.2349929271776379,1.111302356326863,1.9898491225295603,11.403874666440348,3.3769623430592692,5.976599937956547,52.79266362497583
0,1234,MSE,25,67,202.05290195581048,178.6530662611318,17.478752324523857,5.216050828986523,0.705032541168306,1.0,1.0,1.0,10.16888173926271,3.188868410465178,5.852024531791934,1.2349929271776379,1.111302356326863,1.9898491225295603,11.403874666440348,3.3769623430592692,5.976599937956547,53.528842916944996
0,1234,MSE,25,68,199.85929828431586,169.3485124404185,25.42949049953228,4.318632925436834,0.7626624189282454,1.0,1.0,1.0,10.666292060724459,3.265928973619062,6.344195395215867,1.4315529918780991,1.19647523663388,2.0777715104031667,12.097845052602558,3.478195660482969,6.463636443267066,54.28305908397306
0,1234,MSE,26,69,199.85929828431586,169.3485124404185,25.42949049953228,4.318632925436834,0.7626624189282454,1.0,1.0,1.0,10.666292060724459,3.265928973619062,6.344195395215867,1.4315529918780991,1.19647523663388,2.0777715104031667,12.097845052602558,3.478195660482969,6.463636443267066,55.11429820896592
0,1234,MSE,26,70,196.91815558917574,168.18553800577538,23.917091050295802,4.101736821250994,0.7137897118535718,1.0,1.0,1.0,10.332556001878828,3.214429343115015,6.086030545968471,1.3922522231811423,1.1799373810423766,2.0603401296676305,11.72480822505997,3.424150730481935,6.211624744554605,55.9121129589621
0,1234,MSE,27,71,196.91815558917574,168.18553800577538,23.917091050295802,4.101736821250994,0.7137897118535718,1.0,1.0,1.0,10.332556001878828,3.214429343115015,6.086030545968471,1.3922522231811423,1.1799373810423766,2.0603401296676305,11.72480822505997,3.424150730481935,6.211624744554605,56.66398349998053
0,1234,MSE,27,72,193.6160934735361,166.17912633780693,22.905161533761518,3.814206151057471,0.717599450910181,1.0,1.0,1.0,10.10673968755689,3.1791098891917673,6.124357523324118,1.3651740673024715,1.1684066361085388,2.0487748524268588,11.471913754859361,3.3870213691176145,6.246705022286702,57.55117266695015
0,1234,MSE,28,73,193.6160934735361,166.17912633780693,22.905161533761518,3.814206151057471,0.717599450910181,1.0,1.0,1.0,10.10673968755689,3.1791098891917673,6.124357523324118,1.3651740673024715,1.1684066361085388,2.0487748524268588,11.471913754859361,3.3870213691176145,6.246705022286702,58.286906333989464
0,1234,MSE,28,74,196.26961974388766,164.589373503905,27.081562821860366,3.8457990061600538,0.7528844119622511,1.0,1.0,1.0,10.410115315400187,3.226471031235239,6.214987623718405,1.3984932167351205,1.182579053059507,2.040601313520541,11.808608532135308,3.4363655993120563,6.33285062117462,59.03802891692612
0,1234,MSE,28,75,190.28484811309337,160.94603691146415,25.036364639838524,3.568862621520526,0.7335839402701719,1.0,1.0,1.0,10.2283348717309,3.198176804326318,6.194010038341874,1.3940425395969798,1.1806957862197103,2.052694544367948,11.622377411327882,3.4091608074902955,6.315112853020683,59.71224445896223
0,1234,MSE,29,76,190.28484811309337,160.94603691146415,25.036364639838524,3.568862621520526,0.7335839402701719,1.0,1.0,1.0,10.2283348717309,3.198176804326318,6.194010038341874,1.3940425395969798,1.1806957862197103,2.052694544367948,11.622377411327882,3.4091608074902955,6.315112853020683,60.41283933399245
0,1234,MSE,29,77,188.83856905989265,159.92295430185715,24.459567799861578,3.73981011934395,0.7162368388299672,1.0,1.0,1.0,10.36513505777836,3.219492981476798,6.465499056319546,1.3354478524053208,1.1556157892679213,2.0043974312921997,11.700582910183684,3.4206114819113385,6.572810021696803,61.0404477090342
0,1234,MSE,30,78,188.83856905989265,159.92295430185715,24.459567799861578,3.73981011934395,0.7162368388299672,1.0,1.0,1.0,10.36513505777836,3.219492981476798,6.465499056319546,1.3354478524053208,1.1556157892679213,2.0043974312921997,11.700582910183684,3.4206114819113385,6.572810021696803,61.730395791935734
0,1234,MSE,30,79,187.7989225317673,158.8071629947923,24.413560699275305,3.922124432781982,0.6560744049177197,1.0,1.0,1.0,10.674243176255535,3.267146029221151,6.366634966055884,1.296513495930984,1.1386454654241522,1.9937560785492239,11.97075667218652,3.459878129672564,6.480852716369702,62.39251712500118
0,1234,MSE,31,80,187.7989225317673,158.8071629947923,24.413560699275305,3.922124432781982,0.6560744049177197,1.0,1.0,1.0,10.674243176255535,3.267146029221151,6.366634966055884,1.296513495930984,1.1386454654241522,1.9937560785492239,11.97075667218652,3.459878129672564,6.480852716369702,63.09995920897927
0,1234,MSE,31,81,187.21229458240305,157.27142109541043,25.684003933179977,3.5985062061699207,0.6583633476427114,1.0,1.0,1.0,10.362395286624563,3.2190674560537813,6.330810161987507,1.2992962857328,1.1398667842045402,1.990021602500522,11.661691572357364,3.4149218984271608,6.4407038181932785,63.775913666933775
0,1234,MSE,32,82,187.21229458240305,157.27142109541043,25.684003933179977,3.5985062061699207,0.6583633476427114,1.0,1.0,1.0,10.362395286624563,3.2190674560537813,6.330810161987507,1.2992962857328,1.1398667842045402,1.990021602500522,11.661691572357364,3.4149218984271608,6.4407038181932785,64.52008862502407
0,1234,MSE,32,83,186.55465998454648,155.81779233806157,26.456938467626635,3.629854808233667,0.6500743706246117,1.0,1.0,1.0,10.495913892051997,3.239739787707031,6.400854616572699,1.2839456395043969,1.1331132509614372,1.9773709303838247,11.779859531556394,3.4321799969635034,6.50690973672974,65.23417045897804
0,1234,MSE,33,84,186.55465998454648,155.81779233806157,26.456938467626635,3.629854808233667,0.6500743706246117,1.0,1.0,1.0,10.495913892051997,3.239739787707031,6.400854616572699,1.2839456395043969,1.1331132509614372,1.9773709303838247,11.779859531556394,3.4321799969635034,6.50690973672974,65.92163104203064
0,1234,MSE,33,85,184.91193072941323,152.5272249546959,28.15894854257607,3.630665918101121,0.5950913140401262,1.0,1.0,1.0,10.6841906321174,3.2686680210932098,6.491494399350136,1.192867211209673,1.0921846049133237,1.9112273292696602,11.877057843327071,3.4463107583801946,6.586161886914307,66.66178704192862
0,1234,MSE,34,86,184.91193072941323,152.5272249546959,28.15894854257607,3.630665918101121,0.5950913140401262,1.0,1.0,1.0,10.6841906321174,3.2686680210932098,6.491494399350136,1.192867211209673,1.0921846049133237,1.9112273292696602,11.877057843327071,3.4463107583801946,6.586161886914307,67.36609570903238
0,1234,MSE,34,87,182.99705924764262,148.68046270169884,30.11455799060651,3.6875908817831498,0.5144476735541456,1.0,1.0,1.0,10.893206397964098,3.3004857821181566,6.529537903846545,1.0398614820278187,1.0197359864336546,1.8017945859268445,11.933067879991917,3.454427286829456,6.609871187895199,68.06205408403184
0,1234,MSE,35,88,182.99705924764262,148.68046270169884,30.11455799060651,3.6875908817831498,0.5144476735541456,1.0,1.0,1.0,10.893206397964098,3.3004857821181566,6.529537903846545,1.0398614820278187,1.0197359864336546,1.8017945859268445,11.933067879991917,3.454427286829456,6.609871187895199,68.76179291703738
0,1234,MSE,35,89,179.85150996808252,145.0798594962948,30.788322087660923,3.60989828426511,0.3734300998616656,1.0,1.0,1.0,10.604185380805157,3.2564068205316663,6.426116292790546,0.7333116942588945,0.8563362039870173,1.562143286840922,11.337497075064052,3.3671199971287114,6.480725562961875,69.48074024997186
0,1234,MSE,36,90,179.85150996808252,145.0798594962948,30.788322087660923,3.60989828426511,0.3734300998616656,1.0,1.0,1.0,10.604185380805157,3.2564068205316663,6.426116292790546,0.7333116942588945,0.8563362039870173,1.562143286840922,11.337497075064052,3.3671199971287114,6.480725562961875,70.21613545902073
0,1234,MSE,36,91,180.39632686053548,142.3858290112235,33.821741748962154,3.9195671264017737,0.26918897394805613,1.0,1.0,1.0,10.68856085456915,3.2693364547823998,6.463658313351701,0.480464107320878,0.6931551827122683,1.324644872661259,11.16902496189003,3.342009120557577,6.496045653989368,71.08639887499157
0,1234,MSE,36,92,179.0910674940792,142.96028732636518,32.107059758846546,3.702820648045484,0.32089976082199156,1.0,1.0,1.0,10.605846953033844,3.256661934102747,6.444692007196139,0.6028942888553136,0.7764626770523575,1.4465253899435058,11.208741241889157,3.3479458242165685,6.488040017209616,72.05201887502335
0,1234,MSE,37,93,179.0910674940792,142.96028732636518,32.107059758846546,3.702820648045484,0.32089976082199156,1.0,1.0,1.0,10.605846953033844,3.256661934102747,6.444692007196139,0.6028942888553136,0.7764626770523575,1.4465253899435058,11.208741241889157,3.3479458242165685,6.488040017209616,73.0807189589832
0,1234,MSE,37,94,178.31387170564847,143.03842428098696,31.340248009681726,3.692867472909919,0.24233194206986886,1.0,1.0,1.0,10.405776032954048,3.2257985109045557,6.362407341765184,0.44689914075262877,0.6685051538714034,1.2882780903105435,10.852675173706679,3.294339869185734,6.394105158458069,73.86997133400291
0,1234,MSE,38,95,178.31387170564847,143.03842428098696,31.340248009681726,3.692867472909919,0.24233194206986886,1.0,1.0,1.0,10.405776032954048,3.2257985109045557,6.362407341765184,0.44689914075262877,0.6685051538714034,1.2882780903105435,10.852675173706679,3.294339869185734,6.394105158458069,74.60134145896882
0,1234,MSE,38,96,178.09534716940502,142.46891210961286,31.754573466759407,3.635948260267078,0.2359133327656814,1.0,1.0,1.0,10.364713162326279,3.2194274587768366,6.393232214096385,0.43957838022109236,0.663007074035483,1.2816768689553522,10.804291542547372,3.2869882175857237,6.423992665215823,75.37348520895466
0,1234,MSE,39,97,178.09534716940502,142.46891210961286,31.754573466759407,3.635948260267078,0.2359133327656814,1.0,1.0,1.0,10.364713162326279,3.2194274587768366,6.393232214096385,0.43957838022109236,0.663007074035483,1.2816768689553522,10.804291542547372,3.2869882175857237,6.423992665215823,76.13381245895289
0,1234,MSE,39,98,177.68713567600622,140.4070060137108,33.4586084555439,3.6283262052251075,0.1931950015264332,1.0,1.0,1.0,10.514240967413295,3.2425670336036685,6.44818481542668,0.3904836908925186,0.6248869424884141,1.226321798297952,10.904724658305813,3.3022302551920593,6.473945223587881,76.98517779202666
0,1234,MSE,40,99,177.68713567600622,140.4070060137108,33.4586084555439,3.6283262052251075,0.1931950015264332,1.0,1.0,1.0,10.514240967413295,3.2425670336036685,6.44818481542668,0.3904836908925186,0.6248869424884141,1.226321798297952,10.904724658305813,3.3022302551920593,6.473945223587881,77.96648724994157
0,1234,MSE,40,100,177.37565060865055,140.46743689718465,33.14668204125728,3.6036159917235477,0.15791567848503157,1.0,1.0,1.0,10.41423448892891,3.227109308487847,6.436171244683377,0.34508096164375457,0.5874359213086603,1.1694456475918047,10.759315450572663,3.2801395474236554,6.4578112483852,78.83422779198736
0,1234,MSE,45,110,172.1333337744786,136.04265019813832,33.03554066521866,3.0528615080078167,0.0022814031137799195,1.0,1.0,1.0,9.813698163886844,3.132682263474361,6.190530326657345,0.1401486301746804,0.3743643014159876,0.7093192329545996,9.953846794061523,3.1549717580449945,6.1917041131813235,86.17886891693342
0,1234,MSE,50,120,170.3319719206801,133.05501170405213,34.42234934849844,2.8464878334672536,0.008123034662267417,1.0,1.0,1.0,9.565907919354657,3.0928801980281513,6.191104567665533,0.13836938152448824,0.3719803509924795,0.9325149482570436,9.704277300879145,3.115168904069111,6.191344051504611,92.71424504194874
0,1234,MSE,55,130,166.95261576490674,128.841466505016,35.38783295694563,2.703340892022802,0.01997541092230484,1.0,1.0,1.0,9.524102142610623,3.086114408542014,6.234764965830955,0.21497270182926587,0.4636514874658183,0.9984668850313099,9.739074844439887,3.120749083864303,6.245873636922403,99.11213920894079
0,1234,MSE,60,140,166.53344532548564,129.08298838015037,34.84387365152863,2.5983457145614897,0.008237579245126697,1.0,1.0,1.0,9.320701786664324,3.0529824412636777,6.157301899744399,0.2047277288879412,0.45246848386151844,0.9869030252092557,9.525429515552265,3.0863294567418214,6.1670059042372865,106.89683108392637
0,1234,MSE,65,150,164.8518648570732,127.68669112467707,34.51967860119155,2.5800339203791776,0.06546121082537698,1.0,1.0,1.0,9.243297644240448,3.04027920498109,6.054120473801614,0.16013865015366147,0.40017327516172474,1.0716807218382693,9.40343629439411,3.0665022899704657,6.0542319850440505,114.85788670904003
0,1234,MSE,70,160,163.91555036616387,127.35673436418715,33.32347951518019,3.1180255425034233,0.11731094429310107,1.0,1.0,1.0,9.839910503494478,3.1368631630172326,6.103738027714134,0.2685993352440287,0.5182656994670096,1.3807757250286719,10.108509838738508,3.179388280587715,6.10579816830856,121.12653533392586
0,1234,MSE,75,170,162.2953176520782,127.27699094442723,31.740628356639476,3.2121244996888176,0.06557385132267979,1.0,1.0,1.0,9.77604559408853,3.1266668505116644,6.168406111719299,0.1631047552274481,0.4038622973582061,1.105360653929655,9.939150349315979,3.1526418047910196,6.169246693696096,128.08003887499217
0,1234,MSE,80,180,161.49438425164882,125.38157512253622,32.92144070758766,3.1153645258466653,0.07600389567825526,1.0,1.0,1.0,9.457912586327977,3.075371942762042,6.154496467722399,0.1711005308324329,0.41364299925471104,1.1214305317986246,9.62901311716041,3.1030651164873113,6.1564759056594855,135.4548532499466
0,1234,MSE,85,190,160.0561102838207,124.88043233159486,31.989757879345188,3.1798261987653222,0.0060938741153122805,1.0,1.0,1.0,9.685526612839594,3.1121578708091904,6.286137809983887,0.3464901646643945,0.5886341517992262,1.4295698291828391,10.032016777503989,3.1673359116936095,6.302134252974659,142.85937916697003
0,1234,MSE,90,200,158.63521877677957,123.54532308128368,32.088654414464834,2.9953973318679625,0.005843949163065396,1.0,1.0,1.0,9.477270213661491,3.07851753505831,6.325785835615442,0.5095315333606748,0.7138147752468247,1.7652966515105157,9.986801747022167,3.160190144124585,6.343192863928505,153.02904016699176
0,1234,MSE,95,210,156.98404505467076,124.07785641232715,29.5831352690167,3.2653213731707313,0.05773200015615577,1.0,1.0,1.0,9.622083352556945,3.101948315584408,6.253117374109471,0.5138462452651738,0.7168306949797656,2.0288958969086854,10.13592959782212,3.1836974727228906,6.261445819251821,159.60103449993767
0,1234,MSE,100,220,154.71878314895199,123.15320807420595,27.366266956000906,3.5387833190250833,0.6605247997200558,1.0,1.0,1.0,9.393759207621686,3.064924013351993,6.066905819156837,0.5510605099765888,0.7423345000581536,2.4180151228618976,9.944819717598277,3.1535408222501697,6.104857549703607,166.5305820000358
0,1234,MSE,105,230,152.75355606507932,124.60975030787546,23.1436389508689,3.9519209800721486,1.0482458262628283,1.0,1.0,1.0,9.463750128812972,3.0763208754635745,6.0458052229416035,0.6984625485347815,0.8357407184855729,2.537564008903129,10.162212677347753,3.187822560518034,6.069542970497713,174.02260466699954
0,1234,MSE,109,240,149.09344851018182,127.85439520454855,16.11160330551412,4.505224788598282,0.6222252115208822,1.0,1.0,1.0,9.04107904330141,3.006838712552007,5.593132843297441,1.33071759666329,1.1535673351232212,2.882245978726184,10.3717966399647,3.2205273853772303,5.730735814658274,180.379429084016
0,1234,MSE,114,250,144.8845846417336,125.43041022274336,15.024431226562788,4.429153243759811,0.0005899486676479535,1.0,1.0,1.0,8.656091601148708,2.942123654972494,5.536614988803494,1.6545295726683702,1.2862851832577293,3.3191628581318446,10.31062117381708,3.211015598501054,6.016952633530983,186.37295145902317
0,1234,MSE,119,260,139.75599556605312,120.9489297812537,13.91015771555868,4.788533079899386,0.10837498934133649,1.0,1.0,1.0,9.038546542003754,3.0064175594889933,5.657290604509909,1.9715535099613293,1.4041201907106562,3.5667555387489625,11.010100051965084,3.318147081123,6.039307281194593,192.3870911670383
0,1234,MSE,124,270,135.8333248946646,122.77045156688719,7.183041692165928,5.863041486638258,0.01679014897323587,1.0,1.0,1.0,8.990164318606736,2.998360271649612,5.722159282769549,2.240767326397238,1.4969192785174616,3.704105530037546,11.230931645003972,3.3512582181926795,6.194087980733212,198.42247200000565
0,1234,MSE,129,280,129.1760296996031,117.98600479927937,6.111794336099127,5.046651177763629,0.03157938646097,1.0,1.0,1.0,6.903106785341326,2.6273764072437977,4.857490604596423,2.985387819492436,1.7278274854546203,4.071389048280589,9.888494604833763,3.1445976856879105,5.772672804324383,204.47714420896955
0,1234,MSE,133,290,123.27447505235035,114.12878457096795,3.9971883771937335,5.078110203933561,0.07039190025510057,1.0,1.0,1.0,6.120086362241584,2.4738808302425532,4.491244841483664,3.5740577652877517,1.8905178563789742,4.782729167329515,9.694144127529336,3.1135420548836876,5.748640444488346,210.618092458928
0,1234,MSE,137,300,117.34194346408974,109.38099114696378,3.2904669953661783,4.59858382242608,0.07190149933370721,1.0,1.0,1.0,5.192828339366945,2.2787778170253774,4.510493318005805,4.069299001292325,2.017250356622183,6.435338141398175,9.26212734065927,3.043374334625839,6.730143003862566,217.10605766694061
0,1234,MSE,142,310,105.78242780341795,95.07130615529881,6.253016922818768,4.453695677991299,0.004409047309049007,1.0,1.0,1.0,5.716582266983581,2.390937528875144,4.827335788328774,5.810445562117591,2.410486582023968,8.135846466272396,11.527027829101172,3.395147688849658,8.353022585140426,224.02800020901486
0,1234,MSE,146,320,90.97183312683835,73.92297652490164,11.62627122740682,5.2789223719235885,0.1436630026063026,1.0,1.0,1.0,6.587430445004579,2.566599003546245,4.982643445546722,6.295668401915597,2.509117056240222,7.872271998895346,12.883098846920177,3.5893033929886977,8.150338061701804,231.09999274997972
0,1234,MSE,151,330,73.20959205812507,54.80537953128446,14.188507201296792,4.215274051899496,0.00043127364432346934,1.0,1.0,1.0,6.782596495534816,2.604341854583383,4.9584997282691035,3.6620861711630615,1.9136577988666263,5.055169205528879,10.444682666697878,3.2318234275247586,6.132784823160458,237.70485045900568
0,1234,MSE,155,340,57.85738243314647,35.25559676729536,17.90738598175256,4.564497970634793,0.12990171346375448,1.0,1.0,1.0,8.324690402562439,2.885253958070665,5.670466004935824,3.9351127272573714,1.9837118559048266,4.712822711257065,12.259803129819812,3.5014001670502917,6.363850554278672,243.90227225003764
0,1234,MSE,160,350,48.12679152022308,24.340705665417172,19.313150012221868,4.461966801271051,0.010969041312980488,1.0,1.0,1.0,9.519581563230934,3.0853819152952418,5.821625843343225,4.448401947350828,2.109123502156957,5.472538414936279,13.967983510581762,3.7373765545609343,6.559129310026871,250.09565612499136
0,1234,MSE,165,360,40.2112102421779,15.933535910705475,19.9803279942116,4.297341051476422,5.285784400793917e-06,1.0,1.0,1.0,10.070374888250567,3.173385398631967,5.798649512934797,4.816719352518108,2.1947025658430594,6.093090671397922,14.887094240768677,3.8583797429450457,6.615164931278942,256.52709137497004
0,1234,MSE,170,370,36.78349481385117,14.819362492491514,17.76333066316607,4.198941368695116,0.001860289498475499,1.0,1.0,1.0,10.548158118535019,3.2477928072053825,5.937431020318629,5.247565169208287,2.2907564622212218,6.664889914561975,15.795723287743309,3.9743833845948116,7.021396295775562,262.7213510420406
0,1234,MSE,175,380,32.529747097361216,13.663581731339521,14.691623208647265,4.14789711674841,0.026645040626022982,1.0,1.0,1.0,10.513381649142127,3.2424345250354905,5.9414580573086075,5.890646882850163,2.427065487960752,6.769835657412363,16.404028531992292,4.050188703257207,6.865493752074084,268.89262845902704
0,1234,MSE,180,390,28.863889443453296,12.912955326041276,10.996248856101941,4.9528139899768275,0.0018712713332491946,1.0,1.0,1.0,11.218627558723874,3.3494219738223303,5.8454994967896745,7.964054722943107,2.822065683669164,7.912062954551655,19.18268228166698,4.3798039090428444,8.437094200158821,275.1173601249466
0,1234,MSE,185,400,22.26428772897413,9.865431877466623,6.87523638923474,5.520962382438603,0.0026570798341622745,1.0,1.0,1.0,10.973154419502528,3.312575194543141,5.991567823644038,9.09063307175526,3.0150676728317825,8.90845602791581,20.06378749125779,4.479261935995459,9.80425656397214,281.3840246249456
0,1234,MSE,190,410,18.705525887875716,8.010514959252419,4.634654848194603,6.0566655931029425,0.003690487325753084,1.0,1.0,1.0,11.042593744896731,3.323039834984939,6.023288833896109,9.895525025573464,3.1457153440153265,10.203344357245937,20.938118770470194,4.57581891801568,10.516285133964319,287.6317024999298
0,1234,MSE,195,420,16.47198883700709,6.517722949139744,4.0023527584778735,5.94890693634807,0.003006193041399335,1.0,1.0,1.0,11.01702310278408,3.3191901275437776,5.904691489462765,10.063899267524745,3.1723649329049053,10.129894460488426,21.080922370308823,4.591396559905148,10.353804425777152,293.843305959017
0,1234,MSE,200,430,13.368635466630613,5.301080578771533,2.322953059515221,5.739974994868784,0.00462683347507335,1.0,1.0,1.0,10.236691112059187,3.1994829444863724,5.947275092178023,9.436094725388074,3.0718227040941137,9.47378397588787,19.672785837447258,4.435401429120848,9.6273832659932,300.3178749169456
0,1234,MSE,205,440,10.625563663782696,4.120303510385531,1.295568602104857,5.188622264623498,0.02106928666881067,1.0,1.0,1.0,9.122740908041461,3.020387542690749,5.670117051417931,9.04741907911161,3.007892797144142,8.521715707466987,18.170159987153074,4.262647063404742,9.35711962921816,307.2635983339278
0,1234,MSE,210,450,9.096566901306613,3.960791583379017,1.235825513537184,3.8507034007812937,0.04924640360911731,1.0,1.0,1.0,7.367404234588517,2.7142962687570633,4.937180089340342,7.196486784923081,2.682626844144202,7.512304687138641,14.563891019511598,3.816266633702577,7.854124652244936,314.38794862502255
0,1234,MSE,215,460,7.812702593852088,3.357708682233893,0.8856305036557812,3.516242406713621,0.053121001248793064,1.0,1.0,1.0,6.203644787532478,2.4907117030143167,4.586200236302718,6.9530763383754195,2.6368686615710346,7.4661829245251825,13.156721125907898,3.627219475839296,7.752254382973721,320.49487674993
0,1234,MSE,220,470,6.417002268236057,2.9236950279600507,0.7905609420355127,2.701297591644294,0.0014487065961992583,1.0,1.0,1.0,4.710622581004119,2.1703968717734825,4.102310356765316,6.608683508893594,2.570735985840163,7.480525771140728,11.319306089897713,3.364417644986679,7.716358503782042,326.5879691669252
0,1234,MSE,225,480,5.399797720688866,2.1623691371315847,0.7723246639536424,2.4351460469440274,0.029957872659611636,1.0,1.0,1.0,4.220464906437735,2.0543770117575146,3.9352387526920953,6.0955969306073285,2.4689262707920885,6.868415965433805,10.316061837045062,3.2118626740639242,7.106692262769895,332.6201275419444
0,1234,MSE,230,490,4.630580551528417,1.9263648192043505,0.7907688095346377,1.9073005914925198,0.006146331296908253,1.0,1.0,1.0,3.5408991865703303,1.8817277131854997,3.6915687074161787,5.545503525429596,2.3548892809280004,6.522992118009336,9.086402711999925,3.014366054745164,6.721641310198021,338.8120905839605
0,1234,MSE,235,500,3.936060316748309,1.5318570277490602,0.6951720624518447,1.708932412438619,9.881410878508168e-05,1.0,1.0,1.0,3.17128594486053,1.780810474155105,3.424628404447092,5.155178968863669,2.270501920030826,6.192423109851164,8.3264649137242,2.8855614555445186,6.399192947388984,344.9050537919393
0,1234,MSE,240,510,3.3530372741768226,1.4722117453222456,0.5334715720217713,1.3445718231036872,0.0027821337291183586,1.0,1.0,1.0,2.6447403431989063,1.6262657664720446,3.165369622357441,4.67144765584158,2.1613532001599323,5.380605431502999,7.316187999040485,2.7048452819043987,5.535330504620582,351.13578216696624
0,1234,MSE,245,520,2.862245383028251,1.2289716972081874,0.45613785369009113,1.1589623638583977,0.01817346827157468,1.0,1.0,1.0,2.463761459305094,1.5696373655418292,3.165791795652154,4.399607470669996,2.0975241287456017,4.852035319209592,6.863368929975089,2.6198032235217763,5.072143952135207,357.2060544169508
0,1234,MSE,250,530,2.500198302738131,1.0126276573645567,0.4453392485393482,1.0249437218893587,0.01728767494486761,1.0,1.0,1.0,2.2693916547578876,1.5064500173447135,3.1441952774160415,4.302192938265302,2.07417283230335,4.8605412988675925,6.571584593023189,2.5635102092683755,5.102021233580625,363.4251195839606
0,1234,MSE,255,540,2.1415077846781476,0.890380181532715,0.37676395606141394,0.8742754861127384,8.816097128004966e-05,1.0,1.0,1.0,2.0688850739687084,1.4383619412264455,3.0656566666173917,4.145092949690397,2.035950134382077,4.94636999644178,6.213978023659106,2.492785194046833,5.042541970058176,369.4793127919547
0,1234,MSE,260,550,1.898138513015928,0.73425049365731,0.3413588847193057,0.8222817970780743,0.00024733756123821376,1.0,1.0,1.0,2.0630413009678765,1.4363291060783654,3.102691493418695,4.121909409199296,2.030248607732387,4.913641979265382,6.184950710167173,2.4869561134381066,5.185419743375961,375.5556535839569
0,1234,MSE,265,560,1.731240673142521,0.6323016582755104,0.3354490687589899,0.7600402296410301,0.003449716466990489,1.0,1.0,1.0,1.9603427235108426,1.400122395903602,3.020544136342106,4.0309364435174055,2.007719214311953,4.947214395665398,5.991279167028249,2.4477089628933113,5.081412177341654,381.71633149997797
0,1234,MSE,270,570,1.5496932208309502,0.5541553324816818,0.2817687481808272,0.7110739717449911,0.0026951684234501573,1.0,1.0,1.0,1.8746410316388895,1.3691753107761218,2.9307896800881545,3.926808645000107,1.98161768386339,4.981969079310108,5.801449676638996,2.408619869684504,5.064023775765213,387.79779795894865
0,1234,MSE,275,580,1.3513134048500366,0.4758070739236602,0.2331274074327122,0.6375885972129123,0.004790326280751818,1.0,1.0,1.0,1.7074808335928897,1.3067061006947545,2.7914823388294923,3.85778899668829,1.9641255043118528,4.9795951165212315,5.56526983028118,2.3590824127785743,5.041271221331036,393.819756916957
0,1234,MSE,280,590,1.2373669186377803,0.4202652057192026,0.21435015435239171,0.600729050147399,0.002022508418786873,1.0,1.0,1.0,1.602700764577129,1.2659781848741032,2.69138015360321,3.7936116709336107,1.9477196078834373,4.892165911304464,5.39631243551074,2.322996434674565,4.9566876019314385,399.8600078340387
0,1234,MSE,285,600,1.1559846163904495,0.39612678730780104,0.19222757341018298,0.567630013771704,2.4190076158174506e-07,1.0,1.0,1.0,1.4906223976795514,1.2209104789785168,2.5820947854486573,3.7113860917781345,1.9264958063224884,4.855398502683812,5.202008489457686,2.2807911981278965,4.9658589257599814,406.0851337920176
0,1234,MSE,290,610,1.0345137095680736,0.366931312379654,0.18823357895476486,0.47821072267660064,0.001138095557054102,1.0,1.0,1.0,1.30708812157695,1.1432795465575993,2.416323655110227,3.466302219985046,1.8618008002965962,4.742106139934499,4.773390341561996,2.184808994297212,4.848592175772645,412.3478579589864
0,1234,MSE,295,620,0.9312495031810043,0.32921183834528567,0.16345622539310753,0.43849830351693375,8.313592567732194e-05,1.0,1.0,1.0,1.1516594109313438,1.0731539549064448,2.231113618004328,3.2700848566090595,1.8083375947563163,4.736331470459782,4.421744267540403,2.1027943949755055,4.815069070258395,418.3609177089529
0,1234,MSE,300,630,0.8384795871100716,0.32169068065147166,0.14582256975378607,0.3688970526755284,0.0020692840292855417,1.0,1.0,1.0,0.9963844681803106,0.9981905971207656,2.0732163130168035,3.002504106138778,1.7327735299625215,4.634844208207104,3.9988885743190887,1.9997221242760428,4.704623268348822,424.44818887498695
0,1234,MSE,305,640,0.7575521775455248,0.3176282471301999,0.13302571103748223,0.3062090416811918,0.0006891776966510487,1.0,1.0,1.0,0.8578175392240427,0.926184398067708,1.9326187146622114,2.7556996005920382,1.660029999907242,4.537679133234243,3.6135171398160812,1.9009253377805455,4.593296050955418,430.4933706249576
0,1234,MSE,310,650,0.7109236829526042,0.30809331792227634,0.13311343383638413,0.26840627162405645,0.0013106595698872837,1.0,1.0,1.0,0.7509257170719479,0.8665597019663145,1.7603625922580823,2.472429000646044,1.5723959427084655,4.382845924280254,3.223354717717992,1.7953703567002526,4.437453286903843,436.6930765840225
0,1234,MSE,315,660,0.6431111131360557,0.26192246510289247,0.12724839575103117,0.25392702961090535,1.322267122673897e-05,1.0,1.0,1.0,0.7120949555639885,0.8438571890811789,1.7217654482046907,2.383578222842542,1.5438841351741854,4.300113024808206,3.0956731784065306,1.7594525223507824,4.350278993538292,443.19121487496886
0,1234,MSE,320,670,0.5912278969994517,0.25793930076773813,0.10465822890166773,0.22861521217556643,1.5155154479390075e-05,1.0,1.0,1.0,0.6305714957495394,0.7940853201952164,1.629182012232433,2.1985362199356526,1.4827461751546192,4.151713966661347,2.829107715685192,1.6819951592335787,4.193559936534108,449.8774150839308
0,1234,MSE,325,680,0.5471986774204729,0.24201993314506226,0.09773526252300326,0.2073588832334411,8.459851896638421e-05,1.0,1.0,1.0,0.5849021430742747,0.764788953289909,1.5674409880508289,2.1078360392340256,1.4518388475426691,4.061306164671,2.6927381823083,1.6409564839776525,4.101507341400819,455.97185562492814
0,1234,MSE,330,690,0.5059603163503853,0.23759726670823306,0.0832072493864422,0.18514958393994405,6.21631576599009e-06,1.0,1.0,1.0,0.4991313744786256,0.7064923031984323,1.4240632341907422,1.894245807579511,1.3763160275094928,3.880218225774616,2.3933771820581367,1.547054356529898,3.9163748495642503,462.4718958339654
0,1234,MSE,335,700,0.46553833886821083,0.23245952719785748,0.07222966605522256,0.16083934009467274,9.80552045801732e-06,1.0,1.0,1.0,0.4412451985717429,0.6642628986867646,1.356728584088786,1.744267561150635,1.320707220072123,3.7466827958579048,2.1855127597223776,1.4783479832983768,3.780957135108825,469.2898537500296
0,1234,MSE,339,710,0.4317932196041152,0.23212885136844222,0.06267528481913236,0.13659109999428426,0.0003979834222563732,1.0,1.0,1.0,0.38016441812251645,0.6165747465818856,1.254004162935371,1.5531065812234435,1.246236968326427,3.58081752138769,1.93327099934596,1.3904211589823998,3.613299275560667,477.6331771670375
0,1234,MSE,344,720,0.39503362807306697,0.20972010410055458,0.058263664321790296,0.127040470851637,9.388799085059926e-06,1.0,1.0,1.0,0.35194556711981884,0.5932500038936526,1.198219190168763,1.4621159470064857,1.2091798654486792,3.4698940665657485,1.8140615141263043,1.3468710087184683,3.4987554300188015,485.1474046249641
0,1234,MSE,349,730,0.3644485657130293,0.20101520246711704,0.052199279707492566,0.11092189319940354,0.00031219033901615017,1.0,1.0,1.0,0.30276531144522334,0.5502411393609381,1.1236358890951545,1.3416492763781023,1.158295850108297,3.283829933066183,1.6444145878233256,1.2823472961032536,3.311490999270033,492.5453658750048
0,1234,MSE,354,740,0.33886285542519046,0.18422370010963451,0.0515490070096377,0.10280195180788354,0.0002881964980346934,1.0,1.0,1.0,0.27671590567907745,0.5260379317873165,1.0707278998246061,1.2618399704612293,1.1233165050248435,3.1791103416867275,1.5385558761403069,1.2403853740432071,3.2089758207535524,503.2068554169964
0,1234,MSE,359,750,0.31183286370600066,0.16818778410265817,0.05151066821342166,0.09202221870783549,0.00011219268208533918,1.0,1.0,1.0,0.24853355687900633,0.4985314000933204,1.0189233076613908,1.1582829996273316,1.0762355688358063,3.0860494994000884,1.406816556506338,1.1860929797053594,3.112840763928246,514.140514708939
0,1234,MSE,364,760,0.29086669868722115,0.16873909119684127,0.043386157663871334,0.07829579970825548,0.0004456501182530355,1.0,1.0,1.0,0.2094902706154744,0.45770107124134457,0.9238346951229834,0.9952521114105933,0.9976232311903093,2.897074166716876,1.2047423820260676,1.0976075719609752,2.9234508415781773,520.8302513749804
0,1234,MSE,369,770,0.2702425315757016,0.1647231928574631,0.04150676268004133,0.06371504311970559,0.0002975329184916264,1.0,1.0,1.0,0.17904963736579035,0.4231425733317204,0.8599276161986397,0.895514637064226,0.9463163514725009,2.7788476170858862,1.0745642744300163,1.0366119208411682,2.8036747116574467,528.565986874979
0,1234,MSE,374,780,0.24475552776418072,0.15092062173598594,0.03574717336451879,0.05782936242191597,0.000258370241760003,1.0,1.0,1.0,0.1641556871889981,0.4051613100840184,0.824393377374104,0.8287754258336306,0.9103710374532082,2.7183501167413535,0.9929311130226288,0.9964592881912582,2.7402954556938006,536.9006966670277
0,1234,MSE,379,790,0.2285665541414267,0.1363868241181466,0.0370503152471328,0.05512783369016005,1.5810859872596513e-06,1.0,1.0,1.0,0.16234758783154307,0.4029237990384076,0.8184960156137436,0.8070671019073963,0.8983691345473732,2.6912635323497445,0.9694146897389394,0.9845885890761377,2.714631128603653,545.2183487089351
0,1234,MSE,384,800,0.20858443255096906,0.12936832869149828,0.0319557086084632,0.04713367892277316,0.00012671632823445068,1.0,1.0,1.0,0.13880630885473996,0.37256718703441927,0.7688776680910848,0.6927260787473468,0.832301675324126,2.5165471203138123,0.8315323876020866,0.9118839770508563,2.5375805416127757,551.6163264999632
0,1234,MSE,388,810,0.19708296825693075,0.12212787546438679,0.03055624924942597,0.04422464675514694,0.0001741967879710731,1.0,1.0,1.0,0.12463593252176249,0.353038145986751,0.7205459398593429,0.6218967797469033,0.7886043239463649,2.4172091698605414,0.7465327122686658,0.8640212452646439,2.4362274890864875,557.8380704999436
0,1234,MSE,393,820,0.18279241235380358,0.11122131889183177,0.03192752407653002,0.0395609615623073,8.260782313450624e-05,1.0,1.0,1.0,0.10515862647332605,0.3242817085087071,0.6561028074360205,0.52781812871397,0.7265109281449041,2.213911772974567,0.6329767551872961,0.7955983629868126,2.2308733753642223,563.9136786250165
0,1234,MSE,398,830,0.1697332550639498,0.10699811864386159,0.029459623445418675,0.033244821586877416,3.0691387792101804e-05,1.0,1.0,1.0,0.08759653902580912,0.29596712490715776,0.5923788103304006,0.45111639808740356,0.6716519917988806,2.06022893510896,0.5387129371132126,0.7339706650222558,2.0754129433017803,570.0003736669896
0,1234,MSE,403,840,0.1591944399350517,0.10060427473335479,0.029189146648870807,0.029379663307815905,2.1355245010178658e-05,1.0,1.0,1.0,0.07750465667856428,0.27839658165746983,0.5581680615233088,0.4133187675368198,0.6428987226125277,1.9494010234276682,0.49082342421538405,0.7005879132666963,1.962716365938972,576.1540779169882
0,1234,MSE,408,850,0.15262623937713873,0.09693786414940174,0.028009101306382428,0.0276171766840458,6.209723730876774e-05,1.0,1.0,1.0,0.07138783509570555,0.2671850203430304,0.5385853401534528,0.3819321271459526,0.6180065753258234,1.8838411078499613,0.45331996224165816,0.6732903996357428,1.8957545865591388,582.3353808339452
0,1234,MSE,413,860,0.14295134059898537,0.09097997535334817,0.026569189264441555,0.02539867498924456,3.5009919510617277e-06,1.0,1.0,1.0,0.06742162902308606,0.2596567523156023,0.5265946832777989,0.36409109128119294,0.6033996116017916,1.8411398900108356,0.43151272030427895,0.656896278193353,1.8506845627921518,588.43149954197
0,1234,MSE,418,870,0.13516966028099173,0.08620513286534585,0.025537977150476236,0.023350610233141868,7.594003202776688e-05,1.0,1.0,1.0,0.06334770870979535,0.25168970719875566,0.5141262116600213,0.34502298123713265,0.5873865688259586,1.805190911633139,0.40837068994692793,0.6390388798398169,1.8129994911781608,594.8610305419425
0,1234,MSE,423,880,0.12858748103231835,0.08212641455937973,0.025282141136097648,0.021165544131264185,1.3381205576776432e-05,1.0,1.0,1.0,0.05823660737819271,0.24132262094174411,0.4930941020730647,0.3224811281164433,0.5678742185699606,1.7507261787064572,0.38071773549463606,0.6170232860230123,1.7585881713777651,601.0676029589958
0,1234,MSE,428,890,0.12288201565467236,0.07910429877264212,0.024481141978795078,0.019185679317112306,0.00011089558612285584,1.0,1.0,1.0,0.05314674356457106,0.23053577502108227,0.4774747240042296,0.2954824570820396,0.5435829808612845,1.6548327832747267,0.3486292006466106,0.5904483048045871,1.6622749421772762,607.2628072089283
0,1234,MSE,433,900,0.11765441022490382,0.07475504604834576,0.024903253696947496,0.017994286465480888,1.824014129666097e-06,1.0,1.0,1.0,0.04969642763886138,0.2229269558372459,0.47197222722640436,0.27314078872703856,0.5226287293356906,1.5974407965467528,0.3228372163658999,0.5681876594628749,1.603753056752737,613.4067323750351
0,1234,MSE,438,910,0.11126754326421577,0.07134816145737836,0.024071828198899376,0.01582214695010216,2.5406657835876775e-05,1.0,1.0,1.0,0.044905176174470395,0.21190841459099824,0.4597871012375981,0.2487838557186658,0.4987823731034065,1.543096878817216,0.2936890318931362,0.5419308368169653,1.5483101855924775,619.6274031249341
0,1234,MSE,443,920,0.10716248130410705,0.06813957326601718,0.023605179513041964,0.015416905419679218,8.231053686987132e-07,1.0,1.0,1.0,0.04419977751252575,0.21023743128312272,0.4604615725807543,0.24302298323951815,0.4929736131270295,1.5277303031611402,0.2872227607520439,0.5359316754513059,1.5331219988513296,625.6673882920295
0,1234,MSE,448,930,0.10306816033524958,0.06528716486597656,0.02364058833186864,0.014119108482019528,2.1298655384846015e-05,1.0,1.0,1.0,0.04036671174749622,0.20091468773461094,0.4490847765822295,0.22370820594114188,0.47297801845449633,1.4596838510845926,0.26407491768863806,0.5138822021520477,1.4643350560135122,631.8594655839261
0,1234,MSE,453,940,0.09548864597067262,0.061504828636557186,0.021807006056663164,0.012117812860175386,5.8998417276892205e-05,1.0,1.0,1.0,0.03584944357887026,0.18933949291912203,0.4376124464847075,0.19188075016464382,0.4380419502338147,1.3550432591746149,0.22773019374351405,0.4772108483087052,1.3597916245244817,638.0391243749764
0,1234,MSE,458,950,0.09123015724843724,0.059099421604495925,0.020465833215361454,0.011659954143664714,4.9482849151425736e-06,1.0,1.0,1.0,0.03409567107742221,0.18465013153914137,0.42829316820341606,0.1791312804188878,0.4232390346115157,1.303237765408282,0.21322695149630994,0.46176503927464013,1.3081549920092177,644.1304827920394
0,1234,MSE,463,960,0.0885535349168361,0.05770942803103504,0.01933735897885395,0.01149570829830437,1.1039608642719583e-05,1.0,1.0,1.0,0.03354650221317811,0.1831570424886199,0.4266858710362399,0.17657087374728317,0.4202033718894735,1.301600748290642,0.2101173759604613,0.4583856192775481,1.3064289978529418,650.3717367090285
0,1234,MSE,468,970,0.08313053459200377,0.05511031497650782,0.01713138678799334,0.010864663743409435,2.4169084093180046e-05,1.0,1.0,1.0,0.029716427565850276,0.17238453401001574,0.40589320553021113,0.15916646166619747,0.39895671653225423,1.219583064768673,0.18888288923204774,0.43460659133525315,1.2233297656796318,656.5768122919835
0,1234,MSE,472,980,0.07739327538874692,0.048449438498548304,0.01785719724620723,0.011080810315748008,5.829328243371058e-06,1.0,1.0,1.0,0.02536938685443172,0.1592777035696827,0.37959008810737543,0.1327191233698908,0.36430635922241433,1.1316129047623154,0.15808851022432252,0.39760345851655077,1.1351241102965037,662.7632395839319
0,1234,MSE,477,990,0.0743302086649736,0.04650730790837073,0.01683635136408005,0.010960224539454819,2.632485306799755e-05,1.0,1.0,1.0,0.02337024395265572,0.15287329378493722,0.36018474166038966,0.12122454995320023,0.3481731608742986,1.088467878430775,0.14459479390585597,0.3802562213900727,1.0908064188033415,669.767691166955
0,1234,MSE,482,1000,0.0726153046933157,0.04541392112090612,0.016481630457003148,0.010717548176807314,2.2049385991262674e-06,1.0,1.0,1.0,0.021863323301557335,0.14786251486281887,0.3513858421531036,0.11440604831879715,0.3382396315022785,1.0519575823120686,0.1362693716203545,0.3691468158068745,1.0538247126512763,677.9329663339304
0,1234,MSE,531,1100,0.057185676013914215,0.038198120540322456,0.013204951666158872,0.005780492578904403,2.1112285284884186e-06,1.0,1.0,1.0,0.01680227250423374,0.12962358004712624,0.2825349150318603,0.10268596361855165,0.3204465066412047,0.9454306620966377,0.1194882361227854,0.3456707047506129,0.9468005391387907,749.3095260000555
0,1234,MSE,580,1200,0.043133301114814865,0.027840488716729603,0.01016586984433894,0.0051173258466430315,9.616707103289804e-06,1.0,1.0,1.0,0.013430417360877763,0.11588967754238409,0.21910835447996757,0.08207431229023476,0.2864861467684516,0.8443919283427173,0.09550472965111254,0.30903839510829806,0.8461790241455723,811.1604479169473
0,1234,MSE,627,1300,0.030688778121774354,0.018411764957939197,0.007318362198129396,0.0049527438587696005,5.907106936160708e-06,1.0,1.0,1.0,0.009648074914666205,0.09822461460686016,0.19618416187072366,0.04831992264056773,0.21981793066209984,0.6798425073839403,0.05796799755523394,0.2407654409487249,0.6807866255830705,872.6619260420557
0,1234,MSE,675,1400,0.023545782560288275,0.013630963550770958,0.005612670560826013,0.004300846516698779,1.3019319925284511e-06,1.0,1.0,1.0,0.006562660785461478,0.08101025111343303,0.1495943649289758,0.029374158110762796,0.17138890894909972,0.5415835805568346,0.03593681889622427,0.18957008966665673,0.5427501108418722,939.1257174999919
0,1234,MSE,724,1500,0.01886067359214768,0.011044451291218352,0.004381882579910073,0.0034225543350523617,1.1785385966895061e-05,1.0,1.0,1.0,0.004212060404634732,0.06490038832422139,0.12396901710402722,0.017342496875891743,0.13169091417365036,0.3961730358105738,0.021554557280526472,0.14681470389755405,0.3969542251349472,999.4869076249888
0,1234,MSE,774,1600,0.014333486920298627,0.00854981189907309,0.0032855418890970385,0.0024832574010543035,1.4875731074194757e-05,1.0,1.0,1.0,0.0031367726938441517,0.056006898627259764,0.11443368281458594,0.01448949813983612,0.12037233128853209,0.3591797073859971,0.01762627083368027,0.13276396662378037,0.3593166813067771,1062.5172164170071
0,1234,MSE,823,1700,0.011569038655348739,0.006382069391145683,0.0030328606632674033,0.0021529732020469676,1.1353988886836493e-06,1.0,1.0,1.0,0.002365478180714097,0.04863618180649153,0.09475561425407641,0.010462102637362376,0.10228442030613644,0.2776231008884209,0.012827580818076471,0.11325891054604256,0.2777429576900976,1125.603680041968
0,1234,MSE,872,1800,0.00948941664325412,0.005484182012445956,0.002152799927111824,0.001850814043444105,1.6206602522348723e-06,1.0,1.0,1.0,0.0017197204021840934,0.041469511718660174,0.09094084706730894,0.007402496719963616,0.08603776333659317,0.19919686128013323,0.009122217122147709,0.09551029851355146,0.19933456307569392,1192.1464875419624
0,1234,MSE,921,1900,0.007140754906824307,0.004129375017563618,0.0017077670415690535,0.001301248962384971,2.3638853066638843e-06,1.0,1.0,1.0,0.0011878395117173152,0.03446504768192429,0.07886300022243822,0.005504974930338429,0.07419551826315676,0.20293210159282982,0.006692814442055746,0.08180962316290026,0.20301952640421123,1252.7722977920203
0,1234,MSE,970,2000,0.005823636748703795,0.0032737337551628116,0.001281429213843692,0.0012684737764303057,3.2669863400900256e-12,1.0,1.0,1.0,0.0011186318514261652,0.0334459541862116,0.0812064936392306,0.004215943606252942,0.06493029806071232,0.18991453038864642,0.0053345754576791075,0.07303817808296637,0.19007492598766548,1313.1839269590564
0,1234,MSE,1018,2100,0.004965345183899044,0.002819820619848877,0.0011616214644579277,0.0009817366915638452,2.1664080283942053e-06,1.0,1.0,1.0,0.0009787873918218443,0.03128557801642547,0.07651844940950986,0.0036006139718794596,0.060005116214198434,0.1747026417893347,0.004579401363701305,0.06767127428755354,0.17603021789274412,1379.758265750017
0,1234,MSE,1067,2200,0.004132509209502074,0.0024812999595989907,0.0009492662698173726,0.0007009240792988197,1.0189007868905573e-06,1.0,1.0,1.0,0.0008004714236683842,0.02829260369192599,0.06768648796928607,0.0027373975023007474,0.052320144326069545,0.15322842912508894,0.0035378689259691317,0.05947998760901965,0.15419318096799065,1438.864954959019
0,1234,MSE,1115,2300,0.0035458884404496287,0.0021815177022191214,0.0007880523316885836,0.0005760691153424008,2.4929119952281927e-07,1.0,1.0,1.0,0.0007152111470472505,0.02674343184872223,0.05627858911841439,0.0023577941646327413,0.048557122697218597,0.13859536494948493,0.003073005311679992,0.05543469411550849,0.13966820777945582,1502.4633125839755
0,1234,MSE,1163,2400,0.0030281873272281065,0.0017878587013091334,0.0007111732552719835,0.0005291177989987483,3.757164824119004e-08,1.0,1.0,1.0,0.0006198159074447946,0.02489610225406368,0.05069030975151823,0.0022159896344297724,0.047074299085910695,0.1388249278358626,0.002835805541874566,0.053252282034430845,0.1395977356559583,1561.3782480000518
0,1234,MSE,1212,2500,0.002730717036015178,0.0016754775537919802,0.000598404839930757,0.0004567490775275287,8.55647649118361e-08,1.0,1.0,1.0,0.000520121385857395,0.02280616990766742,0.04843269600202053,0.0017460566797292355,0.04178584305394873,0.12777167304741294,0.00226617806558663,0.04760439124268506,0.1282964706913607,1624.6675706249662
0,1234,MSE,1260,2600,0.0025022094004538797,0.0015820053266683881,0.0004976095585095002,0.00042245271536097464,1.4179991501654798e-07,1.0,1.0,1.0,0.0004607195059655348,0.02146437760489539,0.04946699776436825,0.001507345688708239,0.03882455007734461,0.1190146707073439,0.0019680651946737734,0.04436288082027331,0.11966695713713675,1684.1378224589862
0,1234,MSE,1309,2700,0.002263007242680303,0.0014839937213563092,0.00043613765322424684,0.0003428600582270283,1.5809872718757417e-08,1.0,1.0,1.0,0.00038742436647473086,0.01968309849781611,0.04364610309945598,0.001394983778066549,0.037349481630493196,0.11081119388096689,0.0017824081445412796,0.042218575823223595,0.11156446533669293,1743.1921027089702
0,1234,MSE,1358,2800,0.0020489097104761183,0.0013793099917012157,0.0004070799955473632,0.00026230735662813033,2.1236659940925213e-07,1.0,1.0,1.0,0.00031625518152363904,0.017783564927304058,0.04144295438089634,0.0011953801268426048,0.034574269722477215,0.09641153426535493,0.0015116353083662437,0.038879754479243356,0.09684852948912241,1804.9588097919477
0,1234,MSE,1406,2900,0.0018680181799671373,0.0012700853746889452,0.000383498335890653,0.00021442283728440116,1.1632103137659567e-08,1.0,1.0,1.0,0.00026195844706697986,0.016185130430953588,0.03541967495142186,0.000982335198629529,0.031342227084709996,0.0857497839519743,0.0012442936456965091,0.03527454671142507,0.08687198074283105,1863.5832025420386
0,1234,MSE,1455,3000,0.0017166940044607065,0.0012022955411456963,0.00032670175013652396,0.0001876470845816652,4.962859682087332e-08,1.0,1.0,1.0,0.0002046514103784195,0.014305642606273216,0.037482487765732334,0.0008744372004187333,0.029570884336095418,0.08096978961260648,0.0010790886107971528,0.032849484178555266,0.08193195086594672,1925.5413380420068
0,1234,MSE,1503,3100,0.0015550721838917365,0.0010853170109415974,0.0003045428486875388,0.0001651040971298183,1.0822713278187341e-07,1.0,1.0,1.0,0.00017157442635113167,0.013098642156770741,0.03838954002924606,0.000764171453234822,0.027643651228352994,0.07421118300195458,0.0009357458795859536,0.0305899637068427,0.07482449045202726,1983.3011242500506
0,1234,MSE,1552,3200,0.001395762486229032,0.0009539719944829021,0.0002881251519768662,0.00015360331444473591,6.202532452782894e-08,1.0,1.0,1.0,0.00015387464549351104,0.012404621940773167,0.03821015097270913,0.0006243859267774878,0.02498771551737949,0.0795850865201988,0.000778260572270999,0.027897321955180552,0.08001940438405644,2042.4846498749685
0,1234,MSE,1601,3300,0.0012655893652780668,0.0008741056571875857,0.000264747628107428,0.00012654427130153793,1.9180868151512513e-07,1.0,1.0,1.0,0.0001584443100765371,0.012587466388298206,0.0331128390440478,0.0007305540978027681,0.02702876426703167,0.08906014198276169,0.0008889984078793052,0.029816076332732065,0.08947454742044293,2103.5152678750455
0,1234,MSE,1648,3400,0.0011553941186498798,0.0007781926777621506,0.00025443798629494794,0.00012275344263379002,1.0011958991236737e-08,1.0,1.0,1.0,0.00018212580954842986,0.01349539956979525,0.03162841230776343,0.0008822493227963596,0.02970268208085525,0.0968278308269081,0.0010643751323447894,0.0326247625638071,0.09714759377661994,2162.5061584999785
0,1234,MSE,1697,3500,0.0010802936522745616,0.0007251933142712376,0.0002354309692933621,0.00011950563868339847,1.6373002656353357e-07,1.0,1.0,1.0,0.00019459704695058653,0.013949804548831017,0.027930462194150935,0.0010042871130440394,0.03169048931531414,0.09953157950480845,0.0011988841599946262,0.03462490664239582,0.0998419005264658,2225.8290704169776
0,1234,MSE,1746,3600,0.0009975477868948664,0.0006843119128029362,0.00021644976090602933,9.652494169083509e-05,2.611714950658146e-07,1.0,1.0,1.0,0.00016151925783791657,0.01270902269405152,0.02792096595272883,0.0008131882133228809,0.028516455132482386,0.08763044758361221,0.0009747074711607976,0.03122030543029324,0.08798410897910894,2284.1047431670595
0,1234,MSE,1796,3700,0.0009239785698460657,0.0006251003679791224,0.00021758020429833708,8.101878011548284e-05,2.7921745312342864e-07,1.0,1.0,1.0,0.0001234670159174589,0.011111571262312946,0.02428401308963591,0.0006022790255426671,0.024541373750111607,0.07614875910421254,0.000725746041460126,0.026939674115700175,0.07659498351884313,2345.3704989999533
0,1234,MSE,1843,3800,0.0008853097782974553,0.0006017075846348357,0.00020776249643029412,7.583262399038932e-05,7.073241936193352e-09,1.0,1.0,1.0,0.00011114206642422666,0.010542393771066734,0.02242106169890727,0.0005556286423782426,0.02357177639420166,0.07439992888789165,0.0006667707088024693,0.025821903663410823,0.07474375803745077,2403.7178635840537
0,1234,MSE,1891,3900,0.0008324918217654158,0.0005663397313078993,0.00019060386808474983,7.523160922947726e-05,3.1661314328942766e-07,1.0,1.0,1.0,9.726047359216275e-05,0.00986207247956345,0.020379931420032193,0.0004801193170210652,0.021911625157004334,0.06712603443865794,0.0005773797906132279,0.024028728443536665,0.06754990125832017,2462.787324917037
0,1234,MSE,1938,4000,0.0007558067747088226,0.0005065433776189616,0.0001748610573700252,7.43591810156046e-05,4.315870423122854e-08,1.0,1.0,1.0,9.70944693441095e-05,0.009853652588969712,0.02380460431467207,0.0004977914000188018,0.022311239320548775,0.05999330983450735,0.0005948858693629114,0.02439028227312901,0.06046616567517763,2524.733844542061
0,1234,MSE,1987,4100,0.000699573616539322,0.00046528485705992824,0.0001610960277125032,7.312337610066129e-05,6.93556662292526e-08,1.0,1.0,1.0,8.42935070305923e-05,0.0091811495484276,0.028187259039897147,0.0004907279961920689,0.022152381275882486,0.06047903790034642,0.0005750215032226611,0.023979605985559087,0.060758895106985865,2583.573816042044
0,1234,MSE,2036,4200,0.0006538203823024311,0.0004203848892147852,0.00015981637997872203,7.339064037527321e-05,2.2847273365062895e-07,1.0,1.0,1.0,7.18748922502967e-05,0.008477906124173392,0.0295454824042068,0.0004162711484222577,0.02040272404416277,0.058643665958669156,0.0004881460406725544,0.022094027262419914,0.05883955469648947,2645.4286460420117
0,1234,MSE,2086,4300,0.0006047962186711172,0.0003889339565999374,0.0001527757105262272,6.300505578681653e-05,8.149575813609739e-08,1.0,1.0,1.0,4.68081171199666e-05,0.006841645790302696,0.029203291213087106,0.0002633602286671458,0.01622837726536901,0.05066944784853522,0.0003101683457871124,0.01761159691189622,0.050773209061808454,2704.1617976670386
0,1234,MSE,2135,4400,0.000565247444612077,0.0003597086278719183,0.0001455802664532634,5.99508254707361e-05,7.724816159360743e-09,1.0,1.0,1.0,3.288519947641845e-05,0.005734561838224299,0.03108465354330977,0.0001778253288284043,0.01333511637850995,0.045977453480886166,0.0002107105283048228,0.014515871599901357,0.04606570089713196,2766.5127086250577
0,1234,MSE,2183,4500,0.0005392917036667918,0.0003406659478282993,0.00013747037963826215,6.112640602339796e-05,2.8970176832473868e-08,1.0,1.0,1.0,3.2718028658744364e-05,0.005719967540007929,0.031102562440533225,0.0001555707733189632,0.012472801342078819,0.044502939054664126,0.00018828880197770755,0.013721836683830178,0.044659279521987116,2824.8623407089617
0,1234,MSE,2231,4600,0.0005139603579874972,0.00032898911563445456,0.00012775574652806765,5.71951451294965e-05,2.0350695478478427e-08,1.0,1.0,1.0,3.124719420224957e-05,0.005589918979936075,0.02856569430847843,0.00013497080994011085,0.011617693830537576,0.040900217107192716,0.00016621800414236043,0.012892556152383453,0.04104142036484784,2883.2446110419696
0,1234,MSE,2281,4700,0.0004883365461793423,0.00031959734411509186,0.0001170675407599772,5.166543776633098e-05,6.223537942229671e-09,1.0,1.0,1.0,3.009832433210956e-05,0.005486193975071384,0.027585321381208512,0.00012115022920990934,0.011006826482229533,0.03829463099544461,0.0001512485535420189,0.012298315069228748,0.03850077347594995,2945.8758450000314
0,1234,MSE,2329,4800,0.0004658528388050628,0.0003058866412137885,0.00011107244592250072,4.887576791406164e-05,1.798375471189747e-08,1.0,1.0,1.0,3.1415301337776126e-05,0.005604935444568129,0.026009048864167134,0.00012391868207151197,0.011131876844068658,0.03768528654091008,0.0001553339834092881,0.012463305476850357,0.03789900451347434,3005.728016500012
0,1234,MSE,2379,4900,0.0004373324984979544,0.0002970995372993077,9.568553152548289e-05,4.4522915966219564e-05,2.451370694429788e-08,1.0,1.0,1.0,3.010982405835748e-05,0.005487241935467898,0.022541530576976245,0.00011574087257587135,0.010758293199939819,0.03709030501002558,0.00014585069663422884,0.012076866176050343,0.03738555149303785,3070.252268249984
0,1234,MSE,2427,5000,0.0004104483302972384,0.00027968617351035085,8.655694034057196e-05,4.420457582088295e-05,6.406254326314594e-10,1.0,1.0,1.0,2.9311029091257036e-05,0.005413966114712673,0.020369102007936127,0.00010754274727694643,0.010370281928517971,0.03571166026676831,0.0001368537763682035,0.011698451879125011,0.0360302755033687,3129.3986711669713
0,1234,MSE,2475,5100,0.00038705312764552126,0.0002594390879200674,8.572338044780655e-05,4.186123136702446e-05,2.942791062280697e-08,1.0,1.0,1.0,2.3272054033430728e-05,0.004824111735172676,0.019608129622642318,9.056399014857368e-05,0.009516511448454926,0.034272309160487624,0.00011383604418200441,0.010669397554782764,0.03455654415120958,3191.385626125033
0,1234,MSE,2522,5200,0.0003704483818067023,0.0002518954163292948,7.93749085264494e-05,3.916748376481598e-05,1.0573186142165545e-08,1.0,1.0,1.0,2.0640108215136527e-05,0.004543138586388987,0.01884306058756067,7.429112420696004e-05,0.008619229907999904,0.0304624305129767,9.493123242209656e-05,0.009743266003866288,0.030711993713258962,3251.3128991250414
0,1234,MSE,2570,5300,0.0003566883241003892,0.00024562006440853633,7.446166317542121e-05,3.6551856845831764e-05,5.4739670599854254e-08,1.0,1.0,1.0,1.7046674867310712e-05,0.004128761904894821,0.020105599077737242,6.71874729581021e-05,0.008196796505837028,0.02919271820112379,8.423414782541282e-05,0.009177916311745974,0.029350111111385403,3310.6577847090084
0,1234,MSE,2619,5400,0.00034335789387405737,0.00023611654274969946,7.214262608311607e-05,3.5011716345116736e-05,8.700869612512071e-08,1.0,1.0,1.0,1.5732321686649762e-05,0.0039663990831294025,0.02076776413464115,5.907455332323347e-05,0.007685997223733135,0.02680827144588882,7.480687500988324e-05,0.008649096774223493,0.026924997728255854,3373.565110250027
0,1234,MSE,2667,5500,0.0003297568059706328,0.0002285004813576873,6.77035887698552e-05,3.355068873102293e-05,2.0471120673790694e-09,1.0,1.0,1.0,1.5790481866552515e-05,0.003973723929332851,0.02030882400396146,5.8886746820447076e-05,0.007673770052617363,0.027136370916760244,7.467722868699958e-05,0.008641598734435636,0.02727100171373927,3432.4720012920443
0,1234,MSE,2715,5600,0.00031831094710809213,0.00022074535983486153,6.412547651351162e-05,3.3439411297334884e-05,6.99462384123819e-10,1.0,1.0,1.0,1.6364317307146044e-05,0.004045283340774295,0.02171294940413306,7.233209238690848e-05,0.008504827593014951,0.030699356000664424,8.869640969405453e-05,0.009417877133093982,0.03078082667519902,3494.78383304202
0,1234,MSE,2762,5700,0.0003106071898520568,0.0002174288691028406,6.200538853879036e-05,3.117292691858869e-05,5.2918370974340326e-12,1.0,1.0,1.0,1.6709899157892526e-05,0.004087774352614455,0.021332517853879386,7.258664253336972e-05,0.00851977948854134,0.030614376417503697,8.929654169126225e-05,0.009449684740310771,0.030699521840680536,3553.069829083979
0,1234,MSE,2812,5800,0.0003005545103604307,0.0002115843918343955,5.788871440794153e-05,3.108077819725372e-05,6.259208399417325e-10,1.0,1.0,1.0,1.8061663769893496e-05,0.004249901618848782,0.021821543531880438,7.282386107512791e-05,0.008533689769093314,0.02977339888734898,9.088552484502141e-05,0.009533389997530858,0.02985727258890262,3612.436416083947
0,1234,MSE,2860,5900,0.0002906081721984133,0.00020546073193690985,5.452286517477252e-05,3.061537512942756e-05,9.19995730334098e-09,1.0,1.0,1.0,1.8039193870790764e-05,0.004247257217404046,0.022899998379446222,6.846407676903907e-05,0.008274302192272112,0.027918426260221896,8.650327063982982e-05,0.009300713447893651,0.02857319673192996,3676.225220417022
0,1234,MSE,2908,6000,0.0002837179165929925,0.00020031906101947923,5.4155434360930334e-05,2.92240487429308e-05,1.9372469652114735e-08,1.0,1.0,1.0,1.736480102978356e-05,0.004167109433382277,0.022904240879772334,6.045959462957823e-05,0.007775576803657606,0.02632935354826338,7.782439565936178e-05,0.008821813626424091,0.02692091449045647,3735.074556833948
0,1234,MSE,2955,6100,0.0002753181692182685,0.0001930990701954134,5.369184694564026e-05,2.8527252077091537e-05,1.2326596993707514e-16,1.0,1.0,1.0,1.8221842478313312e-05,0.004268705011864056,0.022523248932165525,5.8515865567652456e-05,0.007649566364680579,0.026199769219404645,7.673770804596575e-05,0.008760006167005006,0.026834702438283113,3796.7466868750053
0,1234,MSE,3004,6200,0.000266834378498894,0.00018674914295826987,5.3005664069034786e-05,2.7072189203490926e-05,7.382268098422648e-09,1.0,1.0,1.0,1.8833819839747134e-05,0.004339794907567307,0.021715974559388878,6.336335862305029e-05,0.007960110465505507,0.024254896918671498,8.219717846279741e-05,0.009066265960294646,0.0248367400656986,3854.880744833965
0,1234,MSE,3052,6300,0.00026053691093576645,0.00018245514320232173,5.279794934679339e-05,2.5283359248673766e-05,4.5913797756998544e-10,1.0,1.0,1.0,1.7942873244583962e-05,0.004235902884224798,0.02067193204399423,6.372491651374835e-05,0.007982788767952484,0.02337886600841907,8.16677897583323e-05,0.009037023279727252,0.02372791253088684,3916.23301754205
0,1234,MSE,3100,6400,0.00025443935985248187,0.0001780495679787077,5.1657749043403526e-05,2.4730150475475842e-05,1.8923548948751015e-09,1.0,1.0,1.0,1.870504067640573e-05,0.004324932447611838,0.01920405467883554,6.982703411227166e-05,0.008356257183229323,0.02528589540203524,8.853207478867738e-05,0.0094091484624634,0.025502160440185332,3975.471628083964
0,1234,MSE,3147,6500,0.0002490363239654512,0.00017288521593171596,5.1950680469490145e-05,2.419391836769174e-05,6.509196553333111e-09,1.0,1.0,1.0,1.852651192110186e-05,0.004304243478371299,0.018943270457100755,7.083404307533382e-05,0.008416296280153985,0.0260272639032873,8.936055499643569e-05,0.009453071193873222,0.026215219156381114,4034.7285121669993
0,1234,MSE,3194,6600,0.00024371601523806767,0.0001689960798423497,5.2410134982074564e-05,2.2308311667168758e-05,1.4887464746408687e-09,1.0,1.0,1.0,1.8557089160788712e-05,0.0043077940016659,0.01777876661091468,7.811126604907493e-05,0.008838057821098193,0.028462156211236822,9.666835520986362e-05,0.009832006672590475,0.0286231304284748,4097.3763017089805
0,1234,MSE,3242,6700,0.00023950952659653564,0.0001656949827214267,5.141037811125124e-05,2.240416056944975e-05,5.1944079595596604e-12,1.0,1.0,1.0,2.0620337154116382e-05,0.004540962139692026,0.017432154593127278,8.355651682544668e-05,0.009140925381242683,0.02742427882910381,0.00010417685397956305,0.010206706323763953,0.027622358530781554,4156.546569208964
0,1234,MSE,3291,6800,0.00023487825471610118,0.00016226551425722438,5.035968591012257e-05,2.225294721121384e-05,1.0733754038125393e-10,1.0,1.0,1.0,2.118291132374684e-05,0.004602489687522053,0.015955206871149295,8.605175641310975e-05,0.0092764085945537,0.027512298876399832,0.00010723466773685662,0.010355417313505845,0.027705728001445853,4222.301979042008
0,1234,MSE,3339,6900,0.00023112262454983392,0.00015984110396040366,4.9598993285456064e-05,2.1681780578448203e-05,7.467255260007338e-10,1.0,1.0,1.0,2.076957920132689e-05,0.004557365379397058,0.015270442418149984,8.311630877496012e-05,0.009116814617779618,0.02646934168137549,0.00010388588797628702,0.010192442689379569,0.026657446124916682,4288.846449124976
0,1234,MSE,3388,7000,0.00022580588296715435,0.0001567023234353266,4.8509474807224495e-05,2.0582269814089274e-05,1.1814910513938217e-08,1.0,1.0,1.0,1.959241074454355e-05,0.004426331522213801,0.014758613312317976,8.387241914203599e-05,0.009158188638701215,0.029107961852978093,0.00010346482988657955,0.010171766311048418,0.029230604342093153,4351.294706917019
0,1234,MSE,3437,7100,0.00021938181979374845,0.00015303684258986472,4.801605076654028e-05,1.8328918049684025e-05,8.387659405258772e-12,1.0,1.0,1.0,1.7287137803274253e-05,0.0041577803938248415,0.0141382482535627,7.995101636630245e-05,0.008941533222345173,0.029468929897699336,9.72381541695767e-05,0.009860940835923147,0.029609283471572136,4409.925260166987
0,1234,MSE,3486,7200,0.00021281049625706652,0.00014822587772593055,4.734296068662341e-05,1.7236803183639764e-05,4.854660872820574e-09,1.0,1.0,1.0,1.5039539049244756e-05,0.0038780844561773996,0.015296433334379616,7.33381626869749e-05,0.008563770354637897,0.02904399087258025,8.837770173621968e-05,0.009400941534560232,0.029153490585337543,4469.761604042025
0,1234,MSE,3534,7300,0.00020699429426117983,0.00014537547571795932,4.506667742125446e-05,1.6552008932693303e-05,1.3218927270191293e-10,1.0,1.0,1.0,1.4278910138501739e-05,0.0037787445188186167,0.015753313379966778,6.868288742760893e-05,0.008287513947355319,0.0280602712219144,8.296179756611067e-05,0.009108336706891696,0.028166811212493724,4531.592301459052
0,1234,MSE,3580,7400,0.00020214876247074705,0.00014300146528900806,4.3905968106650144e-05,1.5236627055528024e-05,4.70201956085373e-09,1.0,1.0,1.0,1.317905775031533e-05,0.0036302971986209793,0.01579257547727398,5.782087154761931e-05,0.007604003652525379,0.0252024087459658,7.099992929793463e-05,0.008426145577779594,0.025340644060668674,4590.594973333995
0,1234,MSE,3628,7500,0.00019759348620957757,0.00014092456625992763,4.1858558436769915e-05,1.4809652694269398e-05,7.088186106363455e-10,1.0,1.0,1.0,1.2278401789346705e-05,0.0035040550494172757,0.015253313106315496,5.395813105535903e-05,0.0073456198550809195,0.024502681963281037,6.623653284470573e-05,0.008138582975230131,0.024638872511065484,4652.347444999963
0,1234,MSE,3677,7600,0.00019260426616924967,0.00013807500247153506,3.976984769843e-05,1.4746019179244904e-05,1.339682003971136e-08,1.0,1.0,1.0,1.1806010765548865e-05,0.003435987596826983,0.014598382526405622,5.048465361428132e-05,0.007105255351799913,0.02292140032684853,6.229066437983018e-05,0.007892443498678351,0.023076323031050255,4711.475074499962
0,1234,MSE,3726,7700,0.00018673545506645416,0.00013584252063484045,3.8125465169085236e-05,1.2766550969292569e-05,9.182932359180979e-10,1.0,1.0,1.0,1.1469078595356705e-05,0.0033866028103922527,0.014301944676651197,4.577403362845647e-05,0.006765651012907514,0.021142704994779715,5.724311222381319e-05,0.007565917804457909,0.02129065838111695,4773.757389500039
0,1234,MSE,3774,7800,0.00018180011218985861,0.0001336951856079238,3.594700225226517e-05,1.2157217980345665e-05,7.063493239785902e-10,1.0,1.0,1.0,1.092459498230765e-05,0.0033052375077001124,0.013089279086587923,4.385049437944614e-05,0.006621970581288182,0.02091073560189649,5.4775089361753786e-05,0.007401019481244039,0.021009528630332012,4832.941350291949
0,1234,MSE,3824,7900,0.00017591902446752734,0.00012961106966752727,3.515065875453124e-05,1.1156437307649497e-05,8.587378193348571e-10,1.0,1.0,1.0,1.0476680690505508e-05,0.0032367701015836,0.010706549407392917,3.8957937390595735e-05,0.00624162938587319,0.018479104694734683,4.943461808110124e-05,0.007030975613746732,0.01885502046475228,4892.463036624948
0,1234,MSE,3872,8000,0.0001718918659235656,0.00012511331799637673,3.6109016236230184e-05,1.0646192033061371e-05,2.3339657897318255e-08,1.0,1.0,1.0,1.0027333999083984e-05,0.0031665965955713373,0.010121224876087496,3.682574321607691e-05,0.006068421806044543,0.01918255070635938,4.6853077215160894e-05,0.006844930767740525,0.019510645071785796,4952.872137625003
0,1234,MSE,3920,8100,0.0001686787598718976,0.00012346055452957974,3.498481295591608e-05,1.0231638193931952e-05,1.7541924698380252e-09,1.0,1.0,1.0,9.571922946274498e-06,0.003093852444166415,0.009276702779117373,3.792799652518684e-05,0.006158570980770364,0.01969140100032757,4.7499919471461325e-05,0.006892018533888408,0.02000959180817395,5012.220790083986
0,1234,MSE,3968,8200,0.00016523916787889267,0.00012128924962850551,3.398701379874612e-05,9.956967894178865e-06,5.936557462188773e-09,1.0,1.0,1.0,9.674123303355023e-06,0.0031103252729184168,0.009634008582132337,3.537664639724306e-05,0.005947827031550519,0.019634034600134687,4.505076970059808e-05,0.006711987015824605,0.020003584618116653,5073.168929624953
0,1234,MSE,4017,8300,0.00016157255370963643,0.00012006920956686413,3.1976088988631764e-05,9.525631120388307e-06,1.624033752234353e-09,1.0,1.0,1.0,9.662385240740186e-06,0.0031084377492142552,0.009815843993604897,3.5139749588284066e-05,0.005927879012621973,0.018464209402995757,4.480213482902425e-05,0.006693439685918164,0.018839569436041023,5132.298628458986
0,1234,MSE,4065,8400,0.0001579666891724163,0.00011669481067110096,3.121923197722735e-05,1.0047371201153923e-05,5.275322934085473e-09,1.0,1.0,1.0,1.0640105431220752e-05,0.003261917447027247,0.009899165103547734,4.2093077185247836e-05,0.006487917785025318,0.019301560169861953,5.273318261646858e-05,0.007261761674447089,0.019650254150991253,5193.104750375031
0,1234,MSE,4113,8500,0.00015405890535324156,0.00011452683702712178,3.0473588714515787e-05,9.0444372470613e-06,1.4042364542716584e-08,1.0,1.0,1.0,9.902229587301936e-06,0.003146780829244696,0.009676577291604843,3.4955172316397465e-05,0.005912289938458487,0.01848893755943165,4.4857401903699395e-05,0.006697566864444087,0.018791434783734365,5252.527964500012
0,1234,MSE,4161,8600,0.0001494625464121508,0.00011099353306888274,2.9910269801999247e-05,8.55856588984434e-06,1.7765142446971823e-10,1.0,1.0,1.0,8.859341330262572e-06,0.0029764645689580402,0.009569118169393242,2.9583248558230362e-05,0.005439048497506743,0.017599388105014935,3.844258988849293e-05,0.006200208858457345,0.017833617684204536,5313.822309167008
0,1234,MSE,4209,8700,0.0001448564512307004,0.00010687608287592062,2.9867256786870685e-05,8.111264611811779e-06,1.8469560973309522e-09,1.0,1.0,1.0,7.768435168895242e-06,0.0027871912688036396,0.008831331189803775,2.4005129735174194e-05,0.0048995030089973605,0.0159704686480302,3.177356490406944e-05,0.005636804494043539,0.01613660301585173,5374.359769584029
0,1234,MSE,4258,8800,0.00013992508812777217,0.00010397211597292007,2.86694843990023e-05,7.283187598659366e-06,3.001571904311565e-10,1.0,1.0,1.0,6.883426810926379e-06,0.002623628558109242,0.008900935355943745,2.5391040802726776e-05,0.005038952351702363,0.014862717086056576,3.227446761365316e-05,0.005681062190616572,0.014985221011003321,5433.814481084002
0,1234,MSE,4305,8900,0.00013444776997680695,9.998581756558858e-05,2.7566531783746904e-05,6.8919712402683884e-06,3.44938720307751e-09,1.0,1.0,1.0,6.849383864414343e-06,0.002617132756360354,0.00888632913741853,2.8844159649975074e-05,0.00537067590252615,0.013397400061597453,3.569354351438942e-05,0.005974407377672652,0.013503069391928014,5494.577730000019
0,1234,MSE,4353,9000,0.0001300105177200156,9.55910049550033e-05,2.750794305779211e-05,6.911522752533214e-06,4.695468696450052e-11,1.0,1.0,1.0,6.913650172505661e-06,0.00262938208948522,0.008147740313755947,3.138187282818747e-05,0.005601952590676529,0.0133154031739664,3.8295523000693126e-05,0.006188337660526705,0.013390251955968078,5553.315923625021
0,1234,MSE,4402,9100,0.00012548637605134247,9.026831515510339e-05,2.8371007017249673e-05,6.841643562364831e-06,5.410316624582081e-09,1.0,1.0,1.0,6.987045724907628e-06,0.002643302049503164,0.006998412531422813,3.073926453178979e-05,0.0055443001841341336,0.013315062608159067,3.772631025669741e-05,0.006142174717207042,0.013392067951666514,5614.403098374954
0,1234,MSE,4450,9200,0.0001223421560979889,8.733233908952862e-05,2.8267409988796536e-05,6.740889599925219e-06,1.5174197385135145e-09,1.0,1.0,1.0,6.679369419645294e-06,0.0025844476043528713,0.006642451955626583,3.2245715924304574e-05,0.0056785311414400625,0.014113072075011168,3.892508534394987e-05,0.006238997142486112,0.014592513543204825,5673.344740292057
0,1234,MSE,4497,9300,0.00011949730432175826,8.535178050614259e-05,2.807885874653573e-05,6.066578747218609e-06,8.632186133734398e-11,1.0,1.0,1.0,5.948221495570574e-06,0.0024388975984183047,0.0071831419589527485,2.725178491934269e-05,0.005220324215922101,0.013818948271039466,3.320000641491327e-05,0.0057619446730173725,0.014241831329753336,5735.049909292022
0,1234,MSE,4545,9400,0.00011693789722863915,8.361414662043349e-05,2.6846840174386636e-05,6.476910299245707e-06,1.3457332129677112e-13,1.0,1.0,1.0,5.696410961586291e-06,0.0023867155175232536,0.007847963795870048,2.72083670173481e-05,0.005216164013654872,0.013531608510108206,3.290477797893439e-05,0.005736268645987075,0.01391824552904602,5793.289301750017
0,1234,MSE,4594,9500,0.00011439616710311037,8.252866736438204e-05,2.5148253193299992e-05,6.718843393491567e-06,4.031519367632785e-10,1.0,1.0,1.0,5.720258022996048e-06,0.002391706090429183,0.00802466055287138,3.1753297550435e-05,0.005635006437479464,0.013817548408268487,3.7473555573431056e-05,0.0061215647977809606,0.014151684419495552,5852.352814084035
0,1234,MSE,4642,9600,0.00011164834866641712,7.98371261061817e-05,2.530084547280569e-05,6.492158685175598e-06,1.8218402254121005e-08,1.0,1.0,1.0,5.674034689949957e-06,0.0023820232345529205,0.007327508434944214,3.2718079878463464e-05,0.005719972017279758,0.01394622998394024,3.839211456841342e-05,0.006196137068239648,0.01458364187651313,5911.751882500015
0,1234,MSE,4690,9700,0.00010894248133827858,7.695101044620244e-05,2.518852917217423e-05,6.8022295179968435e-06,7.12201905045126e-10,1.0,1.0,1.0,5.761884780158476e-06,0.0024003926304166315,0.007639682906232851,3.7865623738782586e-05,0.006153504996242595,0.01568697242458056,4.362750851894107e-05,0.00660511230176604,0.01571236063150218,5969.9200421250425
0,1234,MSE,4737,9800,0.00010622905050381152,7.617126321107838e-05,2.3582662973142434e-05,6.4749441542421255e-06,1.801653485633575e-10,1.0,1.0,1.0,5.696573638777207e-06,0.0023867495969994855,0.007134181483359292,3.333300963413568e-05,0.005773474658655364,0.01487436226215183,3.902958327291289e-05,0.006247366106841577,0.014913310921615982,6029.297088459018
0,1234,MSE,4784,9900,0.00010390109843741884,7.572861414768485e-05,2.1697867917314233e-05,6.4743334664044574e-06,2.829060153067997e-10,1.0,1.0,1.0,5.565781379320403e-06,0.0023591908314759963,0.006897699161875865,3.3849061711058525e-05,0.005817994646874344,0.015469900983634044,3.941484309037893e-05,0.006278124169716535,0.015509229817058413,6086.9764667920535
0,1234,MSE,4832,10000,0.00010121168065934127,7.419827645674866e-05,2.0738617297898257e-05,6.27228613005399e-06,2.50077464037277e-09,1.0,1.0,1.0,5.070409953221346e-06,0.0022517570813081382,0.007538242396672648,3.231159376107203e-05,0.00568432878720716,0.01458127912197188,3.738200371429338e-05,0.0061140824098382405,0.014646339255172352,6146.835256709019
0,1234,MSE,5312,11000,8.080070395522544e-05,5.8230371163329777e-05,1.7086458239817038e-05,5.477438461155059e-06,6.436090923572113e-09,1.0,1.0,1.0,4.045080983203399e-06,0.002011238668881294,0.007282020585037024,1.460591322685261e-05,0.00382176833767467,0.01669051691611334,1.8650994210056007e-05,0.004318679683659812,0.018096040820929072,6732.8028135000495
0,1234,MSE,5795,12000,6.765909419646943e-05,4.889785261050601e-05,1.3806593770975706e-05,4.95384224042068e-06,8.055745670233251e-10,1.0,1.0,1.0,4.617985497267153e-06,0.0021489498591793976,0.00759518163857412,2.5442002008019085e-05,0.005044006543217315,0.01888800111575424,3.005998750528624e-05,0.005482698925281803,0.02008083972273589,7322.403114250046
0,1234,MSE,6279,13000,5.7680671459353e-05,4.044249352498174e-05,1.3305343357815145e-05,3.932658511469511e-06,1.760650866040837e-10,1.0,1.0,1.0,3.6772861941287016e-06,0.0019176251443201045,0.007401829905595695,1.973515441813922e-05,0.004442426636213503,0.016250201315537435,2.341244061226792e-05,0.004838640368147639,0.017373582190427922,7910.343899084022
0,1234,MSE,6764,14000,5.006127614789938e-05,3.549227159005397e-05,1.139363125740113e-05,3.1749703603583912e-06,4.029400858832088e-10,1.0,1.0,1.0,4.372021582481911e-06,0.002090937967152998,0.00711075161975204,2.3902092484114828e-05,0.004888976629532486,0.016394563642543186,2.8274114066596738e-05,0.005317340883053929,0.017040413174004624,8501.955687750014
0,1234,MSE,7246,15000,4.337059479839357e-05,3.0383945380711998e-05,1.0052143431593691e-05,2.9330839518888694e-06,1.4220341990140905e-09,1.0,1.0,1.0,2.6007366934764306e-06,0.0016126799724298776,0.005664949126633773,1.4587379631277343e-05,0.003819342827146752,0.01741772289958242,1.7188116324753776e-05,0.004145855318839983,0.017790182809804763,9097.543780334061
0,1234,MSE,7729,16000,3.7311529256988423e-05,2.6362661647708416e-05,8.281436866435508e-06,2.6669063512576912e-06,5.243915868150035e-10,1.0,1.0,1.0,2.408967396524977e-06,0.0015520848548081954,0.004533013843669875,1.652042154443356e-05,0.004064532143363312,0.016178252105360863,1.8929388940958536e-05,0.0043507917602384205,0.016555186819902763,9705.154298834037
0,1234,MSE,8213,17000,3.436756146418439e-05,2.3998977467729654e-05,7.6141982544505e-06,2.753612779862809e-06,7.729621414256657e-10,1.0,1.0,1.0,2.2299989741387653e-06,0.0014933181088230215,0.004976436765080969,1.6466438449162615e-05,0.004057885958126795,0.015522556908664338,1.8696437423301382e-05,0.00432393772194991,0.01584303548418966,10312.351257917006
0,1234,MSE,8697,18000,3.1787647959960134e-05,2.194125506032583e-05,7.431989402298991e-06,2.4131072744278026e-06,1.2962229075145132e-09,1.0,1.0,1.0,2.2300038673074437e-06,0.001493319747176553,0.004449600162304363,1.5954150233400437e-05,0.003994264667420079,0.01386533109412276,1.8184154100707883e-05,0.0042642882290844135,0.014292806203929026,10920.05652808398
0,1234,MSE,9184,19000,2.9829045797340816e-05,2.042563565077157e-05,7.0987509974040285e-06,2.3039481171854494e-06,7.110319797687878e-10,1.0,1.0,1.0,1.7619208633519888e-06,0.0013273736713344847,0.004904955420892157,1.3967594544357465e-05,0.0037373245168646333,0.012951638017898559,1.5729515407709457e-05,0.003966045310849267,0.013663636684395962,11531.709863124997
0,1234,MSE,9663,20000,2.7990657252786407e-05,1.9245629448045935e-05,6.727742445184243e-06,2.0172536520967165e-06,3.170745951362061e-11,1.0,1.0,1.0,1.3939646564586654e-06,0.0011806628038769857,0.004545496361660883,9.5484442239915e-06,0.0030900556991729938,0.012719962892435072,1.0942408880450165e-05,0.003307931208542609,0.013411368102318173,12130.353805458988
0,1234,MSE,10144,21000,2.695311044359491e-05,1.8588733062668726e-05,6.432478269336572e-06,1.931865714227097e-06,3.339736251649001e-11,1.0,1.0,1.0,1.5369788794638272e-06,0.0012397495228729984,0.004470447319374592,1.1356351644282268e-05,0.003369918640602807,0.012639810464863191,1.2893330523746095e-05,0.003590728411304048,0.013226328321783424,12747.44145616598
0,1234,MSE,10626,22000,2.6272697521196488e-05,1.8208375838051977e-05,6.231488053148179e-06,1.8328150175168339e-06,1.861247949748043e-11,1.0,1.0,1.0,1.4535702673444682e-06,0.001205641019269197,0.004559008656242858,1.0926161942062026e-05,0.0033054745411305207,0.012835771453765951,1.2379732209406496e-05,0.0035184843625354506,0.013404537606197581,13358.288698958
0,1234,MSE,11109,23000,2.520477042279814e-05,1.751734774344201e-05,5.90717809005478e-06,1.7799350110522987e-06,3.095782490500841e-10,1.0,1.0,1.0,1.4016152511518412e-06,0.0011838983280467294,0.004551163575239551,9.239529796190707e-06,0.0030396594868818297,0.013831663162000171,1.0641145047342547e-05,0.0032620767997308935,0.014318228552874063,13979.155106415972
0,1234,MSE,11598,24000,2.410812670071766e-05,1.6866695413970892e-05,5.530649781245876e-06,1.7090994863596935e-06,1.682019141201929e-09,1.0,1.0,1.0,1.3682059174757918e-06,0.0011697033459282706,0.00474088597128275,7.481514649838806e-06,0.002735235757633847,0.01373753772983756,8.8497205673146e-06,0.0029748479906231513,0.014277888563030977,14637.900332540972
0,1234,MSE,12082,25000,2.269977858602789e-05,1.635764909454655e-05,4.82633227857252e-06,1.5157767842480322e-06,2.04286607833109e-11,1.0,1.0,1.0,1.254698317290581e-06,0.0011201331694448572,0.00427609314910899,5.442383196897037e-06,0.002332891595616272,0.012773173523722217,6.697081514187617e-06,0.0025878720049854896,0.013194448026546889,15317.950493415934
0,1234,MSE,12566,26000,2.2079138169360308e-05,1.5780800907741337e-05,4.840531965039393e-06,1.4577984620563526e-06,6.834523227075239e-12,1.0,1.0,1.0,1.208909410435433e-06,0.001099504165719909,0.004187754752752083,5.6714386134407254e-06,0.0023814782412276466,0.012258815423497854,6.880348023876159e-06,0.0026230417503112983,0.012774225521356007,15954.363345416961
0,1234,MSE,13051,27000,2.1574115805421476e-05,1.5397965257819694e-05,4.739511757571474e-06,1.4362817552631718e-06,3.5703476713782274e-10,1.0,1.0,1.0,1.1455939706962495e-06,0.0010703242362463112,0.004127415678311646,5.6203983752048246e-06,0.002370737938955891,0.011678298118263208,6.765992345901073e-06,0.002601152118946732,0.012208723627097143,16584.43139366689
0,1234,MSE,13535,28000,2.1056282184083527e-05,1.5051853640798694e-05,4.6489533568507985e-06,1.3554610623979066e-06,1.4124036128435184e-11,1.0,1.0,1.0,1.24562301647716e-06,0.0011160748256623118,0.003917121725398787,5.891850429995789e-06,0.002427313418163338,0.011156663409632422,7.137473446472948e-06,0.0026716050318999155,0.011679490914581822,17350.268581624958
0,1234,MSE,14019,29000,2.0594028077570264e-05,1.4560893163678213e-05,4.747179562140135e-06,1.2856814819216543e-06,2.738698302637813e-10,1.0,1.0,1.0,1.2595767162996366e-06,0.0011223086546488165,0.003638186049251482,5.7120673466264535e-06,0.0023899931687405415,0.010530283167897461,6.971644062926092e-06,0.0026403871047492432,0.011014936330139323,18007.91497645888
0,1234,MSE,14500,30000,2.003721513388312e-05,1.4182074419913226e-05,4.5654226125694465e-06,1.2896341733678964e-06,8.392803255259297e-11,1.0,1.0,1.0,1.1669036327263873e-06,0.0010802331381356467,0.003527727614388266,6.362271664420686e-06,0.0025223543891413607,0.010316063883350282,7.529175297147073e-06,0.002743934273474325,0.010814192505226996,18754.404615499894
0,1234,NTK,0,0,256.1435686010094,251.3030261937345,0.009207776361902389,4.8313346309130045,4.5231564731140115e-37,1.0,1.0,1.0,4.959270398518739,2.226941938739926,3.2838127750103276,0.14372544318012911,0.37911138624437163,0.7312009457582304,5.102995841698868,2.258981151249135,3.286218301193365,0.4052105420269072
0,1234,NTK,0,1,493.8089806965902,251.3030261937345,0.009207776361902389,4.8313346309130045,4.5231564731140115e-37,1.9578835182592949,0.6735380305103674,0.3685784512303378,4.959270398518739,2.226941938739926,3.2838127750103276,0.14372544318012911,0.37911138624437163,0.7312009457582304,5.102995841698868,2.258981151249135,3.286218301193365,2.018527750042267
0,1234,NTK,0,2,493.62365963842313,251.20422979634571,0.00723120938253289,4.856874484684227,2.8633226643749746e-05,1.9578835182592949,0.6735380305103674,0.3685784512303378,4.961382371658418,2.227416075109996,3.3071291875010767,0.1424398314609178,0.3774120181723388,0.7233670959224401,5.1038222031193365,2.2591640496252894,3.3093538420907085,2.857934334082529
0,1234,NTK,0,3,491.46866741849806,250.04492511453046,0.0002591388259044622,5.173504771296586,0.0028127964875677538,1.9578835182592949,0.6735380305103674,0.3685784512303378,5.0257284976555665,2.24181366256332,3.545427932782668,0.13288814781743216,0.364538266602331,0.6525987987037665,5.158616645473,2.2712588239725124,3.583971088875733,3.5753827090375125
0,1234,NTK,0,4,455.97228112551716,229.67337133586935,0.94325823813012,14.803426099132672,0.20702864347789593,1.9578835182592949,0.6735380305103674,0.3685784512303378,9.499072850536185,3.082056594311043,6.530819670454538,0.23261558461789408,0.48230237882255367,1.1755976693194112,9.731688435154076,3.1195654240861943,6.5468120798929395,4.219233625102788
0,1234,NTK,1,5,455.97228112551716,229.67337133586935,0.94325823813012,14.803426099132672,0.20702864347789593,1.9578835182592949,0.6735380305103674,0.3685784512303378,9.499072850536185,3.082056594311043,6.530819670454538,0.23261558461789408,0.48230237882255367,1.1755976693194112,9.731688435154076,3.1195654240861943,6.5468120798929395,4.913032625103369
0,1234,NTK,1,6,1656.1025083462414,837.9044757985691,4.091996225275148,33.331734411039434,0.5416711800592018,1.9578835182592949,0.6735380305103674,0.3685784512303378,25.447053430640562,5.044507253502622,8.545855986694926,1.4260354496020098,1.1941672619872017,2.8577773051793347,26.87308888024257,5.183926010297848,8.665922783189526,5.537943125003949
0,1234,NTK,1,7,455.3669636468463,229.17708944525504,1.0192405765323977,15.608422439270084,0.22549199999631123,1.9578835182592949,0.6735380305103674,0.3685784512303378,9.944825427007304,3.1535417274878896,6.67905782511899,0.24939756847606098,0.49939720511438684,1.2261443210995706,10.194222995483367,3.1928393312979853,6.694498265577942,6.23880100005772
0,1234,NTK,2,8,455.3669636468463,229.17708944525504,1.0192405765323977,15.608422439270084,0.22549199999631123,1.9578835182592949,0.6735380305103674,0.3685784512303378,9.944825427007304,3.1535417274878896,6.67905782511899,0.24939756847606098,0.49939720511438684,1.2261443210995706,10.194222995483367,3.1928393312979853,6.694498265577942,7.037169834016822
0,1234,NTK,2,9,448.65954039626763,225.6886616513062,0.3944082224941039,16.947211081778132,0.2754037405854532,1.9578835182592949,0.6735380305103674,0.3685784512303378,10.716314734391034,3.2735782768082746,6.99768941721304,0.2841855194581314,0.5330905358924799,1.32584807099061,11.000500253849165,3.316700205603329,7.010826116086011,7.877267667092383
0,1234,NTK,3,10,448.65954039626763,225.6886616513062,0.3944082224941039,16.947211081778132,0.2754037405854532,1.9578835182592949,0.6735380305103674,0.3685784512303378,10.716314734391034,3.2735782768082746,6.99768941721304,0.2841855194581314,0.5330905358924799,1.32584807099061,11.000500253849165,3.316700205603329,7.010826116086011,8.753795250086114
0,1234,NTK,3,11,445.21584398040653,223.93181597577825,0.00514210781108107,17.539315911807602,0.3153549679754246,1.9578835182592949,0.6735380305103674,0.3685784512303378,11.102227432920898,3.3320005151441525,7.170365684936445,0.29069868283284456,0.5391648011812757,1.3504897967572203,11.392926115753742,3.375340888822008,7.181719089840587,9.473529000068083
0,1234,NTK,4,12,445.21584398040653,223.93181597577825,0.00514210781108107,17.539315911807602,0.3153549679754246,1.9578835182592949,0.6735380305103674,0.3685784512303378,11.102227432920898,3.3320005151441525,7.170365684936445,0.29069868283284456,0.5391648011812757,1.3504897967572203,11.392926115753742,3.375340888822008,7.181719089840587,10.205052542034537
0,1234,NTK,4,13,444.20524652784223,223.6302319723942,0.015012387210009625,16.46705940666183,0.2837864984487428,1.9578835182592949,0.6735380305103674,0.3685784512303378,10.50288266126906,3.240815122969692,6.960876417276762,0.26429476765751203,0.5140960685100714,1.2793844052524408,10.767177428926573,3.2813377499011853,6.973647853098769,10.94441925000865
0,1234,NTK,5,14,444.20524652784223,223.6302319723942,0.015012387210009625,16.46705940666183,0.2837864984487428,1.9578835182592949,0.6735380305103674,0.3685784512303378,10.50288266126906,3.240815122969692,6.960876417276762,0.26429476765751203,0.5140960685100714,1.2793844052524408,10.767177428926573,3.2813377499011853,6.973647853098769,11.638757959008217
0,1234,NTK,5,15,442.93907706424284,223.212947743693,0.022945375991716668,15.33509150953732,0.24648675337752307,1.9578835182592949,0.6735380305103674,0.3685784512303378,9.952873697066176,3.1548175378405285,6.704922710517159,0.240182242522076,0.49008391375567106,1.2091242874781232,10.193055939588252,3.192656564616409,6.719852914342637,12.356935584102757
0,1234,NTK,6,16,442.93907706424284,223.212947743693,0.022945375991716668,15.33509150953732,0.24648675337752307,1.9578835182592949,0.6735380305103674,0.3685784512303378,9.952873697066176,3.1548175378405285,6.704922710517159,0.240182242522076,0.49008391375567106,1.2091242874781232,10.193055939588252,3.192656564616409,6.719852914342637,13.014830000000075
0,1234,NTK,6,17,440.4576249129742,222.45536980674785,0.011959394925266272,12.906968893926319,0.1506371077606582,1.9578835182592949,0.6735380305103674,0.3685784512303378,8.9602157151419,2.993361941887733,6.182035656174952,0.20751406650257848,0.4555371186880148,1.1020011935585377,9.167729781644478,3.0278259166676804,6.207470682019812,13.648155709030107
0,1234,NTK,7,18,440.4576249129742,222.45536980674785,0.011959394925266272,12.906968893926319,0.1506371077606582,1.9578835182592949,0.6735380305103674,0.3685784512303378,8.9602157151419,2.993361941887733,6.182035656174952,0.20751406650257848,0.4555371186880148,1.1020011935585377,9.167729781644478,3.0278259166676804,6.207470682019812,14.310695542022586
0,1234,NTK,7,19,438.34075855277524,221.394466342343,0.007287590039637928,12.946427399383843,0.09949923841633768,1.9578835182592949,0.6735380305103674,0.3685784512303378,9.414029720819373,3.068229085452938,6.045006695280488,0.2112750062393846,0.45964661016849084,1.1216336807671632,9.625304727058758,3.102467522321347,6.067309555230751,14.979545542038977
0,1234,NTK,8,20,438.34075855277524,221.394466342343,0.007287590039637928,12.946427399383843,0.09949923841633768,1.9578835182592949,0.6735380305103674,0.3685784512303378,9.414029720819373,3.068229085452938,6.045006695280488,0.2112750062393846,0.45964661016849084,1.1216336807671632,9.625304727058758,3.102467522321347,6.067309555230751,15.634469792013988
0,1234,NTK,8,21,437.4454346309,221.0688409254968,0.046127050136602545,12.342764653840412,0.038049179668615714,1.9578835182592949,0.6735380305103674,0.3685784512303378,9.485752682127876,3.079894914137149,5.711710800376935,0.22053518006025444,0.46961173330769157,1.148487086907164,9.706287862188132,3.115491592379625,5.728037029394754,16.300295834080316
0,1234,NTK,9,22,437.4454346309,221.0688409254968,0.046127050136602545,12.342764653840412,0.038049179668615714,1.9578835182592949,0.6735380305103674,0.3685784512303378,9.485752682127876,3.079894914137149,5.711710800376935,0.22053518006025444,0.46961173330769157,1.148487086907164,9.706287862188132,3.115491592379625,5.728037029394754,16.924857834004797
0,1234,NTK,9,23,436.96458595488707,220.7480643137618,0.01609705862363855,12.794358083410417,0.03902247929792388,1.9578835182592949,0.6735380305103674,0.3685784512303378,9.610454990959209,3.1000733847699813,5.778721816787664,0.2390228187394389,0.48889959985608383,1.2052268122796892,9.849477809698648,3.1383877723599816,5.795365089674471,17.614343750057742
0,1234,NTK,10,24,32.918295380008914,220.7480643137618,0.01609705862363855,12.794358083410417,0.03902247929792388,0.13377063278256404,2.6077022653393334,0.25852710187810246,9.610454990959209,3.1000733847699813,5.778721816787664,0.2390228187394389,0.48889959985608383,1.2052268122796892,9.849477809698648,3.1383877723599816,5.795365089674471,18.614324958994985
0,1234,NTK,10,25,32.872713474524815,220.76993768127454,0.009195098324247393,12.68110242678213,0.03779247378798079,0.13377063278256404,2.6077022653393334,0.25852710187810246,9.52980001535986,3.0870374172270507,5.754987793638769,0.23492148589137102,0.48468699785673125,1.1922644872939545,9.764721501251232,3.124855436856437,5.772003007763638,19.253724209032953
0,1234,NTK,11,26,32.872713474524815,220.76993768127454,0.009195098324247393,12.68110242678213,0.03779247378798079,0.13377063278256404,2.6077022653393334,0.25852710187810246,9.52980001535986,3.0870374172270507,5.754987793638769,0.23492148589137102,0.48468699785673125,1.1922644872939545,9.764721501251232,3.124855436856437,5.772003007763638,19.949775834102184
0,1234,NTK,11,27,32.740060878374024,221.1673275253318,0.005504460680272926,12.045904344238176,0.025820790279633604,0.13377063278256404,2.6077022653393334,0.25852710187810246,9.155716892906831,3.0258415181411653,5.58772310536242,0.2136302078093131,0.46220147967019004,1.120371188342796,9.369347100716144,3.0609389246955163,5.60577104385874,20.58119366702158
0,1234,NTK,12,28,32.740060878374024,221.1673275253318,0.005504460680272926,12.045904344238176,0.025820790279633604,0.13377063278256404,2.6077022653393334,0.25852710187810246,9.155716892906831,3.0258415181411653,5.58772310536242,0.2136302078093131,0.46220147967019004,1.120371188342796,9.369347100716144,3.0609389246955163,5.60577104385874,21.269533459097147
0,1234,NTK,12,29,32.68268795121993,221.6447841856182,0.008112592648612318,11.589345213877435,0.015809860718785994,0.13377063278256404,2.6077022653393334,0.25852710187810246,8.92942868170855,2.988214965779495,5.483518551165199,0.19909962396195033,0.4462058089737855,1.0664014867408982,9.128528305670502,3.0213454462657032,5.490665286775456,21.935521334060468
0,1234,NTK,13,30,32.68268795121993,221.6447841856182,0.008112592648612318,11.589345213877435,0.015809860718785994,0.13377063278256404,2.6077022653393334,0.25852710187810246,8.92942868170855,2.988214965779495,5.483518551165199,0.19909962396195033,0.4462058089737855,1.0664014867408982,9.128528305670502,3.0213454462657032,5.490665286775456,22.643926292075776
0,1234,NTK,13,31,32.6144569570349,222.62398944014438,0.003571767025860387,10.911201461971645,0.0037496201116811448,0.13377063278256404,2.6077022653393334,0.25852710187810246,8.60178036318908,2.9328791934188287,5.359941303703094,0.17617546398255313,0.41973261010142293,0.9696624918711174,8.777955827171633,2.962761520468975,5.36472333459591,23.3443458750844
0,1234,NTK,14,32,32.6144569570349,222.62398944014438,0.003571767025860387,10.911201461971645,0.0037496201116811448,0.13377063278256404,2.6077022653393334,0.25852710187810246,8.60178036318908,2.9328791934188287,5.359941303703094,0.17617546398255313,0.41973261010142293,0.9696624918711174,8.777955827171633,2.962761520468975,5.36472333459591,23.98665320908185
0,1234,NTK,14,33,32.59601184014469,222.92706150834525,0.0013765271941940647,10.71445147555516,0.001352096544339944,0.13377063278256404,2.6077022653393334,0.25852710187810246,8.488059334638091,2.9134274205200463,5.315525137742926,0.16698376386393743,0.40863646908216283,0.9253483397990758,8.65504309850203,2.9419454615104663,5.319323514421498,24.65784620901104
0,1234,NTK,15,34,32.59601184014469,222.92706150834525,0.0013765271941940647,10.71445147555516,0.001352096544339944,0.13377063278256404,2.6077022653393334,0.25852710187810246,8.488059334638091,2.9134274205200463,5.315525137742926,0.16698376386393743,0.40863646908216283,0.9253483397990758,8.65504309850203,2.9419454615104663,5.319323514421498,25.317479459103197
0,1234,NTK,15,35,32.59088510615408,222.86220621485447,0.0020395591475686377,10.722290915146868,0.0011453986784881673,0.13377063278256404,2.6077022653393334,0.25852710187810246,8.468741500024471,2.910110221284491,5.312161892035749,0.1644852542391741,0.40556781706537576,0.9129406046122996,8.633226754263642,2.9382353129495336,5.31575860695798,25.943572959047742
0,1234,NTK,16,36,32.59088510615408,222.86220621485447,0.0020395591475686377,10.722290915146868,0.0011453986784881673,0.13377063278256404,2.6077022653393334,0.25852710187810246,8.468741500024471,2.910110221284491,5.312161892035749,0.1644852542391741,0.40556781706537576,0.9129406046122996,8.633226754263642,2.9382353129495336,5.31575860695798,26.63413424999453
0,1234,NTK,16,37,32.58759387942136,222.76449570738004,0.00264981787000545,10.753904386433225,0.0011606561952149476,0.13377063278256404,2.6077022653393334,0.25852710187810246,8.453650899019319,2.907516276655957,5.314580111203387,0.16251218485543023,0.4031280005847153,0.9030467554158923,8.61616308387475,2.9353301490419694,5.318094351555719,27.36407233402133
0,1234,NTK,17,38,32.58759387942136,222.76449570738004,0.00264981787000545,10.753904386433225,0.0011606561952149476,0.13377063278256404,2.6077022653393334,0.25852710187810246,8.453650899019319,2.907516276655957,5.314580111203387,0.16251218485543023,0.4031280005847153,0.9030467554158923,8.61616308387475,2.9353301490419694,5.318094351555719,28.126090834033675
0,1234,NTK,17,39,32.58380648148761,222.70561398640933,0.002697592898325482,10.77006125229674,0.0009483325783491625,0.13377063278256404,2.6077022653393334,0.25852710187810246,8.421699074065712,2.902016380736972,5.312882789923819,0.15880348543645845,0.398501550105465,0.8831571609751163,8.580502559502172,2.9292494874117794,5.3208210611363755,28.87161241704598
0,1234,NTK,18,40,32.58380648148761,222.70561398640933,0.002697592898325482,10.77006125229674,0.0009483325783491625,0.13377063278256404,2.6077022653393334,0.25852710187810246,8.421699074065712,2.902016380736972,5.312882789923819,0.15880348543645845,0.398501550105465,0.8831571609751163,8.580502559502172,2.9292494874117794,5.3208210611363755,29.541988334036432
0,1234,NTK,18,41,32.574811583098764,222.6027660783085,0.002481269845637759,10.793307529749057,0.00026577731184473447,0.13377063278256404,2.6077022653393334,0.25852710187810246,8.399050098965066,2.8981114711075326,5.330308350853473,0.14984787342358913,0.3871018902351022,0.8290133492712435,8.548897972388655,2.923849854624662,5.351060502881726,30.234673500061035
0,1234,NTK,19,42,32.574811583098764,222.6027660783085,0.002481269845637759,10.793307529749057,0.00026577731184473447,0.13377063278256404,2.6077022653393334,0.25852710187810246,8.399050098965066,2.8981114711075326,5.330308350853473,0.14984787342358913,0.3871018902351022,0.8290133492712435,8.548897972388655,2.923849854624662,5.351060502881726,30.937009834102355
0,1234,NTK,19,43,32.55330897730567,222.45111845501978,0.002346761042168787,10.79031746372124,0.0001729420621554291,0.13377063278256404,2.6077022653393334,0.25852710187810246,8.355830956157147,2.890645422073961,5.338034288463586,0.13228396768608583,0.3637086302056714,0.672557081155907,8.488114923843233,2.9134369606777546,5.364409633455983,31.748870834009722
0,1234,NTK,20,44,151.26703950911707,222.45111845501978,0.002346761042168787,10.79031746372124,0.0001729420621554291,0.5828121817073993,0.41366250936100046,2.0035253089316,8.355830956157147,2.890645422073961,5.338034288463586,0.13228396768608583,0.3637086302056714,0.672557081155907,8.488114923843233,2.9134369606777546,5.364409633455983,33.240994167048484
0,1234,NTK,20,45,153.68687645775978,243.0648847358938,0.0779142645026601,5.971738882333532,0.028940489120632303,0.5828121817073993,0.41366250936100046,2.0035253089316,5.975476538941417,2.444478786764454,4.251886354213121,0.22044733477974957,0.46951819430108305,0.989929659942774,6.195923873721166,2.4891612791703888,4.271659730683256,34.04987887502648
0,1234,NTK,20,46,150.47351344725456,226.7326145091875,0.004742724526237172,9.14633711011099,0.004103949475841925,0.5828121817073993,0.41366250936100046,2.0035253089316,7.505330770621938,2.7395858757523803,4.987693338922016,0.12912613497481149,0.3593412514237845,0.5827017274257285,7.634456905596748,2.763052099689173,5.020887181164018,34.75545758404769
0,1234,NTK,21,47,150.47351344725456,226.7326145091875,0.004742724526237172,9.14633711011099,0.004103949475841925,0.5828121817073993,0.41366250936100046,2.0035253089316,7.505330770621938,2.7395858757523803,4.987693338922016,0.12912613497481149,0.3593412514237845,0.5827017274257285,7.634456905596748,2.763052099689173,5.020887181164018,35.45265787502285
0,1234,NTK,21,48,150.4653610686022,226.81574811609457,0.00273463390131519,9.119401457579244,0.002297225375622062,0.5828121817073993,0.41366250936100046,2.0035253089316,7.63637987828287,2.7634000575889965,4.915681326692005,0.12814869121687014,0.3579786183794643,0.585041950989498,7.764528569499739,2.7864903677385535,4.915694307809987,36.160152584081516
0,1234,NTK,22,49,150.4653610686022,226.81574811609457,0.00273463390131519,9.119401457579244,0.002297225375622062,0.5828121817073993,0.41366250936100046,2.0035253089316,7.63637987828287,2.7634000575889965,4.915681326692005,0.12814869121687014,0.3579786183794643,0.585041950989498,7.764528569499739,2.7864903677385535,4.915694307809987,36.848141250084154
0,1234,NTK,22,50,150.29539987853408,227.5565218796552,0.00683228593985606,8.816148582978677,0.006483826258899307,0.5828121817073993,0.41366250936100046,2.0035253089316,7.378498865040149,2.7163392396827297,4.871404781026384,0.1538579374490091,0.39224729119397256,0.726565030110321,7.53235680248916,2.7445139464920123,4.871404884382959,37.51898891699966
0,1234,NTK,23,51,150.29539987853408,227.5565218796552,0.00683228593985606,8.816148582978677,0.006483826258899307,0.5828121817073993,0.41366250936100046,2.0035253089316,7.378498865040149,2.7163392396827297,4.871404781026384,0.1538579374490091,0.39224729119397256,0.726565030110321,7.53235680248916,2.7445139464920123,4.871404884382959,38.19650129205547
0,1234,NTK,23,52,150.16423979553628,227.7928805512222,0.007364420341049274,8.684009768745069,0.0020943647772041444,0.5828121817073993,0.41366250936100046,2.0035253089316,7.305946909980748,2.7029515182445927,4.865324620366786,0.16745663555759452,0.40921465706593957,0.7527919622674788,7.473403545538342,2.733752648931198,4.9174002923779225,38.89320300007239
0,1234,NTK,24,53,150.16423979553628,227.7928805512222,0.007364420341049274,8.684009768745069,0.0020943647772041444,0.5828121817073993,0.41366250936100046,2.0035253089316,7.305946909980748,2.7029515182445927,4.865324620366786,0.16745663555759452,0.40921465706593957,0.7527919622674788,7.473403545538342,2.733752648931198,4.9174002923779225,39.5340202919906
0,1234,NTK,24,54,149.97245233290528,230.4667583668167,0.05285240025533937,7.798469616075708,0.007323774851660033,0.5828121817073993,0.41366250936100046,2.0035253089316,6.970545479397765,2.640179061995183,4.776638995197,0.2191806451948864,0.4681673260650367,1.0181798380205422,7.189726124592649,2.6813664659260303,4.85890328533827,40.16021570900921
0,1234,NTK,25,55,149.97245233290528,230.4667583668167,0.05285240025533937,7.798469616075708,0.007323774851660033,0.5828121817073993,0.41366250936100046,2.0035253089316,6.970545479397765,2.640179061995183,4.776638995197,0.2191806451948864,0.4681673260650367,1.0181798380205422,7.189726124592649,2.6813664659260303,4.85890328533827,40.84428445901722
0,1234,NTK,25,56,149.59959639058553,227.28322766678477,0.0780780486999353,8.515271354771729,0.043302975350494544,0.5828121817073993,0.41366250936100046,2.0035253089316,7.390939583646959,2.7186282540367595,4.907299571777271,0.18557405814580763,0.43078307550994577,0.9836371263178929,7.576513641792767,2.7525467556052097,4.973388581378101,41.49094587506261
0,1234,NTK,26,57,149.59959639058553,227.28322766678477,0.0780780486999353,8.515271354771729,0.043302975350494544,0.5828121817073993,0.41366250936100046,2.0035253089316,7.390939583646959,2.7186282540367595,4.907299571777271,0.18557405814580763,0.43078307550994577,0.9836371263178929,7.576513641792767,2.7525467556052097,4.973388581378101,42.153401375049725
0,1234,NTK,26,58,149.25016755387472,230.92310566929416,0.17419621505768815,7.209277626977519,0.14933990389932825,0.5828121817073993,0.41366250936100046,2.0035253089316,6.827996253307594,2.613043484771655,4.64844729922714,0.28716339971532584,0.5358762914286522,1.3911626515944837,7.11515965302292,2.6674256602617663,4.671474345275614,42.812943750061095
0,1234,NTK,26,59,149.1277268601998,229.3366627341705,0.13870525303062783,7.633878168390058,0.1154808279037701,0.5828121817073993,0.41366250936100046,2.0035253089316,7.010424894880723,2.647720698049687,4.701183230164615,0.24988229199461634,0.49988227813617914,1.272745196702432,7.260307186875338,2.69449572032975,4.71866184048918,43.485245792078786
0,1234,NTK,27,60,149.1277268601998,229.3366627341705,0.13870525303062783,7.633878168390058,0.1154808279037701,0.5828121817073993,0.41366250936100046,2.0035253089316,7.010424894880723,2.647720698049687,4.701183230164615,0.24988229199461634,0.49988227813617914,1.272745196702432,7.260307186875338,2.69449572032975,4.71866184048918,44.15607279201504
0,1234,NTK,27,61,148.67437523179726,229.06674344602231,0.2138907785242694,7.457306598873166,0.14210562393330078,0.5828121817073993,0.41366250936100046,2.0035253089316,6.864134155443928,2.61994926581488,4.720240932915369,0.3659900200887277,0.6049710902916996,1.5542209616533023,7.230124175532656,2.6888890225393567,4.758416820141809,44.86849695909768
0,1234,NTK,28,62,148.67437523179726,229.06674344602231,0.2138907785242694,7.457306598873166,0.14210562393330078,0.5828121817073993,0.41366250936100046,2.0035253089316,6.864134155443928,2.61994926581488,4.720240932915369,0.3659900200887277,0.6049710902916996,1.5542209616533023,7.230124175532656,2.6888890225393567,4.758416820141809,45.51468483405188
0,1234,NTK,28,63,147.9320161855717,229.38453907468428,0.6840944271506446,6.869466876792674,0.19777755361233237,0.5828121817073993,0.41366250936100046,2.0035253089316,6.794587518992687,2.606642959630775,4.3588947605917605,0.5615149300681808,0.7493429989451965,1.8556677466050913,7.356102449060866,2.7122135699573633,4.540081950099355,46.200860125012696
0,1234,NTK,29,64,147.9320161855717,229.38453907468428,0.6840944271506446,6.869466876792674,0.19777755361233237,0.5828121817073993,0.41366250936100046,2.0035253089316,6.794587518992687,2.606642959630775,4.3588947605917605,0.5615149300681808,0.7493429989451965,1.8556677466050913,7.356102449060866,2.7122135699573633,4.540081950099355,46.87549733405467
0,1234,NTK,29,65,150.29115019294142,233.6035395395075,9.310254061575245,5.042861952736954,0.18935704969393558,0.5828121817073993,0.41366250936100046,2.0035253089316,7.177188253980879,2.679027482871514,4.84051180542764,1.3759508124344377,1.1730092976760405,2.247493813493926,8.553139066415314,2.9245750232153926,5.002571765724357,47.534401250071824
0,1234,NTK,29,66,145.61876461136237,227.70080220343976,3.872184589797385,5.529702790845365,0.2312862161976786,0.5828121817073993,0.41366250936100046,2.0035253089316,6.772531315673967,2.6024087526124653,4.4478811868434684,1.0462829711375181,1.022879744220951,2.1560630916877517,7.818814286811485,2.7962142776996695,4.583136372977697,48.20699037506711
0,1234,NTK,30,67,47.694660262329464,227.70080220343976,3.872184589797385,5.529702790845365,0.2312862161976786,0.13950981408809132,0.07286984910684152,2.7876203368050674,6.772531315673967,2.6024087526124653,4.4478811868434684,1.0462829711375181,1.022879744220951,2.1560630916877517,7.818814286811485,2.7962142776996695,4.583136372977697,49.18812487507239
0,1234,NTK,30,68,109.9177761354859,528.5707282841503,35.33468314354448,12.047688795221864,0.017756774189910663,0.13950981408809132,0.07286984910684152,2.7876203368050674,16.05054682767479,4.006313371127475,6.471906381482836,2.4546521774717798,1.566732963038622,2.9299431136632204,18.505199005146572,4.301766963138121,6.479347894945603,49.8453359589912
0,1234,NTK,30,69,46.90337924094004,231.46297994925027,5.759578069077829,5.00870127980455,0.22996480656702162,0.13950981408809132,0.07286984910684152,2.7876203368050674,6.771425375707154,2.6021962600286614,4.583730941493252,1.2646237274352583,1.124554901921315,2.221777509547444,8.036049103142412,2.8347926031973505,4.752938754437157,50.517136334092356
0,1234,NTK,31,70,46.90337924094004,231.46297994925027,5.759578069077829,5.00870127980455,0.22996480656702162,0.13950981408809132,0.07286984910684152,2.7876203368050674,6.771425375707154,2.6021962600286614,4.583730941493252,1.2646237274352583,1.124554901921315,2.221777509547444,8.036049103142412,2.8347926031973505,4.752938754437157,51.182950749993324
0,1234,NTK,31,71,44.81231495470831,235.10516680272403,5.323407782865253,4.103693753353037,0.18538075817217536,0.13950981408809132,0.07286984910684152,2.7876203368050674,5.513021726579452,2.3479824800409927,4.18243333395899,1.1989264488021576,1.094954998528322,2.143966717878095,6.711948175381609,2.5907427844889597,4.350401208871882,51.89883879199624
0,1234,NTK,32,72,44.81231495470831,235.10516680272403,5.323407782865253,4.103693753353037,0.18538075817217536,0.13950981408809132,0.07286984910684152,2.7876203368050674,5.513021726579452,2.3479824800409927,4.18243333395899,1.1989264488021576,1.094954998528322,2.143966717878095,6.711948175381609,2.5907427844889597,4.350401208871882,52.65623050008435
0,1234,NTK,32,73,43.798903061147456,231.0676899525705,6.692253027646497,3.9323582472081253,0.1131073042697131,0.13950981408809132,0.07286984910684152,2.7876203368050674,5.563384924052164,2.358682879077254,4.438728870971029,1.0300233259686402,1.0149006483240812,1.9845161816466816,6.593408250020803,2.5677632776447292,4.570314489996345,53.33636600000318
0,1234,NTK,33,74,43.798903061147456,231.0676899525705,6.692253027646497,3.9323582472081253,0.1131073042697131,0.13950981408809132,0.07286984910684152,2.7876203368050674,5.563384924052164,2.358682879077254,4.438728870971029,1.0300233259686402,1.0149006483240812,1.9845161816466816,6.593408250020803,2.5677632776447292,4.570314489996345,54.03001445904374
0,1234,NTK,33,75,42.87131813210199,228.43767473700578,7.3888735719945915,3.736547204457466,0.047519519987908244,0.13950981408809132,0.07286984910684152,2.7876203368050674,5.525485571734834,2.350635142197707,4.571009920008209,0.687904743191608,0.8294002310052777,1.6706352758223386,6.213390314926443,2.4926673093147516,4.6414329425683825,54.72680204210337
0,1234,NTK,34,76,42.87131813210199,228.43767473700578,7.3888735719945915,3.736547204457466,0.047519519987908244,0.13950981408809132,0.07286984910684152,2.7876203368050674,5.525485571734834,2.350635142197707,4.571009920008209,0.687904743191608,0.8294002310052777,1.6706352758223386,6.213390314926443,2.4926673093147516,4.6414329425683825,55.43442825006787
0,1234,NTK,34,77,41.278878363369266,222.68399098354897,9.059410054452483,3.426446591196007,0.0004861366008016226,0.13950981408809132,0.07286984910684152,2.7876203368050674,5.536382505874434,2.3529518707093082,4.635838172081733,0.27309036040671975,0.5225804822290244,1.202804213883378,5.809472866281153,2.410284810200063,4.6436252541425285,56.0905516250059
0,1234,NTK,35,78,41.278878363369266,222.68399098354897,9.059410054452483,3.426446591196007,0.0004861366008016226,0.13950981408809132,0.07286984910684152,2.7876203368050674,5.536382505874434,2.3529518707093082,4.635838172081733,0.27309036040671975,0.5225804822290244,1.202804213883378,5.809472866281153,2.410284810200063,4.6436252541425285,56.80694645899348
0,1234,NTK,35,79,38.16464962926928,207.1044396948435,14.336497245724933,2.9071477689267176,0.1228251168491111,0.13950981408809132,0.07286984910684152,2.7876203368050674,5.932959900944622,2.4357667993764553,4.858173604837963,0.35994858459428286,0.5999571522986311,1.285816561828525,6.292908485538907,2.5085670183471094,4.8999431158245725,57.682085667038336
0,1234,NTK,36,80,38.16464962926928,207.1044396948435,14.336497245724933,2.9071477689267176,0.1228251168491111,0.13950981408809132,0.07286984910684152,2.7876203368050674,5.932959900944622,2.4357667993764553,4.858173604837963,0.35994858459428286,0.5999571522986311,1.285816561828525,6.292908485538907,2.5085670183471094,4.8999431158245725,58.519979417091236
0,1234,NTK,36,81,41.66457236119498,201.9499380530729,25.637406370212236,3.809618113968362,1.0026111846619001,0.13950981408809132,0.07286984910684152,2.7876203368050674,8.352463987246722,2.89006297288601,5.728516297864368,1.0996398612265914,1.0486371446914282,2.223036769649221,9.452103848473314,3.0744274017243134,5.826649125293174,59.252329709008336
0,1234,NTK,36,82,36.065381351198326,187.5635343875587,18.840291729090076,2.9097003066360116,0.4143985748705304,0.13950981408809132,0.07286984910684152,2.7876203368050674,6.9608571832035535,2.638343643880295,5.275964156151586,0.7133184074056699,0.8445817943844574,1.6173580005647623,7.674175590609223,2.7702302414437003,5.365381298132812,60.03588916710578
0,1234,NTK,37,83,36.065381351198326,187.5635343875587,18.840291729090076,2.9097003066360116,0.4143985748705304,0.13950981408809132,0.07286984910684152,2.7876203368050674,6.9608571832035535,2.638343643880295,5.275964156151586,0.7133184074056699,0.8445817943844574,1.6173580005647623,7.674175590609223,2.7702302414437003,5.365381298132812,60.76689333410468
0,1234,NTK,37,84,36.951959398504314,183.5350430263462,41.28162985723734,2.7823184067069158,0.582786154664277,0.13950981408809132,0.07286984910684152,2.7876203368050674,8.767629482291982,2.9610183184661287,6.0917688036805835,0.697732455272126,0.8353038101625815,1.6551380682119265,9.465361937564108,3.0765828345039092,6.182384104147238,61.48292300000321
0,1234,NTK,37,85,35.14156034107888,177.79019181410857,27.757427301772307,2.8037963183872687,0.4994845579366981,0.13950981408809132,0.07286984910684152,2.7876203368050674,7.762041658480986,2.786044087677183,5.659773351798321,0.7114374411442044,0.8434675104259822,1.6437630550223097,8.473479099625191,2.9109240971940835,5.750470817344068,62.18700191704556
0,1234,NTK,38,86,35.14156034107888,177.79019181410857,27.757427301772307,2.8037963183872687,0.4994845579366981,0.13950981408809132,0.07286984910684152,2.7876203368050674,7.762041658480986,2.786044087677183,5.659773351798321,0.7114374411442044,0.8434675104259822,1.6437630550223097,8.473479099625191,2.9109240971940835,5.750470817344068,62.8669541249983
0,1234,NTK,38,87,31.9378682719137,147.40977340764377,37.76448283673917,2.9190936475799134,0.48354120610230805,0.13950981408809132,0.07286984910684152,2.7876203368050674,9.963145198845295,3.156445025474908,6.3292796778227824,0.27513776026885495,0.5245357569020962,1.0819435585744759,10.23828295911415,3.19973170111404,6.353328570953977,63.55755166709423
0,1234,NTK,39,88,31.9378682719137,147.40977340764377,37.76448283673917,2.9190936475799134,0.48354120610230805,0.13950981408809132,0.07286984910684152,2.7876203368050674,9.963145198845295,3.156445025474908,6.3292796778227824,0.27513776026885495,0.5245357569020962,1.0819435585744759,10.23828295911415,3.19973170111404,6.353328570953977,64.2508502920391
0,1234,NTK,39,89,29.4095170019104,142.10609548131976,39.33581963901614,2.2238710369559236,0.518618669887784,0.13950981408809132,0.07286984910684152,2.7876203368050674,8.906639700446888,2.9843993868862273,5.991753366640055,0.17311408193660507,0.41606980416344214,0.9820818897434568,9.079753782383497,3.0132629792939576,5.991854212789869,64.93873241706751
0,1234,NTK,40,90,30.231519113568606,142.10609548131976,39.33581963901614,2.2238710369559236,0.518618669887784,0.05659519669174284,0.4075405872346499,2.5358642160736076,8.906639700446888,2.9843993868862273,5.991753366640055,0.17311408193660507,0.41606980416344214,0.9820818897434568,9.079753782383497,3.0132629792939576,5.991854212789869,65.90673058410175
0,1234,NTK,40,91,32.544432856543985,262.0132576963278,6.401201204924186,5.536752645651941,1.0665387959544284,0.05659519669174284,0.4075405872346499,2.5358642160736076,5.744496021946573,2.396767828127408,4.351814009587547,0.4855938090996266,0.6968456135326007,1.7161825082209359,6.2300898310462,2.496014789829219,4.388622329483178,66.59679616708308
0,1234,NTK,40,92,26.601441916941198,182.45460439075052,21.668623257175565,2.681512699807832,0.6445921469472099,0.05659519669174284,0.4075405872346499,2.5358642160736076,6.715827712990574,2.59149140708407,5.333369662767924,0.32297258793941164,0.5683067727375872,1.444271670052344,7.038800300929985,2.653073745852155,5.351985529709657,67.29026125010569
0,1234,NTK,41,93,26.601441916941198,182.45460439075052,21.668623257175565,2.681512699807832,0.6445921469472099,0.05659519669174284,0.4075405872346499,2.5358642160736076,6.715827712990574,2.59149140708407,5.333369662767924,0.32297258793941164,0.5683067727375872,1.444271670052344,7.038800300929985,2.653073745852155,5.351985529709657,67.95815925009083
0,1234,NTK,41,94,25.050959922225335,207.24048762439824,9.297329848804765,3.389441398901336,0.9379413403813184,0.05659519669174284,0.4075405872346499,2.5358642160736076,6.990923539075635,2.644035464791582,5.37895978303198,0.2297490738996365,0.47932147239575706,1.1356621900893082,7.220672612975271,2.68713092590876,5.388465386497169,68.62576191709377
0,1234,NTK,42,95,25.050959922225335,207.24048762439824,9.297329848804765,3.389441398901336,0.9379413403813184,0.05659519669174284,0.4075405872346499,2.5358642160736076,6.990923539075635,2.644035464791582,5.37895978303198,0.2297490738996365,0.47932147239575706,1.1356621900893082,7.220672612975271,2.68713092590876,5.388465386497169,69.25701558403671
0,1234,NTK,42,96,23.37825019264299,190.69980174619246,12.792243374653957,2.651350039100634,0.6487353383451728,0.05659519669174284,0.4075405872346499,2.5358642160736076,6.491781932296368,2.547897551373753,5.110203288131048,0.20976585025874742,0.4580020199286761,1.1691780092281192,6.7015477825551155,2.5887347841281687,5.115164866434039,69.93253595905844
0,1234,NTK,43,97,23.37825019264299,190.69980174619246,12.792243374653957,2.651350039100634,0.6487353383451728,0.05659519669174284,0.4075405872346499,2.5358642160736076,6.491781932296368,2.547897551373753,5.110203288131048,0.20976585025874742,0.4580020199286761,1.1691780092281192,6.7015477825551155,2.5887347841281687,5.115164866434039,70.6057804170996
0,1234,NTK,43,98,23.023390013995403,193.03200609534397,11.974141782419297,2.642507280215425,0.5177172349773023,0.05659519669174284,0.4075405872346499,2.5358642160736076,6.381685240183012,2.5261997625253256,4.993956461554161,0.19339081061496877,0.43976222054079267,1.1278613644356614,6.575076050797981,2.564191110428,4.997621838176274,71.25810054200701
0,1234,NTK,44,99,23.023390013995403,193.03200609534397,11.974141782419297,2.642507280215425,0.5177172349773023,0.05659519669174284,0.4075405872346499,2.5358642160736076,6.381685240183012,2.5261997625253256,4.993956461554161,0.19339081061496877,0.43976222054079267,1.1278613644356614,6.575076050797981,2.564191110428,4.997621838176274,71.91115900001023
0,1234,NTK,44,100,22.076106778878028,203.7930550163193,8.954873344076825,2.682958453040581,0.08930607028347332,0.05659519669174284,0.4075405872346499,2.5358642160736076,6.088934898280126,2.467576725915554,4.720280302995863,0.14550623227022902,0.38145279166658225,0.888323608351571,6.234441130550355,2.4968862870684267,4.720393014153405,72.56584987509996
0,1234,NTK,49,110,21.211453262946357,205.2279846568532,7.987711844106122,2.4878540976065797,0.03235814810096926,0.05659519669174284,0.4075405872346499,2.5358642160736076,5.306494945201227,2.303583066703093,4.483115475136138,0.19985842461613296,0.4470552813871378,1.1690405041900975,5.50635336981736,2.346562031955976,4.487249001357758,78.77074904204346
0,1234,NTK,53,120,180.17240382233328,197.6811309708822,12.773689132565439,2.5556492268620654,0.10500536076989674,0.8472361616488532,0.6931942577692085,1.4595695805819386,5.053781812640292,2.2480617902184745,4.636010383521758,0.2179348208292629,0.46683489675608325,1.1125548642377274,5.2717166334695555,2.296021914849585,4.642176592318251,85.18489737506025
0,1234,NTK,57,130,152.36288382160092,147.40842152183208,29.841453058418338,4.425189549613293,0.3283426182180794,0.8472361616488532,0.6931942577692085,1.4595695805819386,10.1059860358007,3.178991355100026,5.776622651360295,0.2855753802149372,0.5343925338315808,1.1258591914645706,10.391561416015636,3.2235944869067565,5.796938327517546,91.34358708409127
0,1234,NTK,61,140,38.831145184956014,143.11105554699688,29.477986142186833,2.186288265263254,0.192803552955206,0.0690629942039964,0.818812759506927,2.112124246289077,7.348196290783736,2.710755667850523,5.373522775784007,0.22400128962403584,0.47328774506005944,1.0041141419196404,7.572197580407773,2.751762631552324,5.383417191295869,97.71708766708616
0,1234,NTK,66,150,24.831309022765247,236.19461640417933,1.885414875529823,3.278977419561203,0.04959213109066393,0.0690629942039964,0.818812759506927,2.112124246289077,5.018144650105074,2.240121570385204,3.9041865014407677,0.27932669484925987,0.5285136657166585,1.045601073260554,5.297471344954334,2.301623632341816,3.923683188969826,103.87726083409507
0,1234,NTK,70,160,31.67961451006775,182.74012313890918,7.1223016508789945,2.211803217325709,0.10439650825574939,0.12059991162156132,0.6451705391972771,2.2342295491811615,3.318986499495583,1.8218085792683003,3.5485715994913622,0.5987721154607536,0.7738036672572401,1.6473844058701064,3.9177586149563366,1.9793328711857276,3.581517531381107,110.48536845901981
0,1234,NTK,74,170,18.357992095151637,80.49756434961587,6.513081758355331,1.9397883324455805,0.11401206745619505,0.12059991162156132,0.6451705391972771,2.2342295491811615,0.8112941204749138,0.9007186688833055,2.0471475575118196,0.5409317828161635,0.7354806474790234,1.535700653447822,1.3522259032910773,1.1628524856107405,2.278708764764585,116.46400804200675
0,1234,NTK,79,180,9.922379171467202,51.16173195700009,2.045390167755215,1.0476890173809588,0.09187558066242699,0.12059991162156132,0.6451705391972771,2.2342295491811615,0.36865082343760674,0.607166223893924,2.3228570972435207,0.3723163917318336,0.61017734449243,1.3087001938065927,0.7409672151694403,0.8607945255224619,2.3486357012400565,122.46368937508669
0,1234,NTK,84,190,4.455553893464958,26.31325127214473,1.0836383288596991,0.552874593944626,0.0020415376615698522,0.09514531170519964,0.6479521539538389,2.256902534340962,0.20205829732118136,0.4495089513248667,2.2468465495456704,0.19981606645590944,0.44700790424321296,1.2618865797820407,0.40187436377709085,0.6339356148514539,2.2469625849086134,129.38428083399776
0,1234,NTK,89,200,2.2548107007167837,13.091383786800904,0.5849191574808195,0.25064635424953047,0.06454288956156526,0.09514531170519964,0.6479521539538389,2.256902534340962,0.08901650035770878,0.29835633118422134,1.6981512777884264,0.12864822366025067,0.35867565244974553,0.8378730592882637,0.21766472401795947,0.46654552191394943,1.6984257167963155,138.96955812501255
0,1234,NTK,94,210,0.9114754037431668,10.942368887582015,0.5125180315041326,0.12673926241148,0.0003399019382431585,0.03872254554621026,0.2906043898230994,2.6706730646306904,0.05877942804786369,0.242444690698443,1.2962381497974518,0.16850295832201378,0.4104911184447403,0.9029015008430019,0.2272823863698775,0.4767414250617178,1.3525429121115917,146.92754429206252
0,1234,NTK,99,220,0.6304936199853284,8.634194001404756,0.2737210593428352,0.08014200532741057,0.002578013105655524,0.03872254554621026,0.2906043898230994,2.6706730646306904,0.04137943560935658,0.2034193589837422,1.061539423323766,0.174129791354897,0.41728861876990725,0.8970288527818813,0.21550922696425356,0.46422971357319814,1.2072916586352178,152.88976466702297
0,1234,NTK,103,230,0.6679037603990199,5.50615447104734,0.17212730371390406,0.0721986450994003,0.0013838462381738563,0.06427037956747715,1.0075345428629043,1.9281950775696186,0.024534352112362892,0.15663445378448157,1.064350973941579,0.11539926941553864,0.339704679708035,0.9012867564593368,0.13993362152790154,0.37407702619634575,1.188913596584001,159.09852120908909
0,1234,NTK,108,240,0.4758392487504664,4.443217660336687,0.10898237681512438,0.040042391899255236,0.0032589110609130933,0.06427037956747715,1.0075345428629043,1.9281950775696186,0.01703734283515518,0.130527172784655,0.705454180062801,0.08976651400408807,0.2996106039580176,0.9352392499255269,0.10680385683924327,0.3268085935823036,0.9374939058200884,165.0431570840301
0,1234,NTK,113,250,0.3388008246863878,3.8850019032869314,0.07386536301231668,0.034743185433681205,0.00027951004270952554,0.045861918425698193,1.4751609107293586,1.4789771708449428,0.013859126642375949,0.11772479196148936,0.646454055981992,0.060317932347889965,0.2455970935249234,0.7049756140297787,0.0741770589902659,0.2723546566340769,0.7060026500940474,171.61942633404396
0,1234,NTK,118,260,0.22968409636145393,3.1580320497175762,0.03590600836115444,0.021557529748037634,4.537597110663023e-07,0.045861918425698193,1.4751609107293586,1.4789771708449428,0.007952549741730071,0.08917706959600137,0.6051899293571007,0.05717225633416496,0.23910720678006542,0.7522370775277158,0.06512480607589503,0.25519562315191663,0.7550835567954715,177.5219813750591
0,1234,NTK,123,270,0.09040895780941917,2.9562541503835016,0.022945739231739107,0.0150654721465219,1.8314548115039346e-05,0.010927183484274003,1.6567101510130817,1.3323626655026444,0.009336681627985758,0.09662650582519146,0.4547240596935426,0.06286642647510735,0.25073178194059753,0.8099729853540405,0.07220310810309309,0.2687063603696293,0.8125899423600504,183.82486120902468
0,1234,NTK,128,280,0.06604927584523444,2.603052106311877,0.012842481579200827,0.012238610568561752,2.271046480036213e-05,0.010927183484274003,1.6567101510130817,1.3323626655026444,0.00739085720176266,0.08597009481071112,0.3531502808425775,0.05099112321280788,0.2258121414202697,0.7475979000063787,0.05838198041457054,0.24162363380797527,0.7486102607731877,189.78694474999793
0,1234,NTK,133,290,0.16677741183199477,2.3812035449992814,0.010653172814999121,0.010665978599857028,0.0001355742326053555,0.05680480534889384,1.0950700716179091,1.8481251230331972,0.006929704959822755,0.0832448494492167,0.34619861007672537,0.04453154233651992,0.2110249803613779,0.74340802980398,0.05146124729634268,0.22685071588236763,0.747802518771468,196.24535454204306
0,1234,NTK,138,300,0.1422930897659074,1.9251557342594285,0.011909441208748978,0.010610249101163672,0.0002842524520987804,0.05680480534889384,1.0950700716179091,1.8481251230331972,0.0072912034380240905,0.08538854395072029,0.2609032536809591,0.035221484426778374,0.18767387784872558,0.6740599488767567,0.042512687864802466,0.20618605157673123,0.6764190796699032,202.31489933410194
0,1234,NTK,143,310,0.058925989101004266,1.6483438605723157,0.0070680067537416446,0.008172445268990382,6.519142680258249e-08,0.022298087014193734,1.9594543328047,1.0182475801811062,0.006546709037561912,0.08091173609286796,0.26281621003489775,0.031554653626273244,0.17763629591463914,0.631716208730875,0.03810136266383516,0.19519570349737506,0.6353116201203828,208.72564033407252
0,1234,NTK,148,320,0.049376806130845406,1.3724362350634873,0.005880690573734425,0.007018883472005726,0.00010419780443665942,0.022298087014193734,1.9594543328047,1.0182475801811062,0.005184249850672323,0.07200173505320773,0.2035374568672908,0.03989883890788036,0.1997469371677082,0.6367018200946484,0.045083088758552686,0.2123277861198404,0.6397670980418165,214.87191308406182
0,1234,NTK,152,330,0.1424539074642215,1.2528305709938206,0.006801600208265292,0.006014435573078677,0.00018422880230014498,0.09926866365307854,0.5800570020072543,2.320674334339667,0.004575490635392626,0.06764237307629462,0.19803546171899714,0.04656437069052712,0.21578779087456992,0.6177971890544589,0.05113986132591975,0.22614124198367655,0.6214211450415423,221.21978041704278
0,1234,NTK,157,340,0.12552342125082466,1.045183401960327,0.008038251666482954,0.007371475996764798,2.2350911646466624e-08,0.09926866365307854,0.5800570020072543,2.320674334339667,0.004569078870783158,0.06759496187426366,0.1986041204006075,0.04784443853818135,0.21873371605260436,0.5846517120375505,0.05241351740896452,0.22893998647891226,0.6174635382178756,227.29023508401588
0,1234,NTK,162,350,0.06001737198864881,1.020189279088074,0.005599122186715601,0.0054998293086378994,9.834821418215838e-06,0.04276423887457051,1.1645067569910614,1.7927290041343682,0.004831115906417244,0.06950622926340663,0.17604590094388586,0.039168409828509616,0.19791010542291573,0.5883480938262124,0.04399952573492686,0.20976063914597243,0.6022223262805718,233.70586687501054
0,1234,NTK,167,360,0.05403325158990025,0.9215920618825624,0.0050304231530613145,0.004845892147310457,7.673535499177614e-05,0.04276423887457051,1.1645067569910614,1.7927290041343682,0.003868691273324937,0.062198804436459525,0.15827020705377398,0.03967996372414992,0.19919830251322404,0.6232120375272906,0.04354865499747486,0.2086831449769599,0.6307472919443932,239.7184379590908
0,1234,NTK,172,370,0.02694868901277022,0.9329870643804059,0.003846121616741375,0.003604516071098796,6.821275238942335e-05,0.017007766820413297,1.0769884349556949,1.9060037982238918,0.003625998690660025,0.06021626599732023,0.13118915408887688,0.03287839244685912,0.18132399854089673,0.6421245866508256,0.036504391137519146,0.19106122353193267,0.6427348380620663,246.01819679199252
0,1234,NTK,177,380,0.024194646698863526,0.859081873265479,0.0030960042820853298,0.003271154298111294,1.4389195564667193e-05,0.017007766820413297,1.0769884349556949,1.9060037982238918,0.003235595309209322,0.05688229345947052,0.13019705299054093,0.026475156255839995,0.16271188111456394,0.6428330442111718,0.029710751565049313,0.17236807002762813,0.6437880998465576,252.0391650419915
0,1234,NTK,182,390,0.02604592295495269,0.7826076307885517,0.0035214346377559283,0.002492175453523392,2.241725706359609e-05,0.022898346643793355,0.664191516917569,2.3129101364386377,0.003657745848740111,0.060479300994142705,0.14415819826230625,0.024178961784634235,0.15549585777323535,0.6658578090377169,0.027836707633374348,0.16684336256913054,0.6659101347644094,258.3543771250406
0,1234,NTK,187,400,0.02304936874457753,0.7578807752410587,0.00350771411697655,0.0014535343314430974,3.463789316806172e-06,0.022898346643793355,0.664191516917569,2.3129101364386377,0.002954447400109062,0.05435482867334844,0.14774215532187265,0.020617996075205695,0.1435896795567345,0.5998651942238757,0.02357244347531475,0.15353319991231457,0.6004673170905849,264.39921850000974
0,1234,NTK,191,410,0.027823087401979377,0.6495722967045262,0.0035499202350617216,0.0014935059443408484,1.9059096671092646e-06,0.03409683842100196,0.6045600112152175,2.3613431503637807,0.0026519707635200606,0.051497288894854075,0.1368059231634547,0.014175675417461772,0.11906164545084102,0.5512366725497614,0.01682764618098184,0.12972141758777475,0.552724115268265,271.33082237502094
0,1234,NTK,196,420,0.02432362842071564,0.5377275643211812,0.00415108818420621,0.0014734132841733192,2.2601006523703447e-09,0.03409683842100196,0.6045600112152175,2.3613431503637807,0.0015663439786736096,0.03957706379550673,0.1040402695862096,0.01386770740921406,0.1177612305014433,0.4590831507311267,0.01543405138788767,0.12423385765518058,0.4613332026314095,278.08685437508393
0,1234,NTK,201,430,0.031151543068859158,0.47381398410467185,0.0036487015201945457,0.001267948168146883,6.683326121700944e-08,0.05135180085011043,1.294355754486424,1.654292444663466,0.0012479789646630973,0.03532674574119583,0.10681788965352576,0.01879219875625971,0.13708464084739658,0.3803968967678073,0.020040177720922803,0.14156333466305038,0.38064329172809636,284.8819676670246
0,1234,NTK,206,440,0.028128341102856756,0.4233372895681996,0.0028290882852299954,0.0016273607334155922,3.523164855605149e-05,0.05135180085011043,1.294355754486424,1.654292444663466,0.0011837154420374762,0.034405165920795615,0.11361551275661869,0.015800785920662433,0.12570117708542922,0.32175591760578626,0.016984501362699907,0.13032459999056167,0.3230469360123456,291.00101658399217
0,1234,NTK,211,450,0.01081666694746565,0.3775664160569343,0.002467696397999146,0.0012082425420146268,7.24218256661928e-05,0.01621043857681894,0.8087524892382617,2.1750370721849195,0.0015505827609580067,0.039377439746103436,0.10399435032420198,0.010981816346339213,0.10479416179510771,0.26637703636131355,0.012532399107297221,0.11194819832090742,0.2665261042357145,297.35072308406234
0,1234,NTK,216,460,0.010141010437912986,0.40250961662412016,0.002208747919908606,0.0008400383118891449,2.708172308299923e-06,0.01621043857681894,0.8087524892382617,2.1750370721849195,0.0014111669509706784,0.03756550213920584,0.0849121742095996,0.009720995247712551,0.09859510762564516,0.2623178649706004,0.01113216219868323,0.10550906216379345,0.26269621354008593,303.50268183404114
0,1234,NTK,221,470,0.01490105001791089,0.3829542806970342,0.0019109021090720105,0.0010253390903790431,2.297343899881308e-06,0.026039832988236204,2.119972842625741,0.8539873243860227,0.001303467794081852,0.0361035703785907,0.08401939417981238,0.009963119018858305,0.09981542475418469,0.2856379107080024,0.011266586812940158,0.1061441793643917,0.2856995838075168,309.82595166703686
0,1234,NTK,226,480,0.012937141380400363,0.34032755628310396,0.0013747792796846158,0.0013502655033473252,7.464291543488111e-06,0.026039832988236204,2.119972842625741,0.8539873243860227,0.0012109617353745408,0.03479887549008647,0.10154910329485695,0.008137348462008968,0.09020725282375563,0.30124068352779493,0.009348310197383506,0.09668665987292924,0.302594935384463,315.8670929170912
0,1234,NTK,230,490,0.01936040727797814,0.3007427049435823,0.0012523066473311098,0.0011442237363751455,7.230169010014941e-05,0.05266502322944248,0.7130952135504965,2.234239763220061,0.0010480075555096837,0.032372944807503745,0.10156782042983258,0.005479813593649104,0.07402576303996537,0.3487969531006464,0.006527821149158787,0.08079493269480945,0.3495991127885307,322.24082020903006
0,1234,NTK,235,500,0.017508899767548786,0.2708966752013007,0.0014129190965346944,0.0009999716621656668,3.9778071677852186e-07,0.05266502322944248,0.7130952135504965,2.234239763220061,0.0011012244864086731,0.033184702596357155,0.09737546718216632,0.005993006809757649,0.07741451291429566,0.3402320001907658,0.0070942312961663236,0.08422725981632267,0.3421095501218261,328.2224472920643
0,1234,NTK,240,510,0.01413831609404438,0.25635091633386853,0.0012928857684294985,0.0009093910350394563,1.4865971406488066e-06,0.04304296353087353,1.0787531041694727,1.8782039322996542,0.0009904390583627973,0.03147124176709266,0.08966518096620275,0.0075872763319987605,0.08710497306123664,0.28044702581477643,0.008577715390361557,0.09261595645654995,0.281126549845119,334.5983207090758
0,1234,NTK,245,520,0.012513582330648736,0.2167185020228415,0.0012465397146673733,0.000955951440199863,4.519541087517106e-05,0.04304296353087353,1.0787531041694727,1.8782039322996542,0.001087941394485999,0.032983956622667315,0.09970136923546374,0.005472495049883507,0.07397631411393452,0.17299814269993102,0.006560436444369505,0.08099652118683558,0.17902768539079802,340.62790900003165
0,1234,NTK,250,530,0.011070757165844238,0.18897404474766566,0.001454078260153608,0.0007455324218148183,9.117349563479907e-06,0.04445879594496194,0.644460111978263,2.311081092076775,0.001026130622104563,0.03203327367136495,0.09063583446043984,0.0071256357075418775,0.0844134806031707,0.22573840089527236,0.00815176632964644,0.09028713269146628,0.22798654517369535,347.1691143340431
0,1234,NTK,255,540,0.010506065940499236,0.17980407249892755,0.0014764238755929399,0.0006752899929834797,4.714055148830294e-08,0.04445879594496194,0.644460111978263,2.311081092076775,0.0010230299556404133,0.031984839465603286,0.0812891827808093,0.006148664178452693,0.07841341835714531,0.20419135817978182,0.007171694134093105,0.08468585557277616,0.20554657818467545,353.20627416705247
0,1234,NTK,260,550,0.009401559345150351,0.1721971865486449,0.0010294427663840974,0.0007710158119043624,5.715245558641328e-07,0.04012157994145641,0.8128082925110692,2.1470701275474746,0.0011709752086949416,0.03421951502717333,0.07636859034971531,0.005700123996910237,0.07549916553784046,0.18557949233833726,0.006871099205605178,0.08289209374605747,0.1917667949880526,359.52233258401975
0,1234,NTK,265,560,0.008163092228839269,0.14862174772120412,0.001140935231848501,0.0005887212059625525,8.765564163589942e-06,0.04012157994145641,0.8128082925110692,2.1470701275474746,0.000920002304216017,0.03033153976005862,0.0669545444874462,0.00462107599040078,0.06797849652942303,0.16616252191881442,0.005541078294616798,0.0744384194795725,0.16974813967664687,365.64067345904186
0,1234,NTK,270,570,0.009905832683894137,0.14483440158722458,0.0008303586169068281,0.0005415500365255579,6.766752507840349e-06,0.055701735875071025,0.8207980377827017,2.1235002263422276,0.0009761087641225028,0.031242739382494982,0.0740737425741711,0.0039675760343048675,0.0629886976711288,0.15501774779666067,0.004943684798427371,0.07031134189039043,0.1582739613059368,372.1201940421015
0,1234,NTK,275,580,0.009354747703724065,0.13316890088323513,0.0007348445655759452,0.0006281266912756871,2.2611357056608034e-08,0.055701735875071025,0.8207980377827017,2.1235002263422276,0.0009648824968338629,0.03106255779606475,0.06719203309407296,0.003711622345367209,0.06092308548791016,0.14500090915900238,0.0046765048422010725,0.06838497526650918,0.14699678009673042,378.1523753340589
0,1234,NTK,280,590,0.00332539858370385,0.12239592904485569,0.0008170330558623407,0.0005745202388468098,1.2990348351731368e-05,0.011568074325372086,0.7406140818971174,2.2478178437775105,0.0010074228153034081,0.03173992462661826,0.06639474068152187,0.003943008937524431,0.06279338291193134,0.15702983810942842,0.004950431752827838,0.07035930466418666,0.15870170365970226,384.67477383406367
0,1234,NTK,285,600,0.002828062198255121,0.13825495253456924,0.000600316543600186,0.00034835521153968297,1.0766852265430472e-06,0.011568074325372086,0.7406140818971174,2.2478178437775105,0.0008991276602048081,0.029985457478664688,0.06819298569886605,0.0048120242314930685,0.06936875544143103,0.17152068586285996,0.005711151891697876,0.07557216347106835,0.17288445107898476,390.70829320908524
0,1234,NTK,289,610,0.0027214016666176136,0.1391479060936787,0.0005424766502932522,0.00031504522002303757,1.7982332338870474e-06,0.011568074325372086,0.7406140818971174,2.2478178437775105,0.0008837460682048758,0.029727866862674084,0.07194076778979945,0.004662946902080683,0.0682857737898655,0.1723155259100455,0.00554669297028556,0.07447612349126101,0.17328888343239648,396.80739329208154
0,1234,NTK,294,620,0.004664677542545099,0.12871208451565547,0.0005560668919585138,0.0003596572298172036,1.1196300743135702e-06,0.02596779696541007,1.2807743188417102,1.6932578841928796,0.0008277497342930645,0.028770640143956902,0.06666813749489081,0.0038591502380736055,0.06212205919054523,0.15530440862656442,0.00468689997236667,0.06846093756564155,0.15700129307043115,403.5013956250623
0,1234,NTK,299,630,0.004514540881002005,0.12096202784648553,0.0005382892297864379,0.0004026633035899309,2.1836662618345086e-06,0.02596779696541007,1.2807743188417102,1.6932578841928796,0.0009223661642622279,0.03037048179173699,0.06765620906312532,0.00374693057199435,0.061212176664405184,0.14365301133581676,0.004669296736256578,0.06833225253316752,0.14511111876818236,410.71427133399993
0,1234,NTK,304,640,0.004993430468446491,0.11726246724861755,0.00047010924232616464,0.00043027446564126754,1.1814173507923882e-06,0.031082152973874875,1.758000713098958,1.210917133927167,0.0009729586364763664,0.0311922848870737,0.07162837554110536,0.004042184266570208,0.06357817445138078,0.14811944163711943,0.0050151429030465735,0.07081767366305232,0.1500745400327205,419.3948458340019
0,1234,NTK,308,650,0.004814793064631857,0.11383171257175272,0.0004407676458486891,0.0004143170506933453,8.490992279585038e-08,0.031082152973874875,1.758000713098958,1.210917133927167,0.000962983486116495,0.031031975220995763,0.07239446565207379,0.0043430780885059675,0.06590203402404184,0.160006580143526,0.005306061574622462,0.0728427180617422,0.1604638055094397,425.6733371670125
0,1234,NTK,313,660,0.005926959332827036,0.10880551129515202,0.0004453932082882968,0.00040840125592032185,5.651164452048831e-06,0.04295846965901985,1.068622641893117,1.8884188884478628,0.0009011078953900355,0.03001845924410571,0.06914036881536328,0.00443263515724312,0.0665780380999855,0.1595963815418956,0.005333743052633157,0.07303247943643401,0.16164268714179114,432.0335216250969
0,1234,NTK,318,670,0.005606481809471101,0.1000721468602389,0.00048505532067137164,0.0004179114000772127,2.6450188952946808e-09,0.04295846965901985,1.068622641893117,1.8884188884478628,0.0008889231727451046,0.029814814652201087,0.0674313262441518,0.005132713653956094,0.07164295955609382,0.1682708724770695,0.006021636826701198,0.07759920635355234,0.17087772799398532,438.07581208401825
0,1234,NTK,323,680,0.002718423294094202,0.10231032275955926,0.0004905754870151351,0.00030858857829581027,1.7539022160651658e-07,0.01641400007287189,0.649638468683395,2.3339475312437328,0.0007370447893897641,0.027148568827652115,0.06647358225236717,0.005714792573240582,0.07559624708436645,0.19063788592675807,0.006451837362630348,0.0803233301266223,0.1922290923054919,444.3152159170713
0,1234,NTK,328,690,0.0026195601240853387,0.10287266946233513,0.00047225227673974835,0.0002674500940739571,3.8734577050877024e-10,0.01641400007287189,0.649638468683395,2.3339475312437328,0.0007585862114236782,0.027542443817201084,0.06997055935231573,0.005123013261735323,0.07157522798940512,0.178502494354787,0.005881599473159,0.07669158671692092,0.18051868197178633,450.2038896670565
0,1234,NTK,332,700,0.004516974367559667,0.09398608793093391,0.0004623565453582429,0.0002999529744493471,2.9652753912443847e-06,0.03608477032219734,1.437822488966356,1.5260927407114468,0.0007126330038640687,0.0266951869044603,0.06356972439912267,0.004887679657759696,0.06991194216841423,0.17461637795810547,0.005600312661623766,0.074835236764667,0.17673864878296264,456.68455945909955
0,1234,NTK,337,710,0.00425309894196451,0.08602476457720645,0.00043596259118602567,0.00033846182085680806,5.554124402051368e-06,0.03608477032219734,1.437822488966356,1.5260927407114468,0.0007691439666751553,0.02773344491178756,0.06414329435066364,0.005361454243908593,0.07322195192637651,0.18179478318056452,0.006130598210583748,0.07829813669930943,0.18455403967027867,462.7112386249937
0,1234,NTK,342,720,0.002010556651984628,0.08593330133499143,0.00036889494224329064,0.00035193175812792116,6.798870747204264e-06,0.010582055474258095,2.4957405484945743,0.4936773960311678,0.0007200345132338259,0.02683345883843203,0.061110362773424826,0.006320039938554112,0.07949867884785326,0.1917874308282131,0.007040074451787939,0.08390515152115476,0.19352852427244185,469.12859891704284
0,1234,NTK,347,730,0.0018840521219887583,0.08596389872189568,0.00031723688114170456,0.00036889773741523887,5.199547779031812e-07,0.010582055474258095,2.4957405484945743,0.4936773960311678,0.0007728736240876317,0.027800604743199953,0.066271045536581,0.005209865773255253,0.07217939992307537,0.17926426071688956,0.005982739397342884,0.07734816996763973,0.1807656019158804,475.15641908405814
0,1234,NTK,351,740,0.0031130491305027064,0.08289922308569463,0.00030208595346272306,0.00036830167373253566,3.5107388317240713e-07,0.026088089169031676,2.1940560486800047,0.7798558621509635,0.0007310294985960556,0.027037557186181883,0.06293604584855557,0.005675528034041191,0.07533610047010125,0.18438920963164235,0.006406557532637247,0.08004097408600952,0.18569508426598053,481.60125441709533
0,1234,NTK,356,750,0.002940830657806001,0.07674129782849563,0.00029675459707224384,0.0003663829527365866,1.9747249452289497e-06,0.026088089169031676,2.1940560486800047,0.7798558621509635,0.0006875697313552567,0.026221550895308553,0.060155209433991094,0.005017378085728288,0.07083345315405912,0.1725490684583601,0.005704947817083544,0.07553110496400502,0.17441109879659,487.5249250000343
0,1234,NTK,361,760,0.002647117157682567,0.0743883551937096,0.00028095582045697346,0.00036764802718675105,1.6174561634140243e-07,0.02316842020382838,1.9717056856720498,1.0051258941241215,0.0006444484799451003,0.025385989835834653,0.05921962907444208,0.005181596672640785,0.07198330829185878,0.17284864956638524,0.005826045152585886,0.07632853432751009,0.17505710771157096,493.8855540420627
0,1234,NTK,366,770,0.0025530032308967187,0.07135262912124887,0.0002641336244531583,0.00037656158886933093,5.899639511589748e-07,0.02316842020382838,1.9717056856720498,1.0051258941241215,0.0006764730528746613,0.026009095579713287,0.06018583355089316,0.0050497209705978865,0.07106138874661744,0.16746087046146674,0.005726194023472547,0.07567161966994328,0.16985460670718,499.85605604201555
0,1234,NTK,371,780,0.004198910113401515,0.069086762047253,0.000290290849286076,0.00032578698163261336,7.116002891738217e-07,0.0473010282892222,0.891005765082913,2.0616932066278646,0.0005973922478716238,0.024441608946049846,0.05739571561227132,0.0036801649165003063,0.06066436282118445,0.1433152689961587,0.00427755716437193,0.06540303635437678,0.14557387890837367,506.24018333409913
0,1234,NTK,376,790,0.004076375122667752,0.06656743345430896,0.00032810204784345374,0.00030754283896687243,1.2672716954925751e-06,0.0473010282892222,0.891005765082913,2.0616932066278646,0.0005593444382507192,0.023650463806249532,0.06093624474235117,0.002875093624708651,0.053619899521620246,0.12809283799646903,0.0034344380629593705,0.058604078893532405,0.1304326398180527,512.1902001251001
0,1234,NTK,381,800,0.002031402475488155,0.06759029755393542,0.0003293034106539424,0.00023215111719236206,1.008145748049064e-05,0.01799303441662867,1.1619923249530888,1.8200146406302828,0.00046672921399509745,0.02160391663553388,0.058553059669348546,0.0020197085538873672,0.04494116769608203,0.11526666070802355,0.0024864377678824644,0.049864193244075095,0.1184547957106403,518.6124982089968
0,1234,NTK,386,810,0.001926353375612227,0.06891521257495707,0.00027897915266872445,0.00019896998076774313,5.967165555130034e-08,0.01799303441662867,1.1619923249530888,1.8200146406302828,0.0004319486047055171,0.0207833732754218,0.053520042611924765,0.0021702298646410095,0.046585725975249216,0.12212005673811077,0.002602178469346526,0.051011552312652926,0.12458029551859841,524.7787698750617
0,1234,NTK,390,820,0.002812314593091788,0.06433384426544979,0.00028830661176881524,0.0002164657169616849,1.0888773121949948e-09,0.03213645454645076,1.4255269542966686,1.5423365911568807,0.00040500985523003914,0.02012485665116746,0.05696010930997651,0.001980893644666559,0.04450723137498623,0.10318059267821439,0.0023859034998965985,0.04884571117198109,0.10567924201091076,531.2283939170884
0,1234,NTK,395,830,0.0027475891131419367,0.0626932292129516,0.0002886536069472796,0.00020788692563736527,7.358927777774392e-07,0.03213645454645076,1.4255269542966686,1.5423365911568807,0.00035268732752623543,0.01877997144636369,0.05504523423145173,0.0019135779607806663,0.04374446205842136,0.1123154810808536,0.0022662652883069017,0.04760530735440011,0.11344296313446861,537.4178240840556
0,1234,NTK,400,840,0.002500118019781701,0.06242680542247755,0.0002888897783326485,0.0001917378927504737,3.9961179199806035e-07,0.029301689035260644,1.0387048412808928,1.9319934696838466,0.00034484594685446005,0.01857002818668997,0.04852070834957017,0.0018949943708014658,0.04353153306284383,0.1067141684366118,0.002239840317655926,0.04732695128207527,0.1079170007410123,544.0247749170521
0,1234,NTK,405,850,0.0024609254035855275,0.0607547526057668,0.00029007014621303806,0.0001961018392636722,5.437972842121705e-07,0.029301689035260644,1.0387048412808928,1.9319934696838466,0.0003618755549564116,0.01902302696619052,0.05044821992787168,0.0017425359367390849,0.0417436933768334,0.10712234264040466,0.0021044114916954964,0.04587386501806335,0.10877922569029028,550.5913183750818
0,1234,NTK,410,860,0.0016727577618495344,0.06128211280594384,0.0002614440364664695,0.00019528954141663564,2.846906781710033e-06,0.01586066899999016,1.740839328780308,1.2433000022197018,0.0003558621329317717,0.01886430844032645,0.053495263037127726,0.0019690510323003953,0.044373990493310325,0.12249442539095462,0.002324913165232167,0.048217353361960535,0.12367228349269596,558.4640457500936
0,1234,NTK,415,870,0.0016237520536317642,0.060703161663295056,0.00025047559850655394,0.00018073202033297818,2.174051761909691e-07,0.01586066899999016,1.740839328780308,1.2433000022197018,0.000325105470114487,0.018030681354693365,0.048301577025785955,0.0017800148063924252,0.042190221691671935,0.11115661862926951,0.0021051202765069127,0.04588158973386725,0.11247587653640889,564.4426137499977
0,1234,NTK,420,880,0.006892789031311193,0.059883710376936974,0.0002335836948918909,0.00017885098337432355,5.1322518920925e-07,0.10532824647257483,1.2262266626764875,1.6684450908509376,0.0002955018474253046,0.01719016717269802,0.050119955147149044,0.001660630432930314,0.04075083352436259,0.1017774771075286,0.0019561322803556187,0.04422818423082298,0.10216575612110111,570.6298695420846
0,1234,NTK,424,890,0.00649970555366317,0.05431568904455621,0.00029399049262266206,0.0002495760961357951,1.826277631607588e-06,0.10532824647257483,1.2262266626764875,1.6684450908509376,0.000288711079293867,0.016991500207276196,0.055922704923041355,0.0014255670817105905,0.03775668260997767,0.10738912472933282,0.0017142781610044577,0.04140384234590381,0.10789998115382206,576.7577508750837
0,1234,NTK,429,900,0.006297707348780671,0.05146196896458733,0.0003480436139518075,0.0002590664687221727,1.828986056903516e-05,0.10532824647257483,1.2262266626764875,1.6684450908509376,0.00026359756443271657,0.016235687987662135,0.06008419225382096,0.001223670276431228,0.03498099879121847,0.10750082392466209,0.0014872678408639447,0.03856511170558105,0.10808881361807304,582.9135429590242
0,1234,NTK,434,910,0.0020571266669498402,0.05541681826501651,0.0002780453412893589,0.00017213534862514648,4.929342582815377e-06,0.026814481691842047,0.5139622663460301,2.4592232519621278,0.00024770301011319516,0.015738583484964434,0.05034198098841975,0.001614832210814448,0.04018497493858181,0.12164746906378343,0.0018625352209276432,0.04315709931086244,0.12210354637190553,589.1820365840103
0,1234,NTK,439,920,0.0020133470529687058,0.05491464070460085,0.0003125400091767052,0.00015454981528645225,1.3315440193843275e-07,0.026814481691842047,0.5139622663460301,2.4592232519621278,0.0002480454087717801,0.015749457411980264,0.045117926322458535,0.001475412623619468,0.03841110026567149,0.11878730053820913,0.001723458032391248,0.041514552055770135,0.11927549763966208,595.1402773750015
0,1234,NTK,444,930,0.001902328505641244,0.05432964334797728,0.0003059645510042726,0.00014937129303340733,1.9440772780102877e-08,0.025438853912178646,0.48476646455975175,2.48979468152807,0.00022839178974658496,0.01511263675691919,0.043935156740091796,0.0015922430842662035,0.0399029207485643,0.1319201701608218,0.0018206348740127886,0.04266889820481411,0.13210163743311087,601.6276341250632
0,1234,NTK,449,940,0.0018537294894134982,0.05237504225094673,0.00035320115966726095,0.00014059677103849525,9.127072551256414e-08,0.025438853912178646,0.48476646455975175,2.48979468152807,0.00022478289875670562,0.014992761545382679,0.03886990629029385,0.0012622821911428658,0.03552861088113164,0.11321981272815423,0.0014870650898995714,0.0385624829322435,0.11346956944125347,607.6218373751035
0,1234,NTK,453,950,0.002346869460402696,0.05198483710194325,0.00028739644078414024,0.00015334158820105683,1.7338789616507762e-08,0.03371152426753376,1.0406832388955032,1.9256052368369634,0.00022093662347477368,0.014863937011262315,0.04324419069292438,0.0011856534268970024,0.03443331855771387,0.0974773641524821,0.001406590050371776,0.037504533730894137,0.0977667246436767,614.0381012500729
0,1234,NTK,458,960,0.0022773119895333985,0.051222022793233755,0.0002677979892151638,0.00014113825858216118,7.007647713250725e-08,0.03371152426753376,1.0406832388955032,1.9256052368369634,0.00020065662583154247,0.014165331829206913,0.03469903832770493,0.0012577522903901522,0.035464803543656526,0.10774268918506041,0.0014584089162216947,0.0381891203907827,0.10897442719715976,620.049465459073
0,1234,NTK,463,970,0.0017933065444565846,0.05161219504869487,0.00023160909925357357,0.00014087329425635338,1.1520917690225556e-07,0.023988316512709013,1.4973261651431706,1.4786855183441203,0.0002317875612706819,0.015224570971645864,0.03865142009447499,0.0013902370755996905,0.037285883060478676,0.11161800894248075,0.0016220246368703725,0.04027436699527843,0.11290116444770305,626.39561133401
0,1234,NTK,468,980,0.001753598842671055,0.05030536200402606,0.0002282998258381618,0.00013857267871999498,1.1318064555471379e-07,0.023988316512709013,1.4973261651431706,1.4786855183441203,0.00023764645137670836,0.015415785785249754,0.03634932107563078,0.0011663421346712695,0.034151751560809726,0.10526658566407404,0.0014039885860479778,0.03746983568215876,0.10657239979967635,632.3396694590338
0,1234,NTK,473,990,0.001317048162645844,0.05016952826569741,0.00021926586420669737,0.00012449917222721968,8.22237987264314e-08,0.016856256823009664,1.0541315409908762,1.929012202186114,0.0002109954203912554,0.01452568140884466,0.03387653516855315,0.0011038921182343307,0.03322487198221132,0.10386895210721492,0.001314887538625586,0.03626137805745372,0.10478090761287802,638.5984060839983
0,1234,NTK,478,1000,0.0012960747380339906,0.05000632225406722,0.00020772967324547874,0.00012138958873105661,1.8928896900175682e-08,0.016856256823009664,1.0541315409908762,1.929012202186114,0.00020975934894817755,0.014483071115898642,0.032775549644151435,0.0011011997960276632,0.03318433057977309,0.10371015556532903,0.0013109591449758408,0.03620716980068783,0.10460729410637787,644.5740180420689
0,1234,NTK,526,1100,0.001721274238402616,0.046914129900599684,0.00020343945441424015,0.00011929795336005048,7.213713839050209e-10,0.026439211005278587,1.4993935164076628,1.4741672725870583,0.00020122794849182445,0.01418548372428041,0.03736264968440109,0.0011300767179214526,0.03361661371883629,0.10258391597034189,0.0013313046664132772,0.03648704792680928,0.1034922812822496,713.4378604181111
0,1234,NTK,575,1200,0.002345431710167218,0.042675032485033855,0.00020361021251397518,0.00012409579292694831,5.160075580354041e-07,0.04563619414111312,0.3869174449228126,2.5674463609360743,0.0001812233183738225,0.013461921050645873,0.04311481196006472,0.0012553075111718622,0.035430319094976584,0.1063763160250083,0.001436530829545685,0.03790159402380967,0.1069233415900167,773.8090724591166
0,1234,NTK,624,1300,0.0013551298914326743,0.03982732308587233,0.0001436918315677866,0.00013182689210586862,1.14653328911316e-07,0.023560241518901338,2.047973723454851,0.9284660350262478,0.0001636726034978936,0.012793459403065834,0.036314063355030714,0.0013091713416560392,0.03618247285158989,0.1089744454230715,0.001472843945153933,0.038377649031095334,0.10941520907492733,836.7141923340969
0,1234,NTK,672,1400,0.001465581089322522,0.03486915943621995,0.0001541339281427084,8.831816258375104e-05,1.5266124135233335e-07,0.033232890815901785,0.6777409549083854,2.2890261542757124,0.00010654274706770526,0.010321954614689276,0.025319414470027148,0.0006602533473936124,0.02569539545120122,0.09226071774149369,0.0007667960944613179,0.027691083302415563,0.09252478711443288,897.9920465011382
0,1234,NTK,721,1500,0.0015125248076026318,0.03070923324163979,0.000118413565386769,9.021959575780807e-05,9.565150065520725e-08,0.039495649734755875,1.1510451019905958,1.809459248274648,9.27184687142144e-05,0.00962904298018315,0.02375556936902484,0.000576989960374424,0.024020615320478864,0.08103767311310717,0.0006697084290886384,0.025878725414684518,0.08114292627524487,958.3451872511068
0,1234,NTK,771,1600,0.000977088991279786,0.0263514447198055,0.00010632601157223422,7.592966640138145e-05,3.547200873247543e-08,0.027076194272477584,1.2443459784039803,1.728577827323542,7.808548472770776e-05,0.008836599160746614,0.023457455188962553,0.0003598830511421056,0.01897058383767104,0.06332765688772163,0.0004379685358698133,0.020927697815808916,0.06412320631098886,1020.6697797090746
0,1234,NTK,820,1700,0.00046838060686432036,0.02125102137437134,8.413180867968841e-05,7.65341698511097e-05,4.8878209204283705e-09,0.01038439675193642,2.4861583665283584,0.5034572367197051,7.569301904559252e-05,0.00870017350663724,0.023381824032234693,0.0003855575198642726,0.019635618652445678,0.06231064598437791,0.00046125053890986516,0.02147674414127675,0.06248376520370014,1081.2989594180835
0,1234,NTK,868,1800,0.0005664061652321317,0.02000411105221168,6.855645380253336e-05,6.427460471847723e-05,1.0244986991098828e-07,0.018489656545435683,1.1208180452574907,1.8606922981970735,8.702060539453227e-05,0.009328483552782428,0.023134816386532035,0.00039996512456164063,0.01999912809503556,0.0595301669170743,0.0004869857299561728,0.022067753169640374,0.05972526278795325,1143.880788751063
0,1234,NTK,917,1900,0.0006559351619187246,0.018486079069017045,6.916853012214452e-05,5.655862086890929e-05,1.893699962210345e-08,0.02600057608760212,0.5600526935170542,2.4139467303953435,9.487220745772692e-05,0.00974023651959884,0.022960310446271892,0.0004261942095036205,0.020644471645058407,0.055644575030316,0.0005210664169613474,0.022826879264615813,0.055880487456460896,1204.3605657510925
0,1234,NTK,966,2000,0.0006138177733771577,0.016397522798655043,6.552298476612958e-05,5.435935127935004e-05,5.6385373190734086e-08,0.026493296875392553,1.5854204719716576,1.3880862311529496,9.012986442096992e-05,0.00949367496920818,0.023250943286075697,0.0004282900532248025,0.020695169804203165,0.060395196490236114,0.0005184199176457724,0.022768836545721267,0.060571597328431724,1266.3758235010318
0,1234,NTK,1013,2100,0.0005885762286690868,0.015386237735765926,6.663573939318942e-05,5.0763352645442736e-05,8.080260384212085e-08,0.027123661807427566,1.2758728492778568,1.6970034889147154,8.227189733885201e-05,0.009070385732638497,0.02121724977778961,0.0005176584557955154,0.022752108820843737,0.06450474228306446,0.0005999303531343675,0.02449347572588193,0.06453886387860357,1326.0736736680847
0,1234,NTK,1061,2200,0.0006595410730625814,0.013527888778567013,7.60575225145846e-05,5.4682111679043504e-05,2.5292854160984904e-07,0.03601300784309898,0.4692827751797997,2.494704216977101,8.32512103397412e-05,0.009124210121415509,0.020410763655966457,0.0004600529020265103,0.02144884383892312,0.06845484341110802,0.0005433041123662514,0.023308884837465977,0.06845831054657385,1385.9576551261125
0,1234,NTK,1110,2300,0.14682255269456262,2.4499290120031496,0.013718697476219574,0.022935229349894618,6.135572459833869e-06,0.034598337597785266,0.6465795647672453,2.3188220976349694,0.028025320860678635,0.1674076487520168,0.34454028585535773,0.00419981647828068,0.06480599106780699,0.23618350617257222,0.03222513733895931,0.1795136132413342,0.3506965527476156,1446.6452240011422
0,1234,NTK,1159,2400,0.0008790955584643547,0.011485113549060132,6.768412462243421e-05,5.503304890788142e-05,7.353004826637643e-08,0.06062079142152476,1.6617049993064732,1.2776742092720024,7.597112494773899e-05,0.008716141631922865,0.020815470904664242,0.0003898048024484979,0.019743474933468473,0.055374811354107156,0.0004657759273962369,0.021581842539418104,0.055435304687729274,1505.610860751127
0,1234,NTK,1208,2500,0.0011177352213647322,0.010646646278262197,9.746940049207035e-05,5.168480607253601e-05,2.2237571131817616e-08,0.08851448933162277,0.5427799829172154,2.368705527751162,7.015674683353102e-05,0.008375962442223044,0.020934227252948658,0.0003611043553729168,0.019002745995590133,0.05357982852522092,0.00043126110220644784,0.02076682696529366,0.05372113458436494,1565.7632137930486
0,1234,NTK,1253,2600,0.0006446284562426662,0.011071794984439323,6.359385742135592e-05,3.949929965520814e-05,4.214984234285509e-08,0.04365025689612909,1.847963638592845,1.1083861045110257,6.661967065565538e-05,0.008162087395737403,0.020470873002170292,0.0003866570889124147,0.01966359806628519,0.055943551490073073,0.00045327675956807,0.021290297310466805,0.05607599548481042,1625.2548714181175
0,1234,NTK,1301,2700,0.0006521488483632228,0.010982109794111362,6.801656101030324e-05,2.958807974437678e-05,1.244790880791668e-07,0.043483591994256755,2.2640797044297183,0.6924367035760252,6.270498209038058e-05,0.00791864774379948,0.017967772016645532,0.00045967233782630133,0.021439970564958836,0.057741681372039944,0.0005223773199166819,0.022855575247993254,0.057918789356860546,1686.8976207930828
0,1234,NTK,1349,2800,0.00036884204944773354,0.010241301628980548,4.541610254351062e-05,3.36936470342168e-05,1.951721805435663e-08,0.02454167977985409,1.4698067910907486,1.5056515291293973,6.396574287635749e-05,0.00799785864318428,0.018917659780726924,0.00037672760036054555,0.01940947192379395,0.05774120564389962,0.000440693343236903,0.020992697378776817,0.057829603679199766,1745.8601225430612
0,1234,NTK,1398,2900,0.00021298539709747898,0.009808088974983083,3.310255021147519e-05,2.6421648024989125e-05,1.0480599181175613e-10,0.01266901356495966,1.4663097722311493,1.521021214203891,4.4757312574785606e-05,0.006690090625304384,0.01923261659366033,0.00042829896771239207,0.020695385179126096,0.057583779289876735,0.0004730562802871777,0.021749857017626065,0.05763612916234817,1806.614366834052
0,1234,NTK,1446,3000,0.00025793449894598243,0.009025749472191393,3.295065569186979e-05,2.5053042474703614e-05,1.2111015567717755e-07,0.01930935674656568,1.1214278027701092,1.8592628404833251,3.9502779206062374e-05,0.006285123642861958,0.019018393239275688,0.00031020527999891606,0.01761264545714005,0.0499181577977737,0.0003497080592049784,0.01870048286020921,0.04996508079063154,1866.1840575430542
0,1234,NTK,1493,3100,0.0001780184243935732,0.00834118605178746,3.405546236033342e-05,2.277745195590064e-05,2.724585372023528e-11,0.010878748918902234,1.7017330211071233,1.2873882299739743,3.829934396480394e-05,0.006188646375808198,0.01640854334218774,0.00028323024944380603,0.016829445904241947,0.04838304644036051,0.00032152959340861,0.01793124628709923,0.04845927686445741,1926.5782322931336
0,1234,NTK,1541,3200,0.0003910057451757584,0.0074519643987382995,3.3353310628140286e-05,2.6135759765327813e-05,7.072945533159824e-10,0.04037076571383361,1.7750301471620824,1.184599087124084,3.4852098503611454e-05,0.0059035665917825855,0.01496888167767802,0.0002770041293780715,0.01664344103177199,0.050896617356704366,0.00031185622788168293,0.01765945151701159,0.05104315985022502,1987.233536043088
0,1234,NTK,1590,3300,0.00021867833653469481,0.0072423367585046465,2.8647524146651878e-05,2.144561022391886e-05,1.522091501133925e-08,0.01926263064319262,2.1151218977795763,0.8656154715772308,3.1604219318639534e-05,0.005621763008046456,0.017377055105508025,0.00028088097202280096,0.0167595039312863,0.05084542373444234,0.0003124851913414404,0.01767725067258595,0.05105808724748442,2047.7573652510764
0,1234,NTK,1638,3400,0.0003727102838028822,0.006480908974434101,3.3715303572128974e-05,1.6452589136943722e-05,1.9379761775691622e-07,0.048237677957707635,0.6562324558641481,2.2955298661781445,3.0204531226532836e-05,0.005495864920695635,0.012936857871444482,0.0002412795050868803,0.015533174340323369,0.04974152167115664,0.00027148403631341306,0.01647677263038527,0.04985174465348564,2107.900822376134
0,1234,NTK,1685,3500,0.0004953738767752108,0.006120491560710119,2.794008495399914e-05,1.9546542416744826e-05,3.848999150438622e-08,0.06948401665045445,1.5223124493806228,1.4082035339689227,3.320230295002823e-05,0.0057621439542958515,0.012879063356027409,0.00023728837945152643,0.015404167600085584,0.050924655607655744,0.00027049068240155466,0.01644660093762704,0.05096417023705424,2168.3764549590414
0,1234,NTK,1734,3600,0.0003195979906339685,0.0058872736583402765,2.8337938922116708e-05,1.473056016725147e-05,1.522579052420034e-08,0.045151574095746966,0.7522771063018346,2.2025713196024186,3.340039408089829e-05,0.005779307404948995,0.012769946982078291,0.0002444957118849943,0.01563635865171282,0.05202434428541558,0.0002778961059658926,0.016670216134348485,0.05207999071379348,2230.4871975841234
0,1234,NTK,1782,3700,0.00027146233175847945,0.005481520392156758,3.0584557462124473e-05,1.329309213685367e-05,2.0538596836723908e-09,0.039621899639158326,0.8628215088825498,2.097556591478292,3.4401020684198025e-05,0.005865238331406323,0.014125978903729932,0.0002635158940582827,0.016233172643025845,0.05344485182743086,0.0002979169147424806,0.017260269833999718,0.053460548692397664,2290.913754793117
0,1234,NTK,1829,3800,0.00015465839091057524,0.005427273170203432,2.814176070068077e-05,1.0326774629944145e-05,3.401215979209239e-08,0.021279463632499506,0.4700728366496625,2.508647699717838,3.5244990153429235e-05,0.005936749123335871,0.014197082783939502,0.00021733849109181971,0.014742404522052015,0.047877410395857134,0.00025258348124524896,0.01589287517239247,0.04789344082072389,2351.725067043095
0,1234,NTK,1878,3900,0.00020490657546826024,0.005055238021642707,2.466080767073202e-05,1.209815083811606e-05,1.5906589454452293e-08,0.02814223791745535,2.1230361240167697,0.8488216380657752,3.0342775133539256e-05,0.005508427646210782,0.01284004506953882,0.000170471943988658,0.01305649049280311,0.04207623132478272,0.00020081471912219726,0.014170911019486265,0.04209603951796632,2411.783951959107
0,1234,NTK,1927,4000,0.00015476781433237417,0.004969051293053479,2.3508117394727758e-05,9.410453690267605e-06,3.373195079900572e-11,0.022370693793823258,1.1055599928912065,1.8720693133149704,3.077788790401652e-05,0.0055477822509554684,0.013275723649958162,0.00016766987088095932,0.012948740127169104,0.04010295051205515,0.00019844775878497588,0.014087148710259855,0.040122536022867965,2472.729906126042
0,1234,NTK,1974,4100,0.0001556629701359973,0.004711129799325124,2.38031979822775e-05,8.23643106185029e-06,4.2994742237747775e-08,0.023626035598623273,1.271937594640099,1.7044363697612779,2.7942340477908174e-05,0.005286051501632213,0.012489856523716904,0.00017516001269656876,0.01323480308491852,0.04160835542333774,0.00020310235317447692,0.014251398288395315,0.04161289080252645,2533.6347419180674
0,1234,NTK,2022,4200,0.00021420051278338002,0.0045660284382086,1.9605393604839998e-05,9.34587100160396e-06,1.6812948389255018e-07,0.040104839177534275,0.3167543831659376,2.643140777656528,2.6628332185693005e-05,0.005160264739884283,0.012206141851589133,0.00016997470587779055,0.013037434789013924,0.04052120385727004,0.00019660303806348357,0.014021520533219055,0.04053724578902497,2594.0016972090816
0,1234,NTK,2070,4300,0.00012652858639382504,0.0042780911302838145,2.0396151729366558e-05,7.358457282987161e-06,4.437216392929918e-09,0.019500484832487074,1.6235554301465667,1.3569440850209462,2.3462622262698685e-05,0.00484382310398498,0.011224610737579375,0.0001540352170034482,0.012411092498384185,0.038270298606722986,0.0001774978392661469,0.013322831503330922,0.03830918329838776,2655.108295834041
0,1234,NTK,2119,4400,0.00033283059725154536,0.003913535819206831,2.1822415673515386e-05,6.861972761978464e-06,1.6968748177606977e-08,0.076426240920152,0.9127613208597366,2.0108124382201114,1.9962855681940712e-05,0.004467981164009167,0.011133795611974402,0.00015993783207132983,0.01264665299877125,0.03933477230864513,0.00017990068775327052,0.013412706205433358,0.03941425215854903,2715.0209022511262
0,1234,NTK,2168,4500,0.0001866077533820931,0.003753304418922106,1.8643592640144506e-05,7.505749973522347e-06,4.497820938427207e-08,0.03740587098900795,2.14859054908081,0.8140035799301817,2.3339963108443665e-05,0.0048311451135774905,0.011823253016925226,0.00014828937324738812,0.012177412420025369,0.03979269242010358,0.00017162933635583174,0.013100738008060147,0.03983732769476741,2776.367298959056
0,1234,NTK,2217,4600,0.000121249861261008,0.0037083418669911017,1.761327671161834e-05,6.411982436222022e-06,1.1955229558741022e-10,0.023689482400746125,1.278155113068917,1.6981554045303369,2.1478154920599996e-05,0.004634453033595227,0.011325819536150054,0.00014251237868411891,0.011937854861076127,0.03932278254899102,0.00016399053360471893,0.012805878868891386,0.039381634705424697,2836.074592251098
0,1234,NTK,2265,4700,0.0002411494765937843,0.003708441669287087,1.5750598103748992e-05,6.669022186877214e-06,1.343113064916844e-10,0.056554077501780264,1.2984462885856132,1.644999633912607,2.195054204322072e-05,0.0046851405574668435,0.011406680776390553,0.0001444820004567827,0.01202006657455701,0.04008937916495775,0.00016643254250000344,0.01290087371072221,0.04014622144197255,2897.068296043086
0,1234,NTK,2311,4800,0.00015705510178402052,0.003460248710319912,1.676631489599414e-05,6.002585534103886e-06,5.550126201943515e-09,0.0364583243091754,1.217586317318185,1.7459553583726397,2.270599027093441e-05,0.0047650803005756795,0.011527656591253651,0.0001720405172619462,0.013116421663775003,0.04251984256799207,0.00019474650753288067,0.013955160605771639,0.04255738621010949,2956.8209625011077
0,1234,NTK,2359,4900,0.00012179660374938645,0.0032210292447459755,1.6944809592739588e-05,5.889422884283299e-06,3.8048623130481886e-08,0.02574959742493441,1.926819111564719,1.0474312910103465,2.4573818886237885e-05,0.00495719869343946,0.011596986467965505,0.00016787634520113318,0.012956710431322188,0.04138871101104913,0.0001924501640873711,0.013872640847631394,0.04142052290294045,3017.8673907091143
0,1234,NTK,2407,5000,0.00013746208785004945,0.002802800072211545,2.0870909352301825e-05,6.18300323028835e-06,7.664379868378985e-09,0.037251608068227936,1.0026569264789844,1.9600914654527877,2.5470864062233867e-05,0.005046866756932847,0.012081073691180196,0.00019414832942348176,0.013933711975761584,0.04078005241379762,0.00021961919348571562,0.014819554429392121,0.04079812702283198,3077.4752423340688
0,1234,NTK,2455,5100,7.125512668259716e-05,0.00280057340321134,1.87717074280475e-05,4.979791740713894e-06,2.080949011396302e-08,0.015835976722420993,0.871814103735175,2.1123499195424036,2.261589853201749e-05,0.004755617576300421,0.011336790342606106,0.00019957654010508736,0.014127156122344206,0.042029738125712035,0.00022219243863710487,0.014906120844710232,0.04203239019678654,3137.35568616807
0,1234,NTK,2503,5200,0.0001369571797313358,0.0027297727292668232,1.6203245353956086e-05,6.654861920968587e-06,1.5710055580619693e-13,0.034891607580753985,2.3018172596449205,0.6632911327743258,2.2805025849972248e-05,0.0047754607997524436,0.0115509631710089,0.0001779319448380089,0.013339113345271825,0.04050501363313047,0.0002007369706879811,0.014168167513407692,0.040511238196800775,3197.32386512612
0,1234,NTK,2551,5300,0.00012920122517663256,0.0024246614627210406,1.8759925150969343e-05,7.018688667854688e-06,2.165612950314668e-09,0.03478197931706451,2.0485570349886406,0.916660985694295,2.3828056692814644e-05,0.004881399050765533,0.011380161011184846,0.0002021249848003261,0.014217066673555628,0.04205918045531193,0.00022595304149314072,0.015031734480529541,0.04214337518294686,3256.857103793067
0,1234,NTK,2599,5400,6.94158284839289e-05,0.002427018263475936,1.7766719675465403e-05,5.121880926857329e-06,3.3494491499875513e-09,0.01908123652313003,0.619545942816971,2.361372820659899,2.4909833570360342e-05,0.004990975212356833,0.011932732736055492,0.00020133124672218168,0.014189124240846639,0.040280593565847955,0.00022624108029254203,0.015041312452460457,0.04028071135179879,3317.4615382930497
0,1234,NTK,2648,5500,0.0001901234001370393,0.0020186370857423344,2.356564495411649e-05,8.55168066413911e-06,2.0777077725789266e-10,0.07471305191482017,0.951683038206874,1.9736039098783056,2.7515560108185828e-05,0.005245527629150935,0.011481687887874787,0.00027339341066475435,0.01653461250422139,0.047934208001560896,0.0003009089707729402,0.01734672795581173,0.04800440658769473,3377.2891822931124
0,1234,NTK,2696,5600,8.078362433483756e-05,0.0021580958976958418,1.7956552245400548e-05,5.512413499417004e-06,4.3224993721103725e-09,0.02663056375940551,0.5558881779673975,2.417481258273197,2.631235325905612e-05,0.005129556828718844,0.012027752393969204,0.00023513815556039516,0.01533421519219015,0.04370276473171286,0.0002614505088194513,0.016169431307855305,0.04375658775212934,3437.7101382510737
0,1234,NTK,2743,5700,0.00016094233860910887,0.002009395426431405,1.7770946297812297e-05,6.174840615856157e-06,6.798918629734944e-09,0.0662810733558887,0.8309175089217143,2.102801417722397,2.6427618084057734e-05,0.005140779910097079,0.012018427628621113,0.00022065154352043966,0.014854344264235956,0.04217172401762809,0.00024707916160449735,0.01571875190988449,0.04217235679074931,3496.352349251043
0,1234,NTK,2791,5800,0.00010225280667738647,0.0017803678949734282,1.8912465589777393e-05,7.401868738794039e-06,4.754079862047017e-09,0.03745386804447841,1.1848222089406217,1.7777239230148998,2.6396638956572415e-05,0.005137765949960392,0.011495659746411428,0.0002413720647086508,0.015536153472100191,0.043392951102417476,0.00026776870366522325,0.016363639682699667,0.043450584896600926,3556.625597418053
0,1234,NTK,2839,5900,0.00012467523758670845,0.0019039881898368963,1.6442725053653333e-05,4.1945240039697e-06,7.568193536822624e-08,0.05101826975288373,1.2321644509204768,1.7168172793266396,2.7424664895289854e-05,0.005236856394373427,0.01197580353039916,0.00020820476586104058,0.01442930233452195,0.04238358729825209,0.0002356294307563304,0.015350225755875071,0.04241284664727799,3614.7602489180863
0,1234,NTK,2887,6000,0.00014939518979800056,0.001656725855506809,1.676191780292455e-05,6.04886513565043e-06,6.840508744809967e-08,0.07161072515844707,1.2110472545693836,1.7173420202721694,2.656503463510589e-05,0.005154127921880276,0.011503200665642968,0.00022727065377255095,0.01507549845851045,0.04311110330108431,0.0002538356884076568,0.015932221703442894,0.04316364873207154,3675.0699843340553
0,1234,NTK,2935,6100,5.3357642442348144e-05,0.001770897923601765,1.4311961465267117e-05,4.687342010659704e-06,4.235248652252007e-10,0.00836632907492736,2.547476714267025,0.4441569566580477,2.441747149358047e-05,0.004941403797867613,0.011747689875250917,0.00020410463894681005,0.014286519483303483,0.04243609357299949,0.00022852211044039055,0.015116947788505143,0.04244633717213664,3737.646341584041
0,1234,NTK,2984,6200,4.0593188100247274e-05,0.0017430558569715739,1.410429216036952e-05,3.275799730682833e-06,5.0428361905893534e-11,0.010766199970503055,1.111412189373106,1.877821610656391,2.4961423119367963e-05,0.004996140822611785,0.0117638969997172,0.00019585754915261622,0.013994911545008643,0.04083591050368468,0.00022081897227198415,0.014859978878584725,0.04084119804697976,3798.9838841260644
0,1234,NTK,3032,6300,8.977744827195397e-05,0.0015065194322419792,1.681207887407639e-05,4.397505479638391e-06,9.151860006809784e-09,0.04514049424438205,0.7063677103544513,2.2484917954011663,2.654963805730704e-05,0.005152634089211754,0.011761365165820858,0.00021384223096921788,0.014623345409625592,0.041690033133690185,0.0002403918690265249,0.015504575744809172,0.04169007932362748,3859.900336376042
0,1234,NTK,3079,6400,5.100894599068572e-05,0.0015944741291437168,1.3893342161016448e-05,3.02660308697109e-06,2.720999706293762e-09,0.01780327473214578,1.2509215606686832,1.7312751645991709,2.460068641192111e-05,0.004959907903572516,0.011743036530621464,0.00019219745989024477,0.01386352984958177,0.04054019996259911,0.0002167981463021659,0.01472406690769116,0.040540414196694755,3919.095057876082
0,1234,NTK,3127,6500,7.646225217254241e-05,0.0014870256738217123,1.3030099611971946e-05,4.3353288479093135e-06,1.7364206759358239e-09,0.03047929001148415,2.1004786304361454,0.8690420795523702,2.407498402569194e-05,0.004906626542309079,0.011454897703587257,0.00019936940558025197,0.014119823142669031,0.04137991075450792,0.00022344438960594394,0.014948056382217186,0.0413818871824315,3980.3997087511234
0,1234,NTK,3175,6600,0.00015724870807139998,0.0013446817464927434,1.4918366434446205e-05,5.73992347997622e-06,4.2924517873096305e-09,0.09699882333757572,1.1057282678904108,1.7972729087720136,2.3701152281584937e-05,0.0048683829226535726,0.010789039048089184,0.000192408050835066,0.013871122911828949,0.04103436054784865,0.00021610920311665097,0.014700653152722534,0.04104041521730815,4039.9247094590683
0,1234,NTK,3222,6700,9.26266276290071e-05,0.0014771147935545498,1.3711246013892244e-05,2.567230238201405e-06,6.489642492617684e-08,0.050040206443028014,0.9936611930519507,1.9562986005050211,2.3138811680581056e-05,0.0048102818712193,0.011243067265677888,0.00019399854335550818,0.013928335986596109,0.04068527013023787,0.0002171373550360892,0.014735581258847212,0.04068750790362591,4101.7073783760425
0,1234,NTK,3270,6800,8.385563849361585e-05,0.0014897280893317185,1.2410132768206571e-05,2.5032305527649143e-06,1.800390162658422e-09,0.04006572942979212,1.6914871357002725,1.268447134869935,2.2372107648707346e-05,0.004729916241193637,0.01109879673564393,0.0001908759458887309,0.013815786111862434,0.04140531453505719,0.0002132480535374383,0.014603015220749388,0.04140532561217464,4161.917565751122
0,1234,NTK,3318,6900,5.964503031956865e-05,0.0014041517984067664,1.1991801340276566e-05,3.0598353584724657e-06,3.95740182897782e-11,0.026976730200817308,1.4183444968614636,1.5546787729377194,2.3366452031937844e-05,0.004833885810808717,0.011415347754697576,0.00020647940449499156,0.014369391236061171,0.042249158617673366,0.00022984585652692939,0.015160668076537043,0.04225118041677098,4222.146973668132
0,1234,NTK,3367,7000,6.742444061578157e-05,0.0013176351580071301,1.1399809840002664e-05,4.178085271523691e-06,4.1185873593204275e-09,0.02960410277820791,2.215862414314226,0.7545334829075662,2.2530864342827803e-05,0.004746668762703777,0.010920848461880572,0.00019353700730040933,0.01391175787959269,0.04020661018761634,0.00021606787164323712,0.014699247315534123,0.04024405113849984,4283.345654793084
0,1234,NTK,3414,7100,6.616550220611762e-05,0.0012841397281590828,1.1918249148319958e-05,3.2939192083610484e-06,3.1683348353816723e-10,0.03686963529375583,1.0504131876992338,1.9127171770070104,2.1770850578451985e-05,0.004665924407708722,0.010850739598323333,0.00018198964593425058,0.013490353810565925,0.03953319909149666,0.00020376049651270252,0.014274470095688404,0.039589113305759996,4343.635206793086
0,1234,NTK,3463,7200,5.96992635971423e-05,0.0012584760777334266,1.1923736521935418e-05,2.9630740967288406e-06,9.194504360001675e-09,0.034628267416592334,0.8174180010454185,2.1479537315379886,2.121566156561514e-05,0.004606046196643618,0.010942801927183863,0.00019441216179798065,0.013943176173239032,0.04025975470707999,0.00021562782336359586,0.014684271291541704,0.040299743723728555,4405.456492209109
0,1234,NTK,3511,7300,5.22843514255297e-05,0.0011620814730602062,1.1942747305711889e-05,3.985798974657625e-06,2.9940821986632848e-09,0.023317667026281963,1.6739924091839549,1.3026899237897631,2.07787489409433e-05,0.0045583713035406955,0.010629676973470205,0.000185008408956615,0.013601779624615853,0.04037784162105473,0.0002057871578975583,0.014345283472192466,0.04042920283615681,4464.558172001038
0,1234,NTK,3559,7400,5.5681415534908014e-05,0.0011997652456225737,1.1143370240454817e-05,2.7586968904768976e-06,2.050408823639916e-09,0.0314239840880983,1.1674348308360263,1.8011411850758756,2.009576582217562e-05,0.004482830113017403,0.010536327304852535,0.00017946290232838098,0.013396376462625294,0.03902752611285398,0.0001995586681505566,0.014126523569178533,0.03909018188267883,4525.340793459094
0,1234,NTK,3607,7500,2.766027875905067e-05,0.0012409824093022317,1.3312103630500429e-05,1.7279735886578097e-06,1.4300481204202265e-09,0.017339134217033318,0.08523116984175587,2.8974296959412107,1.8685550536875932e-05,0.004322678629840059,0.010275974311319758,0.00016267486633191817,0.01275440576161501,0.036348315298233236,0.0001813604168687941,0.013467012173039502,0.03634860168620026,4585.302146709058
0,1234,NTK,3655,7600,6.883918811247497e-05,0.0010855745901272144,1.1265633115746976e-05,3.2105227732617005e-06,4.5123206427412833e-10,0.04637375366334673,1.1190267474739872,1.8345994988626664,1.7656660693446928e-05,0.00420198294778155,0.009577209779199016,0.00015267623741031073,0.012356222619000951,0.036276370407682834,0.00017033289810375766,0.013051164626337286,0.036351399296171406,4646.7377446261235
0,1234,NTK,3701,7700,9.072126951955251e-05,0.0009996531223905897,1.1680950433025124e-05,4.18250985330463e-06,5.541973714053918e-11,0.06742108114422926,1.4747039038004568,1.4578750150553137,1.6120590102008075e-05,0.004015045466991386,0.008797931338756634,0.00013921486375730236,0.01179893485689714,0.03658877205290506,0.00015533545385931045,0.01246336446788388,0.03665845103333775,4707.294430709095
0,1234,NTK,3750,7800,6.413355559717404e-05,0.0009924788043112868,1.1316136149332225e-05,3.490104169815393e-06,8.54598562437343e-12,0.045853452883940916,1.0624397905372016,1.8917067565788575,1.4532359311833814e-05,0.003812133170789527,0.007978159659211495,0.00012526709950967278,0.011192278566479337,0.03593982771700416,0.00013979945882150658,0.011823682117746002,0.03601605539154327,4768.385301793111
0,1234,NTK,3798,7900,4.114486312128497e-05,0.0010526212968056128,1.0497816311097544e-05,2.2319551340648324e-06,1.5169173929107736e-09,0.020930941823110876,1.507627860262254,1.4714411979146351,1.4246719337643393e-05,0.0037744826582782696,0.008414582434638506,0.00012249755528472605,0.01106786136905979,0.034486297387403,0.00013674427462236945,0.011693770761493891,0.034544358102090146,4829.647046709084
0,1234,NTK,3846,8000,4.326851019913295e-05,0.0010310855392152629,1.045922219391275e-05,2.1089821383688755e-06,1.0506981059106144e-09,0.024495353339247423,1.4053929784603343,1.5701116682004181,1.3133241644377501e-05,0.0036239814630289573,0.007998685490937655,0.00011054153708510523,0.010513873552839849,0.032596325004729365,0.00012367477872948272,0.011120916272029149,0.032668744574406654,4889.7516440011095
0,1234,NTK,3895,8100,2.6879306207319556e-05,0.001022915904135987,9.963759074051824e-06,1.968113082811934e-06,3.0334086063993618e-09,0.012901882060913339,0.9755041141522295,2.011594003786857,1.2788436172572564e-05,0.003576092304817168,0.007863017262444472,0.00010575442540974473,0.010283697069135435,0.031766558088047236,0.00011854286158231731,0.010887739048228392,0.03183373253449606,4953.878151334124
0,1234,NTK,3941,8200,3.354136227298545e-05,0.0009627969240153224,1.0257860340833291e-05,2.1245771968590085e-06,1.0278603166006266e-08,0.012102767462193837,1.909506626465437,1.0783906060723691,1.177058178868656e-05,0.003430828149104318,0.007506426638000755,9.665706681929139e-05,0.00983143259241965,0.03056170247290263,0.00010842764860797797,0.01041285977087841,0.03065146176322701,5018.537073043059
0,1234,NTK,3989,8300,5.6326795560667476e-05,0.0009037909510546338,9.907925126924176e-06,2.6881912815769336e-06,8.635015376760638e-11,0.03936732877859292,1.771273987716438,1.189358683504969,1.0768200619297878e-05,0.003281493656751126,0.006953484603356365,7.872487166463304e-05,0.008872703740384496,0.02723692771515751,8.949307228393091e-05,0.00946007781595537,0.027238211338208747,5095.573255418101
0,1234,NTK,4037,8400,3.6689945809311953e-05,0.0009133552984195893,9.762400072704868e-06,1.7514133260901035e-06,3.381137732816943e-08,0.028320877636638025,0.6971016864129137,2.274577435950448,9.775913438442956e-06,0.003126645716809462,0.006299329162062879,7.086342510390018e-05,0.008418041643036708,0.026874040648736164,8.063933854234314e-05,0.008979940898599674,0.026985649610501036,5156.238312084111
0,1234,NTK,4085,8500,2.5345369146797316e-05,0.0009257602659420085,9.323374367987508e-06,1.5233534476436128e-06,4.775681269863091e-10,0.009860308500015957,1.4950690864209446,1.4950706050790397,9.931933143548152e-06,0.0031514969686718963,0.006507107694161824,9.027439097890978e-05,0.009501283649008159,0.029628575258097423,0.00010020632412245793,0.010010310890399854,0.029705959977015976,5218.952912293142
0,1234,NTK,4132,8600,4.461024352382099e-05,0.0008781154444462711,9.181691990443314e-06,2.1513909098478285e-06,2.2078694096139243e-11,0.030435371749437806,1.635172800605604,1.334391827644958,9.923830572508089e-06,0.003150211194905524,0.006528023244023785,8.653399802883036e-05,0.009302365184663004,0.029505456518739315,9.645782860133846e-05,0.009821294649960283,0.029553138164093086,5279.050828584121
0,1234,NTK,4179,8700,2.9595681743005758e-05,0.0008658231415697361,9.528318761995841e-06,1.3815067899368246e-06,3.5291362686604432e-09,0.01985126039441287,1.0172538997541556,1.9628948398514314,9.070238231588497e-06,0.0030116836207657164,0.006143884699783089,7.667764524267334e-05,0.008756577256135718,0.028485455318858433,8.574788347426184e-05,0.009260015306372977,0.028532710914569992,5339.329498793115
0,1234,NTK,4227,8800,6.183864065918765e-05,0.0007754076427950156,1.0220692749965977e-05,2.324943468603452e-06,1.4950894943087595e-09,0.05814566308656382,1.2552208330870191,1.6866335038264169,8.699952835054118e-06,0.0029495682455325757,0.0056264014696036065,6.892570950746342e-05,0.008302150896452282,0.02761021690484894,7.762566234251753e-05,0.00881054268149911,0.027672284872500005,5401.09795600106
0,1234,NTK,4275,8900,4.7548566329082506e-05,0.0008104147840669408,9.720452104360339e-06,1.5946558006689738e-06,1.642880483681136e-10,0.04322198543452428,0.960597896406342,1.9961801181591339,8.714500652668574e-06,0.002952033308190911,0.005917614956912821,7.298005511988677e-05,0.008542836479758158,0.028140388057247778,8.169455577255534e-05,0.009038504067186967,0.02820785869380555,5461.597779709147
0,1234,NTK,4323,9000,3.14458585937359e-05,0.0008016404741501493,9.999016928490714e-06,1.3832128315612673e-06,8.535600745775772e-11,0.029039054494916897,0.47092766687989257,2.50003327862519,8.260606781092894e-06,0.0028741271337734686,0.005762712537598092,6.658190157778291e-05,0.008159773377844688,0.026536226911276994,7.484250835887579e-05,0.008651156475227795,0.0265993625884989,5524.182336876052
0,1234,NTK,4370,9100,1.9045382352318418e-05,0.0007805871345978075,9.797599841723987e-06,1.468311252698787e-06,6.671692451829818e-12,0.013465977312184007,0.49810322688728254,2.488430795800533,8.400201443713765e-06,0.0028983101013717915,0.0057120431946485134,6.567385741347692e-05,0.00810394085698291,0.025510823378421255,7.407405885719068e-05,0.008606628774217619,0.02559758742683081,5586.3562839181395
0,1234,NTK,4418,9200,5.367292308262038e-05,0.000745650535431934,1.0162643153539908e-05,1.8275480103110938e-06,3.82587488344383e-09,0.059740332395400664,0.44993135656556293,2.490328311039036,8.125949741575541e-06,0.0028506051535727535,0.005436693821263421,6.208896138214726e-05,0.007879654902478108,0.025121673087186547,7.021491112372282e-05,0.008379433818804396,0.025204746099379838,5649.347851751139
0,1234,NTK,4466,9300,5.987903324841654e-05,0.0007202619036155575,9.598183622762212e-06,2.0023784019623467e-06,7.510155049838589e-09,0.06717239260139644,0.7395104148744783,2.1933171925241255,7.941414982321043e-06,0.00281805162875364,0.005538427255251722,6.329149525625295e-05,0.007955595216968555,0.024417593139262894,7.123291023857399e-05,0.00843995913725736,0.02449446472743951,5709.847295793123
0,1234,NTK,4514,9400,5.169633139249657e-05,0.0007118384727275984,9.027989153051107e-06,2.021030342484364e-06,1.1114280803576459e-09,0.050212276780318886,1.4258081610751823,1.523979562144499,7.810368994697707e-06,0.0027947037400586324,0.0056620857269016065,6.50277501709285e-05,0.00806397855719672,0.023945751807360083,7.28381191656262e-05,0.008534525128302465,0.024028123017524897,5771.500715709059
0,1234,NTK,4563,9500,3.683793922928533e-05,0.0007126036206313778,8.58649887018071e-06,1.863150079899585e-06,5.276624746166118e-09,0.021888990933838903,2.3330368746153995,0.6450741344507614,8.284957222153891e-06,0.002878360161993959,0.006007325501894185,7.486777067100584e-05,0.00865261640609393,0.024575640375958663,8.315272789315972e-05,0.009118811758840058,0.024635891704929126,5833.833200834109
0,1234,NTK,4610,9600,2.616201732935128e-05,0.0007322431343357048,9.780819718190073e-06,2.18850979983869e-06,1.956632923001575e-08,0.0208005799683793,0.5783960413743672,2.4008033786572534,8.713303117726194e-06,0.002951830469001598,0.006275659473787163,7.27626609261819e-05,0.008530103218964111,0.02432752296218338,8.147596404390811e-05,0.009026403715982801,0.02435525375069397,5895.404210834065
0,1234,NTK,4658,9700,3.158646181083138e-05,0.0007068860238250206,8.195406472982916e-06,1.626341525378357e-06,5.458219391493411e-11,0.02471054396724977,1.4126869407939848,1.5626025152387655,7.973581424027694e-06,0.002823753074195351,0.006195531798538047,6.790452838459211e-05,0.008240420400962083,0.023773748791117433,7.58781098086198e-05,0.008710804199878436,0.023820021374200234,5961.194145501126
0,1234,NTK,4705,9800,2.4887357684689776e-05,0.0007087264597030508,8.384561810442131e-06,1.3202469479453688e-06,2.8863612415711133e-10,0.02470232562767044,0.4886177433200962,2.486679931052233,7.4814741541110345e-06,0.002735228355021027,0.005748745382468688,6.559949949814949e-05,0.008099351794937017,0.02343540481173384,7.308097365226051e-05,0.008548741056568535,0.023501436859911243,6024.108536959044
0,1234,NTK,4754,9900,5.822377937599152e-05,0.0007030372151959971,8.260489378319937e-06,1.2675988786256233e-06,8.871138080073551e-09,0.06749511264606595,1.0076079837679608,1.9248969035859733,7.448957920011446e-06,0.0027292779118315244,0.005774714274055135,6.232046672244449e-05,0.007894331303058194,0.023109756012068716,6.976942464245595e-05,0.008352809386215871,0.023162755207308698,6093.351107376046
0,1234,NTK,4801,10000,4.827699228188547e-05,0.0006791460557360355,8.020185616175556e-06,1.319582765103638e-06,7.40849472588322e-11,0.05836836904778956,0.7095696137456932,2.2320620172065175,7.30104665336612e-06,0.0027020449021742995,0.005820249572070035,5.949893814376505e-05,0.007713555480047126,0.02195191524173684,6.679998479713115e-05,0.008173125766628772,0.02198687111136425,6153.32223079307
0,1234,NTK,5282,11000,1.9298904522780912e-05,0.0005763810466890247,6.4038114782466195e-06,1.3607882710681242e-06,1.0353370950884484e-09,0.012580363453567629,1.5826896289229537,1.4047300076234785,6.706882309033679e-06,0.0025897649138548616,0.005562648287406791,5.064241795547049e-05,0.0071163486392580915,0.020257714824955475,5.7349300264504174e-05,0.007572932078429343,0.02028207940672812,6768.403118293034
0,1234,NTK,5762,12000,1.993263469114432e-05,0.0004794237914974458,5.3373384542732194e-06,1.4017249915366273e-06,1.224169786493875e-12,0.013977789331671618,2.2984388168458096,0.6875833938225185,6.604526825898362e-06,0.0025699273970091765,0.00479491082720399,5.289985823952627e-05,0.00727322887303337,0.019898829156462072,5.9504385065424626e-05,0.007713908546607525,0.019936114049897063,7390.645569001092
0,1234,NTK,6240,13000,2.8126936684742934e-05,0.00043232088751456594,5.5277341875173415e-06,1.2265541819411122e-06,1.3813692254308574e-09,0.03911327433395939,1.7633258399804632,1.1975608856855775,6.199901379819075e-06,0.0024899601161101105,0.004968327736884711,4.308374796763507e-05,0.00656382114074074,0.017612890568279027,4.928364934745414e-05,0.007020231431189013,0.01764787545535618,8009.311380376108
0,1234,NTK,6716,14000,1.5037975298000742e-05,0.000399490792945049,4.465468648522544e-06,1.0627416716730262e-06,8.409446711721239e-10,0.012925012023496005,1.9687803431430841,1.0182946448334196,4.488451139540621e-06,0.002118596502295947,0.004357843779011316,3.200935241959348e-05,0.005657680834016132,0.014530657871488939,3.6497803559134095e-05,0.006041341205323045,0.014567797624878677,8634.520075043081
0,1234,NTK,7196,15000,1.3505209352191238e-05,0.0003676687654360393,3.7232860303605776e-06,8.618962680361841e-07,2.474059422857803e-10,0.024871341746598885,0.6277698228024076,2.347358835450994,3.6529434060309615e-06,0.0019112674867822561,0.004067017279384079,2.6641262790571457e-05,0.005161517489127733,0.013756795548309442,3.0294206196602424e-05,0.005504017278007258,0.01379427095840612,9236.594957459136
0,1234,NTK,7677,16000,1.6006367792348293e-05,0.0003286176452882139,2.3557404962546453e-06,8.442470096223827e-07,1.7129470656111577e-10,0.032939627961440426,1.7709118150318368,1.196148557006723,2.3028942599393617e-06,0.0015175289980555106,0.0035498640698329196,1.5375301902466535e-05,0.003921135282347006,0.01127873681632413,1.76781961624059e-05,0.004204544703342551,0.011281183376560902,9842.00352812605
0,1234,NTK,8156,17000,1.111627053369641e-05,0.00029829144701360084,2.009581398696195e-06,5.866023022042726e-07,7.78883452506945e-11,0.02866511190002023,0.5781132371769063,2.3932216509230737,1.9923671500518603e-06,0.0014115123626989104,0.0033387100778916176,1.2641053511640577e-05,0.003555425925489178,0.011223799975199122,1.4633420661692432e-05,0.0038253654285169193,0.011228527413161129,10447.229030751041
0,1234,NTK,8631,18000,2.6961804515393945e-05,0.00027261150022964836,1.5909554234029385e-06,6.670321845104349e-07,1.074359375156916e-09,0.0904978998148376,0.3779863558339611,2.531515744351201,2.3095008340799594e-06,0.001519704192953339,0.003705479086986025,1.3962645818359346e-05,0.003736662390203234,0.011185175725841552,1.6272146652439307e-05,0.004033874893007877,0.011221595794928114,11052.846747459145
0,1234,NTK,9110,19000,8.93150294028739e-06,0.00025515781110442093,1.444531667284765e-06,5.061114307154045e-07,6.512376697134165e-10,0.026617914541710152,0.6758381862843095,2.2975438991739803,1.6993613085677747e-06,0.001303595531047792,0.00315577580648016,9.949492440096737e-06,0.0031542816044381225,0.009794120251075455,1.1648853748664512e-05,0.0034130417150489843,0.009800902540414345,11658.034593793098
0,1234,NTK,9588,20000,4.942094881687487e-06,0.000238618971934975,1.0874721838989825e-06,4.5031861025660367e-07,2.6884264552050742e-11,0.011640593550075228,1.2849142040452823,1.703445202404642,1.5249455404507005e-06,0.0012348868532989978,0.003519735713707216,1.0278389693643281e-05,0.003205992778164555,0.008812947551658734,1.180333523409398e-05,0.003435598235255977,0.008943777130097233,12261.520717126084
0,1234,NTK,10070,21000,7.337444261733203e-06,0.00022518546972404087,1.1488589771937788e-06,3.8321620719571646e-07,5.928411118338082e-12,0.022248549901959146,1.5493721129183238,1.4283793371797173,1.45693188492454e-06,0.0012070343346088132,0.0034547775696190082,9.405282680431423e-06,0.0030668033325323327,0.008268304064584953,1.0862214565355962e-05,0.0032957873968683057,0.008268701211999768,12987.166714876075
0,1234,NTK,10545,22000,1.7248504746196386e-05,0.00021049153042549518,1.223056850004945e-06,4.5710923584988525e-07,1.6728282326924933e-10,0.07241222687287223,0.8720565025367989,2.0555312705903286,1.8627593805319193e-06,0.0013648294327614418,0.004070321137716397,1.1048195908308488e-05,0.003323882655616544,0.009230933078974768,1.2910955288840408e-05,0.0035931817778732554,0.009254688782140445,13710.805986459018
0,1234,NTK,11021,23000,8.55661594675515e-06,0.00020920528270191417,1.0731827568962463e-06,3.532188564256325e-07,4.0118052814809434e-11,0.034867329331779974,0.29835602529854904,2.666776645369671,1.472794477293855e-06,0.0012135874411404624,0.003727545444667257,1.0159212733880923e-05,0.0031873519940353186,0.008936311529321561,1.1632007211174779e-05,0.003410572856746324,0.009106547201572751,14356.447770751081
0,1234,NTK,11501,24000,9.51068742384982e-06,0.00019456967115192845,1.0902315876138595e-06,3.977366981501544e-07,7.026216648398686e-11,0.03916431316113185,1.029316793564138,1.9315188932747303,1.3828627504840233e-06,0.0011759518487098114,0.0037067656581935473,9.136908228563688e-06,0.003022731914769103,0.00900837345398997,1.0519770979047711e-05,0.003243419642760972,0.009108219206288575,15005.18457916705
0,1234,NTK,11980,25000,5.140425212565708e-06,0.00018441735749039078,1.0590975179305838e-06,3.3608794183387724e-07,7.955210019661764e-13,0.020282513963090335,0.5512093957767553,2.4285080902601544,1.2553748025637573e-06,0.0011204350952035362,0.0034447532591633657,7.928409245573064e-06,0.0028157431071695912,0.008654898197058336,9.18378404813682e-06,0.0030304758781644872,0.008752819516839348,15665.831053459086
0,1234,NTK,12460,26000,5.269619829011697e-06,0.00018289615913793698,1.025200760490676e-06,3.153624826537142e-07,1.8650802155153446e-11,0.019938115386170928,0.962468157279719,2.0175937273341096,1.279387456113327e-06,0.0011311001087937916,0.003463124104210622,8.591761601554591e-06,0.002931170687891545,0.009095036237080911,9.871149057667919e-06,0.0031418384837015286,0.009171315631285988,16180.675141668064
0,1234,NTK,12940,27000,1.4457554332321294e-05,0.0001772372489825281,1.0760530022778024e-06,3.2254909203907773e-07,3.3658981856656124e-11,0.07252384883927351,0.8750298916299567,2.05244625953077,1.3668362125743828e-06,0.0011691177068945552,0.003532884720618324,9.247458639784864e-06,0.0030409634394028585,0.009498402177559206,1.0614294852359246e-05,0.0032579586940842645,0.009597925249312135,16698.062750876066
0,1234,NTK,13415,28000,4.517855897819194e-06,0.00017812796058598492,9.859866383154543e-07,3.1160817473360985e-07,1.716597100568942e-12,0.01283496586853456,1.9288321220205695,1.058332912110896,1.361339174119275e-06,0.0011667644038619257,0.003394076847946412,9.234170868405647e-06,0.003038777857693064,0.009644985923898397,1.0595510042524923e-05,0.003255074506447575,0.009723703543757645,17252.427122084075
0,1234,NTK,13897,29000,6.759203058883015e-06,0.00017300569474303348,9.61866565865308e-07,3.6626489139505665e-07,2.238640484350046e-10,0.025083306810293696,2.23272833359539,0.7421883595943165,1.3733012422537396e-06,0.0011718793633534723,0.0033415087719241413,8.537764672685248e-06,0.002921945357580331,0.009526659574739693,9.911065914938989e-06,0.003148184542706953,0.009636487293061555,17800.741321126116
0,1234,NTK,14374,30000,5.48418869062552e-06,0.00016939435332166656,9.615189607894743e-07,3.397482904588799e-07,4.679139217818563e-10,0.020736723364222387,1.5421076823023105,1.4371555943334668,1.3462913684629808e-06,0.0011602979653791438,0.0032409102987004546,8.49394355446739e-06,0.0029144370904974756,0.00953565205506407,9.84023492293037e-06,0.003136914873395574,0.00966165395545527,18334.045472709113
0,1234,SINOS,0,0,1645.139061002335,816.6591084292315,0.036819593664560765,828.443132979439,4.5231564731140115e-37,1.0,1.0,1.0,4.959270398518739,2.226941938739926,3.2838127750103276,0.14372544318012911,0.37911138624437163,0.7312009457582304,5.102995841698868,2.258981151249135,3.286218301193365,0.223106374964118
0,1234,SINOS,0,1,1645.139061002335,816.6591084292315,0.036819593664560765,828.443132979439,4.5231564731140115e-37,1.0,1.0,1.0,4.959270398518739,2.226941938739926,3.2838127750103276,0.14372544318012911,0.37911138624437163,0.7312009457582304,5.102995841698868,2.258981151249135,3.286218301193365,1.0643614999717101
0,1234,SINOS,0,2,1643.234322825753,816.8487055528756,0.024641520266213208,826.3609748133905,9.392209462098633e-07,1.0,1.0,1.0,4.96089770996283,2.227307277849832,3.2633598020625456,0.1433507448756352,0.37861688403402616,0.7283767758757783,5.104248454838466,2.259258386028138,3.265669463804581,1.79113566596061
0,1234,SINOS,0,3,1634.2213588490265,821.0280021689687,0.027735220761747146,813.1655280478517,9.341144442830346e-05,1.0,1.0,1.0,5.027679995491483,2.2422488701059664,3.3456730913872472,0.1402247263372733,0.3744659214631864,0.7028165638147299,5.167904721828757,2.2733026023450456,3.3708390371166077,2.482990249991417
0,1234,SINOS,1,4,1634.2213588490265,821.0280021689687,0.027735220761747146,813.1655280478517,9.341144442830346e-05,1.0,1.0,1.0,5.027679995491483,2.2422488701059664,3.3456730913872472,0.1402247263372733,0.3744659214631864,0.7028165638147299,5.167904721828757,2.2733026023450456,3.3708390371166077,3.185989332967438
0,1234,SINOS,1,5,1633.3770814338318,822.0629568306891,0.0038395836364767304,811.3098215324212,0.0004634870848724473,1.0,1.0,1.0,5.04501087762045,2.246110165958128,3.350697187438728,0.1373996261673871,0.37067455559747703,0.6792030116997929,5.182410503787836,2.27649083103531,3.377411441703488,3.927428458002396
0,1234,SINOS,2,6,1633.3770814338318,822.0629568306891,0.0038395836364767304,811.3098215324212,0.0004634870848724473,1.0,1.0,1.0,5.04501087762045,2.246110165958128,3.350697187438728,0.1373996261673871,0.37067455559747703,0.6792030116997929,5.182410503787836,2.27649083103531,3.377411441703488,4.809216207941063
0,1234,SINOS,2,7,1632.2779980592206,822.8050093111174,0.005082521999791666,809.465261960441,0.002644265662374148,1.0,1.0,1.0,5.0592628029230635,2.2492805078342415,3.370017924303001,0.13202254216467352,0.3633490638004638,0.6237146549935559,5.191285345087737,2.278439234451456,3.39075557377314,5.806409833021462
0,1234,SINOS,3,8,1632.2779980592206,822.8050093111174,0.005082521999791666,809.465261960441,0.002644265662374148,1.0,1.0,1.0,5.0592628029230635,2.2492805078342415,3.370017924303001,0.13202254216467352,0.3633490638004638,0.6237146549935559,5.191285345087737,2.278439234451456,3.39075557377314,6.651779250008985
0,1234,SINOS,3,9,1628.2763595110205,823.6280478989813,0.04697069156362166,804.5684874136168,0.032853506858878355,1.0,1.0,1.0,5.109439500117398,2.2604069324166827,3.4462686672665694,0.1311127959460653,0.3620950095569743,0.6370210874887956,5.240552296063464,2.289225261101114,3.4535691779837525,7.423250249936245
0,1234,SINOS,4,10,1628.2763595110205,823.6280478989813,0.04697069156362166,804.5684874136168,0.032853506858878355,1.0,1.0,1.0,5.109439500117398,2.2604069324166827,3.4462686672665694,0.1311127959460653,0.3620950095569743,0.6370210874887956,5.240552296063464,2.289225261101114,3.4535691779837525,8.126084540970623
0,1234,SINOS,4,11,1609.7024198571899,816.3757538958344,0.32719888289942217,792.55985784563,0.43960923282600256,1.0,1.0,1.0,5.533286957505007,2.3522939776960294,3.784529802001093,0.49119973974955883,0.7008564330514194,1.7514616999512653,6.024486697254566,2.454482979622097,3.9345382481445923,8.797760499990545
0,1234,SINOS,4,12,1616.868106224838,804.5006341488327,6.381201755525771,804.7890652165306,1.1972051039487939,1.0,1.0,1.0,6.836651819830333,2.6146991834301576,4.680808293404207,1.586151287785984,1.2594249829926292,2.9811865965602324,8.422803107616318,2.9022065928559115,4.969346100259124,9.480905290925875
0,1234,SINOS,4,13,1603.1763541929604,808.3686555190153,1.7893918403623423,792.209046931052,0.8092599025308581,1.0,1.0,1.0,6.052207147902939,2.4601234009502324,4.176342020237204,0.9645606080637705,0.9821204651486347,2.4069166895063314,7.016767755966709,2.6489182237220366,4.400024182684003,10.158784749917686
0,1234,SINOS,5,14,1603.1763541929604,808.3686555190153,1.7893918403623423,792.209046931052,0.8092599025308581,1.0,1.0,1.0,6.052207147902939,2.4601234009502324,4.176342020237204,0.9645606080637705,0.9821204651486347,2.4069166895063314,7.016767755966709,2.6489182237220366,4.400024182684003,10.796283875009976
0,1234,SINOS,5,15,1705.9993074558,811.3703399930383,22.819332085662722,870.013393592847,1.7962417842518112,1.0,1.0,1.0,8.030564458972545,2.833825057933631,5.375635564090437,2.8194675217390706,1.6791270117948405,3.644379521763364,10.850031980711615,3.2939386728826046,5.736631580375024,11.434188915998675
0,1234,SINOS,5,16,1597.5289558788793,801.3459345797176,3.955560769693811,791.151631304373,1.0758292250950978,1.0,1.0,1.0,6.410333444652916,2.5318636307378237,4.431723167771717,1.3629687186768369,1.1674625127501255,2.797962724679045,7.773302163329753,2.7880642322819167,4.704206093143912,12.119689082959667
0,1234,SINOS,6,17,1597.5289558788793,801.3459345797176,3.955560769693811,791.151631304373,1.0758292250950978,1.0,1.0,1.0,6.410333444652916,2.5318636307378237,4.431723167771717,1.3629687186768369,1.1674625127501255,2.797962724679045,7.773302163329753,2.7880642322819167,4.704206093143912,12.786324582993984
0,1234,SINOS,6,18,1560.0405813356529,782.5950113524702,9.484632416294428,766.3967655873627,1.564171979525463,1.0,1.0,1.0,6.433587464225455,2.5364517468750427,4.542952041785221,2.1840600569053716,1.4778565752147168,3.3172993004685196,8.617647521130827,2.9355829951017953,4.9214938161249515,13.464232165948488
0,1234,SINOS,7,19,1560.0405813356529,782.5950113524702,9.484632416294428,766.3967655873627,1.564171979525463,1.0,1.0,1.0,6.433587464225455,2.5364517468750427,4.542952041785221,2.1840600569053716,1.4778565752147168,3.3172993004685196,8.617647521130827,2.9355829951017953,4.9214938161249515,14.167036916012876
0,1234,SINOS,7,20,1477.6279402463526,776.0065000620168,11.117809350429813,688.8859584326533,1.617672401252847,1.0,1.0,1.0,5.520722537849733,2.3496217861285107,4.042148178205085,2.106968411069323,1.4515400135956718,3.1626113534983142,7.6276909489190565,2.7618274654509207,4.493093468501146,14.852637332980521
0,1234,SINOS,8,21,1477.6279402463526,776.0065000620168,11.117809350429813,688.8859584326533,1.617672401252847,1.0,1.0,1.0,5.520722537849733,2.3496217861285107,4.042148178205085,2.106968411069323,1.4515400135956718,3.1626113534983142,7.6276909489190565,2.7618274654509207,4.493093468501146,15.54012124997098
0,1234,SINOS,8,22,1306.0283088537487,675.16847641608,66.02487221539016,563.1722066170197,1.6627536052589267,1.0,1.0,1.0,6.397810530312733,2.5293893591759917,4.941572348754395,1.6011408538195073,1.265361945776586,2.5317915051814692,7.998951384132241,2.828241747823591,5.316755084913744,16.201066541019827
0,1234,SINOS,9,23,1306.0283088537487,675.16847641608,66.02487221539016,563.1722066170197,1.6627536052589267,1.0,1.0,1.0,6.397810530312733,2.5293893591759917,4.941572348754395,1.6011408538195073,1.265361945776586,2.5317915051814692,7.998951384132241,2.828241747823591,5.316755084913744,16.8729061660124
0,1234,SINOS,9,24,1260.2354211915997,571.4226754879119,68.46801532600304,619.0683047644137,1.2764256132711485,1.0,1.0,1.0,8.54847268540352,2.923777126492975,5.791943502637539,0.7217649261776109,0.8495674935975428,1.7920666845704774,9.27023761158113,3.044706490218906,5.96321792507486,17.553349165944383
0,1234,SINOS,10,25,1260.2354211915997,571.4226754879119,68.46801532600304,619.0683047644137,1.2764256132711485,1.0,1.0,1.0,8.54847268540352,2.923777126492975,5.791943502637539,0.7217649261776109,0.8495674935975428,1.7920666845704774,9.27023761158113,3.044706490218906,5.96321792507486,18.208931665983982
0,1234,SINOS,10,26,1194.774151725995,543.0469928010432,228.55829281449803,421.587393505878,1.581472604575707,1.0,1.0,1.0,9.573181520574115,3.0940558366930153,6.7472113007504495,0.9405277807353074,0.9698081154204203,2.037896487538316,10.513709301309422,3.2424850502831037,6.951338777589893,18.912275832961313
0,1234,SINOS,10,27,1112.1154669448465,485.4170934908706,153.7262510236971,471.4786641500851,1.4934582801935727,1.0,1.0,1.0,9.239511483534933,3.0396564745929653,6.420226317287209,0.8964480493523204,0.9468094049766935,1.9628246841587913,10.135959532887254,3.183702174024331,6.617539809082469,19.57382225000765
0,1234,SINOS,11,28,1112.1154669448465,485.4170934908706,153.7262510236971,471.4786641500851,1.4934582801935727,1.0,1.0,1.0,9.239511483534933,3.0396564745929653,6.420226317287209,0.8964480493523204,0.9468094049766935,1.9628246841587913,10.135959532887254,3.183702174024331,6.617539809082469,20.27370191598311
0,1234,SINOS,11,29,1978.2321797461218,988.9997950723059,140.73139557348432,846.2239070224609,2.277082077870572,1.0,1.0,1.0,11.790855155479235,3.4337814658884795,6.574424228259846,1.8872332499204254,1.3737660826794442,3.038328380875121,13.67808840539966,3.698389974759241,6.7306389989508295,20.967629999970086
0,1234,SINOS,11,30,999.3914814973524,453.5325227577291,158.2148786186614,385.96930710455774,1.6747730164042125,1.0,1.0,1.0,8.128548267004641,2.8510609020160618,5.947100678068943,1.1362778620546428,1.065963349301768,2.1943752714206486,9.264826129059283,3.043817689852545,6.196456389698963,21.64702270796988
0,1234,SINOS,12,31,999.3914814973524,453.5325227577291,158.2148786186614,385.96930710455774,1.6747730164042125,1.0,1.0,1.0,8.128548267004641,2.8510609020160618,5.947100678068943,1.1362778620546428,1.065963349301768,2.1943752714206486,9.264826129059283,3.043817689852545,6.196456389698963,22.29726187500637
0,1234,SINOS,12,32,939.9971851318323,419.53246068136724,154.4991209499113,364.15591224230894,1.8096912582448397,1.0,1.0,1.0,9.046348181122502,3.007714777222485,5.913508906538276,1.417550796558519,1.190609422337367,2.50419296457512,10.463898977681021,3.234795044153651,6.154215397694566,22.982265583006665
0,1234,SINOS,13,33,939.9971851318323,419.53246068136724,154.4991209499113,364.15591224230894,1.8096912582448397,1.0,1.0,1.0,9.046348181122502,3.007714777222485,5.913508906538276,1.417550796558519,1.190609422337367,2.50419296457512,10.463898977681021,3.234795044153651,6.154215397694566,23.695880874991417
0,1234,SINOS,13,34,882.128653207488,402.4028345516776,128.98856312318222,349.05446668512883,1.6827888474993,1.0,1.0,1.0,8.599791426994853,2.9325400981051994,5.7620634333602165,1.175631060027266,1.0842652166454783,2.3035451097359814,9.77542248702212,3.126567204942526,5.975565254020147,24.432970665977336
0,1234,SINOS,14,35,882.128653207488,402.4028345516776,128.98856312318222,349.05446668512883,1.6827888474993,1.0,1.0,1.0,8.599791426994853,2.9325400981051994,5.7620634333602165,1.175631060027266,1.0842652166454783,2.3035451097359814,9.77542248702212,3.126567204942526,5.975565254020147,25.1495347910095
0,1234,SINOS,14,36,808.5716387765622,349.41075788990304,157.10956731298134,300.48790476061424,1.5634088130636072,1.0,1.0,1.0,9.427770504963547,3.070467473360294,5.977349222862399,0.84457960733151,0.9190101236284125,2.036886383727527,10.272350112295058,3.2050507191454956,6.143865500588045,25.865021875011735
0,1234,SINOS,15,37,808.5716387765622,349.41075788990304,157.10956731298134,300.48790476061424,1.5634088130636072,1.0,1.0,1.0,9.427770504963547,3.070467473360294,5.977349222862399,0.84457960733151,0.9190101236284125,2.036886383727527,10.272350112295058,3.2050507191454956,6.143865500588045,26.56857741600834
0,1234,SINOS,15,38,710.4086325524157,272.08398007670024,215.03118525213526,221.93820560006782,1.3552616235124286,1.0,1.0,1.0,11.255290800654521,3.3548905795352733,6.1769327330972335,0.3835746329033536,0.6193340236926707,1.597259705424917,11.638865433557873,3.4115781441376765,6.246252254472805,27.298692125012167
0,1234,SINOS,16,39,710.4086325524157,272.08398007670024,215.03118525213526,221.93820560006782,1.3552616235124286,1.0,1.0,1.0,11.255290800654521,3.3548905795352733,6.1769327330972335,0.3835746329033536,0.6193340236926707,1.597259705424917,11.638865433557873,3.4115781441376765,6.246252254472805,28.001348958001472
0,1234,SINOS,16,40,669.6777535499261,222.7370640138646,235.5451819357827,210.23399858359124,1.1615090166876736,1.0,1.0,1.0,13.852350535408972,3.721874599635105,6.55796265547826,0.2635009559465756,0.513323441844005,1.3432885663159504,14.115851491355544,3.7571067979704202,6.597277540155754,28.685186499962583
0,1234,SINOS,17,41,669.6777535499261,222.7370640138646,235.5451819357827,210.23399858359124,1.1615090166876736,1.0,1.0,1.0,13.852350535408972,3.721874599635105,6.55796265547826,0.2635009559465756,0.513323441844005,1.3432885663159504,14.115851491355544,3.7571067979704202,6.597277540155754,29.422457707929425
0,1234,SINOS,17,42,609.0399626064458,187.542725800144,202.84116538650505,217.43273615039615,1.2233352694005344,1.0,1.0,1.0,12.833902819593046,3.5824436938482433,6.153946429287353,0.2939638652692129,0.5421843462045108,1.440463407282674,13.12786668486226,3.623239805044963,6.198888600375361,30.323309166007675
0,1234,SINOS,18,43,609.0399626064458,187.542725800144,202.84116538650505,217.43273615039615,1.2233352694005344,1.0,1.0,1.0,12.833902819593046,3.5824436938482433,6.153946429287353,0.2939638652692129,0.5421843462045108,1.440463407282674,13.12786668486226,3.623239805044963,6.198888600375361,31.150857790955342
0,1234,SINOS,18,44,580.008300186389,184.48587798371094,227.80516923421055,166.47359322117455,1.2436597472930175,1.0,1.0,1.0,12.197117432956503,3.492437176665674,6.044637818469856,0.30131300626824586,0.5489198541392413,1.469888191378698,12.49843043922475,3.5353119295508777,6.090946088454615,31.89038374996744
0,1234,SINOS,19,45,580.008300186389,184.48587798371094,227.80516923421055,166.47359322117455,1.2436597472930175,1.0,1.0,1.0,12.197117432956503,3.492437176665674,6.044637818469856,0.30131300626824586,0.5489198541392413,1.469888191378698,12.49843043922475,3.5353119295508777,6.090946088454615,32.68828491598833
0,1234,SINOS,19,46,547.4153268872651,167.93718447670273,240.35618687194156,137.9201012117838,1.2018543268370268,1.0,1.0,1.0,12.129181888760572,3.482697501759315,5.957641045884793,0.29565794438291326,0.5437443741161037,1.4552216113508996,12.424839833143485,3.5248886270552555,6.0024153062983565,33.44452474999707
0,1234,SINOS,20,47,547.4153268872651,167.93718447670273,240.35618687194156,137.9201012117838,1.2018543268370268,1.0,1.0,1.0,12.129181888760572,3.482697501759315,5.957641045884793,0.29565794438291326,0.5437443741161037,1.4552216113508996,12.424839833143485,3.5248886270552555,6.0024153062983565,34.17531650001183
0,1234,SINOS,20,48,478.81525167188624,119.6662107865439,272.1830128845884,85.9518029131101,1.0142250876438694,1.0,1.0,1.0,12.876555995877506,3.5883918397908423,6.2075083820054235,0.27782449293469613,0.5270905927207353,1.338978663858455,13.154380488812203,3.626896812539916,6.214380174675583,34.92106329090893
0,1234,SINOS,21,49,478.81525167188624,119.6662107865439,272.1830128845884,85.9518029131101,1.0142250876438694,1.0,1.0,1.0,12.876555995877506,3.5883918397908423,6.2075083820054235,0.27782449293469613,0.5270905927207353,1.338978663858455,13.154380488812203,3.626896812539916,6.214380174675583,35.63215054094326
0,1234,SINOS,21,50,492.456296176942,130.97643719422047,234.63830997123767,126.15883765534895,0.6827113561348894,1.0,1.0,1.0,13.559336789795774,3.6823004752186876,6.6169806237111155,0.2618725606430107,0.5117348538481727,1.5012367614586928,13.821209350438783,3.7176887108039027,6.618055127832645,36.346237874939106
0,1234,SINOS,21,51,441.83939634749584,96.80253057791282,260.3124917582337,83.85614836002208,0.8682256513272137,1.0,1.0,1.0,13.1527807581469,3.626676268726904,6.412789251511859,0.27359626084332794,0.5230642989569523,1.4348431598105436,13.426377018990229,3.66420209854618,6.416644440291785,37.05068079091143
0,1234,SINOS,22,52,441.83939634749584,96.80253057791282,260.3124917582337,83.85614836002208,0.8682256513272137,1.0,1.0,1.0,13.1527807581469,3.626676268726904,6.412789251511859,0.27359626084332794,0.5230642989569523,1.4348431598105436,13.426377018990229,3.66420209854618,6.416644440291785,37.76654937490821
0,1234,SINOS,22,53,421.0460097897886,80.01095312743408,266.37667190853267,73.89001147330828,0.7683732805136294,1.0,1.0,1.0,13.595039355304943,3.6871451497472867,6.469072922943266,0.2563779563625347,0.5063377887957156,1.4508336254763492,13.851417311667477,3.7217492274020127,6.471894781422216,38.455924583016895
0,1234,SINOS,23,54,421.0460097897886,80.01095312743408,266.37667190853267,73.89001147330828,0.7683732805136294,1.0,1.0,1.0,13.595039355304943,3.6871451497472867,6.469072922943266,0.2563779563625347,0.5063377887957156,1.4508336254763492,13.851417311667477,3.7217492274020127,6.471894781422216,39.13738908292726
0,1234,SINOS,23,55,410.60891039998637,64.21547994766884,287.31477028551325,58.42724266269448,0.6514175041098245,1.0,1.0,1.0,14.236168754949574,3.773084779719318,6.589576723769011,0.247196190137334,0.49718828439267754,1.4900467993909698,14.483364945086908,3.805701636372314,6.591735403878123,39.79186016600579
0,1234,SINOS,24,56,410.60891039998637,64.21547994766884,287.31477028551325,58.42724266269448,0.6514175041098245,1.0,1.0,1.0,14.236168754949574,3.773084779719318,6.589576723769011,0.247196190137334,0.49718828439267754,1.4900467993909698,14.483364945086908,3.805701636372314,6.591735403878123,40.46060312492773
0,1234,SINOS,24,57,399.7289677524032,62.64743437216395,283.19446777686704,53.31662789439496,0.5704377089772296,1.0,1.0,1.0,14.128705615036667,3.7588170499555664,6.441434543688374,0.23413147173767843,0.48387133799976045,1.4675435942328816,14.362837086774347,3.7898333850941714,6.44256723911935,41.13960824999958
0,1234,SINOS,25,58,399.7289677524032,62.64743437216395,283.19446777686704,53.31662789439496,0.5704377089772296,1.0,1.0,1.0,14.128705615036667,3.7588170499555664,6.441434543688374,0.23413147173767843,0.48387133799976045,1.4675435942328816,14.362837086774347,3.7898333850941714,6.44256723911935,41.815574040985666
0,1234,SINOS,25,59,390.9688932377797,60.67949816795965,281.86575789734457,47.91440979053638,0.5092273819390932,1.0,1.0,1.0,14.136069178601987,3.7597964278138765,6.378380278565961,0.23242157776209743,0.4821012111186793,1.4663289026577766,14.368490756364087,3.790579211197688,6.379158114992234,42.489634207915515
0,1234,SINOS,26,60,390.9688932377797,60.67949816795965,281.86575789734457,47.91440979053638,0.5092273819390932,1.0,1.0,1.0,14.136069178601987,3.7597964278138765,6.378380278565961,0.23242157776209743,0.4821012111186793,1.4663289026577766,14.368490756364087,3.790579211197688,6.379158114992234,43.1749512499664
0,1234,SINOS,26,61,387.74496317175795,61.285933850717775,291.6728871480399,34.32017241837414,0.4659697546261359,1.0,1.0,1.0,13.806664204823656,3.715731987754722,6.3120406828567655,0.23394679267832588,0.48368046547108545,1.4584776096075707,14.040610997501977,3.7470803297370043,6.312831722467792,43.862673291005194
0,1234,SINOS,27,62,387.74496317175795,61.285933850717775,291.6728871480399,34.32017241837414,0.4659697546261359,1.0,1.0,1.0,13.806664204823656,3.715731987754722,6.3120406828567655,0.23394679267832588,0.48368046547108545,1.4584776096075707,14.040610997501977,3.7470803297370043,6.312831722467792,44.56646775000263
0,1234,SINOS,27,63,383.87009454148364,60.23952456337922,283.104061598188,40.068941646747945,0.45756673316844054,1.0,1.0,1.0,13.948156689602389,3.734723107487674,6.358890402632555,0.22873615052295346,0.47826368304833,1.4321331575535385,14.176892840125339,3.765221486197769,6.359593210366039,45.23599329101853
0,1234,SINOS,28,64,383.87009454148364,60.23952456337922,283.104061598188,40.068941646747945,0.45756673316844054,1.0,1.0,1.0,13.948156689602389,3.734723107487674,6.358890402632555,0.22873615052295346,0.47826368304833,1.4321331575535385,14.176892840125339,3.765221486197769,6.359593210366039,45.87739949999377
0,1234,SINOS,28,65,382.3008176769774,58.693257866988176,285.99020725014293,37.14478351448405,0.4725690453622274,1.0,1.0,1.0,13.929323751783517,3.7322009259662745,6.362052812742218,0.2268093023311993,0.476245002421232,1.425928606733356,14.156133054114717,3.7624636947238064,6.362800175367016,46.52776395797264
0,1234,SINOS,29,66,382.3008176769774,58.693257866988176,285.99020725014293,37.14478351448405,0.4725690453622274,1.0,1.0,1.0,13.929323751783517,3.7322009259662745,6.362052812742218,0.2268093023311993,0.476245002421232,1.425928606733356,14.156133054114717,3.7624636947238064,6.362800175367016,47.20984041597694
0,1234,SINOS,29,67,379.9442891592973,57.25118127170288,285.74733988293053,36.4729760545442,0.472791950119671,1.0,1.0,1.0,13.910983008109591,3.7297430217254366,6.378527502016556,0.22097338812402223,0.47007806598906765,1.3977955503812791,14.131956396233617,3.7592494458646417,6.379151246778369,47.88398329098709
0,1234,SINOS,30,68,379.9442891592973,57.25118127170288,285.74733988293053,36.4729760545442,0.472791950119671,1.0,1.0,1.0,13.910983008109591,3.7297430217254366,6.378527502016556,0.22097338812402223,0.47007806598906765,1.3977955503812791,14.131956396233617,3.7592494458646417,6.379151246778369,48.52659733290784
0,1234,SINOS,30,69,375.88054865522764,56.68501865317807,285.05914922391617,33.655962929117536,0.4804178490158686,1.0,1.0,1.0,13.758527669398426,3.709248936024438,6.3570284017961605,0.20587181348697134,0.45373099242499554,1.3213309671004652,13.964399482885396,3.736897039374432,6.357577195948096,49.17476774996612
0,1234,SINOS,31,70,375.88054865522764,56.68501865317807,285.05914922391617,33.655962929117536,0.4804178490158686,1.0,1.0,1.0,13.758527669398426,3.709248936024438,6.3570284017961605,0.20587181348697134,0.45373099242499554,1.3213309671004652,13.964399482885396,3.736897039374432,6.357577195948096,49.83642420801334
0,1234,SINOS,31,71,374.3807691177577,58.53333766203574,282.7509196490456,32.6004318367428,0.49607996993351433,1.0,1.0,1.0,13.440140712422139,3.6660797471443716,6.236838001134653,0.18766953414314483,0.433208418827641,1.2175681466819215,13.627810246565282,3.6915864132599254,6.23710718408604,50.48129499994684
0,1234,SINOS,32,72,374.3807691177577,58.53333766203574,282.7509196490456,32.6004318367428,0.49607996993351433,1.0,1.0,1.0,13.440140712422139,3.6660797471443716,6.236838001134653,0.18766953414314483,0.433208418827641,1.2175681466819215,13.627810246565282,3.6915864132599254,6.23710718408604,51.14271929091774
0,1234,SINOS,32,73,370.99294182799764,56.23556605521833,282.15714067632484,32.1150756265839,0.4851594698705797,1.0,1.0,1.0,13.540475233708062,3.6797384735478227,6.246939836336421,0.1880239293212525,0.43361726132760503,1.222143962924301,13.728499163029314,3.7051989370382414,6.247233432016706,51.812002582941204
0,1234,SINOS,33,74,370.99294182799764,56.23556605521833,282.15714067632484,32.1150756265839,0.4851594698705797,1.0,1.0,1.0,13.540475233708062,3.6797384735478227,6.246939836336421,0.1880239293212525,0.43361726132760503,1.222143962924301,13.728499163029314,3.7051989370382414,6.247233432016706,52.4680298329331
0,1234,SINOS,33,75,369.88336604136657,55.833204642703585,282.33518790825167,31.231259268976657,0.48371422143466486,1.0,1.0,1.0,13.54159658903425,3.679890839282362,6.227628993682175,0.1855347999065017,0.4307375069650909,1.2055140199399954,13.727131388940752,3.705014357454064,6.228318464279352,53.13635325001087
0,1234,SINOS,34,76,369.88336604136657,55.833204642703585,282.33518790825167,31.231259268976657,0.48371422143466486,1.0,1.0,1.0,13.54159658903425,3.679890839282362,6.227628993682175,0.1855347999065017,0.4307375069650909,1.2055140199399954,13.727131388940752,3.705014357454064,6.228318464279352,53.793698415975086
0,1234,SINOS,34,77,368.57072172874854,56.03611262436655,281.3542905636488,30.70432888085513,0.47598965987798475,1.0,1.0,1.0,13.526662044513689,3.6778610692240252,6.232058043747129,0.18073039521331136,0.42512397628610804,1.1742471337166578,13.707392439727002,3.7023495836734543,6.2335132907815725,54.45445729093626
0,1234,SINOS,35,78,368.57072172874854,56.03611262436655,281.3542905636488,30.70432888085513,0.47598965987798475,1.0,1.0,1.0,13.526662044513689,3.6778610692240252,6.232058043747129,0.18073039521331136,0.42512397628610804,1.1742471337166578,13.707392439727002,3.7023495836734543,6.2335132907815725,55.08573766599875
0,1234,SINOS,35,79,365.59806908336367,57.17926341187833,278.9985696619484,28.951894016496585,0.468341993040382,1.0,1.0,1.0,13.431449694316818,3.6648942268934337,6.247361865060298,0.17155797621882787,0.414195577256479,1.1000082429730058,13.603007670535648,3.6882255449654444,6.248524607174287,55.72799283300992
0,1234,SINOS,36,80,365.59806908336367,57.17926341187833,278.9985696619484,28.951894016496585,0.468341993040382,1.0,1.0,1.0,13.431449694316818,3.6648942268934337,6.247361865060298,0.17155797621882787,0.414195577256479,1.1000082429730058,13.603007670535648,3.6882255449654444,6.248524607174287,56.393664165982045
0,1234,SINOS,36,81,361.2987484123088,60.0430280493285,272.469332513102,28.33554686681424,0.4508409830640161,1.0,1.0,1.0,13.290954592893076,3.6456761503036823,6.2629471882884005,0.16219209073437943,0.40273079188755784,0.9638572014074487,13.453146683627455,3.6678531436832986,6.2642278529636926,57.04962449998129
0,1234,SINOS,37,82,361.2987484123088,60.0430280493285,272.469332513102,28.33554686681424,0.4508409830640161,1.0,1.0,1.0,13.290954592893076,3.6456761503036823,6.2629471882884005,0.16219209073437943,0.40273079188755784,0.9638572014074487,13.453146683627455,3.6678531436832986,6.2642278529636926,57.70520670793485
0,1234,SINOS,37,83,359.35482438268417,57.99980425237792,271.7526026108986,29.179379255447955,0.42303826395970967,1.0,1.0,1.0,13.431901833969771,3.664955911599725,6.301250703932553,0.15579995647295145,0.3947150319825069,0.8705967472480132,13.587701790442722,3.6861499956516584,6.301952992805312,58.377170540974475
0,1234,SINOS,38,84,359.35482438268417,57.99980425237792,271.7526026108986,29.179379255447955,0.42303826395970967,1.0,1.0,1.0,13.431901833969771,3.664955911599725,6.301250703932553,0.15579995647295145,0.3947150319825069,0.8705967472480132,13.587701790442722,3.6861499956516584,6.301952992805312,59.02774012496229
0,1234,SINOS,38,85,356.99664289762086,59.9667763748229,265.7717300425659,30.835785747281456,0.42235073295063574,1.0,1.0,1.0,13.332549951291185,3.6513764461215423,6.256836778319216,0.15767944021196637,0.3970887057219915,0.8804437040181107,13.490229391503147,3.6729047621063016,6.257627810012793,59.71225266600959
0,1234,SINOS,39,86,356.99664289762086,59.9667763748229,265.7717300425659,30.835785747281456,0.42235073295063574,1.0,1.0,1.0,13.332549951291185,3.6513764461215423,6.256836778319216,0.15767944021196637,0.3970887057219915,0.8804437040181107,13.490229391503147,3.6729047621063016,6.257627810012793,60.34957899991423
0,1234,SINOS,39,87,355.79473259777654,59.02567275441129,265.1265936386052,31.220151406304602,0.4223147984554861,1.0,1.0,1.0,13.363409292087276,3.6555997171582226,6.250560447102716,0.15556742018218142,0.394420359746022,0.868222378631039,13.518976712269456,3.676816110749823,6.251551948608516,61.00988749996759
0,1234,SINOS,40,88,355.79473259777654,59.02567275441129,265.1265936386052,31.220151406304602,0.4223147984554861,1.0,1.0,1.0,13.363409292087276,3.6555997171582226,6.250560447102716,0.15556742018218142,0.394420359746022,0.868222378631039,13.518976712269456,3.676816110749823,6.251551948608516,61.68643937492743
0,1234,SINOS,40,89,354.8873763177478,60.34612179674711,263.23404525327555,30.883622537686698,0.4235867300384201,1.0,1.0,1.0,13.280686768083052,3.644267658677536,6.203203999708949,0.15861402460412694,0.398263762604793,0.881843499201785,13.439300792687177,3.665965192508949,6.204509731850733,62.371002416010015
0,1234,SINOS,41,90,354.8873763177478,60.34612179674711,263.23404525327555,30.883622537686698,0.4235867300384201,1.0,1.0,1.0,13.280686768083052,3.644267658677536,6.203203999708949,0.15861402460412694,0.398263762604793,0.881843499201785,13.439300792687177,3.665965192508949,6.204509731850733,63.0733609580202
0,1234,SINOS,41,91,353.2757343687448,59.72417170377614,262.31189388808957,30.85257094822873,0.38709782865031994,1.0,1.0,1.0,13.323813383301935,3.6501799110868407,6.214248271646629,0.15689975590269645,0.3961057382854942,0.8582661202407221,13.480713139204633,3.67160906677231,6.215351751361393,63.70915937493555
0,1234,SINOS,42,92,353.2757343687448,59.72417170377614,262.31189388808957,30.85257094822873,0.38709782865031994,1.0,1.0,1.0,13.323813383301935,3.6501799110868407,6.214248271646629,0.15689975590269645,0.3961057382854942,0.8582661202407221,13.480713139204633,3.67160906677231,6.215351751361393,64.35275099996943
0,1234,SINOS,42,93,351.74175235080537,61.695891434596845,260.82478331599214,28.882609897092234,0.33846770312417,1.0,1.0,1.0,13.236099173923701,3.638145018264624,6.190629942072259,0.15960125373013961,0.3995012562309906,0.8589032868140236,13.395700427653843,3.6600137195991276,6.191750739743246,65.01208895794116
0,1234,SINOS,43,94,351.74175235080537,61.695891434596845,260.82478331599214,28.882609897092234,0.33846770312417,1.0,1.0,1.0,13.236099173923701,3.638145018264624,6.190629942072259,0.15960125373013961,0.3995012562309906,0.8589032868140236,13.395700427653843,3.6600137195991276,6.191750739743246,65.68628591601737
0,1234,SINOS,43,95,350.9431937660609,58.64343739377242,263.88056955481795,28.10683345425131,0.31235336321921287,1.0,1.0,1.0,13.33609751066271,3.6518621976551513,6.202235887871289,0.15774555487319344,0.3971719462313438,0.8658313613155418,13.4938430655359,3.673396665966786,6.203336027129117,66.34516112494748
0,1234,SINOS,44,96,350.9431937660609,58.64343739377242,263.88056955481795,28.10683345425131,0.31235336321921287,1.0,1.0,1.0,13.33609751066271,3.6518621976551513,6.202235887871289,0.15774555487319344,0.3971719462313438,0.8658313613155418,13.4938430655359,3.673396665966786,6.203336027129117,67.0170264999615
0,1234,SINOS,44,97,350.1797798673796,59.69574430997168,262.6688753267996,27.53122682311446,0.2839334074937906,1.0,1.0,1.0,13.272515520320466,3.6431463764609386,6.179659537284597,0.15856256868248408,0.39819915705898234,0.8784620832983032,13.431078089002948,3.6648435285838534,6.180246466001601,67.69845095800702
0,1234,SINOS,45,98,350.1797798673796,59.69574430997168,262.6688753267996,27.53122682311446,0.2839334074937906,1.0,1.0,1.0,13.272515520320466,3.6431463764609386,6.179659537284597,0.15856256868248408,0.39819915705898234,0.8784620832983032,13.431078089002948,3.6648435285838534,6.180246466001601,68.35879158298485
0,1234,SINOS,45,99,348.1518437876147,61.23852190051939,261.848797025801,24.85178191992594,0.21274294136840466,1.0,1.0,1.0,13.101362794382258,3.619580472151746,6.146514883139685,0.1601082292887325,0.40013526374056624,0.9017322015689673,13.261471023670989,3.6416302700399155,6.147082048473808,69.02996129100211
0,1234,SINOS,46,100,348.1518437876147,61.23852190051939,261.848797025801,24.85178191992594,0.21274294136840466,1.0,1.0,1.0,13.101362794382258,3.619580472151746,6.146514883139685,0.1601082292887325,0.40013526374056624,0.9017322015689673,13.261471023670989,3.6416302700399155,6.147082048473808,69.685030582943
0,1234,SINOS,51,110,341.9900730567332,58.56815806821566,258.90928065722903,24.47829534598395,0.03433898530456172,1.0,1.0,1.0,12.97727776531789,3.602398890367069,6.11805531475958,0.17476774923369595,0.4180523283438282,1.0743178593944518,13.152045514551588,3.626574901274147,6.120440687650122,76.01431537501048
0,1234,SINOS,56,120,333.9113463127019,59.10918732295916,248.1020287456134,26.70009525409823,3.499003107619845e-05,1.0,1.0,1.0,12.528653979403895,3.5395838709379235,6.114904802836595,0.3069630329130639,0.5540424468513797,1.3831700228436672,12.835617012316959,3.5826829349409306,6.120281504305778,82.50989654101431
0,1234,SINOS,61,130,328.0971353875327,52.01082198228272,248.09132269757538,27.983319084169345,0.011671623505240465,1.0,1.0,1.0,12.45864991983831,3.5296812773731157,6.049883442093561,0.4408466745684461,0.6639628563168621,1.6814911281313365,12.899496594406756,3.591586918676305,6.065474004640828,88.7843869579956
0,1234,SINOS,66,140,319.1427002324923,54.35939653498072,238.54006106045443,26.243024667132897,0.00021796992427524514,1.0,1.0,1.0,12.105997969020182,3.479367466799128,6.013040282647836,0.5847328598034758,0.7646782720879911,1.8978384907216768,12.690730828823657,3.5624052027841606,6.044580732977453,95.04767541598994
0,1234,SINOS,71,150,306.6698680338716,54.26448764492605,225.24560504420813,27.10228259160626,0.05749275313115408,1.0,1.0,1.0,11.504225355229469,3.3917879289881125,5.942718344964061,0.9772031934946727,0.9885358837668325,2.097561802475834,12.481428548724143,3.532906529859535,5.99652218081916,101.85227249993477
0,1234,SINOS,76,160,287.0586080593296,57.350097077336926,199.76211983095945,29.601049265868575,0.34534188516459363,1.0,1.0,1.0,10.321511538358097,3.21271093289734,5.567153016711242,1.1122704667691674,1.0546423406867218,2.623743902402041,11.433782005127267,3.3813875857593234,5.736790076464516,111.52563933294732
0,1234,SINOS,81,170,269.1369610915933,54.23619857775516,182.8019974015467,31.85630921266485,0.2424558996266433,1.0,1.0,1.0,9.909647870314314,3.1479593184020525,5.56914242040389,1.3409123569487975,1.1579777014039594,2.9571143409540896,11.250560227263112,3.354185478959551,5.720913875056647,119.21454604098108
0,1234,SINOS,86,180,243.6763122932492,58.01778388783182,147.31658440865885,38.28464168032589,0.057302316432599525,1.0,1.0,1.0,8.692053968250583,2.9482289545166913,5.333375367877736,1.2682733153026329,1.1261764139346166,3.174165034964844,9.960327283553216,3.155998619067064,5.490169986848359,125.42295445792843
0,1234,SINOS,91,190,209.7435790510103,62.898520029519915,110.12171803807247,36.70456205778723,0.018778925630664734,1.0,1.0,1.0,6.439029234190597,2.5375242332223347,5.038159140277076,2.062950494289816,1.4362974950510135,4.2188286187507265,8.501979728480412,2.9158154482889365,5.210853263280091,131.5648065409623
0,1234,SINOS,96,200,174.41473836595708,52.76712164200476,84.69519447885486,36.952301169862125,0.0001210752353538551,1.0,1.0,1.0,5.222367303252358,2.285249943278056,4.780876230733148,3.0521741675048695,1.7470472711134262,4.904108046605106,8.274541470757228,2.8765502725934113,5.295335982173423,137.60211062501185
0,1234,SINOS,101,210,131.5417743158235,42.20286257429525,55.085890142169276,34.164789606030325,0.08823199332862795,1.0,1.0,1.0,3.610946888638384,1.9002491648829591,4.38542904716056,3.7523117982318386,1.9370884848741006,5.064680242931351,7.363258686870223,2.713532510745029,5.105734117941451,143.86617774993647
0,1234,SINOS,106,220,88.71865573823894,33.44753895570547,30.160060887866557,25.02665940691432,0.08439648775260587,1.0,1.0,1.0,2.553814512325776,1.598065866078672,3.7955631856902285,3.9222638001653034,1.9804706006818944,5.126994897551566,6.4760783124910795,2.54481400351599,5.129875171470167,149.88930395792704
0,1234,SINOS,111,230,51.69186818587088,23.070110899260637,16.602192219908993,11.8796942722377,0.13987079446355558,1.0,1.0,1.0,1.279967684113875,1.131356568069446,2.6146587490468187,2.9362752945144024,1.7135563295422775,4.913450745289631,4.216242978628277,2.053349210102431,4.935357491646831,156.04740629100706
0,1234,SINOS,116,240,33.4477760127926,12.916716455691732,10.36320096871755,9.901382508689071,0.266476079694245,1.0,1.0,1.0,0.9355773185360686,0.967252458531933,2.0869635124754593,2.2409931638001916,1.4969947106787624,4.23905810177147,3.1765704823362597,1.782293601608966,4.241827792253683,162.07202683296055
0,1234,SINOS,121,250,24.621041499387452,8.78867549484239,8.788378976415538,6.776079393659218,0.2679076344703036,1.0,1.0,1.0,0.7764402951995047,0.8811584960717934,1.7271384425696146,1.8576251184336936,1.3629472177724615,3.7534753390487836,2.634065413633198,1.622980410736124,3.754185729762544,168.4663794579683
0,1234,SINOS,126,260,17.469668507548757,6.141566431711935,6.715115797779298,4.2556578297438055,0.35732844831371974,1.0,1.0,1.0,0.5640308607175896,0.7510198803744076,1.6012468125233699,1.4039538960051645,1.1848856046071132,3.051460559764631,1.9679847567227542,1.402848800378271,3.0516933768913743,174.52181804098655
0,1234,SINOS,131,270,12.725753636185239,4.443916643080345,5.5408284284897515,2.5303844213743947,0.21062414324074819,1.0,1.0,1.0,0.4292491773580233,0.6551711054053158,1.3087948526605342,1.135024661469126,1.065375361771205,2.610789786507303,1.5642738388271493,1.2507093342688178,2.6129741664026054,180.60786070791073
0,1234,SINOS,136,280,10.129738952704146,3.816743401233618,4.1433683866568884,2.0860856604692866,0.08354150434435381,1.0,1.0,1.0,0.37414584435733406,0.6116746229469832,1.2186538532583144,1.0841842721567276,1.0412416972810528,2.4999321710711486,1.4583301165140616,1.2076133969586713,2.5540282697229997,186.6932413749164
0,1234,SINOS,141,290,7.805731976264566,3.332498076772003,3.134456786571958,1.3306902514933046,0.00808686142729975,1.0,1.0,1.0,0.28221390824047965,0.5312380899751821,1.0743556791570015,0.9177045502844767,0.9579689714622686,2.2875304856278285,1.1999184585249565,1.0954078959570068,2.3438646761067448,192.8278988749953
0,1234,SINOS,146,300,6.105113741330862,2.565446576216894,2.47997423617914,1.059408895099966,0.0002840338348617076,1.0,1.0,1.0,0.2264547830918868,0.47587265428041436,0.9957728947865739,0.7415749041972819,0.861147434645939,1.9722884675239591,0.9680296872891687,0.983884996983473,2.007062403950759,199.0101877079578
0,1234,SINOS,151,310,4.941799507677878,1.9405474238130294,2.0410478814918713,0.9491077534312806,0.011096448941696641,1.0,1.0,1.0,0.18921742563818394,0.434991293749868,0.8635948953256716,0.6022765535794773,0.776064786973019,1.85030525019117,0.7914939792176612,0.889659473741308,1.8701090101832645,204.9674796250183
0,1234,SINOS,156,320,4.043480858105393,1.4568399516311858,1.6025836453586448,0.9747086571646896,0.00934860395087214,1.0,1.0,1.0,0.1454748259714658,0.38141162275351,0.7628296104928689,0.4939495065491156,0.7028154142796782,1.6865189388933524,0.6394243325205814,0.7996401268824505,1.7377344414179319,210.9958137079375
0,1234,SINOS,161,330,3.152731620082363,1.135991189274066,1.3158736447369574,0.6994025941342304,0.0014641919371092007,1.0,1.0,1.0,0.10254033682346182,0.3202192012098304,0.6579680904105435,0.36826168955182503,0.6068456884182544,1.4920128581379446,0.4708020263752868,0.6861501485646467,1.5291097376768712,217.01152474991977
0,1234,SINOS,166,340,2.6524260055121656,1.0520350233096265,1.0351004445716399,0.5650389821177588,0.0002515555131403091,1.0,1.0,1.0,0.07514456176019432,0.2741250841499083,0.5976225634698911,0.26714973827634475,0.5168652999344653,1.2263810982006043,0.3422943000365391,0.5850592278022279,1.242347077207051,223.06877804093529
0,1234,SINOS,171,350,2.297436515159055,0.9076021237419071,0.8900495064180686,0.49527562607215136,0.004509258926927957,1.0,1.0,1.0,0.0608970333581761,0.24677324279219598,0.5467705214635997,0.2362178599309807,0.48602248912059687,1.169383529482093,0.29711489328915686,0.5450824646685645,1.1835349404427975,229.17022600001656
0,1234,SINOS,176,360,1.977485032928463,0.7965250137212059,0.7076494175776609,0.46482694925669743,0.008483652372898904,1.0,1.0,1.0,0.04295643310052182,0.2072593377884862,0.4674402294046859,0.18652452564079916,0.43188485229375567,1.1521327348146742,0.22948095874132096,0.4790417087700412,1.1586072852525102,235.17724237497896
0,1234,SINOS,181,370,1.711068320985931,0.696949679208763,0.5863961585851016,0.4113569129012369,0.016365570290829395,1.0,1.0,1.0,0.033159422401150294,0.18209728828609803,0.4131625581404323,0.15906888695524554,0.3988344104452944,1.1131790810211124,0.19222830935639582,0.43843848982085937,1.1193653990900454,241.47163099993486
0,1234,SINOS,186,380,1.50711703160475,0.6110537422868546,0.5096015268301648,0.37211379931683364,0.01434796317089663,1.0,1.0,1.0,0.02813746325779355,0.1677422524523668,0.37151504734900864,0.14966283311097506,0.38686280915975246,1.0730557434263714,0.17780029636876857,0.4216637242741763,1.0781650557936588,248.17498533299658
0,1234,SINOS,191,390,1.3627859234395872,0.5609503148061428,0.4639888374362929,0.3308017820174114,0.0070449891797401566,1.0,1.0,1.0,0.025586037023449495,0.1599563597468056,0.33229645156703064,0.13397278469434554,0.36602292919207335,1.0418878073583642,0.15955882171779504,0.3994481464693447,1.0461336658117335,254.95486137492117
0,1234,SINOS,196,400,1.226165944897252,0.45862035460411776,0.44787618323180783,0.3154499980748483,0.004219408986477948,1.0,1.0,1.0,0.023687048646289927,0.15390597339378978,0.3088225241101826,0.12380817307220406,0.3518638558763944,1.0283373897367158,0.14749522171849397,0.38405106655039245,1.0334112922571772,261.14222454093397
0,1234,SINOS,201,410,1.1326365878268452,0.4137173375524766,0.4257347351021979,0.291004512021636,0.0021800031505346032,1.0,1.0,1.0,0.022314923028151863,0.14938180286819364,0.3015658264019536,0.11257473618766468,0.33552158825873585,1.029138962494857,0.13488965921581653,0.3672732759347139,1.0327734822966408,267.18817666592076
0,1234,SINOS,206,420,1.0106152917634637,0.3561479515374796,0.3935182410289344,0.2602832494272359,0.0006658497698137437,1.0,1.0,1.0,0.018717632413654792,0.13681239861085248,0.26445852605919906,0.0990071848705059,0.3146540717526247,1.036126975899495,0.1177248172841607,0.3431105030222198,1.0393404535594233,273.3276494999882
0,1234,SINOS,211,430,0.9223941997439787,0.3213848874949618,0.38312895753562815,0.21784071513106412,3.96395823246629e-05,1.0,1.0,1.0,0.01771051976215006,0.133080876771045,0.26258122915632326,0.09528715056596733,0.3086861684072795,1.0229829498809797,0.1129976703281174,0.3361512610836339,1.0252314508487415,279.53016791597474
0,1234,SINOS,216,440,0.8057594700763111,0.29232255696245013,0.34054720074912287,0.17283896854781877,5.074381691939998e-05,1.0,1.0,1.0,0.01572240337172305,0.12538900817744372,0.25859559717748737,0.08565636587271336,0.29267108820775817,0.9712978752282968,0.10137876924443641,0.3184003285871992,0.9731073878896817,285.5941044159699
0,1234,SINOS,221,450,0.7085786184966936,0.24050780069437175,0.29782770846520035,0.16801648155201204,0.0022266277851094654,1.0,1.0,1.0,0.014429425395810313,0.12012254324568021,0.23027426724027444,0.07907151013924145,0.28119656850545216,0.933121896070702,0.09350093553505176,0.30577922678797487,0.9346468269865545,291.67629170801956
0,1234,SINOS,226,460,0.6499027470021168,0.2083109435858663,0.27370128835133967,0.16562124243074883,0.0022692726341620377,1.0,1.0,1.0,0.013638105168241647,0.1167822981801679,0.23717756586507768,0.0784263060190373,0.2800469710942029,0.9224169017549646,0.09206441118727894,0.3034211778819648,0.9239237622530664,297.7840663329698
0,1234,SINOS,231,470,0.5953038988572557,0.1739597724769756,0.24522555289149844,0.17033692350932977,0.005781649979451846,1.0,1.0,1.0,0.012816058009911487,0.1132080297943193,0.23017625540965755,0.07100577373818938,0.2664690858958866,0.8927132055753784,0.08382183174810089,0.2895200023281654,0.894058670476408,303.7890075829346
0,1234,SINOS,236,480,0.5382434048880878,0.16196446006089785,0.2262397377828908,0.14871989228754573,0.001319314756753448,1.0,1.0,1.0,0.011737749424764878,0.10834089451709765,0.2210390731491744,0.06459744082267593,0.2541602660186598,0.8578885057941705,0.0763351902474408,0.2762882376204981,0.8597686564327377,309.8506319579901
0,1234,SINOS,241,490,0.498072776091103,0.15969216787459672,0.20420180889484962,0.13352124922987416,0.0006575500917824578,1.0,1.0,1.0,0.010801161270891714,0.10392863547113333,0.22098543394856351,0.058286606411228,0.24142619247138036,0.8397704653869525,0.06908776768211973,0.26284552056696675,0.8412921507684474,315.95295854099095
0,1234,SINOS,246,500,0.4699869611110062,0.15766007266308027,0.1917807929514681,0.12042501753780134,0.00012107795865652308,1.0,1.0,1.0,0.010179868596592952,0.10089533486040349,0.2204000657228937,0.056774385134956744,0.23827376090320299,0.8261357363025208,0.06695425373154969,0.25875520039517985,0.827350251689372,322.1862509159837
0,1234,SINOS,251,510,0.43800867596270127,0.14505128522817165,0.17903216876527428,0.11387573594237028,4.948602688506383e-05,1.0,1.0,1.0,0.009410434302588576,0.09700739303057565,0.2129867124864795,0.05346625411930965,0.23122771053511224,0.8022262360333086,0.06287668842189822,0.25075224509842026,0.8033057251149649,328.3074072909076
0,1234,SINOS,256,520,0.4023661908351295,0.13619971408398668,0.1670112867317916,0.09908959424876664,6.559577058457672e-05,1.0,1.0,1.0,0.008664095666320034,0.09308112411396864,0.20026700487677668,0.04942114033341757,0.22230866005042982,0.7732065864324045,0.058085235999737604,0.24100878822096428,0.7742819032120574,334.4213001249591
0,1234,SINOS,260,530,0.373465938250282,0.12780407479535252,0.15495281428333174,0.09062126619521789,8.778297637991702e-05,1.0,1.0,1.0,0.007704392581234469,0.08777466935986981,0.17934519047699743,0.04858811183064915,0.2204271122857829,0.7700045849480857,0.05629250441188361,0.2372604147595709,0.7702655869186108,340.5648579999106
0,1234,SINOS,265,540,0.34745120937815965,0.12004214997051066,0.13973086946458424,0.08767089346789847,7.296475166286105e-06,1.0,1.0,1.0,0.007452413375033933,0.08632736168234226,0.17918934238872558,0.04538245749773499,0.21303158802800817,0.7487031345787594,0.052834870872768926,0.22985837133497863,0.7489154602912885,346.8485579160042
0,1234,SINOS,270,550,0.329265278566461,0.11718340916440532,0.1258260702997121,0.0862074229034625,4.837619888104997e-05,1.0,1.0,1.0,0.006733313976926797,0.08205677288881641,0.16690387171596735,0.04328497036823684,0.2080504034320454,0.7411840662366255,0.05001828434516364,0.2236476790515914,0.7412023190622206,353.0051570410142
0,1234,SINOS,275,560,0.3058162176154902,0.11034155558884425,0.11282315757209657,0.0825383395560978,0.00011316489845158235,1.0,1.0,1.0,0.006463106691282133,0.08039344930578693,0.16757236441669837,0.04161711655312326,0.20400273663145616,0.7260315920349903,0.04808022324440539,0.21927203023734101,0.7260350739228909,359.22271691600326
0,1234,SINOS,280,570,0.28752979067035783,0.11078652769237166,0.10196106258580434,0.07477987154745297,2.3288447289182397e-06,1.0,1.0,1.0,0.005760584367078508,0.07589851360256344,0.1572968401782345,0.04016779409600819,0.20041904624064097,0.7180093111671235,0.045928378463086686,0.21430907228366858,0.718200634299869,365.40768624993507
0,1234,SINOS,285,580,0.27120490459098406,0.09730382827393627,0.100991368789115,0.07290224519390634,7.46233402644621e-06,1.0,1.0,1.0,0.006212916656456595,0.0788220569159204,0.1649359724604686,0.0399634278165938,0.19990854863310323,0.7099941380685785,0.046176344473050406,0.21488681782056898,0.7100723282193381,371.6126928749727
0,1234,SINOS,289,590,0.25020249858400967,0.09284905267359199,0.09739935858550344,0.05993099365672101,2.3093668193235115e-05,1.0,1.0,1.0,0.006099966852446119,0.07810228455330945,0.16369322212543108,0.03771610359872847,0.19420634283856042,0.6878528097382546,0.04381607045117459,0.20932288563646018,0.6879351848743226,378.0201726659434
0,1234,SINOS,294,600,0.23864095467070137,0.08357550019059007,0.09050349222251738,0.06438149422182898,0.00018046803576494912,1.0,1.0,1.0,0.00613654863957917,0.07833612601845441,0.16034408847774137,0.03558387654900709,0.1886368907425244,0.6695797787643702,0.04172042518858626,0.20425578373349984,0.6697942660820839,386.5258586659329
0,1234,SINOS,299,610,0.22566055488732065,0.08244111482900793,0.08749206944169693,0.05560613818657465,0.0001212324300411432,1.0,1.0,1.0,0.005979646795868374,0.07732817595073851,0.156777620929587,0.03470839291787724,0.18630188651185806,0.6623406545812263,0.04068803971374561,0.20171276537132105,0.6626554588892758,393.60038320801686
0,1234,SINOS,304,620,0.21667457157209716,0.07920237707283477,0.08590719132026967,0.05091026598302041,0.0006547371959723442,1.0,1.0,1.0,0.005774589344738368,0.07599071880656458,0.16072387158007187,0.03505056815666673,0.18721796964144957,0.6638563678733138,0.040825157501405106,0.20205236326607295,0.6639874846337601,399.72842683293857
0,1234,SINOS,309,630,0.20731141065880865,0.07742050867411755,0.0820917330253647,0.047066498947837064,0.0007326700114893375,1.0,1.0,1.0,0.005746681806789928,0.07580687176496553,0.1562145879258942,0.035722284569573534,0.18900339830165366,0.6568398644675013,0.04146896637636346,0.20363930459605153,0.6572760092748738,405.785752124968
0,1234,SINOS,314,640,0.1995914796450079,0.0735630297248375,0.07785480149361647,0.04735084819269578,0.0008228002338581396,1.0,1.0,1.0,0.0054870032783638015,0.07407430916561963,0.15828427672590187,0.03658076015777372,0.1912609739538459,0.6514476921823551,0.04206776343613752,0.20510427454379765,0.6517958158965398,411.8364465829218
0,1234,SINOS,319,650,0.19150858777398383,0.06949057291976826,0.07593167337924914,0.0452869530908447,0.0007993883841217573,1.0,1.0,1.0,0.005297108552602844,0.07278123764132377,0.15618835199722497,0.03581303817979604,0.18924333060849471,0.6458122116153286,0.041110146732398885,0.20275637285273893,0.6460848396366816,417.91720933292527
0,1234,SINOS,324,660,0.17850509541852141,0.06603178089296093,0.06696164911204919,0.04455096978130099,0.0009606956322102989,1.0,1.0,1.0,0.004605819587690698,0.06786618884017798,0.14878221284567572,0.032840723672691266,0.18122009732005792,0.6267755202617821,0.037446543260381965,0.1935110933780851,0.6270809035787198,424.0104728329461
0,1234,SINOS,328,670,0.17223298086667457,0.06262407016191988,0.06491749208861254,0.04441371130723555,0.0002777073089066146,1.0,1.0,1.0,0.004364978620913349,0.06606798484071805,0.14887468756608882,0.030521175711387242,0.17470310733180233,0.6127430664651601,0.03488615433230059,0.18677835616660884,0.6128542566420389,430.14246708294377
0,1234,SINOS,333,680,0.16339766942783573,0.06459030427662978,0.05885870135056237,0.03992773300836816,2.0930792275443115e-05,1.0,1.0,1.0,0.003894139687325605,0.06240304229222807,0.14405967497393218,0.026225910701421145,0.16194415920749086,0.5709603433042183,0.030120050388746756,0.17355129036900518,0.5713274196817888,436.2262647500029
0,1234,SINOS,338,690,0.15598582568550257,0.05922042741593204,0.05724314902555483,0.03941808428216456,0.00010416496185115438,1.0,1.0,1.0,0.0037045574897760884,0.060865076109178476,0.14468694244048488,0.025189409835818927,0.15871171927686667,0.555266163319994,0.028893967325595016,0.1699822559139483,0.5554052543544271,442.35329620796256
0,1234,SINOS,343,700,0.15029389882323269,0.056914736415023925,0.05334525881102087,0.03986103857050752,0.0001728650266803764,1.0,1.0,1.0,0.0032926757772559047,0.057381841877513,0.13889894750015724,0.021755552709888704,0.147497636285768,0.5193099306107913,0.025048228487144608,0.15826632139259636,0.5195989871419596,448.4095874580089
0,1234,SINOS,348,710,0.14524247499859194,0.05378568107466147,0.05466373401872479,0.036465492776492636,0.00032756712871305195,1.0,1.0,1.0,0.003220631087191648,0.05675060428922011,0.13813408424808443,0.02133772347516744,0.14607437651815405,0.5184638581746916,0.02455835456235909,0.1567110543719207,0.5186485353197948,454.4234837909462
0,1234,SINOS,353,720,0.13829613445881894,0.053528468489189025,0.051560617879244326,0.032511339689849546,0.0006957084005360295,1.0,1.0,1.0,0.002778376281602587,0.052710305269487744,0.12997278890072428,0.019473408370769087,0.13954715464949147,0.49909638043071175,0.022251784652371674,0.14917032095015306,0.49939398120262235,460.4941145830089
0,1234,SINOS,358,730,0.13361542489985284,0.05239641163070127,0.049885164109646066,0.030806987698085597,0.0005268614614198986,1.0,1.0,1.0,0.0026591440687674618,0.051566889267896134,0.12651101998012024,0.018324793141047215,0.1353690996536773,0.48448042928017276,0.02098393720981467,0.14485833496839134,0.48495432551234163,466.6237405409338
0,1234,SINOS,363,740,0.12952960198632038,0.050825692849439746,0.047915598271930655,0.030596153074682678,0.00019215779026730397,1.0,1.0,1.0,0.0024849696761252375,0.04984947016895202,0.12122568690107677,0.0171957542989343,0.1311325829034657,0.4723715738074489,0.019680723975059537,0.14028800367479585,0.47290570017816236,472.8132009159308
0,1234,SINOS,368,750,0.12447226486165525,0.04933532499444092,0.04530644903473434,0.029789146989478047,4.134384300194535e-05,1.0,1.0,1.0,0.0021854643837212807,0.04674895061625748,0.1099475040152391,0.014847485130661447,0.1218502569987501,0.4459862473059612,0.017032949514382726,0.13051034255714267,0.44669456957645326,478.84282220795285
0,1234,SINOS,373,760,0.12076248674354735,0.04757642227402567,0.04445294177767956,0.028730161418746215,2.9612730959099703e-06,1.0,1.0,1.0,0.0020467826085380694,0.04524138159404584,0.11004712358859432,0.01448387822859886,0.12034898515815935,0.43598329955828724,0.01653066083713693,0.1285716175411079,0.436613753135409,485.00954250001814
0,1234,SINOS,378,770,0.11603680129416341,0.04608062636917917,0.043786481073223,0.02616940294835493,2.909034063120335e-07,1.0,1.0,1.0,0.001970369069785442,0.044388839473289254,0.10783802860557648,0.013938181090332624,0.11806007407389098,0.42464344688348926,0.015908550160118065,0.12612910116272955,0.42538412423926514,491.2795757909771
0,1234,SINOS,383,780,0.11228337960937863,0.044430311619118826,0.04123799806986299,0.026606832250493075,8.237669903755321e-06,1.0,1.0,1.0,0.0017699114575085299,0.04207031563357387,0.10317616546421529,0.012271181424405768,0.11077536469994476,0.40614585292712974,0.014041092881914298,0.11849511754462416,0.4066906503507113,497.5094998750137
0,1234,SINOS,388,790,0.1064344597496071,0.04473841065127635,0.03871005294895073,0.022950526351829127,3.546979755088037e-05,1.0,1.0,1.0,0.0015138541318451934,0.038908278448746524,0.09890390418829223,0.010333562051280776,0.10165412953383043,0.3812883157244014,0.011847416183125969,0.10884583677443051,0.38184465906485093,503.77364016592037
0,1234,SINOS,392,800,0.10204695130726268,0.04269046834164372,0.037347296650891745,0.021920469211279055,8.871710344814907e-05,1.0,1.0,1.0,0.0014561797287780997,0.03815992307091433,0.09543359380172113,0.01015649631233138,0.10077944389770853,0.3784334719775101,0.011612676041109481,0.10776212711852658,0.37919143358751284,510.0570471249521
0,1234,SINOS,397,810,0.09746175525880818,0.042683376845931896,0.034331654719452306,0.020415263373836444,3.146031958753526e-05,1.0,1.0,1.0,0.0012739078132095983,0.03569184519199867,0.09254141813181299,0.0085470461594891,0.0924502361245719,0.34741660791303747,0.009820953972698698,0.09910072639844118,0.3482287140993061,516.2793458329979
0,1234,SINOS,402,820,0.09379804641807117,0.04092002604948265,0.03381016429026387,0.019037085612875856,3.077046544879126e-05,1.0,1.0,1.0,0.001270956636052296,0.03565047876329708,0.09175039950369335,0.008663272495625145,0.09307670221717755,0.34414095316867044,0.00993422913167744,0.09967060314695322,0.34496075226088824,522.9670918330085
0,1234,SINOS,407,830,0.09077895490707563,0.04038735924717978,0.03197544417097599,0.018415943564226663,2.0792469321400581e-07,1.0,1.0,1.0,0.0011749636354002134,0.03427774256569725,0.08799597528947153,0.007752635499071439,0.08804905166480465,0.3233325086317134,0.008927599134471654,0.09448597321545486,0.32384901003776784,530.1766282499302
0,1234,SINOS,412,840,0.08856891748214979,0.03938340071449384,0.031076132726362497,0.018066777980107935,4.260606118551838e-05,1.0,1.0,1.0,0.0011443486199893024,0.033828222241041615,0.08172813607011879,0.007511516983109592,0.08666900820425714,0.3191880640955664,0.008655865603098894,0.09303690452233938,0.32014920567810706,536.4051431659609
0,1234,SINOS,417,850,0.08438328101838292,0.03730786359853808,0.029388200768345356,0.017614831281682772,7.238536981670878e-05,1.0,1.0,1.0,0.0010507726126172054,0.03241562297129588,0.07993826329347514,0.006592399699559093,0.0811935939564144,0.2960935510813139,0.007643172312176298,0.08742523841646815,0.2968366601891562,542.5473849999253
0,1234,SINOS,422,860,0.0816685016456254,0.03644094141723349,0.028906338156233675,0.016209658619854884,0.00011156345230335196,1.0,1.0,1.0,0.001075040935107409,0.03278781687010297,0.07958218886676409,0.006685082568297905,0.08176235422428775,0.2935613190166062,0.007760123503405311,0.08809156317948565,0.29436607145859717,548.6325206250185
0,1234,SINOS,427,870,0.07941622271712415,0.03531867906701884,0.028130634877538543,0.01581457428625471,0.0001523344863120486,1.0,1.0,1.0,0.00103353832125638,0.03214869081714495,0.07664446570509403,0.006232827906371652,0.07894826094583497,0.2852019073277959,0.0072663662276280325,0.08524298345100335,0.28529077255591034,554.809282207978
0,1234,SINOS,432,880,0.07647711883514256,0.03322790280793075,0.02735903250607402,0.015768340660033547,0.00012184286110423397,1.0,1.0,1.0,0.0010033199121898078,0.03167522552705517,0.07546363941240801,0.006395543559198397,0.07997214239470139,0.2891787621322713,0.007398863471388204,0.0860166464783893,0.28937720327604377,560.8684240409639
0,1234,SINOS,437,890,0.07430034987837046,0.033068969256211486,0.026662892694259442,0.014443708738481355,0.0001247791894181754,1.0,1.0,1.0,0.0010135918656498965,0.031836957543865535,0.07543928539788049,0.006266390091578283,0.07916053367416293,0.28742340271612304,0.007279981957228178,0.08532281029846696,0.2875435795704708,566.8815370829543
0,1234,SINOS,442,900,0.0712435890306486,0.032975737879428486,0.024055119339291234,0.014201520937464792,1.121087446409715e-05,1.0,1.0,1.0,0.0009431289314714961,0.03071040428700827,0.06853942916362599,0.0057138366617404636,0.07558992434008956,0.2920565774222188,0.0066569655932119595,0.08159022976565246,0.2921488746102116,572.9884500829503
0,1234,SINOS,447,910,0.06873280060819821,0.03149638424538302,0.02312406892612095,0.014086629548041817,2.5717888652421514e-05,1.0,1.0,1.0,0.0008997994410436166,0.029996657164484457,0.06500127717064126,0.005696841064861248,0.0754774208943393,0.2881944585836317,0.006596640505904863,0.08121970515770703,0.28829733600286356,579.1422724579461
0,1234,SINOS,452,920,0.06680837861513488,0.030710045047183564,0.022640427436311637,0.01345366378207849,4.242349561191563e-06,1.0,1.0,1.0,0.0009253457605002106,0.03041949638801094,0.06469447977414351,0.0055847553814838136,0.07473122092863071,0.2808605656643417,0.006510101141984023,0.08068519778735145,0.28093369596054957,585.2786491659936
0,1234,SINOS,457,930,0.06485927929713124,0.030592022834025352,0.02097432482683742,0.013292909599580726,2.2036687736841796e-08,1.0,1.0,1.0,0.000910381012890932,0.03017252082426876,0.06139360394973944,0.005199650521134507,0.07210860226862331,0.2762263961627479,0.0061100315340254395,0.07816669069383352,0.27627390988676814,591.3601943330141
0,1234,SINOS,461,940,0.0627795469096804,0.03017309354763458,0.01999468285461431,0.012611065325788508,7.051816430033298e-07,1.0,1.0,1.0,0.0009482219870372758,0.03079321332757067,0.061247270129493415,0.005116746396539696,0.07153143642161602,0.26614692424715003,0.006064968383576973,0.07787790690290138,0.26616782992897015,597.4673961659428
0,1234,SINOS,466,950,0.060897013989925586,0.028553385235172535,0.019004885759624175,0.013329817559784483,8.925435344395179e-06,1.0,1.0,1.0,0.0010280915208412023,0.03206386628030379,0.06340599178981707,0.005249458119236308,0.07245314430193012,0.2520247681425412,0.00627754964007751,0.07923098913984042,0.252122254105143,603.5346586660016
0,1234,SINOS,471,960,0.05892307103943215,0.02790370966283761,0.018711977783571893,0.012303956097598639,3.4274954240132155e-06,1.0,1.0,1.0,0.0010728056226693612,0.032753711586160146,0.06751590331686962,0.005378295469588473,0.07333686296528147,0.2490636631799169,0.006451101092257835,0.08031874682947833,0.2491180623928892,609.5334370000055
0,1234,SINOS,476,970,0.05765371272418059,0.02719647891914889,0.018326328699963614,0.012130722354877293,1.827501907991899e-07,1.0,1.0,1.0,0.001084438616721362,0.03293081560971975,0.06838099302031217,0.005542117027175081,0.07444539627925344,0.24954453031543528,0.0066265556438964415,0.08140365866407014,0.24958994191871167,615.7493580830051
0,1234,SINOS,481,980,0.05588945830638642,0.026383154683083013,0.017796499604320892,0.011702222920413617,7.581098568895097e-06,1.0,1.0,1.0,0.0010730406056662682,0.03275729850989346,0.06901589727783893,0.00574584717043032,0.07580136654724848,0.25042119592203543,0.006818887776096588,0.08257655706129063,0.2504514616339741,621.211965415976
0,1234,SINOS,486,990,0.053745991520768206,0.02491129447069077,0.01732268268375923,0.011498414600321874,1.3599765996329044e-05,1.0,1.0,1.0,0.001075307145919132,0.03279187621834304,0.06734282738192189,0.0063270338746427525,0.07954265443548356,0.2590820338021356,0.007402341020561885,0.08603685850007475,0.25914982211281895,626.4555912909564
0,1234,SINOS,490,1000,0.051832620926621976,0.0235211890895911,0.016696273867264848,0.011599117460348682,1.6040509417342492e-05,1.0,1.0,1.0,0.0011070167210381965,0.03327186079915274,0.06810283714801485,0.0065833338160957945,0.08113774593921004,0.2634497565191853,0.007690350537133991,0.08769464371975058,0.2635383709714007,631.4781552499626
0,1234,SINOS,538,1100,0.04397389328486441,0.019591353989703172,0.015393560235883808,0.008988961597215243,1.7462062184318926e-08,1.0,1.0,1.0,0.0008907438899263624,0.02984533279972536,0.06443735330651539,0.005718979789040611,0.07562393661427981,0.26208410549532035,0.006609723678966973,0.08130020712745431,0.26212871219723893,689.6529926660005
0,1234,SINOS,586,1200,0.03832363728436687,0.01575210781436503,0.014672598583064037,0.00789893071414684,1.7279095991693082e-10,1.0,1.0,1.0,0.0007625091356462327,0.027613567962982123,0.0655112923908469,0.005034751659197683,0.07095598395623644,0.2349101844610756,0.005797260794843916,0.07613974517191344,0.23496860702291575,748.3645983750466
0,1234,SINOS,635,1300,0.032779462720109044,0.014076643403585918,0.012270938320568612,0.00643057165693245,1.309339022066315e-06,1.0,1.0,1.0,0.000837042568211223,0.028931687959938026,0.06275312131347588,0.004947571181535573,0.0703389734182663,0.2274959707351482,0.005784613749746795,0.07605664829419448,0.2279746784635788,806.0256801249925
0,1234,SINOS,684,1400,0.02820888458425178,0.012436493673669674,0.010383985487531899,0.005386710986379418,1.694436670791285e-06,1.0,1.0,1.0,0.0008070999824190621,0.028409505142100982,0.06002168176807656,0.0046316493326691585,0.06805622185126911,0.20664580171955474,0.00543874931508822,0.07374787668189654,0.20696223172751943,864.3571251250105
0,1234,SINOS,733,1500,0.024204775610764746,0.010196719104649856,0.00879486874685837,0.00520010482597907,1.3082933277449206e-05,1.0,1.0,1.0,0.0005742093619203574,0.023962666001936375,0.05296233154481691,0.0032407376125304864,0.05692747677993893,0.16725698345749743,0.0038149469744508443,0.06176525701760533,0.16767757129272945,922.9311769580236
0,1234,SINOS,782,1600,0.020240124981225634,0.008193136523669542,0.007472467729400694,0.004573911986930735,6.087412246605472e-07,1.0,1.0,1.0,0.0005037747322063776,0.022444926647382422,0.049436546846364365,0.002565809098470791,0.05065381622810656,0.14450069666046422,0.0030695838306771684,0.05540382505456792,0.1445113057023953,981.1940021660412
0,1234,SINOS,830,1700,0.01781865114636431,0.007489109589759868,0.006587558965633845,0.0037381294216970846,3.853169273514789e-06,1.0,1.0,1.0,0.0004299947082517501,0.020736313757554647,0.04465568303603384,0.002338710334835935,0.04836021437954897,0.1447206321444437,0.002768705043087685,0.05261848575441605,0.14472585251181383,1041.1660669160774
0,1234,SINOS,879,1800,0.014741971467832245,0.0066575141891946285,0.004693132587245527,0.0033910327581993974,2.919331926902479e-07,1.0,1.0,1.0,0.00042684670745886567,0.02066026881380941,0.04236382390399557,0.0023149793902634947,0.0481142327203032,0.13768234659709583,0.00274182609772236,0.05236244930980941,0.13772827212445096,1099.4097575000487
0,1234,SINOS,928,1900,0.01263623240252303,0.0054393066508525365,0.003972078142538707,0.003221806507677399,3.0411014543872084e-06,1.0,1.0,1.0,0.00039620008129462585,0.019904775338963912,0.04053148306720364,0.0018361881629225074,0.04285076618827845,0.12658520841210064,0.002232388244217133,0.04724815598747885,0.12660237839774124,1159.3054720000364
0,1234,SINOS,976,2000,0.01120510425610853,0.004754311688579782,0.0036049522721229585,0.0028457908293214283,4.946608436072965e-08,1.0,1.0,1.0,0.0002899154699361172,0.01702690429690956,0.03616716840624735,0.0013742877016065065,0.03707138656169346,0.11533069492326983,0.0016642031715426242,0.04079464635883763,0.11534047806963128,1217.7373677080031
0,1234,SINOS,1024,2100,0.010163792843993802,0.004284310364781746,0.003195179565312724,0.0026841951281334326,1.0778576589907447e-07,1.0,1.0,1.0,0.00027687360637155097,0.01663951941528213,0.03494595809800084,0.0013252403293692234,0.03640385047449272,0.12068122445142776,0.0016021139357407744,0.04002641547454349,0.12069652722017225,1277.5101920000743
0,1234,SINOS,1072,2200,0.008750891633145722,0.003912845595688756,0.002753020197343115,0.0020784609052867933,6.5649348270590965e-06,1.0,1.0,1.0,0.0003122397346487211,0.017670306580496023,0.039697612194693914,0.0014529639667664501,0.03811776445132178,0.12415937061947008,0.0017652037014151715,0.04201432733503146,0.12417226179409835,1335.2748645830434
0,1234,SINOS,1120,2300,0.007691476474452807,0.0033926224837286536,0.002674427654543991,0.0016220313124932994,2.395023686862927e-06,1.0,1.0,1.0,0.0002901276166227018,0.01703313290685838,0.0395062246490365,0.0014481165404131655,0.038054126457102724,0.11430037987092048,0.0017382441570358675,0.041692255360388786,0.11430546950991452,1392.590314583038
0,1234,SINOS,1169,2400,0.00704720098006654,0.002960731603028334,0.0025755343889024953,0.0015090016827592782,1.933305376432275e-06,1.0,1.0,1.0,0.00028361955703297664,0.016841008195264816,0.040751822636567854,0.0014497816892096512,0.03807599886030111,0.11264764727796572,0.0017334012462426277,0.04163413558899269,0.11265672767323491,1450.6969085410237
0,1234,SINOS,1216,2500,0.006302634548844326,0.002725619842218617,0.002312996588329637,0.001263704759738686,3.133585573864413e-07,1.0,1.0,1.0,0.0003184901910106699,0.01784629348101924,0.04158962400679627,0.0016113027650013028,0.040141035923370275,0.11220117294759464,0.001929792956011973,0.04392940878286405,0.11221628448426064,1508.4070980410324
0,1234,SINOS,1265,2600,0.005655030773598078,0.002510843346318117,0.001906642932878236,0.0012373935368495568,1.509575521680583e-07,1.0,1.0,1.0,0.0003445567570565715,0.018562240087246246,0.04384316125899993,0.001789534504333505,0.04230289002341926,0.11384158457804743,0.0021340912613900765,0.04619622561844286,0.11384849636952579,1567.553217333043
0,1234,SINOS,1313,2700,0.0051901335908752805,0.0023831978622653395,0.0017824376604357193,0.0010194459525055338,5.0521156686882456e-06,1.0,1.0,1.0,0.0003614490243421332,0.019011812757917988,0.04387985910937765,0.0018832183743587398,0.043396064042246274,0.11315263221219014,0.0022446673987008728,0.047377921004418004,0.1131647785077155,1625.6729534580372
0,1234,SINOS,1362,2800,0.004834386888491331,0.0020942208033062396,0.001719103487682631,0.001019264251190924,1.7983463115364986e-06,1.0,1.0,1.0,0.0003410862530588692,0.01846852059746176,0.04254179240961854,0.0018852438847144447,0.043419395259658385,0.11348784927724909,0.002226330137773314,0.04718400298589887,0.11443741144302047,1684.9777468750253
0,1234,SINOS,1411,2900,0.00447367919186108,0.0019588539478639804,0.0015452203814928618,0.000968742924690326,8.619378139124003e-07,1.0,1.0,1.0,0.0003279115822690662,0.018108329085508308,0.04219146451314172,0.0018676159008061827,0.04321592184376243,0.11399024309302852,0.002195527483075249,0.0468564561514766,0.11500786377978259,1742.6681271659909
0,1234,SINOS,1460,3000,0.0041217538911865565,0.001913668623730839,0.001421354205470576,0.0007867234008062198,7.661178920956509e-09,1.0,1.0,1.0,0.0003105059529401259,0.017621179101868462,0.04157112600966767,0.0017605357099783965,0.0419587381838205,0.1104533622094695,0.0020710416629185226,0.04550869876098989,0.1115013460336649,1799.7695304580266
0,1234,SINOS,1508,3100,0.003862940449874796,0.0018022084664138071,0.0013488347100748899,0.0007117629827960431,1.342905900558464e-07,1.0,1.0,1.0,0.0002823491521452923,0.016803248261728812,0.039304197392877764,0.0015446417215909686,0.03930193025273655,0.10225101772333588,0.0018269908737362608,0.04274331378983456,0.10225465295163695,1858.1293484580237
0,1234,SINOS,1557,3200,0.003633854736682486,0.0016484731404394146,0.0012860795075677104,0.0006989256966173675,3.7639205799351035e-07,1.0,1.0,1.0,0.000265263003536216,0.01628689668218645,0.038413889142635715,0.0014750805620185054,0.03840677755316769,0.09961102788656602,0.0017403435655547212,0.04171742520284205,0.09961457038862248,1915.4458402909804
0,1234,SINOS,1605,3300,0.003429230858791238,0.0015648661327740342,0.0012250059026175449,0.0006390615348150847,2.9728858457400525e-07,1.0,1.0,1.0,0.00025631547196100295,0.01600985546346384,0.03806600196521211,0.0014406036408831637,0.03795528475565904,0.09566612699157906,0.0016969191128441666,0.041193678068899925,0.09686806291038144,1973.6814482910559
0,1234,SINOS,1653,3400,0.0032199961743313715,0.00149381870840293,0.0011490925148602065,0.0005770814419532042,3.5091150307405342e-09,1.0,1.0,1.0,0.00024063031620899408,0.015512263413473679,0.03720372875071251,0.0013338153168287108,0.03652143640149865,0.09385081957121305,0.001574445633037705,0.03967928468404773,0.094971275397218,2031.1819596249843
0,1234,SINOS,1703,3500,0.0030566866794711945,0.001423939713909552,0.0011045358535150304,0.0005239608587649441,4.250253281667529e-06,1.0,1.0,1.0,0.00022869857587416695,0.015122783337539653,0.03627017685855874,0.0012609280489437684,0.03550954870093069,0.08901131057234402,0.0014896266248179354,0.03859568142704486,0.09014593576233147,2090.5913295410573
0,1234,SINOS,1750,3600,0.0029152520539983727,0.0014126817701411427,0.0010022178336074328,0.0005003523209756559,1.2927414174192977e-10,1.0,1.0,1.0,0.0002222405800067132,0.014907735576093144,0.0362124210810113,0.0012802541383101446,0.03578063915457834,0.08714611405691175,0.0015024947183168577,0.038762026757083505,0.08821721705855927,2148.0392577910097
0,1234,SINOS,1797,3700,0.0027717447847121356,0.001295080008060665,0.000989906483086808,0.0004863916859444202,3.666076202421877e-07,1.0,1.0,1.0,0.00022993201744991163,0.015163509404155479,0.0366380828454338,0.0012849892419215666,0.03584674660163132,0.08690140176270789,0.0015149212593714783,0.03892198940665133,0.0880729422643305,2205.93738454103
0,1234,SINOS,1845,3800,0.002642252987442495,0.0012513564627435133,0.0009310383599158035,0.00045830483605196256,1.553328731215678e-06,1.0,1.0,1.0,0.00022898462788770873,0.015132238033011136,0.03648742343354447,0.0012814863183332247,0.03579785354365852,0.0880200239700012,0.0015104709462209335,0.03886477770708246,0.08924850155238669,2264.690789666027
0,1234,SINOS,1894,3900,0.0025320240964447826,0.0011979344637436107,0.0009039818372266401,0.0004300799913015761,2.7804172955408143e-08,1.0,1.0,1.0,0.000212667010448612,0.014583107023148804,0.035206434022980376,0.0011575403125483057,0.034022644114593825,0.0847434409296724,0.0013702073229969174,0.037016311580125284,0.08599486028829102,2322.2954693330685
0,1234,SINOS,1942,4000,0.0023612491038218597,0.0010770914519052748,0.0008699567182343946,0.0004131648273223563,1.036106359833805e-06,1.0,1.0,1.0,0.00019581347434849658,0.013993336783930293,0.033820361754913986,0.0010126368009191838,0.03182195469984809,0.07737397104531427,0.0012084502752676802,0.034762771397972285,0.07815896343799768,2381.617374000023
0,1234,SINOS,1991,4100,0.002253604107972807,0.001025341095600001,0.0008573716727718981,0.0003708814361789113,9.903421996825914e-09,1.0,1.0,1.0,0.00018702491179555425,0.013675705166299625,0.03275269718731967,0.0009603872139062523,0.030990114777235858,0.07680391917357446,0.0011474121257018066,0.03387347230063382,0.07759272179957873,2438.655300040962
0,1234,SINOS,2039,4200,0.0021517665791611963,0.0009853217988439185,0.0008310512167999792,0.0003353934724747835,9.104251520531366e-11,1.0,1.0,1.0,0.00017541329356240574,0.013244368371591216,0.031543385341920464,0.0009088727424707682,0.03014751635658845,0.07644908320620511,0.0010842860360331741,0.03292849884269209,0.07645197187383379,2496.9606152080232
0,1234,SINOS,2088,4300,0.002031144779098716,0.0009570645615984809,0.0007566240254356313,0.00031745609741898605,9.464561794393473e-11,1.0,1.0,1.0,0.00015972327444335432,0.012638167368861449,0.03043431268766019,0.0008431996380439253,0.029037900028134358,0.07649027385790405,0.0010029229124872796,0.03166895818443164,0.07649668618262567,2554.7913748749997
0,1234,SINOS,2138,4400,0.0019325742727323342,0.0009064860743351732,0.0007265054899379404,0.00029950829177428754,7.44166849328809e-08,1.0,1.0,1.0,0.0001393106733539546,0.011802994253745725,0.028395075632235322,0.0007417671508406649,0.027235402527604854,0.07648046174650876,0.0008810778241946195,0.0296829551122293,0.07648410459330424,2613.070942749968
0,1234,SINOS,2186,4500,0.0018317985303379755,0.0008308315429437054,0.0006787391380337418,0.0003222264789735705,1.3703869577980588e-09,1.0,1.0,1.0,0.0001282250840367543,0.011323651532820776,0.02741848401388477,0.0007022498605621754,0.026499997369097517,0.07858571197259934,0.0008304749445989298,0.0288179621867843,0.07859629582045657,2671.9806917080423
0,1234,SINOS,2234,4600,0.0017454135211155614,0.0007841471351522179,0.0006566211672669319,0.00030395846708666373,6.867516097479435e-07,1.0,1.0,1.0,0.00013055616088381678,0.011426117489498205,0.027647755118154444,0.0007225908747801845,0.02688105047761684,0.08014577107074844,0.0008531470356640012,0.029208680827178778,0.0801578298191266,2730.7313834580127
0,1234,SINOS,2282,4700,0.001675894999754861,0.000747020001579919,0.0006298985823311225,0.0002985670934128773,4.0932243094214293e-07,1.0,1.0,1.0,0.00012405652275450157,0.011138066383107149,0.02710705969626791,0.0006975474725164281,0.026411124029780103,0.07793393579582823,0.0008216039952709298,0.028663635416166768,0.07794648179639294,2789.9410133330384
0,1234,SINOS,2330,4800,0.0016145064747552708,0.000708560723751085,0.0006171429623296767,0.00028764466167790765,1.158126996601438e-06,1.0,1.0,1.0,0.00011872367628772013,0.010896039477154996,0.026382811845401487,0.0006502893972063124,0.025500772482540845,0.07680970415883451,0.0007690130734940324,0.02773108496784849,0.07682685071303853,2848.4097034160513
0,1234,SINOS,2379,4900,0.0015587819585636314,0.0006767197212802457,0.0005909798269815561,0.00029107119883445314,1.121146737652691e-08,1.0,1.0,1.0,0.00011158733145568889,0.010563490495839378,0.025851476478749684,0.0006268912168618471,0.025037795766837127,0.07511402181737166,0.000738478548317536,0.027174961790544176,0.07513810365220072,2907.9252910830546
0,1234,SINOS,2427,5000,0.0015015864340182483,0.000670164775468483,0.0005650069049363993,0.0002664147344474732,1.9165892552678843e-11,1.0,1.0,1.0,0.00011238132660590978,0.010601005924246518,0.02633611616628547,0.0006405946828248197,0.025309972003635637,0.0750581629201434,0.0007529760094307295,0.027440408332069868,0.07507629565099018,2965.8587812500773
0,1234,SINOS,2476,5100,0.0014517945722320917,0.0006545433836618549,0.0005451445992166201,0.0002519293928524004,1.7719650121623876e-07,1.0,1.0,1.0,0.0001122430963417294,0.010594484241421542,0.0262477996649718,0.0006360107546933554,0.02521925365060107,0.07368690497742847,0.0007482538510350849,0.027354229125220928,0.07371131427145393,3024.0625017910497
0,1234,SINOS,2524,5200,0.0014097915891293838,0.0006419525528967598,0.0005271538370683104,0.000240618141922543,6.705724177054368e-08,1.0,1.0,1.0,0.00010859173130713333,0.01042073564136109,0.02576369055381235,0.0006232648858023502,0.02496527359758651,0.07420190383630679,0.0007318566171094835,0.02705284859510147,0.07422523905264442,3083.559347082977
0,1234,SINOS,2572,5300,0.0013630605131100331,0.0006138652976699315,0.0005019162069131052,0.0002472789113307143,9.719628232168507e-11,1.0,1.0,1.0,0.00010727881117096651,0.010357548511639543,0.025370790548036124,0.0006121328659405597,0.024741319001632872,0.07473757324378098,0.0007194116771115262,0.02682185073986369,0.07476265535408397,3142.4549084160244
0,1234,SINOS,2621,5400,0.0013078084134829876,0.0005861343645202759,0.0004685497056526013,0.00025310150895908244,2.2834351027755338e-08,1.0,1.0,1.0,9.82581102178259e-05,0.009912522898728956,0.02428480437544754,0.0005555018576558893,0.023569086907555187,0.07438166925348122,0.0006537599678737152,0.025568730274961156,0.07441344916869638,3202.125626208028
0,1234,SINOS,2670,5500,0.0012448526628273267,0.0005636718468497622,0.00042892336229138396,0.0002519638329517421,2.9362073443859236e-07,1.0,1.0,1.0,9.084763439208938e-05,0.009531402540659447,0.02310620245428299,0.0005172166611472074,0.022742397875932244,0.07510874322732568,0.0006080642955392968,0.024658959741629346,0.07515466364797431,3260.2893983330578
0,1234,SINOS,2720,5600,0.0011953701599246044,0.0005368336344939047,0.00041438821938675824,0.00024403224948318247,1.1605656075888684e-07,1.0,1.0,1.0,9.039944360050255e-05,0.009507862199280265,0.022964588701698062,0.0005212539552301598,0.02283098673360746,0.07393188693153226,0.0006116533988306623,0.024731627500645045,0.07397041139341308,3319.932700000005
0,1234,SINOS,2768,5700,0.001139466907475038,0.0005081563717146801,0.00039692480462030094,0.00023429944662958557,8.628451047154583e-08,1.0,1.0,1.0,8.890432092639527e-05,0.009428908787680325,0.02275965395723712,0.0004912266544332999,0.0221636336017653,0.06864696361231626,0.0005801309753596951,0.024085908231986915,0.06867215505541738,3378.318677000003
0,1234,SINOS,2817,5800,0.001082270615052465,0.0005007949739992166,0.00036591050605413143,0.0002155598931303874,5.241868729678254e-09,1.0,1.0,1.0,8.353382745300531e-05,0.009139684209698129,0.022115823522506118,0.0004646387387020765,0.021555480479499328,0.06852267788390928,0.0005481725661550818,0.023413085361717746,0.06854763787996251,3437.559749750071
0,1234,SINOS,2865,5900,0.0010326542832082544,0.00047993830578805754,0.0003391982949992415,0.00021343807369961977,7.960872133562544e-08,1.0,1.0,1.0,7.749017450320218e-05,0.008802850362422513,0.02107119742119151,0.00043417612370410223,0.02083689333139905,0.06633459892825985,0.0005116662982073044,0.022620041958566397,0.06636210217596723,3496.155813790974
0,1234,SINOS,2913,6000,0.0009884230977791478,0.0004470306315499335,0.00031991332256210296,0.00022142848955661006,5.0654110501361124e-08,1.0,1.0,1.0,7.636290489425181e-05,0.008738587122312841,0.020870035784735442,0.00043181615831818036,0.020780186676692305,0.0627865954951071,0.0005081790632124321,0.022542827311862017,0.06280917852817085,3553.8633066250477
0,1234,SINOS,2962,6100,0.0009474678008402152,0.000430612046614187,0.0002932076011425077,0.00022364118135165592,6.971731864515361e-09,1.0,1.0,1.0,7.276913572465532e-05,0.008530482736906236,0.02041976590628969,0.0004231817889508547,0.020571382767107675,0.060131006264777666,0.0004959509246755101,0.022269955650506133,0.060156454480419126,3613.118366791052
0,1234,SINOS,3010,6200,0.0009079308450700885,0.000409449504228415,0.00027920055704252556,0.0002192796140702953,1.1697288525970056e-09,1.0,1.0,1.0,6.978393025622864e-05,0.008353677648570637,0.01990490479938963,0.0004029808890338435,0.020074383901725192,0.06258363211330474,0.0004727648192900721,0.021743155688401627,0.06261942550587601,3670.6372607080266
0,1234,SINOS,3058,6300,0.0008735441740739233,0.0003826121003242683,0.00027123596392258,0.00021968062155607395,1.5488271001005484e-08,1.0,1.0,1.0,6.743173217634768e-05,0.008211682664128448,0.01945611140793765,0.00039370895345360583,0.019842100530276675,0.06231075155138727,0.0004611406856299535,0.021474186495184247,0.06233378440996741,3730.209634291008
0,1234,SINOS,3107,6400,0.0008321457766676462,0.000361489623492826,0.00025442224632011467,0.00021622084852264726,1.3058332058257135e-08,1.0,1.0,1.0,6.608362416240518e-05,0.00812918348682112,0.019105454737272817,0.0003885985412703587,0.0197129029133296,0.06078266210988959,0.0004546821654327639,0.02132327754902524,0.06081810524090938,3788.008737166063
0,1234,SINOS,3156,6500,0.0007989378925529657,0.00035254202292538724,0.0002352759041594202,0.0002111180566650264,1.908803131989944e-09,1.0,1.0,1.0,6.267867911970318e-05,0.007916986744949317,0.01852042143147981,0.00036767970027438735,0.01917497588719181,0.06027101154619254,0.00043035837939409057,0.02074508084809723,0.06030838698721114,3847.705071458011
0,1234,SINOS,3204,6600,0.0007666035641934434,0.0003359368418143254,0.00021662074652391587,0.00021392036535021355,1.2561050498860384e-07,1.0,1.0,1.0,5.51634953488727e-05,0.007427213161669234,0.01744298056362722,0.0003241252645186976,0.018003479233711955,0.05851069464018658,0.0003792887598675703,0.019475337220894798,0.058563110097677326,3906.0364000410773
0,1234,SINOS,3252,6700,0.0007374833474987061,0.0003245919650852486,0.0002036937123945186,0.00020919562695654041,2.043062398425092e-09,1.0,1.0,1.0,4.895000279167907e-05,0.006996427859392182,0.016565781393886297,0.00029127721375393534,0.017066845454094183,0.056892112314832426,0.0003402272165456144,0.018445249159217515,0.056940630299477976,3964.1112185410457
0,1234,SINOS,3299,6800,0.0007093335626253039,0.0003178796429922487,0.00019614702031598802,0.00019530676259347775,1.3672358936594888e-10,1.0,1.0,1.0,4.668794243023736e-05,0.006832857559633258,0.0163957193801762,0.00027927390107870657,0.016711490091512085,0.05332367130047284,0.00032596184350894395,0.01805441340805466,0.05336448245395395,4023.5788961249636
0,1234,SINOS,3348,6900,0.0006908746421240918,0.0003042456650781088,0.00019581113960284106,0.000190710258057556,1.0757938558587298e-07,1.0,1.0,1.0,4.7010779375025975e-05,0.00685644072205295,0.016644457017512923,0.0002868858446704489,0.016937704822981445,0.05193405544473583,0.0003338966240454749,0.018272838423339568,0.051959647681779825,4081.463694875012
0,1234,SINOS,3396,7000,0.0006674133761928636,0.00028906236492251693,0.00019396272456951766,0.0001837002355135079,6.880511873210402e-07,1.0,1.0,1.0,4.77313009811042e-05,0.00690878433453413,0.016814622152441283,0.000293980090887272,0.01714584762813644,0.05138090401781299,0.0003417113918683762,0.01848543729178123,0.05141195096165641,4141.290476083057
0,1234,SINOS,3445,7100,0.0006492589193712656,0.0002780503808014472,0.00018715235598549092,0.00018396120859307582,9.497399125168844e-08,1.0,1.0,1.0,4.4960968303967786e-05,0.006705294050522153,0.01640297313909177,0.00027993325845653764,0.01673120612677214,0.0506778935530733,0.00032489422676050544,0.01802482251675465,0.05071727100845222,4200.142879500054
0,1234,SINOS,3493,7200,0.0006329597533738364,0.00026895324114772245,0.00018316998161473774,0.00018066205884368245,1.7447176769372012e-07,1.0,1.0,1.0,4.424976646747736e-05,0.00665204979442257,0.016196219815633083,0.00026307125446368946,0.01621947146067619,0.050136134747648935,0.00030732102093116684,0.017530573890525286,0.050179234760244,4262.0808748330455
0,1234,SINOS,3540,7300,0.0006163018951322851,0.00026105480150140034,0.00018285308312172448,0.00017233897427320117,5.50362359591449e-08,1.0,1.0,1.0,4.2773879536892935e-05,0.006540174274198887,0.015959597873834823,0.0002571549917986095,0.016036052874651215,0.047908635720542,0.0002999288713355024,0.017318454646287076,0.04795845164936514,4322.455771500012
0,1234,SINOS,3588,7400,0.0005988320226993501,0.0002528217006475684,0.00018115224328192576,0.00016484444486412474,1.363390573113492e-08,1.0,1.0,1.0,4.230766883786678e-05,0.006504434551739819,0.015893079038486278,0.00025276460345035424,0.015898572371453805,0.04638096273970346,0.000295072272288221,0.01717766783612435,0.04641714076273632,4389.009248375078
0,1234,SINOS,3636,7500,0.0005818935857897331,0.00024111274946428686,0.00017545131716306258,0.00016532951244189732,6.720486327806844e-12,1.0,1.0,1.0,4.2734127635624876e-05,0.006537134512584614,0.015896171122919696,0.00024641769964460546,0.01569769727203979,0.045948689002866486,0.00028915182728023035,0.017004464921903023,0.045992406590689365,4457.576217166032
0,1234,SINOS,3685,7600,0.0005694708569124776,0.00023401231026020278,0.00017110886187051403,0.00016434200111364175,7.683668118984008e-09,1.0,1.0,1.0,4.050946029037307e-05,0.0063647042578876415,0.015453836911511304,0.000234132947793767,0.015301403458303,0.04504893467984962,0.00027464240808414007,0.016572338642573656,0.04509427800963773,4515.234833708033
0,1234,SINOS,3734,7700,0.0005572851563841867,0.00022744647406500399,0.0001666497705427641,0.00016309426527133048,9.464650508816057e-08,1.0,1.0,1.0,4.0376159874812886e-05,0.006354223782242241,0.015268153679324416,0.00022838250461770443,0.01511232955628299,0.04298439741002415,0.00026875866449251734,0.016393860573169376,0.04302284674926905,4575.200581707992
0,1234,SINOS,3781,7800,0.000542694329322143,0.00022234502388501082,0.00015953403089714917,0.0001608151713228098,1.0321717321721751e-10,1.0,1.0,1.0,3.9940832550020265e-05,0.006319875991664731,0.015178704219678013,0.00022752597093147008,0.015083964032424305,0.04006351198225861,0.00026746680348149033,0.016354412355125768,0.04009996772415396,4633.407420290983
0,1234,SINOS,3829,7900,0.0005311664069750988,0.00021810004583418916,0.00015904937966546224,0.00015386271451010654,1.5426696534093213e-07,1.0,1.0,1.0,4.1245360771925005e-05,0.006422255115761519,0.015398331925471749,0.00023833071268216264,0.015437963359269986,0.039209744632177204,0.00027957607345408767,0.01672052850403024,0.03924484806209655,4692.956057499978
0,1234,SINOS,3878,8000,0.0005216467749575892,0.000216945449606843,0.00015322966380313096,0.00015141735300998527,5.430853762990832e-08,1.0,1.0,1.0,4.0629109198589244e-05,0.00637409673589829,0.015289286197683816,0.00024048556998222879,0.015507597169846423,0.03865872800248331,0.00028111467918081804,0.016766474858503144,0.038703290154191515,4752.556150333025
0,1234,SINOS,3925,8100,0.0005050891183955677,0.00020941356364382176,0.00015137524661119713,0.00014429209453496194,8.213605586774057e-09,1.0,1.0,1.0,4.0592640341538725e-05,0.006371235385821083,0.015351356297514624,0.0002474837673614719,0.01573161680697416,0.03811559347157225,0.00028807640770301063,0.016972813782723552,0.038150117614689415,4812.028733166051
0,1234,SINOS,3974,8200,0.000491412592021217,0.00020356332049573865,0.0001466251932142339,0.00014120710545585728,1.6972855387105236e-08,1.0,1.0,1.0,4.098809698199376e-05,0.0064021947004128015,0.015237713763952837,0.00023655797905400565,0.015380441445355384,0.03710857119653124,0.00027754607603599937,0.016659714164294636,0.03714107724518943,4872.957531041
0,1234,SINOS,4021,8300,0.000477357780449419,0.00019839710832676857,0.00014364406873486498,0.00013531184046681712,4.762920968315565e-09,1.0,1.0,1.0,4.086173886465127e-05,0.006392318739287902,0.015205624407693753,0.0002379038094438321,0.015424130751644713,0.03642935688371811,0.0002787655483084834,0.01669627348567588,0.03645871681827316,4931.611128875054
0,1234,SINOS,4069,8400,0.00046612187877691447,0.00019487434086436385,0.00014074803963233705,0.00013045603117066258,4.346710955099803e-08,1.0,1.0,1.0,4.2109103116050556e-05,0.006489152727132453,0.015269892083221551,0.00023749996942712908,0.015411034015507495,0.037236179466188436,0.0002796090725431796,0.01672151525858765,0.037267891298909187,4991.640161833027
0,1234,SINOS,4119,8500,0.00045552088382439665,0.00018978624417443125,0.00013681845439568674,0.00012889006689674416,2.6118357534501944e-08,1.0,1.0,1.0,4.1498307544360124e-05,0.00644191800198979,0.015176989605475673,0.00022812736972751852,0.015103885914807437,0.035712660167678975,0.0002696256772718786,0.016420282496713588,0.03591792976615974,5049.670453708037
0,1234,SINOS,4166,8600,0.0004482047057808624,0.00018618147527939898,0.00013775600121503008,0.00012423830129662156,2.8927989811768798e-08,1.0,1.0,1.0,4.0125409909441554e-05,0.006334462085247772,0.015038953099811894,0.0002286436113084657,0.015120965951567568,0.03538810006453117,0.00026876902121790723,0.016394176442197615,0.035853660010389574,5109.005709875026
0,1234,SINOS,4214,8700,0.00043980814141072094,0.00017986073191903913,0.0001373526075364748,0.00012257427160948075,2.0530345726270603e-08,1.0,1.0,1.0,3.937878627923807e-05,0.006275251889704354,0.014813700269217505,0.00022481633894827328,0.014993876715121852,0.03537668670238846,0.00026419512522751136,0.016254080263967918,0.03583689237036232,5169.539065958001
0,1234,SINOS,4263,8800,0.0004322487320992911,0.00017725001982411322,0.00013375063578108262,0.00012124189136625544,6.185127839798886e-09,1.0,1.0,1.0,3.8336385556604086e-05,0.006191638358028034,0.014710445028002086,0.00022192091475812967,0.014897010262402643,0.03504814729899001,0.0002602573003147338,0.01613249206771024,0.035472042092938805,5228.608112749993
0,1234,SINOS,4311,8900,0.0004256176548224766,0.00017614896544440397,0.00013274644944842094,0.00011666725545372516,5.49844759265178e-08,1.0,1.0,1.0,3.841488745883489e-05,0.006197974464196742,0.014702089867935279,0.00022251467785786708,0.014916925884976001,0.03530411862001284,0.00026092956531670195,0.016153314375591837,0.035714578998448064,5291.3633602079935
0,1234,SINOS,4360,9000,0.0004183169696758041,0.00017587766915172487,0.00012767664557038493,0.00011474381943615833,1.8835517535925097e-08,1.0,1.0,1.0,3.8201202396560295e-05,0.006180712126976979,0.014513595170734592,0.00021646845225524927,0.014712866894499157,0.03433571083478462,0.00025466965465180955,0.015958372556492392,0.03477140066969446,5352.170790791046
0,1234,SINOS,4409,9100,0.0004100135105456147,0.00017308426657541858,0.00012189507365113857,0.00011503375652064192,4.1379841564011375e-10,1.0,1.0,1.0,3.700919136235482e-05,0.006083518008714597,0.014253681929092791,0.00021294754553831594,0.014592722348428204,0.03411897159298033,0.00024995673690067076,0.015810020142323373,0.03454090334380093,5420.3322312500095
0,1234,SINOS,4459,9200,0.00040301906531186693,0.00016928866105208858,0.00012081386903019118,0.00011291582441063783,7.108189493257777e-10,1.0,1.0,1.0,3.661051827195994e-05,0.006050662630816557,0.014101252911488657,0.00021326079499831368,0.014603451475535285,0.03431957114141585,0.00024987131327027363,0.015807318345319475,0.03472081907682624,5479.078801666037
0,1234,SINOS,4508,9300,0.00039687209040239,0.00016482413994529317,0.00011904617952182881,0.00011299985917199502,1.911763272977164e-09,1.0,1.0,1.0,3.608704665439495e-05,0.006007249508252088,0.014080380174111602,0.00021109780354274568,0.014529205193084227,0.03444336061625258,0.0002471848501971406,0.015722113413823874,0.034835737650355,5539.252505416051
0,1234,SINOS,4556,9400,0.0003894810181387972,0.00016153865280796429,0.00011648536037542147,0.00011145637253254692,6.324228644931704e-10,1.0,1.0,1.0,3.537318492417404e-05,0.005947536038072744,0.013751195292235676,0.00020393362926771555,0.014280533227709516,0.03385824280717513,0.00023930681419188956,0.015469544731241755,0.03427351538815057,5603.682555207983
0,1234,SINOS,4605,9500,0.000383105350266507,0.00015761116490810022,0.00011528319609267579,0.00011017287799940007,3.811126633091155e-08,1.0,1.0,1.0,3.356806118597234e-05,0.005793795059024123,0.013363080974779402,0.00019408845144714285,0.013931563137248557,0.03379523314912872,0.0002276565126331152,0.015088290580218662,0.03416972526500514,5662.77200300002
0,1234,SINOS,4654,9600,0.0003757394752916348,0.0001512922431694162,0.00011483323236255154,0.00010961395457102357,4.518864350776492e-11,1.0,1.0,1.0,3.3309910479935026e-05,0.00577147385681812,0.013283812580886763,0.00019282631453624712,0.013886191505817826,0.034092708840746305,0.0002261362250161822,0.015037826472472083,0.034456516470075395,5724.37731791602
0,1234,SINOS,4703,9700,0.00036996995922357464,0.00014806122245285467,0.00011140627697848612,0.00011044052219218872,6.193760004511728e-08,1.0,1.0,1.0,3.261448785784468e-05,0.00571090954733523,0.013053658840958656,0.00019072042700520964,0.013810156661139281,0.03401632793239423,0.00022333491486305435,0.014944394094879,0.03435811091492985,5783.091426416067
0,1234,SINOS,4750,9800,0.0003627507434467447,0.00014568632931777646,0.00010921997539210919,0.00010783993058840414,4.508148454897643e-09,1.0,1.0,1.0,3.220617630492864e-05,0.005675048572913596,0.013055822703839115,0.000189730426265502,0.013774266814081322,0.03366654618779738,0.00022193660257043062,0.014897536795404488,0.034006731291902424,5843.689080500044
0,1234,SINOS,4798,9900,0.0003562833739592714,0.00014107461608127986,0.0001079615588492192,0.00010723508594156976,1.211308720254324e-08,1.0,1.0,1.0,3.1319488882348615e-05,0.005596381767030249,0.012958872946245217,0.00018593291729834672,0.013635722104030528,0.03334911093800233,0.00021725240618069533,0.014739484596847182,0.033673054165122895,5902.848477749969
0,1234,SINOS,4847,10000,0.00035191184348437295,0.00014065337407334695,0.00010562071332152115,0.00010563663711624614,1.1189732587402128e-09,1.0,1.0,1.0,3.065888249313179e-05,0.0055370463690610165,0.012792545262983871,0.0001788850768707453,0.013374792591690733,0.03306558310354174,0.00020954395936387707,0.014475633297506436,0.03339820819349224,5962.416953500011
0,1234,SINOS,5327,11000,0.0002868001847649905,0.00010679925745429817,9.475268833927056e-05,8.524525561161823e-05,2.983359803503483e-09,1.0,1.0,1.0,1.928553506976489e-05,0.004391529923587552,0.009943505343977083,0.00010556257178326962,0.010274364787336959,0.028535234210465835,0.0001248481068530345,0.01117354495462539,0.028552000945497452,6560.565944666043
0,1234,SINOS,5813,12000,0.00024767610125329314,9.051226564029251e-05,8.249940736274836e-05,7.46618301559009e-05,2.5980943513553857e-09,1.0,1.0,1.0,1.580219394501282e-05,0.0039751973466751085,0.008976721810320831,8.646819555892983e-05,0.009298827644328603,0.027094708635176483,0.00010227038950394264,0.010112882353905965,0.027111893496829045,7166.651966999983
0,1234,SINOS,6302,13000,0.00021157544610269562,7.527212137199375e-05,6.848305363635216e-05,6.777037447124048e-05,4.98966231092308e-08,1.0,1.0,1.0,1.348468195346758e-05,0.0036721495004244558,0.008693284178972705,7.750901004652793e-05,0.00880392015221219,0.026337823756659242,9.09936919999955e-05,0.009539061379401827,0.026366355326717616,7768.090041583055
0,1234,SINOS,6786,14000,0.00018518678038849547,6.896908165148993e-05,5.725286080984113e-05,5.896466353529309e-05,1.7439187129967384e-10,1.0,1.0,1.0,1.2566451332690234e-05,0.003544919086903146,0.0083279455171788,7.062165442123373e-05,0.008403669104696693,0.02436479244579424,8.318810575392396e-05,0.009120751380995096,0.024388676107457027,8365.685594041017
0,1234,SINOS,7273,15000,0.00015711835293191184,6.259842930263124e-05,4.1606720504616494e-05,5.2913032546071e-05,1.7057859310554789e-10,1.0,1.0,1.0,1.109160714353082e-05,0.0033304064532021943,0.007575057534182066,5.838441120864839e-05,0.00764096925845461,0.022766615686279662,6.947601835217922e-05,0.008335227552513442,0.022787345651889366,8951.38937583298
0,1234,SINOS,7757,16000,0.00013216130327875549,5.34632776662146e-05,3.377019762481919e-05,4.489119437105287e-05,3.6633616668836153e-08,1.0,1.0,1.0,8.390400187884508e-06,0.0028966187508687622,0.0068191356503278155,4.706598856063944e-05,0.0068604656227284925,0.02196093167383929,5.545638874852396e-05,0.007446904642099559,0.02197551643947944,9538.57146991603
0,1234,SINOS,8246,17000,0.00011656193393395094,4.284313694930001e-05,3.182236212866135e-05,4.1896215231419486e-05,2.196245700991268e-10,1.0,1.0,1.0,7.441069491398243e-06,0.0027278323796374004,0.006316375242145544,3.950043143749367e-05,0.00628493686821862,0.021125321395557038,4.6941500928891917e-05,0.006851386788737877,0.021134036581938565,10123.048542333068
0,1234,SINOS,8733,18000,0.00010525952726191448,3.451048778006579e-05,3.0323058974663353e-05,4.041351510242638e-05,1.2465404758955003e-08,1.0,1.0,1.0,7.455271675593504e-06,0.0027304343382680905,0.006142918114163771,4.0593836718531384e-05,0.006371329274062939,0.021500444977286082,4.80491083941249e-05,0.006931746417326942,0.021509168270854365,10714.44628891605
0,1234,SINOS,9215,19000,9.624177986359497e-05,3.309027186527085e-05,2.5361963171005565e-05,3.778948633796461e-05,5.848935393971778e-11,1.0,1.0,1.0,7.475865198799919e-06,0.002734202845218313,0.0060704958354105285,4.278513559068127e-05,0.006541034749233585,0.01872907171761857,5.02610007894812e-05,0.007089499332779516,0.018742802674243695,11305.337379625067
0,1234,SINOS,9701,20000,8.811260436549202e-05,3.0696020507944056e-05,2.3533544001187667e-05,3.388303288643024e-05,6.969930044219916e-12,1.0,1.0,1.0,6.8754521744987195e-06,0.0026221083453012994,0.005631842204687284,3.965208829018225e-05,0.006296990415284293,0.018389648786136137,4.652754046468098e-05,0.006821109914426022,0.018403278954601303,11843.884664832964
0,1234,SINOS,10182,21000,8.440398963143852e-05,2.7768231087421784e-05,2.2851409490651303e-05,3.378388877100135e-05,4.6028236409030267e-10,1.0,1.0,1.0,6.6222714760415296e-06,0.0025733774453121972,0.005589972673120613,3.88197568181372e-05,0.006230550282128955,0.01855574552304904,4.544202829417873e-05,0.0067410702632578106,0.018568769723532257,12565.494226250099
0,1234,SINOS,10667,22000,8.155212123352382e-05,2.6068104970994115e-05,2.289014119419195e-05,3.259376728078245e-05,1.0778755530031669e-10,1.0,1.0,1.0,6.363487514062477e-06,0.0025225953924604074,0.005513664320602543,3.6382161826764505e-05,0.006031762746226388,0.019235113171709256,4.2745649340826976e-05,0.006538015703623461,0.019243655054018004,13257.57963954215
0,1234,SINOS,11156,23000,7.846598963097381e-05,2.564407003081399e-05,2.1871213870597154e-05,3.095026090745247e-05,4.448221102094415e-10,1.0,1.0,1.0,6.0273654381035585e-06,0.002455069334683556,0.005476873827834516,3.382734622217932e-05,0.005816128112600282,0.01935961738043505,3.9854711660282884e-05,0.0063130588196438405,0.019370651026170135,13878.973351917113
0,1234,SINOS,11642,24000,7.549307839447173e-05,2.520255882743232e-05,2.092212894889755e-05,2.9367143943210204e-05,1.2466749316468645e-09,1.0,1.0,1.0,5.710118495346842e-06,0.0023895854233207153,0.005371810390642549,3.182142693838081e-05,0.0056410483900052495,0.01916562068167065,3.7531545433727653e-05,0.006126299489392243,0.01917740538504841,14524.195223750081
0,1234,SINOS,12126,25000,7.199243263964058e-05,2.390594830954464e-05,2.037552428277373e-05,2.7707519501624794e-05,3.440545697427186e-09,1.0,1.0,1.0,5.648642337668889e-06,0.0023766872612249364,0.005393220898737837,3.2435915377163205e-05,0.0056952537588033075,0.01854583376679926,3.80845577148321e-05,0.006171268728132984,0.018561909107595,15156.037718417123
0,1234,SINOS,12609,26000,7.008520475328082e-05,2.3068056045105626e-05,1.981779777539276e-05,2.7199045211436887e-05,3.057213455560035e-10,1.0,1.0,1.0,5.603592838699203e-06,0.00236719091724753,0.005360915744472588,3.2104131180637163e-05,0.005666050756976782,0.018501201204951797,3.770772401933636e-05,0.006140661529455631,0.01851420528683208,15663.243773834081
0,1234,SINOS,13095,27000,6.839895851582919e-05,2.179574886748177e-05,1.9677443336358115e-05,2.6925442398345005e-05,3.239136443005778e-10,1.0,1.0,1.0,5.724818392550065e-06,0.0023926592721384434,0.00544823175894377,3.373488350354509e-05,0.0058081738527307435,0.01872251803165622,3.9459701896095156e-05,0.006281695781880491,0.018735323341742872,16172.300176875084
0,1234,SINOS,13578,28000,6.645769389658122e-05,2.0988277254391757e-05,1.9454069329810265e-05,2.6014479921577023e-05,8.673908021676168e-10,1.0,1.0,1.0,5.490460664920977e-06,0.002343173204208553,0.005279017327001854,3.2423214671172675e-05,0.005694138624161927,0.018711934247742194,3.791367533609365e-05,0.006157408167085697,0.018722722622498852,16718.08166475012
0,1234,SINOS,14067,29000,6.471174351091424e-05,2.0628778602390592e-05,1.8505294400420817e-05,2.557758154971347e-05,8.895838936320228e-11,1.0,1.0,1.0,5.332330233160645e-06,0.002309183888987762,0.0051579874452719636,3.174426565800912e-05,0.005634204971245643,0.018105067009772175,3.7076595891169764e-05,0.00608905541863184,0.018117166501408242,17262.47752725007
0,1234,SINOS,14552,30000,6.283928937142614e-05,2.046680179499458e-05,1.789314254689182e-05,2.4479316704813762e-05,2.8324725976100225e-11,1.0,1.0,1.0,5.583213629252314e-06,0.0023628824831659137,0.005299258261656977,3.338960671198828e-05,0.0057783740543502615,0.017903564704688932,3.89728203412406e-05,0.006242821504835822,0.01791310382503928,17785.81064245908
