,method,n_iter,closure_call,is_final,total_loss,pde_loss,bc_loss,gauge_loss,u_mse,u_rmse,u_max_error,p_mse,p_rmse,p_max_error
0,MSE,25000,100,False,166.54756542683796,164.9308071036999,1.5445752826432153,0.07218304049483915,10.357532893156721,3.2183121186666654,6.373882300400305,0.1286809926325875,0.3587213300496466,0.6929691841392327
1,MSE,25000,200,False,66.68045917716768,64.1691915725875,1.8250910526122588,0.6861765519679205,16.70640918270508,4.0873474506952645,6.819754207757885,1.588081683645771,1.2601911298076063,2.935374821193577
2,MSE,25000,300,False,17.44407923341695,11.023737696808299,6.408757840244662,0.011583696363987893,20.87835011846355,4.569283326569228,7.170299651068736,23.099370802124103,4.8061804795621335,11.615965009024734
3,MSE,25000,400,False,4.945318870773723,2.650922600116271,2.2915573199723487,0.002838950685103763,8.664026116610328,2.943471779482577,5.27812962723865,8.415369686156184,2.9009256602257465,7.933273075446194
4,MSE,25000,500,False,1.4110407362131756,0.7683830345987932,0.6419568984332741,0.0007008031811084737,2.4369030107398264,1.5610582983155454,3.34867061272758,4.5624154747436325,2.1359811503717987,5.503198364165415
5,MSE,25000,600,False,0.5712460186121404,0.3713282086923938,0.19990759761031696,1.021230942970098e-05,1.2341863172414942,1.110939385043799,2.4507741882732406,3.5079644901908065,1.8729560833588188,5.2068304424649385
6,MSE,25000,700,False,0.28057345529327654,0.19165705380103232,0.0888917661566746,2.4635335569634285e-05,0.5107968899712783,0.7147005596550756,1.4272842078452017,1.5887043018738274,1.2604381388524497,3.6667759129863686
7,MSE,25000,800,False,0.166394415145684,0.11869409309512582,0.04760156751461983,9.87545359383648e-05,0.2706928465266914,0.5202815070004808,1.0432233906882675,0.9426508531260794,0.9709020821514801,2.9341122647846403
8,MSE,25000,900,False,0.11480363589487058,0.07572999032950095,0.03907340690487085,2.3866049878450063e-07,0.1781705994398192,0.4221025935004655,0.8756954169597854,0.6253784625221954,0.7908087395332676,2.3876071782442865
9,MSE,25000,1000,False,0.07929835861339253,0.05543777851500126,0.023845278942419435,1.5301155971848197e-05,0.0952541017648154,0.30863263237191135,0.630407377606567,0.44250612896732017,0.6652113415804937,1.9510992105707246
10,MSE,25000,1100,False,0.056398278889298506,0.044681991789834875,0.0117038296181258,1.2457481337833167e-05,0.05106775644492406,0.22598176131034128,0.4564552111617188,0.25329470389497966,0.5032839197659504,1.4322782091928694
11,MSE,25000,1200,False,0.03954657182882943,0.032734663872189707,0.006789077185015424,2.283077162429828e-05,0.03156045514997151,0.17765262494534526,0.3418265252340411,0.15486279562049457,0.3935261053862813,1.1033984748832255
12,MSE,25000,1300,False,0.030213101785163014,0.025362607013859124,0.0047908180155187,5.967675578519011e-05,0.021133355909395413,0.14537316089772354,0.2747734215196564,0.10047850960819787,0.3169834532088353,0.8833341964518937
13,MSE,25000,1400,False,0.024598763209511827,0.020303726139818755,0.00429218444556466,2.852624128412048e-06,0.015598685323874876,0.1248946969405622,0.24958611889717355,0.0703154262036361,0.26517056059004,0.671650855602602
14,MSE,25000,1500,False,0.019572658479379217,0.01709471452718908,0.002460495345448291,1.74486067418427e-05,0.011996361429444468,0.10952790251549815,0.20651728817399412,0.06872609958858752,0.26215663178448784,0.6342308711169494
15,MSE,25000,1600,False,0.01570995719431321,0.013439159840708117,0.002263846083528235,6.951270076859178e-06,0.008081498065685868,0.0898971527117843,0.1612481461790255,0.039210688425008716,0.1980168892418238,0.5271526856592491
16,MSE,25000,1700,False,0.012550295560703367,0.010747982906285126,0.0017987329517466233,3.57970267161731e-06,0.00847275421970498,0.09204756498520197,0.18124679228228469,0.04002385509305022,0.20005962884362807,0.5504543566671019
17,MSE,25000,1800,False,0.010496723761788332,0.008828339285383218,0.0016671261025594708,1.258373845642027e-06,0.007990826140907237,0.0893914209580944,0.1715117237202492,0.03533500124553341,0.18797606561882663,0.5148059164804265
18,MSE,25000,1900,False,0.009080525517408927,0.007605880303401416,0.0014735645376724585,1.0806763350519158e-06,0.006115512330609286,0.07820174122491957,0.14828938557718646,0.030631018818066888,0.175017195778206,0.48414158254380296
19,MSE,25000,2000,False,0.007925310990244513,0.006652947798051371,0.0012706449863879462,1.7182058051950762e-06,0.004527059182985451,0.06728342428106236,0.12612495386756908,0.023155601804929263,0.1521696481067406,0.43673019212612446
20,MSE,25000,2100,False,0.007065340522895207,0.005902551433563738,0.0011621028257888647,6.862635426047325e-07,0.003294207504043842,0.05739518711567933,0.11178390007646259,0.017053267672600708,0.13058816053762573,0.3821282173101054
21,MSE,25000,2200,False,0.006275391274311023,0.0052460614586513615,0.0010293279636058063,1.8520538550214806e-09,0.002114616937397231,0.04598496425351695,0.1230529380101776,0.010277652147573925,0.10137875589872823,0.3121195891430666
22,MSE,25000,2300,False,0.0054391670588165705,0.004615755363295261,0.0008201848393698175,3.226856151492414e-06,0.001493669665390396,0.03864802278759414,0.1285622264937306,0.006153091770184402,0.07844164563664127,0.25476245172757556
23,MSE,25000,2400,False,0.00478966552408421,0.0041042594523206565,0.0006853012563701804,1.0481539337375902e-07,0.0012705027305212949,0.0356441121438211,0.1014089818954751,0.005325895462748249,0.0729787329483614,0.22328407521306698
24,MSE,25000,2500,False,0.0042333542976702885,0.0036580396159484876,0.0005746942010602806,6.204806615201067e-07,0.0010696123548343181,0.03270492860157805,0.08433141843501755,0.004312690124453962,0.06567107524971677,0.18663357502188563
25,MSE,25000,2600,False,0.0037767980634716364,0.003233367467758491,0.0005410136770763345,2.416918636811053e-06,0.001027802190876686,0.03205935418683112,0.07296545058559395,0.0034008484346325636,0.058316793761596354,0.1582406697965857
26,MSE,25000,2700,False,0.0034656023818252528,0.0029479051427563742,0.0005170561688376335,6.410702312449289e-07,0.0009831071046893043,0.03135453882118671,0.08031872102827012,0.0032560060431904994,0.0570614234241532,0.15752160994929024
27,MSE,25000,2800,False,0.0031832479391764056,0.002685343811738546,0.0004979036840157523,4.434221074213943e-10,0.0010471646941297556,0.032359924198455035,0.07590281232628836,0.0033103496283699726,0.05753563789834934,0.15713494052549784
28,MSE,25000,2900,False,0.0029464749878673462,0.0024851852354281024,0.0004612751029056791,1.464953356468485e-08,0.0009496687381453645,0.0308166957694261,0.08831578139697012,0.0034117907798436285,0.05841053654815737,0.16724457729865655
29,MSE,25000,3000,False,0.0026800115609943997,0.0023085557357068933,0.0003714518742771232,3.9510103834286285e-09,0.0009133396193206391,0.030221509216461034,0.07584099020113971,0.003560814827196934,0.05967256343745368,0.16694233190857755
30,MSE,25000,3100,False,0.0024630677575384107,0.0021428971469522953,0.0003198168952185916,3.537153675237302e-07,0.0009102915846896913,0.03017103884008125,0.06511927803035973,0.004282778381312612,0.06544293988897971,0.18607867263240002
31,MSE,25000,3200,False,0.002236996752123384,0.001966984575577795,0.00026999636212320593,1.581442238382374e-08,0.0008733244010858921,0.02955206255214502,0.06150839117043619,0.004208753731324986,0.0648749083338465,0.18889523520008655
32,MSE,25000,3300,False,0.0020286060536253516,0.0018011288949693182,0.00022747106610875405,6.0925472791813595e-09,0.0006767919245085747,0.02601522485985033,0.05637685209328385,0.0032056064758673136,0.05661807552246291,0.17715121650429727
33,MSE,25000,3400,False,0.00186599365587938,0.001669374035909568,0.0001962025920806273,4.1702788918464804e-07,0.0006401568176838388,0.025301320473126276,0.05091153020497658,0.0035568990246480216,0.05963974366685375,0.1921725950702508
34,MSE,25000,3500,False,0.0016788720361618163,0.0014820989200832642,0.0001965589866484663,2.1412943008565636e-07,0.0006095218736539153,0.024688496788057294,0.05230897672656768,0.003204631092232392,0.05660946115476098,0.1967413390178538
35,MSE,25000,3600,False,0.0015385482350553485,0.0013746185574361755,0.0001639242077146279,5.469904545209323e-09,0.0005820772123545359,0.02412627638809056,0.050441175935027976,0.0032147510409098255,0.056698774597956046,0.1962786353918728
36,MSE,25000,3700,False,0.0014148864662018037,0.0012618408182265514,0.00015301247305135184,3.317492390053187e-08,0.0005972609839118136,0.024438923542411062,0.05012295350858806,0.003343570702078534,0.05782361716529444,0.19811997068172787
37,MSE,25000,3800,False,0.0013278753286477512,0.0011875342043079315,0.00014022966373142468,1.1146060839503057e-07,0.0005543930995189088,0.023545553710178677,0.047136271666562986,0.003337546300910534,0.057771500767337995,0.19861453862420209
38,MSE,25000,3900,False,0.0012322606176992862,0.0011169369439959732,0.00011531922125868448,4.452444628390366e-09,0.0004353233103685177,0.020864402947808443,0.04360253066715816,0.0024083149782455175,0.049074585869322604,0.1712007052358126
39,MSE,25000,4000,False,0.001169359647472534,0.001049215256473108,0.0001201259910696612,1.839992976464996e-08,0.0003761502737739943,0.019394593931660296,0.04061858834018732,0.0023832489979883575,0.04881853129692,0.17415941040800348
40,MSE,25000,4100,False,0.0010980180265542467,0.0009795447387373943,0.00011841816753480885,5.512028204363383e-08,0.0003324397610306814,0.018232930675859037,0.03862522209187645,0.0019636610652647387,0.044313215469707665,0.15483306739969876
41,MSE,25000,4200,False,0.0010380871614351546,0.000928350884331495,0.00010970137297889865,3.490412476108949e-08,0.0003099883743509746,0.01760648671231642,0.0363921574646166,0.0017163936129575518,0.041429381035173,0.14083857640852032
42,MSE,25000,4300,False,0.0009892782739806232,0.0008906183333658529,9.825825433396515e-05,4.0168628080525633e-07,0.00030478189089010524,0.017458003634153167,0.034656506908524204,0.001841251351699385,0.042909804843408283,0.13987802368204044
43,MSE,25000,4400,False,0.0009475215514738327,0.0008531349364537426,9.438043926627715e-05,6.175753812969697e-09,0.00030185928663992726,0.017374098153283446,0.034950149190264575,0.001680788425247019,0.04099741973889356,0.13387286936621096
44,MSE,25000,4500,False,0.0009008474635635173,0.0008080230221614382,9.282442157790266e-05,1.9824176477480405e-11,0.00031020430677531084,0.017612617828571393,0.035756278495414816,0.0016265481671477108,0.040330486820117986,0.1271795163823542
45,MSE,25000,4600,False,0.000845599081945684,0.0007586314729395871,8.695419248428647e-05,1.341652181040446e-08,0.00027630915875621496,0.01662254970683544,0.035782958601235995,0.0013471453256342317,0.03670347838603627,0.10825259064353127
46,MSE,25000,4700,False,0.0007871795835134678,0.0007102603361271782,7.691861156807824e-05,6.358182114120801e-10,0.00026029438099902063,0.0161336412814659,0.03308369045974987,0.001282830758340033,0.03581662684201337,0.10401138735346382
47,MSE,25000,4800,False,0.0007383100901988248,0.000664735828300172,7.35742335373234e-05,2.8361329299914924e-11,0.00025863607795875487,0.016082166457251797,0.034554150835519125,0.0012024712251669152,0.03467666686933615,0.10346024875771387
48,MSE,25000,4900,False,0.0006922861606393982,0.0006264379945616984,6.584321281641733e-05,4.953261282481652e-09,0.000253615821332304,0.015925320132804364,0.03240199980684649,0.0012474394130751907,0.03531910832786115,0.11055838457644462
49,MSE,25000,5000,False,0.0006557718257909922,0.0005939638188667625,6.180793289554638e-05,7.402868335368237e-11,0.0002479249155644669,0.015745631634344393,0.030393929823580836,0.0012774027080406285,0.03574077094916432,0.11385799835919447
50,MSE,25000,5100,False,0.0006232207802241855,0.00056232165145606,6.0890834829358754e-05,8.293938766777063e-09,0.000223472800879684,0.014949006685384953,0.029636211170246236,0.0010957815111170683,0.03310259070098696,0.10733551634145361
51,MSE,25000,5200,False,0.0006034429452466145,0.0005494808855491902,5.3959585919468166e-05,2.4737779562559487e-09,0.00021355062697272017,0.014613371512854936,0.028396247633431095,0.0010623234427283026,0.032593303648576384,0.10378895147755601
52,MSE,25000,5300,False,0.0005830051331233816,0.0005328764930181225,5.011526853431784e-05,1.3371570941315697e-08,0.00023485230130264456,0.015324891559245846,0.03037780214574646,0.0011760113302053767,0.034293021596315726,0.10812882979682653
53,MSE,25000,5400,False,0.0005683955182059939,0.0005235965867095825,4.4794994966875286e-05,3.936529536138573e-09,0.00023402806227332948,0.015297975757378146,0.029842288446211635,0.0012004642668404857,0.03464771661798921,0.10805570792817054
54,MSE,25000,5500,False,0.0005499463043854587,0.0005073412361771001,4.254738294294355e-05,5.768526541506371e-08,0.00021846619830215137,0.014780602095386756,0.02805254874681423,0.0011306514360520518,0.033625160758754026,0.1038840985143874
55,MSE,25000,5600,False,0.0005282358610734583,0.00048660749479771524,4.1582044675995795e-05,4.632159974725752e-08,0.00020876077345581407,0.014448556102801902,0.02825546979459773,0.0010494255186337526,0.0323948378392878,0.09895992219239108
56,MSE,25000,5700,False,0.0005053165585786202,0.00046396971680110247,4.1342256730387456e-05,4.585047130245546e-09,0.00020436398050134306,0.014295593044758342,0.0269011583698563,0.0010502437388958225,0.03240746424661798,0.09746090794446927
57,MSE,25000,5800,False,0.000489189635975427,0.0004422082951411224,4.693315435839358e-05,4.8186475910999983e-08,0.00020852487998566485,0.014440390575938895,0.027084414573361373,0.0010749358447862537,0.03278621424907508,0.09952440465621032
58,MSE,25000,5900,False,0.00047627107275757097,0.00043053460280581643,4.573254144380489e-05,3.928507949650904e-09,0.00021773791279091798,0.014755944998234372,0.027275356098112897,0.0011288653148985549,0.03359859096596991,0.09911432051633057
59,MSE,25000,6000,False,0.00045887309728235084,0.0004196122272082915,3.92608602563796e-05,9.817679743800963e-12,0.0002362246908656037,0.01536960282068485,0.028294417306526515,0.0012859971186054426,0.03586080197939587,0.0995105642904821
60,MSE,25000,6100,False,0.00044438277819925694,0.0004028925538563955,4.1489849634088144e-05,3.747087732658673e-10,0.0002350544214535402,0.015331484646098048,0.028422159509054613,0.001284262824543844,0.03583661290557248,0.09896980711461728
61,MSE,25000,6200,False,0.0004267744461773084,0.00038456912015266486,4.21931620006941e-05,1.216402394946076e-08,0.00021010678647302678,0.014495060761274055,0.027059620499570936,0.0012031602596591115,0.034686600578020206,0.09457830485132979
62,MSE,25000,6300,False,0.0004146007405000714,0.0003729923546324299,4.151782668715307e-05,9.055918048844806e-08,0.00018768922107711955,0.013699971572128154,0.025368876452472912,0.0010394552436364319,0.03224058379800887,0.08922366930985537
63,MSE,25000,6400,False,0.00040248528423822666,0.0003619305149209431,4.054565775350327e-05,9.111563780248665e-09,0.00016852752861153336,0.012981815304938419,0.023395829121064374,0.0009452509800242034,0.030744934217269086,0.08641277030006539
64,MSE,25000,6500,False,0.0003901070065920468,0.00034896219354998406,4.11337443861111e-05,1.1068655951634024e-08,0.00015608496785439932,0.012493396970175858,0.02243708310968703,0.000894717426692936,0.029911827538499483,0.08507499523261769
65,MSE,25000,6600,False,0.00037781325763525727,0.0003360946215135855,4.1695443466828716e-05,2.3192654843052707e-08,0.00013790501251560004,0.011743296492705958,0.021079632989832047,0.0007930673266183505,0.02816145107444484,0.0789426317487108
66,MSE,25000,6700,False,0.00036483211344686713,0.00032614930234304,3.864413553495615e-05,3.8675568870985063e-08,0.00011819765048645674,0.010871874285810003,0.021855049230201536,0.0006192035531208044,0.024883801018349354,0.07115080895549519
67,MSE,25000,6800,False,0.0003516213834918426,0.00031308417022330793,3.852465395230108e-05,1.2559316233575622e-08,9.837106039760303e-05,0.009918218610093399,0.02670418166415747,0.0005005318203330145,0.022372568478675275,0.06512718657720123
68,MSE,25000,6900,False,0.0003420520273149346,0.0003045086125396698,3.7542129494774306e-05,1.2852804905190927e-09,8.628048206766334e-05,0.009288728764888302,0.025539743194118125,0.00044254846344273364,0.021036835870508988,0.060278771446422574
69,MSE,25000,7000,False,0.0003324599443227983,0.00029517822662183425,3.727374841762458e-05,7.969283339471207e-09,7.568288436486675e-05,0.008699591045840416,0.02657160475561552,0.00035585535418476325,0.018864128768240618,0.0518873874169421
70,MSE,25000,7100,False,0.00032206942670449153,0.00028635227053758997,3.57106118096702e-05,6.544357231390703e-09,6.88863722947533e-05,0.00829978146066228,0.028262704441031117,0.0003081086363293206,0.017553023566591615,0.04822271861554167
71,MSE,25000,7200,False,0.00031045460069197017,0.00027655551403525766,3.388310547530991e-05,1.598118140257321e-08,6.380619546191189e-05,0.00798787803248847,0.025981031744873227,0.000298512710817123,0.01727752038971805,0.04361161487242321
72,MSE,25000,7300,False,0.0003011406115372013,0.0002708004637944659,3.03401075220377e-05,4.022069764028916e-11,6.59540080741224e-05,0.008121207303974108,0.02239544647374272,0.00029468409212411885,0.017166365140125584,0.040913479618793214
73,MSE,25000,7400,False,0.0002925959573778895,0.00026380792559101715,2.8785354760900127e-05,2.677025972277948e-09,6.013711890926797e-05,0.007754812628894909,0.02250172657712089,0.00024926478414101695,0.015788121615347945,0.03726987014553301
74,MSE,25000,7500,False,0.00028505199886388405,0.00025810308300911855,2.6943420100674418e-05,5.495754091061791e-09,5.182168549492631e-05,0.0071987280470181885,0.019890407399049015,0.00023923051140223352,0.015467078308531107,0.036756111905544064
75,MSE,25000,7600,False,0.00027869566292734055,0.0002535289869764961,2.5165069585104647e-05,1.60636573972877e-09,4.8917857532771964e-05,0.00699413021988953,0.02000122194896049,0.00024240360461626016,0.015569316125516245,0.03606069560071956
76,MSE,25000,7700,False,0.00027055971319482814,0.00024612951314262587,2.4423961655633163e-05,6.23839656914143e-09,4.723596355930851e-05,0.006872842465771241,0.018416042012558566,0.00023831613209189845,0.015437491120382821,0.038299607526279866
77,MSE,25000,7800,False,0.00026453942649907087,0.0002411064267472327,2.3431083698360064e-05,1.9160534781025995e-09,3.949122271876041e-05,0.0062842042231901095,0.016865864147353814,0.00018789023064401866,0.013707305739787767,0.03503044281412593
78,MSE,25000,7900,False,0.00025884975356266844,0.00023468419261200624,2.4165558725614206e-05,2.2250479768553404e-12,3.737622651677217e-05,0.0061136099414971,0.015561065173018461,0.00019126884507848129,0.013829998014406267,0.034715510736724686
79,MSE,25000,8000,False,0.0002551050805810348,0.00023190397423158044,2.319526746478341e-05,5.838884670967314e-09,3.423022698473034e-05,0.005850660388770685,0.01630690329318245,0.00017627209138586526,0.013276750031007787,0.033097989534094985
80,MSE,25000,8100,False,0.0002486740782918884,0.0002251286964573961,2.3532436925209437e-05,1.2944909282859188e-08,3.4224842949059075e-05,0.005850200248629023,0.014902147266389528,0.00018863135046651925,0.013734312886581522,0.033725336997975586
81,MSE,25000,8200,False,0.00024036532744274437,0.00021871975961441188,2.162768611756415e-05,1.7881710768329807e-08,3.2696646321437965e-05,0.005718098138493074,0.01545571771995312,0.00018684149429830783,0.013668997560110538,0.033058983714855716
82,MSE,25000,8300,False,0.0002354608635240888,0.00021339876751568437,2.206127170328114e-05,8.243051232930325e-10,3.3423167763160475e-05,0.005781277347019469,0.016686091793725138,0.0001959713588046689,0.0139989770627953,0.03556445058487828
83,MSE,25000,8400,False,0.0002298519608312353,0.00020736964138116042,2.2481276812364585e-05,1.0426377102996763e-09,3.3668379903102815e-05,0.005802446027590676,0.016636397507451404,0.00020399957942514505,0.014282842134013282,0.035490856660844394
84,MSE,25000,8500,False,0.0002247924427954968,0.000202724203646849,2.2066847251476325e-05,1.3918971714760634e-09,3.287041003000737e-05,0.005733272192213394,0.016632075565374143,0.00018735862049821123,0.013687900514622804,0.034583906878855986
85,MSE,25000,8600,False,0.0002193767891773021,0.00019777155832114934,2.1597436328597758e-05,7.794527555005939e-09,3.088990349099393e-05,0.005557868610447167,0.016987798917949444,0.00017499142068005765,0.013228432283534495,0.03627449635384644
86,MSE,25000,8700,False,0.0002149084977477438,0.0001933983884717097,2.150851089602924e-05,1.5983800048878158e-09,3.081084780378902e-05,0.005550752003448634,0.016432360924562565,0.0001703631961595335,0.01305232531618537,0.03887431127849733
87,MSE,25000,8800,False,0.0002106169064527222,0.00018955959144784982,2.1048563144764815e-05,8.75186010759312e-09,3.0838986928315234e-05,0.005553286137803024,0.01611105062765595,0.0001709280717014884,0.013073946294118254,0.03702505488482183
88,MSE,25000,8900,False,0.00020541832841767401,0.00018540686078059203,2.000395465546772e-05,7.512981614257123e-09,3.039812935148651e-05,0.005513449859342743,0.016454176520727944,0.00017058907672621876,0.013060975335947111,0.03507781266732418
89,MSE,25000,9000,False,0.00020001707221367564,0.00018051495654231847,1.9502113605157132e-05,2.0662000568471356e-12,2.834179836985411e-05,0.005323701566565702,0.015422520980826282,0.00016177253944855432,0.012718983428267933,0.033292254201256755
90,MSE,25000,9100,False,0.00019434892175541085,0.00017544407359691342,1.8891768879559616e-05,1.3079278937823066e-08,2.679415630176113e-05,0.005176307207050325,0.014792227791929029,0.00015389437897903326,0.01240541732385627,0.03314263597783229
91,MSE,25000,9200,False,0.0001881397013270821,0.00017047042235472288,1.7668111343592245e-05,1.1676287670119587e-09,2.3034482525400804e-05,0.004799425228649864,0.015787535844910525,0.0001369184028428436,0.011701213733747606,0.03114483050754971
92,MSE,25000,9300,False,0.00018356982362222055,0.00016568743434557917,1.787999446376293e-05,2.394812878449568e-09,2.266257425889684e-05,0.0047605224775119845,0.0157105103705932,0.00013245384265169442,0.011508859311491058,0.03246996868123142
93,MSE,25000,9400,False,0.00017903953849375965,0.00016189897850740743,1.714047125162229e-05,8.873472993527836e-11,2.0222841137574225e-05,0.004496981336138079,0.015781435764105765,0.00011241293044793088,0.010602496425273195,0.02975233539982433
94,MSE,25000,9500,False,0.00017524355598074511,0.00016003687476344358,1.520506155331129e-05,1.6196639902555425e-09,1.7888410474054322e-05,0.004229469289881926,0.015737832783678258,9.137500901956896e-05,0.009559027618935357,0.02745719424766052
95,MSE,25000,9600,False,0.00017200747924583316,0.00015674664000305433,1.5258644571692542e-05,2.1946710862688835e-09,1.8084506568452365e-05,0.004252588219949395,0.0156314341158063,8.341493205884225e-05,0.009133177544471708,0.026595370561953602
96,MSE,25000,9700,False,0.00016899284320582455,0.000153766288586371,1.5226003909838292e-05,5.507096152629644e-10,1.9301806072526215e-05,0.004393382076774819,0.015465212986147543,8.750089951307787e-05,0.009354191547807747,0.026920352772232592
97,MSE,25000,9800,False,0.00016668421897982657,0.00015197975970845712,1.470328415055032e-05,1.1751208191362418e-09,1.878849754607302e-05,0.004334570053197089,0.016017333327773713,8.611860100188514e-05,0.00928001082983663,0.026947078199048402
98,MSE,25000,9900,False,0.0001633624637353003,0.000147895704125277,1.544335363273787e-05,2.3405977285437458e-08,2.0530889554706116e-05,0.0045311024657036965,0.01667094971665781,0.00010014208200057142,0.010007101578407777,0.025804565026730564
99,MSE,25000,10000,False,0.00015898804246981582,0.0001433884020370478,1.5599062984948858e-05,5.774478191750736e-10,1.9369673899282667e-05,0.004401099169444227,0.016322317028934406,8.98077915847368e-05,0.009476697293083534,0.025232723281236213
100,MSE,25000,10100,False,0.00015548118755122426,0.00014066930543011258,1.4810408313493462e-05,1.4738076182393573e-09,1.780776173208781e-05,0.004219924375162168,0.016804895696992818,7.894045868693095e-05,0.008884844325419042,0.026118048841556274
101,MSE,25000,10200,False,0.00015206703718012254,0.00013691067501548488,1.514817443145736e-05,8.18773318030019e-09,1.778247983067326e-05,0.004216927771574142,0.01650359066785125,8.71832179277879e-05,0.009337195399464869,0.025907729775251964
102,MSE,25000,10300,False,0.00014904239894303022,0.00013373643273558263,1.530429662259769e-05,1.6695848498924206e-09,1.813361767468925e-05,0.004258358565772644,0.016447833801304896,9.222852180081993e-05,0.00960356818067222,0.025876344580926802
103,MSE,25000,10400,False,0.00014607799766682233,0.0001310265561620831,1.5049953345761153e-05,1.4881589780746302e-09,2.0058624844143583e-05,0.0044786856156849835,0.01749537091326341,9.623120129256756e-05,0.00980975031754466,0.027518672470664307
104,MSE,25000,10500,False,0.00014376159265408556,0.00012930762798113378,1.4452065012335926e-05,1.899660615837341e-09,1.9991738031463148e-05,0.004471212143419628,0.017165986784049167,9.4343445278459e-05,0.00971305540386026,0.02639527165825023
105,MSE,25000,10600,False,0.0001411349400579911,0.00012713624622367358,1.3996365763471891e-05,2.328070845608542e-09,1.8724333646615316e-05,0.00432716230879029,0.015663622728279373,9.132858052195687e-05,0.00955659879465267,0.02667355690633827
106,MSE,25000,10700,False,0.0001382059158232122,0.00012463694305390956,1.3567201894445471e-05,1.7708748571945804e-09,1.6551252830314544e-05,0.004068323098073031,0.015091039636983777,7.376865702963768e-05,0.008588868204230268,0.025483245386978937
107,MSE,25000,10800,False,0.0001361642678095913,0.00012316847712853495,1.2991665071354051e-05,4.125609702317911e-09,1.5602293586634127e-05,0.003949973871639422,0.016113103234196655,6.83806279959686e-05,0.008269258007582578,0.02527440350550242
108,MSE,25000,10900,False,0.00013416953105587214,0.00012091795148104274,1.3251308712969197e-05,2.708618602119777e-10,1.516446389245783e-05,0.0038941576614792872,0.01563451113365453,6.291547553032503e-05,0.007931927604959909,0.025468462191689578
109,MSE,25000,11000,False,0.0001316133013703362,0.00011857273507813904,1.304051430808905e-05,5.198410809203454e-11,1.5225071697754658e-05,0.0039019317905051414,0.01617710983739881,6.201074095973324e-05,0.007874689896099607,0.02620599330998266
110,MSE,25000,11100,False,0.00012854532441670624,0.0001158209256815486,1.272429822064483e-05,1.005145127997444e-10,1.6384132906325015e-05,0.004047731822431547,0.015579202024907356,6.949741664469939e-05,0.008336511059472026,0.025774837230100434
111,MSE,25000,11200,False,0.00012637599426363865,0.00011340477827213692,1.2964321560768452e-05,6.894430733261929e-09,1.7153238610283075e-05,0.004141646847605802,0.014364428229518044,7.416285645072346e-05,0.008611785903674304,0.02693078711895633
112,MSE,25000,11300,False,0.0001242993757533302,0.00011159890415766139,1.2700109734567499e-05,3.6186110131389903e-10,1.7237426348141034e-05,0.00415179796571811,0.014088270567122358,7.480059509286527e-05,0.008648733727712125,0.02712373872405227
113,MSE,25000,11400,False,0.00012194021938492342,0.00010989931120511897,1.2040188298627042e-05,7.198811774087332e-10,1.57467307977624e-05,0.003968215064454345,0.012528370990401824,6.498446731485962e-05,0.008061294394503876,0.025856556284807375
114,MSE,25000,11500,False,0.00011991718077892653,0.00010823550382099478,1.1681534119829908e-05,1.4283810184958012e-10,1.6203432005493235e-05,0.004025348681231632,0.01262834155363508,7.082154405746135e-05,0.008415553698804455,0.02396674110732333
115,MSE,25000,11600,False,0.00011786855458745401,0.00010613563981035572,1.1726342106339443e-05,6.572670758838175e-09,1.56330034010675e-05,0.003953859304662661,0.012382875597241815,6.334217916073539e-05,0.007958780004544377,0.022198606127113912
116,MSE,25000,11700,False,0.00011531196311777738,0.00010333450958575595,1.1976726926420225e-05,7.266056011890396e-10,1.5506633452024874e-05,0.003937846296140172,0.01312798153058441,6.954110897667681e-05,0.0083391311883599,0.021944991473471565
117,MSE,25000,11800,False,0.00011184604483459769,9.949141053029346e-05,1.2347070949058501e-05,7.563355245726892e-09,1.597014784825692e-05,0.003996266738877288,0.012838923689696965,6.495090655964711e-05,0.008059212527266366,0.02464504391336081
118,MSE,25000,11900,False,0.00010891192768799316,9.708922734735259e-05,1.1821825822300293e-05,8.745183402721948e-10,1.5240440766915174e-05,0.003903900711713244,0.012418763712685297,6.659680701646132e-05,0.008160686675547672,0.02393225079229509
119,MSE,25000,12000,False,0.00010592014314940748,9.490604263716264e-05,1.1008413724181801e-05,5.686788063037695e-09,1.4527791005897652e-05,0.0038115339439519164,0.011952934314027478,6.55682729612675e-05,0.008097423847203968,0.022693464428342247
120,MSE,25000,12100,False,0.00010349565988261807,9.290328283356928e-05,1.0592066731277532e-05,3.1031777125185014e-10,1.3634936001468005e-05,0.0036925514216416817,0.01204723827773344,5.7567318609593914e-05,0.0075873130032702565,0.02085069519535212
121,MSE,25000,12200,False,0.00010038747007054636,9.019136845429942e-05,1.0195833900076681e-05,2.677161702456338e-10,1.2477362845788764e-05,0.003532331078167612,0.012356862776777963,5.1618238142271615e-05,0.007184583365949038,0.020671771369837832
122,MSE,25000,12300,False,9.802343416417544e-05,8.798273674720151e-05,1.0040131711661284e-05,5.657053126575045e-10,1.1379047420162981e-05,0.003373284366928318,0.013381163368205289,4.8045458253293776e-05,0.006931483120753723,0.019871799319725048
123,MSE,25000,12400,False,9.473390903708853e-05,8.416460663208555e-05,1.0559732818485044e-05,9.569586517927786e-09,1.1548611738701086e-05,0.003398324843022086,0.013791160432519841,4.751282251914259e-05,0.006892954556584759,0.020005710448988537
124,MSE,25000,12500,False,9.160059204674526e-05,8.159044199783065e-05,1.0006752669353268e-05,3.3973795613516568e-09,1.1799139684438697e-05,0.003434987581409676,0.013362088686233719,4.8999026651595396e-05,0.0069999304747686885,0.020618956157706314
125,MSE,25000,12600,False,8.924761485430555e-05,7.945798976070686e-05,9.789612132483549e-06,1.2961115139663259e-11,1.2655631225110723e-05,0.0035574754004927037,0.012429442384860906,5.2174416678689374e-05,0.007223186047630877,0.021006662167163556
126,MSE,25000,12700,False,8.745952276019264e-05,7.747079686467557e-05,9.98653779775317e-06,2.1880977638984827e-09,1.2484623354127823e-05,0.0035333586506506556,0.011655871324164868,5.546409304397268e-05,0.007447421905865994,0.020222760128081337
127,MSE,25000,12800,False,8.496784185524077e-05,7.524509788030116e-05,9.721571158724207e-06,1.172816215400842e-09,1.2920768619330958e-05,0.0035945470673411635,0.011508061638926302,6.274005461888426e-05,0.00792086198711253,0.020830888222264754
128,MSE,25000,12900,False,8.272288629469489e-05,7.318078419077719e-05,9.541972831234197e-06,1.2927268350500836e-10,1.3686702342527189e-05,0.0036995543437726643,0.01139783736820041,6.453741797049995e-05,0.008033518405437305,0.023269375977929996
129,MSE,25000,13000,False,8.048811938882851e-05,7.110586630035642e-05,9.37769026877192e-06,4.562819700174197e-09,1.4266221501506539e-05,0.003777065196883228,0.01093951617121208,6.821383397998347e-05,0.008259166663773257,0.02562134222718887
130,MSE,25000,13100,False,7.869167471185505e-05,6.930437365942126e-05,9.38383195727007e-06,3.4690951637167263e-09,1.3933083063493094e-05,0.0037327045240004054,0.010292989335659286,6.657894004069493e-05,0.00815959190405347,0.024720985087610725
131,MSE,25000,13200,False,7.718980669636828e-05,6.797508447025059e-05,9.214296872470681e-06,4.253536470131866e-10,1.3710504278024438e-05,0.0037027698116443098,0.010096137163428614,6.431875882550031e-05,0.008019897681735118,0.02384927666166925
132,MSE,25000,13300,False,7.559965134148459e-05,6.651112624870154e-05,9.088423921995377e-06,1.0117078767212958e-10,1.3276665836801921e-05,0.0036437159379954305,0.009983049967991374,6.0744187566019194e-05,0.007793855757326998,0.022849772564830555
133,MSE,25000,13400,False,7.404917542499217e-05,6.55630333131412e-05,8.485848165027631e-06,2.9394682333906514e-10,1.1884590667204445e-05,0.0034474034674236266,0.010050777269775107,5.734864482488876e-05,0.007572888803150932,0.02321225468297833
134,MSE,25000,13500,False,7.218009365353996e-05,6.421154317751817e-05,7.96462681661828e-06,3.923659403507132e-09,1.0788190192914773e-05,0.0032845380486325277,0.010596242203547185,5.461157817965589e-05,0.007389964694073706,0.02282211015043839
135,MSE,25000,13600,False,7.073667032215813e-05,6.298180101464013e-05,7.754517800088403e-06,3.5150742959541633e-10,1.0299079533854845e-05,0.003209217900650382,0.011295076354130166,5.550533335105319e-05,0.007450190155362022,0.022209206430388026
136,MSE,25000,13700,False,6.953986282701043e-05,6.201839123797808e-05,7.521471582596089e-06,6.4362547198417154e-15,9.553511934152018e-06,0.0030908755934446826,0.01053232870777965,5.492292004053717e-05,0.007410999935267654,0.02198707028794887
137,MSE,25000,13800,False,6.833677920888943e-05,6.102851320187772e-05,7.308254258235794e-06,1.1748775912647625e-11,8.229030397013837e-06,0.0028686286614014434,0.010003401724689517,4.296409443547336e-05,0.0065547001789153835,0.0221448642484052
138,MSE,25000,13900,False,6.690481983738285e-05,6.0032666286020264e-05,6.87215204268884e-06,1.508673749649364e-12,7.621220182993579e-06,0.00276065575235189,0.00882038635079009,3.8797638698447925e-05,0.006228775056016064,0.020466978922121667
139,MSE,25000,14000,False,6.587162277163285e-05,5.9055538843358215e-05,6.815923389526258e-06,1.6053874837313246e-10,7.104927450513128e-06,0.0026655069781400175,0.008552042161090187,3.132039434623084e-05,0.005596462663703818,0.019827491934290092
140,MSE,25000,14100,False,6.511658581666737e-05,5.842122330670489e-05,6.694727786114267e-06,6.347238482189372e-10,7.416532500326055e-06,0.0027233311404098576,0.008270761859718815,3.5419277891500414e-05,0.005951409739843192,0.019114752437701388
141,MSE,25000,14200,False,6.417593477519391e-05,5.7460609736558954e-05,6.714110561801198e-06,1.2144768337593157e-09,7.350254172067982e-06,0.002711135218329765,0.007996383118329281,3.2965293585489104e-05,0.0057415410462252296,0.01925004524172988
142,MSE,25000,14300,False,6.300750989021976e-05,5.6346567488719704e-05,6.659243980175058e-06,1.6984213249924005e-09,7.379988104323915e-06,0.002716613352010903,0.00764008773281847,3.242291834250138e-05,0.0056941126036021954,0.020962869980161808
143,MSE,25000,14400,False,6.17239876700754e-05,5.519580630878629e-05,6.526778827804679e-06,1.402533484423753e-09,7.065381443903882e-06,0.002658078524781366,0.007370180367948561,2.876100153435116e-05,0.005362928447625528,0.021258182934351638
144,MSE,25000,14500,False,6.049114100566119e-05,5.410670641041851e-05,6.384412059562252e-06,2.2535680427762115e-11,6.51318551183452e-06,0.002552094338349294,0.007317965068990083,2.5619887764108303e-05,0.005061609206972453,0.02002289994670789
145,MSE,25000,14600,False,5.971508963050499e-05,5.328248013577419e-05,6.4325116727302125e-06,9.782200058634297e-11,6.36353735598533e-06,0.0025226052715368154,0.00746917629922758,2.5095357120694906e-05,0.005009526636389401,0.019020390676882576
146,MSE,25000,14700,False,5.911239393943099e-05,5.268334488605407e-05,6.428569688959618e-06,4.793644173010907e-10,6.141214479106755e-06,0.002478147388495437,0.007182100194818373,2.3407273243379774e-05,0.004838106369580952,0.019868528007940617
147,MSE,25000,14800,False,5.853355787159424e-05,5.217744953662919e-05,6.356100208609546e-06,8.12635549703477e-12,5.986102056701756e-06,0.0024466511922833943,0.0072456212959627845,2.2159241967775436e-05,0.004707360403429446,0.020221148840169234
148,MSE,25000,14900,False,5.769040115275261e-05,5.143595074386395e-05,6.2538368612882385e-06,6.135476004177463e-10,5.918253444400849e-06,0.002432746070678329,0.0070998559339558774,2.0908611555425428e-05,0.004572593526153995,0.020075638180131833
149,MSE,25000,15000,False,5.6956552552922554e-05,5.09705177888879e-05,5.985364963568049e-06,6.698004666114488e-10,5.867357622935081e-06,0.0024222629136687623,0.006797663537541322,2.0652702920641047e-05,0.004544524498849252,0.01979069122964605
150,MSE,25000,15100,False,5.627294363703731e-05,5.0463051278434225e-05,5.80953032452817e-06,3.620340749136143e-10,5.792218976467652e-06,0.0024067029265091387,0.006848035180349787,1.968812378285008e-05,0.004437130129131901,0.019674828128590366
151,MSE,25000,15200,False,5.563184416493428e-05,4.993930305857232e-05,5.692517792944089e-06,2.3313417871206674e-11,5.689991229438459e-06,0.0023853702499692705,0.006930788592569627,1.9149461424538392e-05,0.004376009760562514,0.01926221019947788
152,MSE,25000,15300,False,5.51392473286644e-05,4.93750818456241e-05,5.763732374431505e-06,4.331086087967155e-10,5.464091926962697e-06,0.0023375397166599536,0.007058724717734265,1.838677934253972e-05,0.004287980800159875,0.0198094673130024
153,MSE,25000,15400,False,5.451920552737264e-05,4.866603925751316e-05,5.8531047635104216e-06,6.150634905655033e-11,5.176163155198245e-06,0.002275118272793361,0.007434656683603542,1.705931293342947e-05,0.004130292112360755,0.01975914393783476
154,MSE,25000,15500,False,5.396716772322884e-05,4.808648522337133e-05,5.8803280105416666e-06,3.544893158443554e-10,5.065756378906962e-06,0.0022507235234268475,0.00765244620684643,1.650839883218327e-05,0.004063052895567971,0.019346221686628223
155,MSE,25000,15600,False,5.33473850606113e-05,4.763006491886976e-05,5.717170773203678e-06,1.49368537863377e-10,4.91784691537252e-06,0.0022176219054141125,0.007592796401766197,1.5138616083865426e-05,0.0038908374527684172,0.01914751986280952
156,MSE,25000,15700,False,5.285962668566926e-05,4.7223978150612765e-05,5.635102916797165e-06,5.456182593369317e-10,4.8204608803282585e-06,0.0021955548001196096,0.0076818629966294545,1.378546488084087e-05,0.0037128782475110696,0.019051414204901057
157,MSE,25000,15800,False,5.2293631167751435e-05,4.70052716234161e-05,5.288100319815919e-06,2.592245194158393e-10,4.5676386338468415e-06,0.0021372034610319256,0.006882601635162085,1.3353272593574489e-05,0.0036542129923657282,0.018403836747611813
158,MSE,25000,15900,False,5.1745200747756695e-05,4.644351394834154e-05,5.300905801900093e-06,7.80997515057262e-10,4.490124274571432e-06,0.0021189913342369838,0.006675580291052458,1.3177892207006127e-05,0.003630136665059062,0.018817099592231892
159,MSE,25000,16000,False,5.1199151968222744e-05,4.595693275676307e-05,5.241778194997756e-06,4.4101646192411583e-10,4.6662704805886805e-06,0.002160155198264393,0.006429565960443419,1.326698298965753e-05,0.00364238699065016,0.018937662280433754
160,MSE,25000,16100,False,5.0603554915833726e-05,4.532978279783759e-05,5.273043561410083e-06,7.285565860536914e-10,4.336301614444299e-06,0.002082378835477421,0.006452850506552834,1.3387521929179049e-05,0.003658896271989553,0.018760283190145943
161,MSE,25000,16200,False,5.009069812745904e-05,4.494200354344596e-05,5.14859421740725e-06,1.0036660583088335e-10,3.868026014210601e-06,0.0019667297766115715,0.006430959957283221,1.2630911074211982e-05,0.0035539993070078085,0.018081416942136497
162,MSE,25000,16300,False,4.9625220117952274e-05,4.4430423380760416e-05,5.194793046963767e-06,3.690228089202475e-12,3.837468983350494e-06,0.0019589458857636913,0.006191157430616854,1.2323586273035409e-05,0.0035104965849627897,0.017360899362663454
163,MSE,25000,16400,False,4.921145059087055e-05,4.4111818864344115e-05,5.099594873938909e-06,3.6852587527130585e-11,3.706351903532881e-06,0.0019251887968541894,0.006320564448880861,1.267695983883315e-05,0.0035604718562057404,0.01755137378039935
164,MSE,25000,16500,False,4.882914818781333e-05,4.373003516979285e-05,5.0991027530880365e-06,1.0264932442232615e-11,3.6191234868738636e-06,0.0019023994025634742,0.006511862665985715,1.2109346941891083e-05,0.0034798486952583273,0.017694147492030174
165,MSE,25000,16600,False,4.832342768197963e-05,4.331330333731788e-05,5.01010306437339e-06,2.1280288365134503e-11,3.608854840985592e-06,0.001899698618461779,0.006718986355681626,1.1283613770696092e-05,0.0033591090739504264,0.01769834130343638
166,MSE,25000,16700,False,4.781310684395512e-05,4.291990663860214e-05,4.891550328799297e-06,1.649876553684636e-09,3.89753952921368e-06,0.0019742187136215887,0.006705810841811187,1.2147371941443545e-05,0.0034853080124206447,0.018100256561842
167,MSE,25000,16800,False,4.736413560809132e-05,4.253251431804401e-05,4.83147904877401e-06,1.422412732964344e-10,3.9853424912129245e-06,0.0019963322597235473,0.006658778968230334,1.2773361992047617e-05,0.0035739840503348106,0.01820456170636371
168,MSE,25000,16900,False,4.6879862136214236e-05,4.2046143407165175e-05,4.833716533145853e-06,2.195903206153983e-12,4.271636662841684e-06,0.002066793812367766,0.006018920807419668,1.4075617383742015e-05,0.0037517485768294783,0.018128453507040676
169,MSE,25000,17000,False,4.6305931966868036e-05,4.1512807706999054e-05,4.791780874147027e-06,1.3433857219511857e-09,4.359708587367558e-06,0.0020879915199462757,0.005932821492954107,1.4348305844318393e-05,0.003787915765208935,0.017395098969439207
170,MSE,25000,17100,False,4.5780778241432485e-05,4.1053706845848313e-05,4.726741918441292e-06,3.2947714287851746e-10,4.135086951546103e-06,0.002033491320745211,0.0062656584005491445,1.3243622204617093e-05,0.003639178781623279,0.016726779162752017
171,MSE,25000,17200,False,4.532544063689034e-05,4.077330467748219e-05,4.550536393588383e-06,1.5995658197713688e-09,4.0931692516396865e-06,0.0020231582369255466,0.006360780059820173,1.274153266317035e-05,0.0035695283530419466,0.016107555852977018
172,MSE,25000,17300,False,4.4861044392667e-05,4.052036179815717e-05,4.340679572016114e-06,3.0224937186965446e-12,4.268182802930004e-06,0.0020659580835365476,0.006026729155159632,1.2406689458053863e-05,0.003522313083479926,0.015345202263992108
173,MSE,25000,17400,False,4.441959449098421e-05,4.0117741673164374e-05,4.30182633810305e-06,2.647971678529924e-11,4.3024809658523135e-06,0.0020742422630571178,0.0059078724625297625,1.2730311070982758e-05,0.0035679561475700284,0.014951522112552865
174,MSE,25000,17500,False,4.403948586901513e-05,3.978216792902479e-05,4.257212723200258e-06,1.052167900804113e-10,4.2511820752723875e-06,0.002061839488241601,0.005885212104021897,1.2598987287660228e-05,0.0035495052173028607,0.014521174607601092
175,MSE,25000,17600,False,4.340936290910863e-05,3.94268484838745e-05,3.982498258839863e-06,1.6166394269608267e-11,3.929658337388499e-06,0.001982336585292341,0.006277577114106879,1.094528135184584e-05,0.0033083653594858354,0.014338319416311834
176,MSE,25000,17700,False,4.283392479166039e-05,3.898883393227969e-05,3.844989545538965e-06,1.0131384173292976e-10,3.5591873346746462e-06,0.0018865808582392237,0.006585243301067277,9.622119980180571e-06,0.0031019542195494395,0.014175973407665785
177,MSE,25000,17800,False,4.2331844092022216e-05,3.854337497856137e-05,3.788460037590125e-06,9.075870715198171e-12,3.5509881039552364e-06,0.0018844065654617201,0.00615388702637898,9.961392105329688e-06,0.0031561673126324734,0.013502697368712666
178,MSE,25000,17900,False,4.175295742815073e-05,3.802338838890372e-05,3.7295579373837945e-06,1.1101863218232565e-11,3.3695073643084315e-06,0.0018356217922841382,0.006132723448195038,9.854051849832398e-06,0.003139116412277888,0.01366839838274049
179,MSE,25000,18000,False,4.0982336666216384e-05,3.739416256411553e-05,3.5881732592888182e-06,8.428120323516209e-13,3.2333079144763545e-06,0.00179814012648524,0.006103214153178541,8.949363498112102e-06,0.002991548678880573,0.013953516083773272
180,MSE,25000,18100,False,4.0372013828696684e-05,3.69635796289537e-05,3.4063608352402702e-06,2.07336450271343e-09,3.1800182684192227e-06,0.001783260572215744,0.006337001452585913,8.694625448660318e-06,0.0029486650282221473,0.013858205495794557
181,MSE,25000,18200,False,3.980830380056787e-05,3.659358696144347e-05,3.214550739724414e-06,1.6609939997845119e-10,3.122908012851476e-06,0.001767175150586799,0.006659978041139443,8.983193750228933e-06,0.0029971976495101107,0.013733379608877647
182,MSE,25000,18300,False,3.938475156886137e-05,3.6109333347812986e-05,3.2754180391430434e-06,1.8190534757058914e-13,3.300529493720536e-06,0.001816735944962981,0.0066522294192586685,9.972320168614963e-06,0.003157898061783338,0.013860187637355477
183,MSE,25000,18400,False,3.901202252106845e-05,3.57290093074294e-05,3.2829465569453195e-06,6.665669373020349e-11,3.4239869383346886e-06,0.0018504018315854231,0.006595211524323926,1.1079012778838772e-05,0.003328515101188332,0.013755658080390226
184,MSE,25000,18500,False,3.848210163503231e-05,3.535327388074903e-05,3.1284654340684576e-06,3.6232021481655654e-10,3.6173197743063795e-06,0.0019019252809472772,0.0063763374304998816,1.1375226802087026e-05,0.003372718014018816,0.013883634125839879
185,MSE,25000,18600,False,3.802806457590364e-05,3.4947299035988445e-05,3.0807127450886928e-06,5.279482650271952e-11,3.7052400366821665e-06,0.001924900006930793,0.0065029042047591865,1.2059548056761783e-05,0.0034726860003118313,0.013818869426010946
186,MSE,25000,18700,False,3.7549462354000994e-05,3.45948294176926e-05,2.9545835542962205e-06,4.9382012169181893e-11,3.58734961952149e-06,0.0018940299943563433,0.006401894851956296,1.1437437548909938e-05,0.0033819280815697334,0.013703611711101016
187,MSE,25000,18800,False,3.7147202922525654e-05,3.426473255520904e-05,2.8819095798415963e-06,5.607874750180488e-10,3.7323106586254675e-06,0.0019319189058098344,0.006534612130311019,1.137880644496268e-05,0.0033732486485527095,0.014159692246958101
188,MSE,25000,18900,False,3.6779529273720386e-05,3.390927314596627e-05,2.8702517841372247e-06,4.343616887650805e-12,4.212997925049318e-06,0.002052558872492898,0.006270378369204995,1.2613828844699849e-05,0.0035515952535022694,0.014774664535538239
189,MSE,25000,19000,False,3.6135736235538476e-05,3.327536746693042e-05,2.86036663613214e-06,2.132475910428881e-12,4.996673844161756e-06,0.002235324102711228,0.0059696659462057395,1.440674795995335e-05,0.0037956222098561587,0.014577802819785296
190,MSE,25000,19100,False,3.56490093998897e-05,3.2913818400175145e-05,2.7344808145327264e-06,7.101851818280797e-10,5.3511925403688085e-06,0.0023132644769608183,0.005908139178860091,1.6050705377103326e-05,0.004006333158525802,0.014134756839287409
191,MSE,25000,19200,False,3.508227857084268e-05,3.2347589169658604e-05,2.7344864420519193e-06,2.0295913215612104e-10,5.812865407729737e-06,0.0024109884710901744,0.006264684640186776,1.8701088770112178e-05,0.004324475548562181,0.013753501316593295
192,MSE,25000,19300,False,3.460918963853235e-05,3.1876460433276275e-05,2.732631727777962e-06,9.74774781099859e-11,6.039892287196427e-06,0.0024576192315320993,0.006595841786106724,2.0907524474286346e-05,0.004572474655401203,0.013745580192697029
193,MSE,25000,19400,False,3.4192899680115245e-05,3.151160986992527e-05,2.6811319621191955e-06,1.578480707812079e-10,5.803040015275245e-06,0.00240894998189569,0.006606493858179159,1.9962624117723997e-05,0.004467955250192643,0.01356550857136525
194,MSE,25000,19500,False,3.3910621259850875e-05,3.130676353250778e-05,2.6034044323938215e-06,4.5329494927313817e-10,5.389518350862372e-06,0.0023215336204462714,0.0064989795442376335,1.9104867294841737e-05,0.004370911494739025,0.012914887703261706
195,MSE,25000,19600,False,3.3548335866039846e-05,3.099944361114147e-05,2.548290996160104e-06,6.012587382737505e-10,5.105526313704646e-06,0.002259541173270504,0.0069554565633784815,1.8255001978327557e-05,0.00427258726983166,0.01249727884857554
196,MSE,25000,19700,False,3.3213020578689674e-05,3.065457129105748e-05,2.5583964631492823e-06,5.2824482913966355e-11,5.084334646987598e-06,0.002254846923182946,0.007339752641496326,1.8967010471041233e-05,0.004355113141014965,0.01202998026314158
197,MSE,25000,19800,False,3.282458363902515e-05,3.0309325933834112e-05,2.5148987061975717e-06,3.5899899347262994e-10,5.1681173871545515e-06,0.0022733493763947834,0.007021806400113638,1.8414314658277034e-05,0.004291190354467748,0.011692611595603208
198,MSE,25000,19900,False,3.244589104499639e-05,2.998553907903146e-05,2.4603145493278065e-06,3.741663712414317e-11,4.976300910664553e-06,0.00223076240569554,0.006678897645151902,1.683136379379937e-05,0.0041026045134523225,0.011505193765483451
199,MSE,25000,20000,False,3.2135068242620346e-05,2.968808657777646e-05,2.4444177343485346e-06,2.5639304953526694e-09,5.0166879856238225e-06,0.002239796416111032,0.0064600630602222,1.664022240792365e-05,0.004079242871897143,0.011733452146363815
200,MSE,25000,20100,False,3.1804369231293024e-05,2.9370237970800466e-05,2.434111106079689e-06,2.0154412869041358e-11,5.135713225288482e-06,0.002266211204916365,0.006600515799549022,1.7849144742713445e-05,0.00422482481799109,0.011713860244787336
201,MSE,25000,20200,False,3.144799784083056e-05,2.9070389437741245e-05,2.377322076606237e-06,2.8632648308108076e-10,4.934360350864496e-06,0.0022213420157338438,0.006442753975080173,1.6227936088128075e-05,0.0040283912531093695,0.012304541503013897
202,MSE,25000,20300,False,3.112784523031568e-05,2.8799822155722117e-05,2.3275931507408704e-06,4.2992385269184665e-10,4.717185413952613e-06,0.002171908242526054,0.006462584893994015,1.570862252383883e-05,0.003963410466232185,0.012406986313827181
203,MSE,25000,20400,False,3.079098197394651e-05,2.8537978211418065e-05,2.251488216458964e-06,1.5155460694775247e-09,4.62083716534473e-06,0.0021496132594829073,0.006457805719826261,1.5653738652904742e-05,0.003956480589223804,0.012204702262458428
204,MSE,25000,20500,False,3.0402225434618938e-05,2.8274170784111043e-05,2.127310570024748e-06,7.44080483146894e-10,4.568898227935231e-06,0.0021374981234927974,0.00632385651227402,1.527183712286617e-05,0.0039079197948353765,0.011987167803351476
205,MSE,25000,20600,False,3.0053412562091313e-05,2.7944560997803003e-05,2.1079297853239106e-06,9.217789643985708e-10,4.775658683113397e-06,0.002185328049312825,0.006424722279890252,1.62394284738664e-05,0.00402981742438369,0.011960940953168187
206,MSE,25000,20700,False,2.9644712058745395e-05,2.7520774524073933e-05,2.1239276993695362e-06,9.835301924951682e-12,4.731718556214668e-06,0.002175251377706647,0.006336328127254181,1.7358282879468634e-05,0.004166327265046354,0.011731552269783799
207,MSE,25000,20800,False,2.9281598184293074e-05,2.7140557567602746e-05,2.1410364381503316e-06,4.178539997744262e-12,4.878405487242209e-06,0.0022087112729467853,0.006113148046178157,1.803327973590839e-05,0.004246560930436344,0.011969452425537042
208,MSE,25000,20900,False,2.9017246473531943e-05,2.6851693570123586e-05,2.165537679758785e-06,1.5223649569638158e-11,5.094591956805105e-06,0.002257120279649515,0.005771551181384661,1.9365407839228753e-05,0.004400614484277025,0.01225895492353686
209,MSE,25000,21000,False,2.8712113620864584e-05,2.6606021708964042e-05,2.105995074143307e-06,9.683775723398763e-11,5.291879590655406e-06,0.0023004085703751424,0.005203567469836868,2.015531183584557e-05,0.004489466765201138,0.012349976787053962
210,MSE,25000,21100,False,2.843738654708155e-05,2.640208769235225e-05,2.0350734288947996e-06,2.2542583450074038e-10,5.001156093480603e-06,0.0022363264729195072,0.004740551787199609,1.9058780244889016e-05,0.004365636293243978,0.012643505830188306
211,MSE,25000,21200,False,2.8200221930998502e-05,2.6218917977877617e-05,1.9809935336943886e-06,3.104194264986805e-10,4.871607207600973e-06,0.00220717176667358,0.00459558109970979,1.8191634219284772e-05,0.0042651652042195,0.012432579663233662
212,MSE,25000,21300,False,2.7913734945959392e-05,2.5984887367999085e-05,1.928812898852187e-06,3.467910812109227e-11,4.511351822149129e-06,0.0021239943084078944,0.004699315526227253,1.6896611312656737e-05,0.004110548784853032,0.012297242930566013
213,MSE,25000,21400,False,2.7638958486685297e-05,2.574829661127792e-05,1.8906500145681934e-06,1.1860839184054617e-11,4.263978560493013e-06,0.002064940328555044,0.004525098948932248,1.5705753954187368e-05,0.003963048568234733,0.011808771186916742
214,MSE,25000,21500,False,2.7305945490886996e-05,2.5449789158710117e-05,1.8558229187852338e-06,3.3341339164519244e-10,3.994623763401053e-06,0.001998655488922754,0.004462000115403719,1.4830970959578671e-05,0.0038510999674870386,0.011454101880054038
215,MSE,25000,21600,False,2.6999109205367985e-05,2.5178449464960552e-05,1.820651885914718e-06,7.854492715209008e-12,4.025005201407984e-06,0.0020062415610808144,0.004311744312288455,1.3958349827453244e-05,0.0037360875026494285,0.011596457368911371
216,MSE,25000,21700,False,2.6772783707858697e-05,2.4967557867108614e-05,1.8052249674825557e-06,8.732675274691562e-13,3.926483894456099e-06,0.001981535741402637,0.004152336086284033,1.3988815930099593e-05,0.003740162553967353,0.011554421806725106
217,MSE,25000,21800,False,2.6584055182190067e-05,2.4740212867261273e-05,1.8434548683782076e-06,3.874465505838826e-10,4.0318515327739935e-06,0.002007947094117271,0.004244970912147848,1.4320113205751732e-05,0.0037841925434300688,0.011916504355193674
218,MSE,25000,21900,False,2.6313499191544753e-05,2.45132225095691e-05,1.8002738465948826e-06,2.8353807712907667e-12,4.013472030845948e-06,0.0020033651766080862,0.004261452653288717,1.4393202885001802e-05,0.003793837487953563,0.011650655142212946
219,MSE,25000,22000,False,2.6076802073737182e-05,2.4255863182080935e-05,1.820667663190155e-06,2.712284660934394e-10,4.082099430443697e-06,0.002020420607310195,0.004198988115265587,1.4184873426728577e-05,0.0037662811136090968,0.011837282853669959
220,MSE,25000,22100,False,2.5789805406819474e-05,2.39177207448821e-05,1.871061172671317e-06,1.0234892660551934e-09,4.123836761684234e-06,0.002030723211489994,0.004282436103657053,1.3937478452483703e-05,0.0037332932449090713,0.01178158091956362
221,MSE,25000,22200,False,2.5483566064761444e-05,2.3669138924995592e-05,1.8137258363836854e-06,7.013033821691745e-10,4.213538398300419e-06,0.0020526905266747882,0.0044637489254564485,1.4963261304105566e-05,0.003868237493239727,0.011340100046761711
222,MSE,25000,22300,False,2.5291770953746236e-05,2.3465522892434284e-05,1.8255255565902141e-06,7.225047217384531e-10,4.273450316185444e-06,0.002067232525911259,0.00454363070271221,1.4302661116281487e-05,0.0037818859205800337,0.011837815069205199
223,MSE,25000,22400,False,2.5005507836733615e-05,2.3153906660607953e-05,1.8514952415572051e-06,1.0593456845703257e-10,4.167489722572652e-06,0.002041443049064228,0.004450737178210954,1.4676240258640968e-05,0.003830958138461052,0.011621961803288158
224,MSE,25000,22500,False,2.4770160925626965e-05,2.2973679438676577e-05,1.7962490626606094e-06,2.3242428978006833e-10,3.939968405688944e-06,0.001984935365619985,0.004350653783224478,1.3665515789193952e-05,0.003696689842168795,0.011334364437027053
225,MSE,25000,22600,False,2.44532768306429e-05,2.2666924330162283e-05,1.7861279288389133e-06,2.2457164170608878e-10,3.952577468596194e-06,0.001988109018287527,0.004406992246911037,1.4089005136660174e-05,0.003753532354550867,0.01123496845207303
226,MSE,25000,22700,False,2.424223814019029e-05,2.244863909659408e-05,1.7934891029501248e-06,1.0994064608538104e-10,3.8956736605577445e-06,0.0019737460983008286,0.004231118800382958,1.4968551964727413e-05,0.0038689212921339472,0.011666603938828013
227,MSE,25000,22800,False,2.40204632189253e-05,2.2272134321883385e-05,1.7480717044598443e-06,2.5719258206969904e-10,3.563472133255022e-06,0.0018877161156421328,0.004309735974619883,1.2745170834214575e-05,0.0035700379317613103,0.01166188822354277
228,MSE,25000,22900,False,2.3741005331761496e-05,2.2042337380720187e-05,1.6981828496486968e-06,4.851013926132969e-10,3.3733504562066435e-06,0.0018366683032618174,0.004321969288171144,1.216592330178194e-05,0.0034879683630706774,0.010984112843730853
229,MSE,25000,23000,False,2.35385583031481e-05,2.1861948117395222e-05,1.676586319157611e-06,2.3866595267940285e-11,3.242532749473835e-06,0.0018007034040823698,0.00427009434543785,1.2776336486963555e-05,0.0035744001576437346,0.0110919321520895
230,MSE,25000,23100,False,2.3350073573338894e-05,2.1700683155008256e-05,1.6493500892624342e-06,4.032906820204278e-11,3.2604486450140827e-06,0.001805671244998403,0.00439367060364837,1.2525061787632624e-05,0.0035390764031923106,0.011053100804813011
231,MSE,25000,23200,False,2.3093802535465543e-05,2.1407032718734155e-05,1.6867073464363463e-06,6.24702950400037e-11,3.1908222834631894e-06,0.0017862872902932466,0.0047381604224815705,1.3120672647079263e-05,0.0036222469058692372,0.010907392558870112
232,MSE,25000,23300,False,2.288106304225614e-05,2.1239876432628184e-05,1.6406063031123694e-06,5.803065155873705e-10,3.0631906697289884e-06,0.001750197323083597,0.004390759255166436,1.2434993102326294e-05,0.003526328558476407,0.010441649566057226
233,MSE,25000,23400,False,2.2698508467592363e-05,2.1076324378748854e-05,1.6221610429194041e-06,2.3045924106010588e-11,2.8550695368500154e-06,0.0016896951017417359,0.004461447260175688,1.182122829856454e-05,0.0034382013173408768,0.010685086970033938
234,MSE,25000,23500,False,2.2514515935826714e-05,2.0909842135534737e-05,1.6046276926408583e-06,4.610765111624128e-11,2.859669630719987e-06,0.0016910557739826285,0.004326283256490743,1.164886129869406e-05,0.0034130428211046606,0.010910476255032324
235,MSE,25000,23600,False,2.2314860205211542e-05,2.0710464756102716e-05,1.6040455466955083e-06,3.4990241331891526e-10,2.9946381811059325e-06,0.001730502291563329,0.004095856940733238,1.313524249891447e-05,0.003624257510016979,0.010450436515379864
236,MSE,25000,23700,False,2.213614516894594e-05,2.0554139633936778e-05,1.5817004489582407e-06,3.050860509167394e-10,2.8477852692040273e-06,0.0016875382274793146,0.004191510963004372,1.251554778022732e-05,0.003537732010798348,0.010460235903285584
237,MSE,25000,23800,False,2.1905063120354214e-05,2.0366335329253942e-05,1.5386057545577116e-06,1.2203654255874606e-10,2.639985815939639e-06,0.0016248033160784843,0.004334061728767255,1.2106379313120612e-05,0.0034794222671473223,0.010235201245349934
238,MSE,25000,23900,False,2.1694505615966605e-05,2.016634364708982e-05,1.5274396676165807e-06,7.223012602044673e-10,2.7489095945785768e-06,0.0016579835929762927,0.003836796802725414,1.2426802577107255e-05,0.00352516702825657,0.009856681622224556
239,MSE,25000,24000,False,2.1517037854116686e-05,2.0000344143373255e-05,1.5166771288861314e-06,1.6581857299145314e-11,2.818386639822745e-06,0.0016788051226460875,0.0038067493902223825,1.362795174360752e-05,0.003691605578011757,0.009598963968760435
240,MSE,25000,24100,False,2.1364779220174964e-05,1.989559570359872e-05,1.4690899646214124e-06,9.355195483530893e-11,2.7829266454415206e-06,0.001668210611835784,0.003768934882129448,1.3222060172320544e-05,0.0036362150888417676,0.009561892400942934
241,MSE,25000,24200,False,2.113682179132358e-05,1.969525921257507e-05,1.4414768530761073e-06,8.572567240461564e-11,2.6181966589713796e-06,0.0016180842558319946,0.0038656233130557618,1.2904137265179816e-05,0.0035922329079807473,0.010025837987686262
242,MSE,25000,24300,False,2.098868778760502e-05,1.958349396253302e-05,1.4051149813655143e-06,7.884370648742754e-11,2.4857774516136847e-06,0.0015766348504373752,0.004005222978104203,1.1858475531328448e-05,0.003443613731435111,0.010250625375069225
243,MSE,25000,24400,False,2.0809694910343448e-05,1.9405649129938595e-05,1.4040349239876129e-06,1.085641723840841e-11,2.3836718170203e-06,0.0015439144461466445,0.0040294342244118625,1.177919506097048e-05,0.0034320831955199573,0.010349161065093287
244,MSE,25000,24500,False,2.0623881614370034e-05,1.9254360714648e-05,1.369087313481016e-06,4.3358624101723213e-10,2.3689514461030923e-06,0.001539139839684196,0.004050526671575311,1.169497548897796e-05,0.0034197917318132052,0.01053906770649693
245,MSE,25000,24600,False,2.0502713106561747e-05,1.914065667950622e-05,1.3619411521371774e-06,1.1527491835055594e-10,2.334319425649393e-06,0.0015278479720343228,0.004102741697920369,1.1139341933221288e-05,0.003337565270256342,0.010552645413703154
246,MSE,25000,24700,False,2.031833709959929e-05,1.9003778347258493e-05,1.3145569137479167e-06,1.838592879118116e-12,2.2129189083054354e-06,0.001487588285886063,0.0041134078594044785,1.0987875172542265e-05,0.0033147963998626318,0.010658783633783774
247,MSE,25000,24800,False,2.0136644046231146e-05,1.883391870257273e-05,1.302356231196242e-06,3.6911246217362507e-10,2.090917764757863e-06,0.0014460006102204324,0.004199684734368166,1.0362941986203609e-05,0.003219152370765262,0.010929780226959347
248,MSE,25000,24900,False,1.9949116457530073e-05,1.8648433412152516e-05,1.300680685201048e-06,2.360176506694323e-12,2.024783869524588e-06,0.0014229490045411283,0.004051674600149654,1.0169701036935258e-05,0.0031889968700102634,0.010681465120574343
249,MSE,25000,25000,False,1.9775854596842985e-05,1.8473226285992745e-05,1.3025804452550835e-06,4.786559515306617e-11,2.1019826143628797e-06,0.0014498215801824995,0.004132629792203471,1.0672661339169013e-05,0.0032669039378544653,0.010518015764242647
250,MSE,25000,25100,False,1.961614045202971e-05,1.833104251110846e-05,1.2850290309667524e-06,6.890995449780758e-11,2.008025539217313e-06,0.001417048178156732,0.004076716057179467,9.710249634804863e-06,0.00311612734572977,0.009932001772618632
251,MSE,25000,25200,False,1.9466541825659924e-05,1.8228696721890686e-05,1.2378408917510845e-06,4.2120181521315994e-12,1.7722900494182839e-06,0.0013312738446383914,0.004089526434460043,8.20051825459464e-06,0.0028636547024029693,0.009920527620885605
252,MSE,25000,25300,False,1.9341723083389365e-05,1.8117059810372054e-05,1.2233662532034659e-06,1.2970198138420733e-09,1.7241980888932017e-06,0.001313087235827537,0.004154186588758344,7.477634479427271e-06,0.002734526372048233,0.009983398476608688
253,MSE,25000,25400,False,1.9192985418160853e-05,1.7987486577167547e-05,1.2053552791996364e-06,1.4356179366791284e-10,1.6864590563631707e-06,0.0012986373844777342,0.004091655419742596,7.421965001881339e-06,0.0027243283579409697,0.009785017448095623
254,MSE,25000,25500,False,1.896882801029539e-05,1.7788354615525265e-05,1.1801242853577222e-06,3.491094124054569e-10,1.6699229168955948e-06,0.0012922549736393337,0.004222718741333439,7.382970450100326e-06,0.002717162205334883,0.009556292220177898
255,MSE,25000,25600,False,1.8831201397083465e-05,1.7654676015723737e-05,1.1765251029031803e-06,2.784565493702421e-13,1.675930906030652e-06,0.0012945775009749908,0.00430466338077148,7.537743190336624e-06,0.002745495071992777,0.009621063481478814
256,MSE,25000,25700,False,1.8719088578043227e-05,1.7563942927905218e-05,1.1551404949312321e-06,5.155206775829893e-12,1.8014342065957664e-06,0.0013421751773132174,0.004227362943039117,7.935098268016357e-06,0.0028169306466465155,0.009804516170121708
257,MSE,25000,25800,False,1.861283055015586e-05,1.746394647953082e-05,1.1488674078642213e-06,1.666276081915931e-11,2.013195902086292e-06,0.0014188713479686213,0.004027680248589449,9.463958300023603e-06,0.0030763547097211667,0.009654130819888099
258,MSE,25000,25900,False,1.8490902961140735e-05,1.733196032177861e-05,1.1589052419655228e-06,3.739739660285207e-11,2.2190949240775944e-06,0.0014896626880195377,0.0041024060114832,1.0305914853498879e-05,0.0032102826750145972,0.009595033689083904
259,MSE,25000,26000,False,1.8384022871775758e-05,1.7213565211391456e-05,1.1704574247003889e-06,2.3568391096071634e-13,2.300285234072393e-06,0.0015166691247837786,0.004044159616742218,1.0784038542934698e-05,0.0032839059887479574,0.009389132555386953
260,MSE,25000,26100,False,1.8304320648774798e-05,1.713817357447175e-05,1.166043850763532e-06,1.0322353951751065e-10,2.417075438104614e-06,0.0015546946446503937,0.00405199845699783,1.130514204884485e-05,0.0033623120094430337,0.009326762317731399
261,MSE,25000,26200,False,1.817356014219219e-05,1.699763435528614e-05,1.1759223054673832e-06,3.4814386659648857e-12,2.5155356643546346e-06,0.0015860440297654523,0.003946650829417152,1.207650962821031e-05,0.003475127282303529,0.00918787738168278
262,MSE,25000,26300,False,1.8021393065764693e-05,1.6846933667844926e-05,1.174168843305281e-06,2.9055461448727693e-10,2.5100840843805026e-06,0.0015843244883484262,0.004082089749734938,1.1933106227490487e-05,0.003454432837310705,0.009172485067506772
263,MSE,25000,26400,False,1.7857734547637686e-05,1.6701181619367652e-05,1.1565489789488646e-06,3.9493211683922776e-12,2.5315035173020136e-06,0.0015910699284764369,0.003988246950630067,1.2384049508743978e-05,0.003519097825969602,0.008993704478209893
264,MSE,25000,26500,False,1.769205959312173e-05,1.6578033509120632e-05,1.113861802887892e-06,1.642811132034074e-10,2.617731680861263e-06,0.001617940567777835,0.004019540890341627,1.2729864872514742e-05,0.0035678936184413827,0.008865793477754624
265,MSE,25000,26600,False,1.7566421053438085e-05,1.6483762317156792e-05,1.0825830236098404e-06,7.571267145334882e-11,2.636224700887526e-06,0.001623645497295369,0.004069280486602684,1.206609451737935e-05,0.0034736284368624333,0.008739407221011145
266,MSE,25000,26700,False,1.7440035599983535e-05,1.6337357669422464e-05,1.1026441823766235e-06,3.374818444748325e-11,2.7234741720652573e-06,0.0016502951772532262,0.0040656795895421625,1.2595733228489257e-05,0.003549046805621089,0.00889771694899169
267,MSE,25000,26731,True,1.7406200774902233e-05,1.631170511202327e-05,1.0944821839590174e-06,1.3478919946404508e-11,2.694498172747772e-06,0.0016414926660657891,0.0040352090822248915,1.2345971934982822e-05,0.0035136835280063033,0.008954293682090844
268,SINOS,25000,100,False,267.0295164318722,234.05907960947718,32.92128707746202,0.04914974493298755,9.521573803940484,3.0857047499623946,5.607205402969079,1.2585083410442115,1.12183258155761,3.2451190739659097
269,SINOS,25000,200,False,3.020825597502227,2.2551316923305094,0.7631782328040262,0.0025156723676915045,0.01837184827450941,0.13554279130410962,0.3043216871244674,0.10236082955486302,0.31993879032537303,0.8426222596418038
270,SINOS,25000,300,False,0.6218264471159676,0.4828285389671865,0.13899774771800782,1.6043077324668086e-07,0.005809779156039855,0.07622190732355007,0.1619983474759073,0.049064771448349496,0.2215056916838696,0.6623247104965829
271,SINOS,25000,400,False,0.249585730991374,0.18867012781467712,0.060914235833030565,1.367343666302562e-06,0.004663805489930559,0.06829206022613872,0.13243486730495538,0.03792052487551574,0.19473193080621304,0.583713071012407
272,SINOS,25000,500,False,0.14588954354360717,0.10648948687955678,0.039398668221588294,1.3884424620721456e-06,0.002718618842968433,0.05214037632169941,0.09760710589193315,0.021679929133713687,0.14724105790747935,0.39393998609454867
273,SINOS,25000,600,False,0.08722015712209066,0.0667009596867844,0.020512080908854535,7.116526451733576e-06,0.002258888085608656,0.04752776120972516,0.09717901656086955,0.014727921669902938,0.12135864892912634,0.28032739999611733
274,SINOS,25000,700,False,0.06440332822735267,0.049120992464442764,0.015260251259362662,2.2084503547244453e-05,0.0020553104060668254,0.04533553138617463,0.09196695640431574,0.015810132833393168,0.1257383506866269,0.27827914271844034
275,SINOS,25000,800,False,0.052398116304906955,0.04043627497999637,0.011959779738772575,2.061586138011392e-06,0.0018881968067770939,0.04345338659733087,0.09086188515748023,0.015305346195677135,0.12371477759619962,0.26911825373199444
276,SINOS,25000,900,False,0.0422621516425253,0.03372632386351038,0.00853362767093432,2.200108080602196e-06,0.0016850645232131588,0.04104953742995356,0.08926797834348409,0.014200472142950065,0.11916573392947348,0.28218615944291603
277,SINOS,25000,1000,False,0.0340160005168302,0.026407699720443004,0.007608236426329386,6.437005781304209e-08,0.001409047295265329,0.03753727874081084,0.0767603063091162,0.011208501101464817,0.10587020875328818,0.24876577994651441
278,SINOS,25000,1100,False,0.02850961951563062,0.022514641430590145,0.005994233108905515,7.449761349600918e-07,0.001360310824518513,0.03688239179498142,0.07683857424118304,0.010518608444146801,0.10256026737556216,0.21571143593008957
279,SINOS,25000,1200,False,0.024422459971023498,0.019414006966828913,0.005005397178447956,3.055825746629583e-06,0.0011193117558553436,0.03345611686755269,0.06838385307419562,0.008831026299251669,0.09397354042096993,0.20122692815607957
280,SINOS,25000,1300,False,0.02223133674233591,0.017717282068264367,0.0045126448138273064,1.4098602442338288e-06,0.0010143949339014903,0.03184956724826085,0.06538607657470638,0.008078114773515057,0.08987833317054258,0.19450959011616092
281,SINOS,25000,1400,False,0.01945757271289833,0.015487411026837193,0.003965621986749745,4.539699311391313e-06,0.0009317268909207887,0.03052420172454619,0.06377339131105962,0.007391454227939275,0.08597356703044998,0.19375891611864599
282,SINOS,25000,1500,False,0.01708801899211957,0.013319667399355944,0.0037683504510188114,1.1417448127161627e-09,0.0008147515720084318,0.028543853489121467,0.06005795959229679,0.0065354375930390075,0.08084205336975928,0.18097887431767823
283,SINOS,25000,1600,False,0.015011813688592633,0.011781732633604521,0.0032260696005417507,4.011454446361214e-06,0.000745114654499091,0.027296788355026146,0.05647677585143315,0.005589090278713132,0.07476021855715198,0.17442326440602157
284,SINOS,25000,1700,False,0.013206053685745692,0.010322818561834667,0.002882923689730734,3.1143418029202737e-07,0.000667694631033875,0.025839787751331764,0.05584414914626886,0.00529247258988301,0.07274938205842721,0.16566524566640517
285,SINOS,25000,1800,False,0.012032605129210321,0.009761035503117532,0.0022706770062965492,8.926197962408649e-07,0.0006084484796447436,0.024666748461131708,0.052208970451742984,0.004998276400639871,0.07069848938018317,0.16738628649710163
286,SINOS,25000,1900,False,0.01080673887132427,0.009104647005645072,0.0017020115454869423,8.032019225665537e-08,0.0005549132924444003,0.02355659764151861,0.05014945151642061,0.004768738486809377,0.0690560532235182,0.16807715410689428
287,SINOS,25000,2000,False,0.00966632883386068,0.008394351577995495,0.0012716455414925323,3.317143726543065e-07,0.0005298466330082203,0.023018397707230194,0.047556736653227086,0.004716965067192883,0.06868016502013433,0.16686249004904774
288,SINOS,25000,2100,False,0.009033091919782934,0.007791535727179715,0.0012414342507669016,1.219418363166676e-07,0.000545661079815091,0.023359389542860296,0.045910387413376434,0.004845227771432328,0.06960767034912409,0.1600409401541273
289,SINOS,25000,2200,False,0.008486119119054938,0.007318944385427139,0.00116695565320074,2.1908042705869829e-07,0.0005505356295589355,0.023463495680715086,0.04569574734468625,0.004822440477741227,0.0694437936589097,0.15401661573648956
290,SINOS,25000,2300,False,0.008070116927679916,0.006767866711406482,0.0013022224770737629,2.7739199670920813e-08,0.0005377643180477146,0.023189745967727084,0.04542421558675671,0.004566864716193215,0.06757858178589733,0.14677988684666027
291,SINOS,25000,2400,False,0.007626152695485788,0.006439742158808099,0.0011864092860830095,1.2505946795021329e-09,0.0005076227005781939,0.02253048380701564,0.04392834107927352,0.0043078697118512374,0.06563436380320326,0.14080276032363465
292,SINOS,25000,2500,False,0.007282201566095367,0.006156587728261937,0.001125605507517009,8.330316420869584e-09,0.0004983070755416927,0.022322792736163024,0.043964711567888566,0.0041830043986216476,0.06467615015306374,0.14041027109802995
293,SINOS,25000,2600,False,0.006992094586284341,0.005869762553107871,0.0011223287102969377,3.3228795327063242e-09,0.0004718295349306153,0.021721637482717902,0.04274386578085502,0.0039975265962947605,0.06322599620642415,0.1381063508156667
294,SINOS,25000,2700,False,0.006688768874877053,0.005599441142082851,0.0010892731673746345,5.4565419567392964e-08,0.00043331326099138974,0.020816177867019434,0.040732690435684726,0.003526117931879317,0.059381124373653595,0.13420932989850248
295,SINOS,25000,2800,False,0.006279170148315668,0.0052521932188327024,0.001026962402301239,1.4527181727019967e-08,0.0004027160927488341,0.02006778744029431,0.04024017274497005,0.0030888671147572258,0.055577577445919915,0.12434789961522391
296,SINOS,25000,2900,False,0.0059863674406872925,0.004963456421918404,0.0010223163425408088,5.946762280804773e-07,0.0003928358469135878,0.019820086955247895,0.03861234876365878,0.0029300674537776094,0.05413009748538801,0.12303366139404437
297,SINOS,25000,3000,False,0.0056638362752631025,0.004566199346410972,0.0010974739847792467,1.6294407288401938e-07,0.0003652217456427262,0.01911077564210114,0.037090611344667956,0.00277016280267796,0.05263233609367876,0.12037057815664692
298,SINOS,25000,3100,False,0.005207372665525214,0.004240335483477439,0.0009666743583515835,3.6282369619142053e-07,0.00036322059805157835,0.019058347201464727,0.03643172875148252,0.002651073827411962,0.05148857958238858,0.12268655563679826
299,SINOS,25000,3200,False,0.004821773688246632,0.00397912523949558,0.0008426481518662533,2.968847992964139e-10,0.00034359451254885776,0.01853630255873209,0.03553179477479962,0.002506124097321748,0.05006120351451559,0.1193643185446635
300,SINOS,25000,3300,False,0.004540880645278831,0.003813116348091078,0.000727759364649524,4.932538228921265e-09,0.0003332170224504911,0.018254233000882043,0.035553428437728136,0.002503833133360238,0.05003831665194421,0.1180193455027278
301,SINOS,25000,3400,False,0.004154788537114541,0.003490143969868415,0.000664469162969821,1.7540427630539952e-07,0.00031106893749621435,0.017637146523636252,0.03450657645865219,0.002289953523237898,0.04785345884299167,0.11523097478485417
302,SINOS,25000,3500,False,0.003854780700607299,0.0032365614101235868,0.0006171262979709471,1.0929925127651068e-06,0.0003016903477226669,0.0173692356689253,0.034255425993598425,0.0022384871582809933,0.04731265325767509,0.1131299988573688
303,SINOS,25000,3600,False,0.0036203305345862743,0.003072424842484006,0.0005477050632421046,2.006288601636241e-07,0.00029257002373347094,0.01710467841654648,0.03367129653857863,0.00217138795278271,0.04659815396324955,0.11100487098788847
304,SINOS,25000,3700,False,0.003422862897533754,0.0028755839432656007,0.0005472519833042869,2.6970963866425438e-08,0.0002849578548177711,0.016880694737414426,0.033757320068900185,0.0022171736295074993,0.047086873218631746,0.1115189428827637
305,SINOS,25000,3800,False,0.0032695092194039133,0.0028108010521892693,0.0004585166456706817,1.915215439621516e-07,0.000283198208267715,0.016828493939378977,0.03408106242237502,0.002278993149761828,0.047738801302104644,0.11146989839665639
306,SINOS,25000,3900,False,0.003111550599494822,0.0026630229557763406,0.0004484372111589949,9.043255948694028e-08,0.00028434364953113195,0.016862492387874694,0.034724687579337006,0.0023433236350360724,0.04840788814889648,0.11250371862202285
307,SINOS,25000,4000,False,0.0029746018802263275,0.0025397523827730855,0.000434844425894522,5.071558720068192e-09,0.00028320058306951324,0.01682856449818324,0.034360586311767215,0.0023066265048759995,0.048027351632960145,0.11121095555260946
308,SINOS,25000,4100,False,0.0028338096957236563,0.002409619449612788,0.0004241691167055312,2.112940533713786e-08,0.0002781016694922248,0.01667638058729246,0.03386984306340079,0.002312635766565995,0.04808987176699471,0.1111090669918674
309,SINOS,25000,4200,False,0.002678201801374029,0.0022179574942550045,0.0004597354776407085,5.088294783162887e-07,0.0002666893124929634,0.016330624987824668,0.033021201967168644,0.0023076361003878908,0.04803786111379118,0.11086753025271262
310,SINOS,25000,4300,False,0.0024823797029674102,0.002048221824937376,0.0004341567917249069,1.0863051274607443e-09,0.0002474767585354953,0.01573139404297964,0.0313725211958413,0.0021577195564966394,0.046451260009784875,0.10580744283332538
311,SINOS,25000,4400,False,0.002306407243055286,0.0018945227828373466,0.00041187918497386384,5.275244075541123e-09,0.00022135865767846765,0.014878126820217243,0.029424687537980245,0.0019277923969418043,0.043906632721512635,0.10175366249961998
312,SINOS,25000,4500,False,0.002154687447142658,0.0017404135896617102,0.00041422306737629386,5.079010465426116e-08,0.00020884531268914276,0.01445148133199994,0.02850202254571055,0.001786829906188797,0.04227091087484154,0.10004000682056502
313,SINOS,25000,4600,False,0.0020309521527994826,0.0016417031567064603,0.00038897123830192724,2.777577910947949e-07,0.00019683501741117246,0.014029790355211031,0.02814258856041059,0.0017551687392334092,0.041894734027481416,0.09840109099520417
314,SINOS,25000,4700,False,0.00192060618246108,0.0015785888480330424,0.00034201452112313593,2.8133049017618725e-09,0.0001842224753695151,0.013572858039835056,0.027082313719220073,0.0016334488052709491,0.0404159474127596,0.09677102860117415
315,SINOS,25000,4800,False,0.0018520469194094975,0.001540091773656928,0.00031195143642082486,3.7093317447195972e-09,0.0001758738273150294,0.013261742996869958,0.026606931867649782,0.0015430893930346934,0.03928217653128061,0.0938468235797863
316,SINOS,25000,4900,False,0.0017750080721838529,0.0014784774722617594,0.0002965290212058202,1.5787162731665519e-09,0.00016346795727735316,0.012785458821542275,0.025487479838568323,0.001403439036672237,0.03746250174070382,0.0886885494769526
317,SINOS,25000,5000,False,0.0017024022676955237,0.001433748803596552,0.00026861858210898296,3.488198998865761e-08,0.00015349716702771373,0.012389397363379453,0.02461933366041516,0.0012781626531647259,0.03575140071612196,0.08515219079302455
318,SINOS,25000,5100,False,0.001642950355362537,0.0013574756228585017,0.00028545572789087745,1.9004613157855015e-08,0.0001496934087935918,0.012234925778017283,0.024646991292765687,0.0012677231387525423,0.03560509989808402,0.08512879240712962
319,SINOS,25000,5200,False,0.00156385807919749,0.0013106387645061268,0.0002531823021218783,3.7012569484840594e-08,0.00013991471657447748,0.011828555134693226,0.02352772853173957,0.0011326818917250661,0.03365533972083874,0.08065285872469391
320,SINOS,25000,5300,False,0.0015161673851990156,0.0012775587357390867,0.00023853633407849492,7.231538143396092e-08,0.00012940518712270774,0.011375640075297202,0.022847043251302317,0.0010365994339825784,0.032196264286133855,0.07712532059470917
321,SINOS,25000,5400,False,0.0014773151043272086,0.0012328312972614882,0.00024430164908190936,1.8215798381088484e-07,0.00012479455873996975,0.011171148496907994,0.02245169763195674,0.000982931886413501,0.03135174455135632,0.07534124088674188
322,SINOS,25000,5500,False,0.001418510261588093,0.001201316092160822,0.000217124046650155,7.012277711606582e-08,0.00012082172417299443,0.010991893566305781,0.02218040274722746,0.0009586377473034554,0.03096187570712497,0.07477138853691823
323,SINOS,25000,5600,False,0.001359544925321007,0.0011320223020555133,0.00022750797744715122,1.4645818342439586e-08,0.00011749873759214691,0.010839683463650907,0.021569040503087264,0.0009167314446014921,0.030277573294461565,0.07457975990200688
324,SINOS,25000,5700,False,0.0012977810104038768,0.0010647892973743149,0.00023299166170962074,5.1319941052264304e-11,0.0001131120476901177,0.010635414786933216,0.021261400239964253,0.0008915874420375277,0.029859461516201655,0.06952599627776085
325,SINOS,25000,5800,False,0.0012494091452508675,0.0010258659666345191,0.00022354287963655063,2.9897979767042874e-10,0.00010890938777725639,0.010435966068230405,0.020548589893169576,0.0008286555496720699,0.028786377849115887,0.06635731654058696
326,SINOS,25000,5900,False,0.0012165765596995344,0.0009824143482979916,0.00023411896389324884,4.324750829396388e-08,0.00010500375321671903,0.010247133902546557,0.020281723474722728,0.0007870031852020989,0.028053577048249994,0.06465596091152126
327,SINOS,25000,6000,False,0.0011701396392750927,0.0009457129600589498,0.0002244240730564803,2.6061596627132903e-09,9.995787724827881e-05,0.00999789364057644,0.019884637838020542,0.0007541720792261106,0.027462193634633605,0.06429628853370617
328,SINOS,25000,6100,False,0.0011278768540603382,0.00090337496641888,0.00022449845528262703,3.4323588311688996e-09,9.828107787465864e-05,0.009913681348250943,0.019619529252473348,0.0007359240379451051,0.02712791989713006,0.06435556951164756
329,SINOS,25000,6200,False,0.0010940004101011875,0.000867462229266282,0.00022648288522659926,5.529560830616933e-08,9.381816947225664e-05,0.009685977982230635,0.01933761898667135,0.00069500752034721,0.02636299528405697,0.06396004212752104
330,SINOS,25000,6300,False,0.0010673291273182268,0.0008495433721731381,0.00021772131606869426,6.443907639438856e-08,9.12797362653107e-05,0.009554042927751093,0.01933035391768434,0.0006825243086491889,0.02612516619371423,0.06305410072751177
331,SINOS,25000,6400,False,0.0010375328306705671,0.0008300245381214957,0.00020750194342157872,6.349127492664802e-09,8.889576609303511e-05,0.00942845512759302,0.018982380798258747,0.0006638509289590741,0.025765304751915394,0.0620773167736261
332,SINOS,25000,6500,False,0.001002209899280548,0.0007888311983176584,0.00021334485190148888,3.3849061400649665e-08,8.601269439371439e-05,0.009274302906079486,0.018948164765434396,0.0006538768125654801,0.02557101508672427,0.060296134481230224
333,SINOS,25000,6600,False,0.0009763987123297974,0.0007620922375715983,0.0002142753402481107,3.1134510088425425e-08,8.485783217020132e-05,0.009211831097572367,0.018640152874215048,0.0006369110007368407,0.025237095727061003,0.05990553607363025
334,SINOS,25000,6700,False,0.000943683519359391,0.0007284172945817887,0.00021525755080803092,8.673969571410223e-09,8.195906482103032e-05,0.009053124588838392,0.018073859931588904,0.0006038444805042689,0.024573247251925598,0.05872018920919403
335,SINOS,25000,6800,False,0.0009123101427752952,0.0006999693082535247,0.0002123374542204032,3.3803013672407233e-09,7.850007548859963e-05,0.008860026833401783,0.017777243521295553,0.0005707665673591057,0.023890721365398444,0.05689693683469388
336,SINOS,25000,6900,False,0.0008828707415402293,0.0006832784216065882,0.00019959059162273716,1.7283109039018166e-09,7.568258716402053e-05,0.008699573964512316,0.017456687071609696,0.0005514142150592742,0.023482210608443025,0.055579986727383124
337,SINOS,25000,7000,False,0.0008519848268349199,0.0006625449896503,0.00018943279866379467,7.038520825281025e-09,7.356606811405395e-05,0.008577066404899402,0.017350758979443805,0.0005546316777181882,0.023550619476315017,0.05588200677621974
338,SINOS,25000,7100,False,0.000814920584217374,0.0006411754647643929,0.00017374490613659808,2.1331638312104388e-10,6.615410638749105e-05,0.008133517467092025,0.016434677649751237,0.0004891965923541025,0.022117789047599277,0.053267612687707855
339,SINOS,25000,7200,False,0.0007833977462925398,0.00061614676604128,0.0001672404387395618,1.0541511698053559e-08,6.172436588036438e-05,0.007856485593467627,0.01597716731972088,0.0004588000835384761,0.02141961912683034,0.051206492534077164
340,SINOS,25000,7300,False,0.000761476108755551,0.0005919252509103389,0.00016953894894553142,1.1908899680647291e-08,5.9986716382004503e-05,0.007745109191096308,0.015547274223041281,0.0004387786422381983,0.020947043758922125,0.050821653996449445
341,SINOS,25000,7400,False,0.0007464918761209343,0.0005767159543486559,0.00016976776862501984,8.15314725855909e-09,5.78519192726246e-05,0.0076060449165531886,0.015313409157172126,0.000429188119783998,0.020716855933852463,0.05024877994060084
342,SINOS,25000,7500,False,0.0007291733375735771,0.0005646466943984078,0.00016452658285247385,6.032269540307699e-11,5.5234559656396964e-05,0.007431995671177222,0.01498960831288024,0.0004111216127891983,0.020276134069126647,0.049502403186178434
343,SINOS,25000,7600,False,0.0007054645558119436,0.0005493601021522945,0.0001561043178952944,1.3576435468826793e-10,5.122100184113142e-05,0.007156884925799172,0.014494209152918082,0.00037978939874857887,0.019488186132849278,0.049123448483502086
344,SINOS,25000,7700,False,0.0006892438033558089,0.0005392220419565958,0.00015000938677173437,1.2374627478799505e-08,4.896560511155234e-05,0.006997542790976868,0.014124128405705589,0.00036258243508930114,0.01904159749310181,0.047939185810301876
345,SINOS,25000,7800,False,0.0006689645199803343,0.0005317702684532579,0.00013714044446204267,5.3807065033651267e-08,4.6727590063715454e-05,0.006835758192308696,0.013825748084442745,0.000356269221710609,0.018875095276861757,0.04769841323219409
346,SINOS,25000,7900,False,0.0006439191647221094,0.0005070781355102934,0.00013681635087282605,2.4678338989916268e-08,4.268782436947253e-05,0.006533591995944691,0.013095228523820918,0.0003227912422023482,0.01796639201961118,0.045588246903456364
347,SINOS,25000,8000,False,0.0006231725557103304,0.0004903446024218149,0.00013278364105225824,4.431223625725155e-08,3.9365235578153705e-05,0.006274172103007193,0.012798421810463763,0.0003040430452859803,0.017436830138702973,0.04452786306005324
348,SINOS,25000,8100,False,0.0006074161064513758,0.0004779755406793019,0.00012943710834056518,3.4574315086942185e-09,3.7872302698366595e-05,0.006154047667865971,0.01242681276738514,0.00029183401087762366,0.01708314991088071,0.04366392083833692
349,SINOS,25000,8200,False,0.0005945469803712133,0.0004634129405279337,0.0001311274180527324,6.621790547209877e-09,3.670350789400074e-05,0.006058342008668769,0.01216223821118607,0.00028103104494644517,0.01676398058178442,0.04260666184330769
350,SINOS,25000,8300,False,0.0005747567812782182,0.0004469513063919932,0.00012778718753868367,1.828734754120612e-08,3.334807313268757e-05,0.00577477905488059,0.011540034211682532,0.0002573477350682054,0.01604206143449792,0.04186805783786479
351,SINOS,25000,8400,False,0.0005613291800095728,0.0004366428024552066,0.00012468247308140026,3.904472965978522e-09,3.1544418029665545e-05,0.005616441758770898,0.011024192860563475,0.00024263879363436568,0.015576867259958457,0.04096484460493244
352,SINOS,25000,8500,False,0.0005469970046726672,0.0004306776178159697,0.00011631144883882419,7.93801787333122e-09,3.1903326771819045e-05,0.005648302999292712,0.011400526635948665,0.00024518864404819176,0.01565850069604979,0.04068523147101888
353,SINOS,25000,8600,False,0.0005309647236821607,0.00042359876551429526,0.00010736339392314578,2.564244719679576e-09,3.197880048718013e-05,0.00565498014914112,0.011524028970462692,0.00024322889520768653,0.015595797357226932,0.040037716406858936
354,SINOS,25000,8700,False,0.0005155915412241422,0.00041321332791962586,0.00010237390230862119,4.310995895180379e-09,3.064969311461999e-05,0.00553621649817093,0.011337408731000514,0.00022772132198739547,0.015090438097927955,0.03813981441261488
355,SINOS,25000,8800,False,0.0005065313230196164,0.0004022136657796775,0.00010430816781093624,9.48942900262932e-09,3.0028732906640408e-05,0.005479847890830585,0.011356076636136386,0.00022885448511480845,0.015127937239254017,0.03832081037515045
356,SINOS,25000,8900,False,0.000495571505451032,0.0003957359373622589,9.983487725279269e-05,6.908359804207475e-10,2.9468240467595695e-05,0.005428465756325234,0.011365635953532923,0.00022509403074430596,0.015003134030738576,0.037615785120793443
357,SINOS,25000,9000,False,0.0004838661901580969,0.0003878860795835132,9.594965120366178e-05,3.04593709219477e-08,2.7937522338484776e-05,0.005285595741114219,0.010850707210641698,0.00021428086527041976,0.014638335467887726,0.03707768959129504
358,SINOS,25000,9100,False,0.0004744604959683153,0.0003836043017791808,9.084934640697214e-05,6.847782162315935e-09,2.784011511890507e-05,0.0052763732922249795,0.010689361436779897,0.00020959234741099188,0.01447730456303907,0.03718937811613432
359,SINOS,25000,9200,False,0.00046199642649242384,0.0003717287522475754,9.026535252483092e-05,2.3217200175388227e-09,2.7117350330601685e-05,0.0052074322204520036,0.010460042822752067,0.00020486624492790985,0.014313149371396564,0.03631082989460671
360,SINOS,25000,9300,False,0.00045080626676165014,0.0003614556292399911,8.935058852414519e-05,4.899751381241163e-11,2.63038053530479e-05,0.005128723559819529,0.01053723451217151,0.0001958947029181026,0.013996238884718373,0.03535596290581361
361,SINOS,25000,9400,False,0.00044425464303262085,0.00035863846172022986,8.56146922465988e-05,1.48906579214278e-09,2.6478201534403e-05,0.005145697380764147,0.010738319511156667,0.0001973499884199221,0.014048131136201786,0.03548706598133533
362,SINOS,25000,9500,False,0.0004376362147138885,0.00035244939617737206,8.517639649984255e-05,1.0422036673900336e-08,2.607566314275584e-05,0.005106433505173238,0.010773702430510273,0.00019437343718842472,0.013941787445963473,0.03531507203912093
363,SINOS,25000,9600,False,0.00042832140903574,0.00034279375899132864,8.552278927342641e-05,4.86077098491289e-09,2.661155365716773e-05,0.005158638740711326,0.010965573389632702,0.00019498021052739628,0.013963531449006597,0.035443725175819785
364,SINOS,25000,9700,False,0.000421965511062082,0.0003384006752988417,8.356483156721857e-05,4.196021723753372e-12,2.6289063062348548e-05,0.005127286130337232,0.010775428801544903,0.0001984609023047602,0.01408761520999066,0.035362454757021655
365,SINOS,25000,9800,False,0.0004151446152270581,0.0003294959883251377,8.562540698841908e-05,2.3219913501359725e-08,2.5991765351308292e-05,0.005098211975909622,0.010592407844540951,0.00019950415460321451,0.014124593962419399,0.035245779523886134
366,SINOS,25000,9900,False,0.00040813664703580435,0.00032508543662761923,8.3050771954149e-05,4.384540361337502e-10,2.540042321036715e-05,0.005039883253644587,0.010322899745716787,0.00019295242889439236,0.013890731762379992,0.03449076841207105
367,SINOS,25000,10000,False,0.0004003786780817106,0.00031464435599130424,8.573257503407197e-05,1.747056334372965e-09,2.5112656295388738e-05,0.005011252966613114,0.010093749152816314,0.00019145879849457827,0.013836863752114431,0.03441845578361258
368,SINOS,25000,10100,False,0.00039392998709546564,0.00030826288307159947,8.566600887393978e-05,1.0951499264248278e-09,2.4980049336335345e-05,0.004998004535445656,0.010041863336482059,0.000193576338066846,0.013913171387819744,0.034164798702315924
369,SINOS,25000,10200,False,0.00038722505545368396,0.0003068801714670296,8.033207428174356e-05,1.2809704910809233e-08,2.5059080605686004e-05,0.005005904574168989,0.010099450741646662,0.00019492719631198608,0.01396163301021718,0.03412997535988188
370,SINOS,25000,10300,False,0.00038162508988341226,0.00030650352178177725,7.512126909087805e-05,2.9901075694241047e-10,2.4785679237298165e-05,0.004978521792389601,0.01004994315200169,0.00019312893696859707,0.013897083757702444,0.03395101661877037
371,SINOS,25000,10400,False,0.00037629251186392263,0.000301923430829829,7.436165240278903e-05,7.428631304624112e-09,2.440505471848801e-05,0.004940147236519172,0.009867989749898021,0.00018836482092712766,0.013724606403359174,0.03343461250475077
372,SINOS,25000,10500,False,0.0003701329834816092,0.00029939809891303,7.073456505918173e-05,3.19509397495531e-10,2.4435499763823206e-05,0.0049432276665983335,0.009820398712205664,0.0001880693860081985,0.013713839214756694,0.03354455699576864
373,SINOS,25000,10600,False,0.00036471701146140525,0.00029778468972888175,6.69214278740793e-05,1.0893858444232622e-08,2.49423895049344e-05,0.004994235627694632,0.009959209783984707,0.00019258287504231937,0.013877423213346179,0.03384956906857711
374,SINOS,25000,10700,False,0.00035771789045224337,0.00029162795603113656,6.608655064912633e-05,3.3837719805029365e-09,2.512365383567321e-05,0.005012350130993765,0.009965048351137653,0.00019075911034425447,0.013811557129601805,0.033788044130464545
375,SINOS,25000,10800,False,0.0003502980795506749,0.00028647204968185614,6.381998782699679e-05,6.042041821957076e-09,2.4782676217019223e-05,0.0049782201856707,0.00994869408471101,0.00019398307673965795,0.013927780754293125,0.03364501181052476
376,SINOS,25000,10900,False,0.00034564821988672395,0.0002810789117064813,6.456785968824553e-05,1.4484919971509537e-09,2.5191943037171505e-05,0.005019157602344392,0.01014550167872128,0.00019670328795076236,0.014025094935534745,0.03390413042428614
377,SINOS,25000,11000,False,0.0003402891820963275,0.0002770203558185018,6.325530949854432e-05,1.3516779281403172e-08,2.560906829203358e-05,0.005060540316214621,0.010205793444573319,0.00019860021470347663,0.014092558841582909,0.03369368509958187
378,SINOS,25000,11100,False,0.00033754007449694886,0.0002750580352876471,6.247982214768456e-05,2.217061617180463e-09,2.5428798160524457e-05,0.005042697508330681,0.010090930500864966,0.0001976649439297754,0.014059336539459299,0.03344119116445127
379,SINOS,25000,11200,False,0.0003341537642705,0.0002708889935183089,6.32599852049341e-05,4.78554725695587e-09,2.531879676719605e-05,0.005031778688217125,0.010104146357196078,0.00019509506402442013,0.013967643467114276,0.03297938503726039
380,SINOS,25000,11300,False,0.0003308127830762432,0.00026999061215811316,6.0822170603551686e-05,3.1457838955611674e-13,2.493879078764575e-05,0.0049938753276033785,0.009891465593807713,0.0001924652654834481,0.013873185123952182,0.0325229851077557
381,SINOS,25000,11400,False,0.00032815197408018153,0.00026736249287445424,6.0788137074929e-05,1.3441307983221676e-09,2.469189952552299e-05,0.00496909443717092,0.009825159558924611,0.0001890875534703336,0.013750911005105575,0.031927770489840746
382,SINOS,25000,11500,False,0.0003252856197953769,0.0002652117099098664,6.007344336981651e-05,4.665156939778044e-10,2.5098472614412964e-05,0.0050098375836361165,0.009850652071213502,0.00019183765804523163,0.013850547211039411,0.031787469356018616
383,SINOS,25000,11600,False,0.0003224906709937235,0.0002635095232314599,5.898071893949117e-05,4.288227724273033e-10,2.4802328069037713e-05,0.004980193577466413,0.009788141376958683,0.0001928142250753118,0.013885756193859657,0.03166302611453792
384,SINOS,25000,11700,False,0.00031963096309657005,0.0002608153354545382,5.88115616605288e-05,4.065981503084281e-09,2.4711484883200084e-05,0.004971064763529045,0.009785342749992298,0.0001908021710971543,0.013813115908337057,0.0313149356693484
385,SINOS,25000,11800,False,0.00031653905097147174,0.0002595932919185114,5.694560240850286e-05,1.566444575201584e-10,2.4416373273476877e-05,0.0049412926723153,0.00970009511331282,0.0001869631224754978,0.013673445888856904,0.03114958050913197
386,SINOS,25000,11900,False,0.0003139438740122932,0.0002563307598721081,5.761013731526117e-05,2.9768249239283255e-09,2.4021125251225372e-05,0.004901135098242587,0.00961720506140521,0.00018520192409590724,0.01360889136174976,0.031101619835122163
387,SINOS,25000,12000,False,0.00031103442424977584,0.000253600051101407,5.7434121600048654e-05,2.515483202259638e-10,2.391374701161615e-05,0.004890168403195962,0.009570403067822987,0.00018304612158466537,0.01352945385389467,0.031224958875921693
388,SINOS,25000,12100,False,0.0003086626544017195,0.00025290707065689355,5.575525927911565e-05,3.244657103080753e-10,2.3563514987066125e-05,0.004854226507597902,0.009475169256602665,0.000180066125883269,0.0134188720048769,0.031182143927785955
389,SINOS,25000,12200,False,0.0003062941463591789,0.0002515653753350367,5.4727509844004654e-05,1.2611801375400376e-09,2.330915600203802e-05,0.004827955675235432,0.009387326896445159,0.0001791044805076706,0.01338299221055107,0.031105093183510346
390,SINOS,25000,12300,False,0.00030386463581309433,0.00024950163957275046,5.4357963737205174e-05,5.032503138695486e-09,2.2828164502405688e-05,0.004777882847287665,0.009269766777122442,0.0001739027967328617,0.013187220963222756,0.030636666558526815
391,SINOS,25000,12400,False,0.0003012150987244692,0.00024616780568589803,5.504207478502175e-05,5.2182535494073455e-09,2.22038514322569e-05,0.004712096288517128,0.009150206647767766,0.000168774526709189,0.012991325055943638,0.02994243269716723
392,SINOS,25000,12500,False,0.00029894105374639974,0.00024480469397009,5.41363457383027e-05,1.4038007022387654e-11,2.226092725164186e-05,0.004718148710208471,0.009144839222899272,0.0001681971785035994,0.012969085492184845,0.02984701601160661
393,SINOS,25000,12600,False,0.0002965636039080996,0.0002424073050116879,5.415624099259609e-05,5.790381558744477e-11,2.2101233638575664e-05,0.004701194916037375,0.009115797464914782,0.00016751853509959277,0.012942895159105353,0.029731431133617814
394,SINOS,25000,12700,False,0.000294213077572024,0.00023994830593177603,5.4258294868332775e-05,6.476771915152395e-09,2.1558637003673933e-05,0.0046431279331581995,0.009068473433422014,0.0001638505177166754,0.012800410841714238,0.029425968930763324
395,SINOS,25000,12800,False,0.00029079285378938316,0.00023529907047504874,5.5493750800609643e-05,3.25137247645044e-11,2.0878717888723167e-05,0.004569323570149434,0.008959338281344641,0.0001578159034406302,0.012562479987670834,0.029098776389499204
396,SINOS,25000,12900,False,0.0002885852908911129,0.00023303596427968508,5.554925160015301e-05,7.501127482074387e-11,2.0261383421113152e-05,0.004501264646864607,0.008815078680323756,0.0001529505780694086,0.012367318952360233,0.02853810496118414
397,SINOS,25000,13000,False,0.0002859367390704336,0.00023187928573416077,5.405243034333e-05,5.0229929428181614e-09,2.0096253541839527e-05,0.004482884511320755,0.008755789677469157,0.00015016256670199194,0.012254083674514056,0.02831406559878391
398,SINOS,25000,13100,False,0.0002839851296186239,0.0002313012744328503,5.268216820391539e-05,1.6869818581956973e-09,2.0175830959195583e-05,0.004491751435597876,0.008809169550577664,0.0001515239870985931,0.012309507995797116,0.02859814382916387
399,SINOS,25000,13200,False,0.00028178267466671904,0.0002284669999460018,5.3315398934842016e-05,2.7578587523424604e-10,2.028905884752707e-05,0.004504337781242329,0.008802782245683895,0.00015295610737049104,0.01236754249519649,0.028568419259162592
400,SINOS,25000,13300,False,0.00027975210391486296,0.0002276330757252563,5.211900783878952e-05,2.035081719538168e-11,2.039654623634261e-05,0.004516253562007188,0.008860130315024929,0.00015431335863902215,0.012422292809261186,0.028431579811773466
401,SINOS,25000,13400,False,0.00027777351649970914,0.0002251840345644149,5.258814509425432e-05,1.3368410399259659e-09,2.025889951145099e-05,0.004500988725985768,0.00892145908857538,0.0001533600634495559,0.0123838630261141,0.028545680432560394
402,SINOS,25000,13500,False,0.00027539274916264333,0.00022255645834171558,5.2831486388524396e-05,4.804432403372206e-09,1.9827202028126177e-05,0.004452774643761592,0.008848098731738063,0.00014804623596868712,0.012167425198812077,0.02784251150312128
403,SINOS,25000,13600,False,0.0002731612431413887,0.00022012225959644737,5.303807014597673e-05,9.133989645890752e-10,1.9503844184214787e-05,0.004416315679864244,0.008785965805608208,0.00014780803259691267,0.012157632688846651,0.027664982564191976
404,SINOS,25000,13700,False,0.00027085738528556593,0.00021900177167729577,5.185455585980746e-05,1.05774846269893e-09,1.9394432548192472e-05,0.004403911051348843,0.008764829019116066,0.00014701783759828773,0.01212509124082321,0.027651442221353018
405,SINOS,25000,13800,False,0.0002677527312402294,0.00021591540829823955,5.1836940697936766e-05,3.82244053064169e-10,1.8637187427026964e-05,0.004317080891879021,0.008624388708945335,0.00013997744514193254,0.011831206411094877,0.02695432239885648
406,SINOS,25000,13900,False,0.0002632277513798614,0.00021017971509763736,5.3047977996799466e-05,5.82854246022253e-11,1.771974625821729e-05,0.004209482896772154,0.008423672849393982,0.00013347278977087732,0.011553042446510673,0.026202510618059338
407,SINOS,25000,14000,False,0.00026069460041647496,0.00020727032928348688,5.342358818874017e-05,6.829442479181798e-10,1.7504927678752186e-05,0.0041838890614776325,0.008459784906145166,0.0001314246281964583,0.011464058103327037,0.025817534571913936
408,SINOS,25000,14100,False,0.0002576377170784875,0.00020461736944723792,5.302021792597874e-05,1.2970527081346739e-10,1.7272318700585765e-05,0.004155997918741751,0.008366587954960402,0.0001285482140110781,0.011337910478173573,0.025597720252955425
409,SINOS,25000,14200,False,0.00025519572904819063,0.00020338924077420616,5.179900976516204e-05,7.47850882245705e-09,1.6957815759967864e-05,0.004117986857673038,0.00837305147504709,0.00012647592427365888,0.01124615153168669,0.025418973074901874
410,SINOS,25000,14300,False,0.00025302791259922353,0.00020200933328399698,5.101757383246545e-05,1.0054827611157385e-09,1.650237123782939e-05,0.004062311071032029,0.008230947578387209,0.00011984154050647739,0.01094721610759911,0.02467350462979795
411,SINOS,25000,14400,False,0.00025058044216083147,0.00020018841053250514,5.03825618764587e-05,9.469751867659912e-09,1.5991611686703774e-05,0.003998951323372638,0.008091892284308198,0.00011700241587706875,0.010816765499772505,0.023974037346322585
412,SINOS,25000,14500,False,0.0002484959753425364,0.00019734475109980997,5.115083101025514e-05,3.932324712776152e-10,1.5710838968899934e-05,0.0039636900697329926,0.007967595634050412,0.00011551068912757075,0.010747589921818321,0.023996854322971328
413,SINOS,25000,14600,False,0.0002456531302903106,0.00019501010262478719,5.063851977763663e-05,4.507887886758958e-09,1.47360475283494e-05,0.003838755987080893,0.007679297519435115,0.00010704218754642951,0.010346119443850893,0.02313597887470381
414,SINOS,25000,14700,False,0.00024293307061080467,0.00019256314864744728,5.036840922584752e-05,1.512737509841906e-09,1.4215071744955614e-05,0.0037702880188329926,0.007546811081623628,0.00010385435298610616,0.010190895592935205,0.022620329180985
415,SINOS,25000,14800,False,0.00024099258559889846,0.00019123097677967797,4.976098232613241e-05,6.264930880833441e-10,1.4260548593142446e-05,0.003776314154455697,0.007523225777445729,0.00010484437960387119,0.010239354452497051,0.02289787614167177
416,SINOS,25000,14900,False,0.00023904123845331805,0.00018989395361931297,4.913560684034121e-05,1.1677993663857827e-08,1.427391323201807e-05,0.003778083274891922,0.007543870939884355,0.00010455761567811958,0.010225341836736783,0.022930879505228735
417,SINOS,25000,15000,False,0.0002363378387459831,0.0001883649089757821,4.79727883049613e-05,1.4146523972457832e-10,1.3841409439350613e-05,0.003720404472547389,0.007337816743341264,0.0001026251658957475,0.010130407982689913,0.022758850938598363
418,SINOS,25000,15100,False,0.0002334240978033859,0.00018675739641953485,4.6666416612482675e-05,2.8477136834833703e-10,1.3550277857138293e-05,0.003681070205407429,0.007330499094174443,9.988543554939352e-05,0.009994270135902547,0.02283289418258161
419,SINOS,25000,15200,False,0.00023143850129080223,0.00018505367760419,4.637975832092345e-05,5.065365688770847e-09,1.331987773597791e-05,0.0036496407680726485,0.007334478296077117,9.843149382933964e-05,0.009921264729324565,0.022830525738802204
420,SINOS,25000,15300,False,0.00022944493691381957,0.00018464747715375956,4.479744974755414e-05,1.0012505849280138e-11,1.2885685287593293e-05,0.0035896636733255796,0.007312288183515038,9.49663455304685e-05,0.00974506775402144,0.022745540803660536
421,SINOS,25000,15400,False,0.0002271546581185609,0.0001817238415310787,4.542700502718838e-05,3.811560293815621e-09,1.2605448973185861e-05,0.003550415324041099,0.007319524133635747,9.276991860256049e-05,0.00963171420893293,0.022335782000801496
422,SINOS,25000,15500,False,0.00022492607503794254,0.0001798993821957807,4.5026543500978854e-05,1.4934118298586554e-10,1.2076636365518953e-05,0.003475145517171756,0.007218393578719684,8.775163081708418e-05,0.00936758404376946,0.021889898582996115
423,SINOS,25000,15600,False,0.00022231135207147692,0.00017811350182786025,4.4195631884123604e-05,2.21835949305147e-09,1.1763762800719945e-05,0.003429834223504096,0.007189686712315398,8.726444283336332e-05,0.009341543921288564,0.021724781695853235
424,SINOS,25000,15700,False,0.00021982960518010695,0.000175232295959007,4.459608642006214e-05,1.2228010378206114e-09,1.1674770424083449e-05,0.0034168363180116556,0.007209644443467971,8.642113277042763e-05,0.009296296723450023,0.021850526833388756
425,SINOS,25000,15800,False,0.00021704270278904885,0.00017405994780782233,4.2982708664950374e-05,4.631627615586293e-11,1.1678727544214172e-05,0.0034174153309503032,0.007237454453943092,8.678217515954942e-05,0.009315695098034791,0.021947179862656513
426,SINOS,25000,15900,False,0.00021465225530365128,0.0001736017465902914,4.1047647370639586e-05,2.861342720330692e-09,1.1562849107251455e-05,0.0034004189605475756,0.007123764921532515,8.602217642575086e-05,0.009274814091169205,0.02202415874288577
427,SINOS,25000,16000,False,0.0002127348977019239,0.0001722612328783673,4.0473644454405656e-05,2.0369150954068665e-11,1.1642568102148968e-05,0.0034121207631250348,0.007173875586068753,8.448338989329957e-05,0.009191484640323324,0.0218207414931747
428,SINOS,25000,16100,False,0.00021067501987501657,0.0001704854826545467,4.018914517375986e-05,3.9204671000592487e-10,1.1534563021189163e-05,0.0033962572077493136,0.0072039486901774785,8.30460435519498e-05,0.009112960196991414,0.02180699774831446
429,SINOS,25000,16200,False,0.00020902046479189706,0.00016970749976287673,3.9312014972820705e-05,9.500561996223628e-10,1.1678519030787524e-05,0.0034173848233389702,0.007233132057761686,8.514974117369662e-05,0.009227661739232567,0.022169277751469624
430,SINOS,25000,16300,False,0.00020747763257155844,0.00016833286722254767,3.914245258887474e-05,2.3127601360427386e-09,1.1956228354884918e-05,0.0034577779504885676,0.007288680550642727,8.639984209181601e-05,0.009295151536786046,0.022464991972002135
431,SINOS,25000,16400,False,0.00020565323289974417,0.00016845196580046257,3.72012667746868e-05,3.245947933093433e-13,1.167774732266299e-05,0.0034172719123100213,0.007193157275041093,8.459003746918664e-05,0.009197284244231371,0.022298586485734073
432,SINOS,25000,16500,False,0.00020388501189824652,0.00016678709166614698,3.709756090250221e-05,3.593295973634365e-10,1.1494131530269343e-05,0.003390299622491992,0.007143847455684517,8.435300542869888e-05,0.009184389224586406,0.022657269625590837
433,SINOS,25000,16600,False,0.00020246497893407146,0.00016584920524902262,3.6615225716256965e-05,5.479687918608281e-10,1.1406257656641776e-05,0.003377315155066488,0.007234209182585195,8.337660210081266e-05,0.009131078912199404,0.022698232734776724
434,SINOS,25000,16700,False,0.00020096055834684147,0.0001655725512244698,3.538673641482607e-05,1.2707075456227545e-09,1.1216283655814497e-05,0.0033490720589163946,0.007141113798966147,8.144175437592044e-05,0.009024508539301208,0.02238256929326149
435,SINOS,25000,16800,False,0.00019858493305016843,0.00016422335963396108,3.436110846938658e-05,4.6494682075479304e-10,1.08122786871094e-05,0.0032882029571042904,0.007007968890652905,7.864451733996654e-05,0.008868174408522113,0.021817175157388624
436,SINOS,25000,16900,False,0.00019598973461114927,0.00016274821627779593,3.324101013650062e-05,5.081968527193512e-10,1.0581769032220406e-05,0.0032529631157177923,0.007024458704060155,7.740260761569876e-05,0.008797875176183098,0.021612291209574558
437,SINOS,25000,17000,False,0.0001931230874807178,0.00016150882011575318,3.161196821110052e-05,2.2991538641147782e-09,1.0069258000388165e-05,0.0031732094164092237,0.0068898020042419735,7.268157007318331e-05,0.008525348677513625,0.021257155953894658
438,SINOS,25000,17100,False,0.00019102437260444852,0.00016003752751573303,3.0985469963762224e-05,1.3751249532843771e-09,9.730111231554122e-06,0.0031193126216450514,0.006851215541275429,6.890074401099782e-05,0.008300647204344841,0.021026616786222085
439,SINOS,25000,17200,False,0.00018900777159520297,0.00015798054202046806,3.102706857992518e-05,1.6099480974940742e-10,9.541442660327112e-06,0.003088922572731002,0.006779824222148524,6.810542905191596e-05,0.008252601350599456,0.020911205835557167
440,SINOS,25000,17300,False,0.00018726781009872646,0.0001555023890000032,3.17643868165975e-05,1.0342821257528238e-09,9.233543504098136e-06,0.003038674629521584,0.006692399434685205,6.524876554211273e-05,0.008077670799315402,0.020585563764592196
441,SINOS,25000,17400,False,0.00018464094845476936,0.00015312374537537575,3.151694251340807e-05,2.60565985538568e-10,8.661437822348963e-06,0.0029430320797349395,0.006404505269763725,6.141862503922208e-05,0.007837003575297263,0.020292562450680007
442,SINOS,25000,17500,False,0.00018232732774259758,0.0001510787119414158,3.1245269341317455e-05,3.346459864307663e-09,8.454842199415309e-06,0.0029077211350841932,0.006423867253202511,6.104782331717722e-05,0.007813310650241498,0.020206067295997665
443,SINOS,25000,17600,False,0.00017932773467151003,0.0001495683124134329,2.9759414901163503e-05,7.356913628475052e-12,8.107013613637904e-06,0.0028472817938584695,0.0063517408757205185,5.846287326856867e-05,0.007646101834828559,0.019975026564109155
444,SINOS,25000,17700,False,0.00017674171540624627,0.00014792421235317534,2.8815336280843572e-05,2.166772227346117e-09,7.626269013436233e-06,0.00276157002689344,0.006134575052776487,5.469545212653412e-05,0.007395637371216501,0.01944969055839646
445,SINOS,25000,17800,False,0.0001747275705673745,0.00014517050503948432,2.955362899301539e-05,3.436534874776923e-09,7.514951405210754e-06,0.002741341169065017,0.006107232346787138,5.438520880063755e-05,0.007374632790901357,0.018866326163591463
446,SINOS,25000,17900,False,0.00017350955999080912,0.00014373761482113658,2.977185834765357e-05,8.682201896853893e-11,7.361588841844464e-06,0.0027132248048852246,0.006013359387198838,5.4631044057553205e-05,0.0073912816248302435,0.018922806002932502
447,SINOS,25000,18000,False,0.0001710998171612179,0.00014127425472251418,2.9824005738044633e-05,1.5567006590790383e-09,7.378732531143132e-06,0.002716382250557372,0.005960909530434115,5.483561641760201e-05,0.007405107454831565,0.019050251326943213
448,SINOS,25000,18100,False,0.0001684637729898987,0.000139405733435788,2.9057736573761548e-05,3.029803491364681e-10,6.90164619798228e-06,0.0026270984370560385,0.005769649188764805,5.1682063165638645e-05,0.007189023797821137,0.01877234949376594
449,SINOS,25000,18200,False,0.00016673930936335072,0.00013851479515286774,2.822337441785165e-05,1.139792631342578e-09,6.62013197202502e-06,0.002572961712117967,0.005578554857526436,5.0721119918041606e-05,0.007121876151551753,0.01880684103219976
450,SINOS,25000,18300,False,0.0001651348410675087,0.00013731357534609045,2.781668238228211e-05,4.583339136143706e-09,6.548785562879484e-06,0.0025590595074908838,0.005570980730158724,5.1082440918606066e-05,0.007147198116647255,0.01899461177802675
451,SINOS,25000,18400,False,0.0001635169436894904,0.00013584638345958197,2.7670131710694032e-05,4.285192143958238e-10,6.673019474955151e-06,0.002583218820571566,0.005648799226492938,5.242291862467993e-05,0.00724036729901736,0.01914245006948667
452,SINOS,25000,18500,False,0.00016209735856232067,0.0001341976019804729,2.7898996900580636e-05,7.596812671415343e-10,6.604859699415495e-06,0.0025699921594073967,0.005661110945177374,5.195298431146486e-05,0.007207841862268127,0.019218556023511024
453,SINOS,25000,18600,False,0.00016069062435039783,0.00013338377969356264,2.7306840497239647e-05,4.159595535495678e-12,6.624641403447064e-06,0.0025738378743516586,0.005735519677088483,5.370729028343912e-05,0.007328525791961103,0.01945173315726173
454,SINOS,25000,18700,False,0.00015946450621625598,0.00013266336626538717,2.680109047473222e-05,4.9476136606338956e-11,6.716546935528348e-06,0.002591630169512685,0.00583805144037839,5.414215807168357e-05,0.00735813550240029,0.019573572601268574
455,SINOS,25000,18800,False,0.00015800891056569783,0.00013185736333485424,2.6151302637376074e-05,2.445934675163305e-10,6.695425905050476e-06,0.0025875521067314712,0.005843654349934661,5.426744319124734e-05,0.007366643957138647,0.0195557527220373
456,SINOS,25000,18900,False,0.0001564616304673088,0.00012990295296649585,2.6558628658891978e-05,4.884192097343414e-11,6.861358943125733e-06,0.0026194195813434955,0.005957848592295638,5.559420864861496e-05,0.007456152402453625,0.019345477868491
457,SINOS,25000,19000,False,0.00015478214486265492,0.00012917774647641571,2.5604397858232387e-05,5.280067972146e-13,6.7316142151367285e-06,0.002594535452665222,0.00591583595791198,5.5359752061306124e-05,0.007440413433493204,0.019314202256590196
458,SINOS,25000,19100,False,0.0001533710511450368,0.0001282989638565379,2.507051966462397e-05,1.5676238749137075e-09,6.598007280052018e-06,0.0025686586538604186,0.005890417028276986,5.449337730644872e-05,0.007381962971083554,0.01926066994031944
459,SINOS,25000,19200,False,0.00015206153987533201,0.0001263323543808745,2.5728921809965506e-05,2.6368449202895473e-10,6.351242706129887e-06,0.0025201671980505354,0.005785053029835784,5.271360996282625e-05,0.007260413897487267,0.019147562932431528
460,SINOS,25000,19300,False,0.00015016112074230396,0.00012324680786688133,2.6913226184685976e-05,1.0866907366385244e-09,6.0375699227185545e-06,0.002457146703540217,0.005673310880933004,5.0492689675590926e-05,0.007105820830529779,0.018788175674061658
461,SINOS,25000,19400,False,0.00014912762468053414,0.0001224643173993517,2.6660174870349604e-05,3.132410832827211e-09,5.8618198067309585e-06,0.0024211195358203523,0.005618372360630013,4.9728167562757454e-05,0.007051820159558627,0.018832440554576668
462,SINOS,25000,19500,False,0.00014815233440560285,0.00012228818831986295,2.5864017930261363e-05,1.2815547851646421e-10,5.843484458708065e-06,0.002417330026849471,0.005611208955679656,4.917409513945448e-05,0.007012424341085933,0.01871256941531446
463,SINOS,25000,19600,False,0.0001466966374026553,0.00012162181287042022,2.5073098399478953e-05,1.7261327561250083e-09,5.760967320016459e-06,0.002400201516543238,0.005529012186317349,4.779288444835666e-05,0.006913239793928507,0.018385717015520275
464,SINOS,25000,19700,False,0.0001449069035061821,0.00011998698555886095,2.4919631974706876e-05,2.859726142651841e-10,5.631287768150697e-06,0.0023730334528090195,0.005495695513836278,4.626139695818662e-05,0.0068015731237844245,0.017979685215229302
465,SINOS,25000,19800,False,0.00014379951393544,0.00011897526686243842,2.4823777920586918e-05,4.691524146746069e-10,5.569094239732645e-06,0.0023598928449683147,0.0054535193835727695,4.5722346442254327e-05,0.006761830110425308,0.017782466428760968
466,SINOS,25000,19900,False,0.00014268767140807715,0.00011765204425565202,2.503488536014968e-05,7.417922754475102e-10,5.4559402155899665e-06,0.00233579541389865,0.00537698154501492,4.519091605712512e-05,0.006722418914135381,0.01776979005666196
467,SINOS,25000,20000,False,0.00014165725167608658,0.00011686245128706915,2.4794793786316476e-05,6.602700955702404e-12,5.382994992607064e-06,0.0023201282276217113,0.00532117216461872,4.4165360816701795e-05,0.006645702432151307,0.01780742438227073
468,SINOS,25000,20100,False,0.00014050287666666938,0.00011585654013828792,2.4646321148227986e-05,1.5380153474726793e-11,5.292838565763189e-06,0.0023006169967561287,0.00527659795152017,4.313350956425146e-05,0.006567610643472363,0.017839296276989436
469,SINOS,25000,20200,False,0.0001396554294064398,0.00011524402588139641,2.4407870419537653e-05,3.5331055057180876e-09,5.222229229532207e-06,0.002285219733314984,0.005279858322125738,4.3690300280917424e-05,0.006609863862510137,0.01827814781929038
470,SINOS,25000,20300,False,0.0001387798185627113,0.00011429176474549875,2.4488050894191002e-05,2.923021545254837e-12,5.042204956905826e-06,0.002245485461299143,0.00516435706588171,4.253006581428191e-05,0.006521507940214587,0.01799252518871819
471,SINOS,25000,20400,False,0.0001376250824779649,0.00011283590251060966,2.4788759417413144e-05,4.2054994213254814e-10,4.912676845068759e-06,0.002216455919947148,0.005055524948105438,4.13888303671121e-05,0.006433415140274417,0.01779497223215948
472,SINOS,25000,20500,False,0.00013685109216640036,0.00011218035566551344,2.467059554486909e-05,1.4095601782227274e-10,4.807577836641871e-06,0.002192618944696472,0.005006194329151552,4.0763967446966704e-05,0.006384666588551567,0.01769776459331962
473,SINOS,25000,20600,False,0.00013608736032888428,0.00011207159365075408,2.4015528508534032e-05,2.3816959618454086e-10,4.678946657423625e-06,0.002163087297689029,0.004980217815627996,3.8980553939679096e-05,0.006243440873402991,0.01745718280635089
474,SINOS,25000,20700,False,0.00013559575160331015,0.00011164402784654289,2.3951561740015426e-05,1.6201675185979497e-10,4.6160946646361834e-06,0.002148509870732779,0.005026739648852275,3.854750240444715e-05,0.00620866349582961,0.017291591355315716
475,SINOS,25000,20800,False,0.00013518103209242245,0.00011148867267378183,2.3691236908488318e-05,1.1225101522896632e-09,4.547938234463706e-06,0.0021325895607133844,0.0050027527380678005,3.8186505812830866e-05,0.006179523105615098,0.017197069802122877
476,SINOS,25000,20900,False,0.0001345405110018365,0.0001106281571289922,2.391056816477933e-05,1.785708064948423e-09,4.4038545627882866e-06,0.0020985362905578467,0.004923736976002885,3.699073058969347e-05,0.006082000541737354,0.017029157799074515
477,SINOS,25000,21000,False,0.00013378750290598583,0.00010965038175695131,2.413623120900198e-05,8.899400325342457e-10,4.23792364062054e-06,0.002058621781828935,0.004830984457284094,3.474476979566214e-05,0.0058944694244403495,0.016934897444991062
478,SINOS,25000,21100,False,0.00013298904122734372,0.00010852642455138069,2.4462483222984085e-05,1.3345297893572733e-10,4.162584797375884e-06,0.0020402413576280343,0.004745366887620481,3.476155636502542e-05,0.005895893177884537,0.016928741376575736
479,SINOS,25000,21200,False,0.0001322542950626337,0.00010805398964234736,2.419799724853972e-05,2.3081717466286133e-09,4.1559369544546054e-06,0.0020386115261262026,0.00472987673261047,3.413335486357019e-05,0.005842375789314668,0.017172582785077484
480,SINOS,25000,21300,False,0.00013153506135477598,0.00010771011300746403,2.3824906871004165e-05,4.147630777299124e-11,4.1049556023432976e-06,0.002026069002364751,0.0047258591335931875,3.389916941665766e-05,0.0058222993238631815,0.017389522164024784
481,SINOS,25000,21400,False,0.00013084726474334112,0.0001066913803922337,2.41558745764141e-05,9.774693309274007e-12,3.946290693111213e-06,0.001986527294831665,0.004633139498413069,3.2795471269190136e-05,0.005726733036312251,0.017282231391908126
482,SINOS,25000,21500,False,0.000130159329772632,0.00010573632323937375,2.4423003156427637e-05,3.3768306160576006e-12,3.870032869415843e-06,0.001967239911504401,0.0045618979606613765,3.192609224660833e-05,0.005650317888987161,0.017234541347864795
483,SINOS,25000,21600,False,0.00012966967052640768,0.00010524893715994701,2.4420115332586797e-05,6.180338738531217e-10,3.770698883167766e-06,0.00194182874712673,0.0044992186587301565,3.132376107799866e-05,0.005596763446671537,0.01759444735362125
484,SINOS,25000,21700,False,0.00012914213767846737,0.00010475622500907645,2.4385883453372565e-05,2.9216018365471994e-11,3.699528269878888e-06,0.0019234157818524022,0.004514650765379429,3.0894224663271066e-05,0.005558257340504402,0.01795677785049093
485,SINOS,25000,21800,False,0.0001285231755858468,0.00010449617742858423,2.402690658699252e-05,9.157027006041393e-11,3.624213376573273e-06,0.001903736687825623,0.004444503963794966,3.0123396527351897e-05,0.005488478525725676,0.018115195459896614
486,SINOS,25000,21900,False,0.0001276149543861553,0.00010395979071942296,2.365278552916683e-05,2.3781375655006358e-09,3.466103721775984e-06,0.0018617474914112235,0.004294529844686708,2.933105677441442e-05,0.005415815430238961,0.01831615582599468
487,SINOS,25000,22000,False,0.00012678427453073705,0.00010329464891653358,2.3488975851879324e-05,6.497623241636514e-10,3.438617842494206e-06,0.0018543510569722784,0.004308222344112829,2.9302220653502656e-05,0.005413152561447226,0.01842977505428373
488,SINOS,25000,22100,False,0.00012623106506393577,0.00010271687544409537,2.3513929177818234e-05,2.6044202216344626e-10,3.4869009914218795e-06,0.0018673245543884115,0.004319215077382069,2.9669369188885812e-05,0.005446959627983836,0.018379922475910745
489,SINOS,25000,22200,False,0.00012563322146657527,0.00010216624056343856,2.3464677769693523e-05,2.3031334431756114e-09,3.5079269781113282e-06,0.0018729460691945532,0.004321962434796337,3.0139134934205283e-05,0.0054899121062367915,0.01823107266022876
490,SINOS,25000,22300,False,0.0001251956218143352,0.0001015288811212866,2.3665230789300117e-05,1.509903748459361e-09,3.4872155676488637e-06,0.001867408784291448,0.004278691784532791,2.977286368715855e-05,0.005456451565546839,0.018345720291954318
491,SINOS,25000,22400,False,0.00012469139932373008,0.00010104311848823191,2.364772793904103e-05,5.528964571395336e-10,3.437937285358677e-06,0.0018541675451152404,0.004231721307535598,2.9411890777285813e-05,0.005423273068663039,0.018246094917047595
492,SINOS,25000,22500,False,0.00012414352847458758,0.00010041761885263739,2.372468315682466e-05,1.2264651255249767e-09,3.3508759668807036e-06,0.0018305398020476648,0.0041057627774880034,2.8580966502423834e-05,0.005346116955550434,0.018253746653044405
493,SINOS,25000,22600,False,0.00012360376085250542,9.99556726024535e-05,2.3647712084259124e-05,3.761657927913312e-10,3.269170612191007e-06,0.0018080847912061554,0.004025241668180541,2.804128143519483e-05,0.005295401914415451,0.018396473033153338
494,SINOS,25000,22700,False,0.00012303002812203757,9.923232540687465e-05,2.3797560034144834e-05,1.4268101808670763e-10,3.213828863122559e-06,0.0017927154997719407,0.003963813226034957,2.746332302945821e-05,0.005240546062144498,0.01850955636335336
495,SINOS,25000,22800,False,0.00012243013734651026,9.86813566285363e-05,2.3748575611696068e-05,2.0510627788163652e-10,3.2201769632919194e-06,0.001794485152708687,0.003962837644995075,2.7099192063503698e-05,0.005205688433195335,0.01842399096953399
496,SINOS,25000,22900,False,0.00012200975972679424,9.82245614713195e-05,2.3783932469698704e-05,1.265785776033143e-09,3.2061067376273836e-06,0.0017905604534970004,0.003945045381027832,2.7237591620455303e-05,0.005218964611918278,0.018230394035753134
497,SINOS,25000,23000,False,0.00012164054273627329,9.774525747046913e-05,2.3895168277284557e-05,1.1698851961307068e-10,3.2340966076333026e-06,0.0017983594211484263,0.003971128914632669,2.7875050697201994e-05,0.005279682821647717,0.01818503795348308
498,SINOS,25000,23100,False,0.00012132225773207113,9.764315212080173e-05,2.3678080396725457e-05,1.0252145439501638e-09,3.203133536976764e-06,0.0017897300179012376,0.003962533708054479,2.7660955933993597e-05,0.005259368396869875,0.018218024254973025
499,SINOS,25000,23200,False,0.00012090093027280442,9.738979844296083e-05,2.351109419759452e-05,3.7632249064544764e-11,3.1718767659606247e-06,0.0017809763518813564,0.003921615817111338,2.7158166452386735e-05,0.005211349772600831,0.018086513918094987
500,SINOS,25000,23300,False,0.00012042873882156168,9.690777102879841e-05,2.352074384507148e-05,2.2394769178273563e-10,3.0987329042715173e-06,0.001760321818381945,0.003895243600320531,2.6386513057841072e-05,0.005136780417522349,0.01822709228977973
501,SINOS,25000,23400,False,0.0001199323397181166,9.644047279993721e-05,2.349142376699368e-05,4.431511857023241e-10,3.0519543118927923e-06,0.001746984347924386,0.0038918577356416907,2.5693236148987642e-05,0.005068849588317614,0.018130550570247605
502,SINOS,25000,23500,False,0.00011946557036627946,9.596666088260057e-05,2.3498534868640512e-05,3.746150383654674e-10,3.063081247624768e-06,0.001750166062870826,0.003859174575561636,2.5578274120263985e-05,0.005057496823554513,0.018168401497974492
503,SINOS,25000,23600,False,0.0001190164260147771,9.545506454774649e-05,2.3561032328960764e-05,3.2913806984342525e-10,3.0408499097076578e-06,0.001743803288707662,0.0038339003801647763,2.565639812067473e-05,0.005065214518722255,0.018250639338149122
504,SINOS,25000,23700,False,0.00011842617786067601,9.473807268684983e-05,2.3687980282416668e-05,1.248914095205908e-10,3.0059999664593695e-06,0.0017337819835433086,0.0038230724296207047,2.507468521074304e-05,0.0050074629515097805,0.0179976044556563
505,SINOS,25000,23800,False,0.00011792612861231608,9.413208754439731e-05,2.37940245558423e-05,1.651207646850208e-11,2.9378283467670533e-06,0.0017140094360204245,0.0038272022971275357,2.4485425780767476e-05,0.004948275030833217,0.017939955267149213
506,SINOS,25000,23900,False,0.0001175768398821602,9.402076258389791e-05,2.3556068657473732e-05,8.640788556919838e-12,2.892115831112003e-06,0.0017006221894095123,0.003796894318171756,2.410372448056877e-05,0.004909554407537284,0.017733266474494185
507,SINOS,25000,24000,False,0.00011725056895757425,9.366160516487745e-05,2.358891452959886e-05,4.926309794772286e-11,2.8815674026022635e-06,0.0016975180124529647,0.003767354974978489,2.3828884401151417e-05,0.004881483831905153,0.017655514558175735
508,SINOS,25000,24100,False,0.00011698411384460526,9.351401493299858e-05,2.347009434550106e-05,4.56610561225309e-12,2.862974770381758e-06,0.0016920327332477223,0.0037927830969316308,2.3693828426318953e-05,0.004867630678915457,0.017647649169917526
509,SINOS,25000,24200,False,0.00011663337496963909,9.287246356207603e-05,2.3760902524977936e-05,8.882585120101053e-12,2.8432984343446704e-06,0.001686208300995067,0.0038192319099899547,2.343977193572028e-05,0.004841463821585398,0.017512558328262092
510,SINOS,25000,24300,False,0.00011628733325374022,9.253300110527602e-05,2.3754022960219063e-05,3.0918824513509884e-10,2.885667662352491e-06,0.0016987253051486844,0.0038607885765516567,2.3764658521029947e-05,0.004874900872943977,0.017339367318629097
511,SINOS,25000,24400,False,0.00011583600417469478,9.186863460664856e-05,2.3966233036459528e-05,1.1365315866888509e-09,2.9516848912480235e-06,0.0017180468245213876,0.0038973315780102148,2.4240699101065214e-05,0.004923484447123319,0.017237414693975894
512,SINOS,25000,24500,False,0.00011551625411427656,9.112319096437217e-05,2.4392652518884624e-05,4.106310197674032e-10,2.9583059343602247e-06,0.0017199726551199077,0.0038610871934849273,2.438627059535233e-05,0.004938245700180615,0.017039940123542593
513,SINOS,25000,24600,False,0.0001151210056198953,9.030146664929634e-05,2.4819434462642773e-05,1.0450795617461575e-10,2.9158456847270505e-06,0.0017075847518430967,0.0038367447272063433,2.3940694831039294e-05,0.0048929229332822415,0.017094455798444107
514,SINOS,25000,24700,False,0.00011475494735287924,8.980810933552203e-05,2.494674610839628e-05,9.190896091892362e-11,2.9000745261128414e-06,0.001702960518072231,0.003806199672095327,2.374304319822926e-05,0.004872683367327418,0.01699158377365423
515,SINOS,25000,24800,False,0.0001143961456544479,8.923652283053974e-05,2.5159616998061808e-05,5.825846357992129e-12,2.8776522758361246e-06,0.001696364428958626,0.003819757999139324,2.4000641845164017e-05,0.004899044993176121,0.016947497982291098
516,SINOS,25000,24900,False,0.00011396728971393312,8.841950093513752e-05,2.5547751440759454e-05,3.7338036136900874e-11,2.8945198210646894e-06,0.0017013288397792737,0.0038346166070742068,2.3893714924926978e-05,0.004888119773995618,0.016853437014903973
517,SINOS,25000,25000,False,0.00011348470652455106,8.828310543049499e-05,2.520090767768869e-05,6.934163673740866e-10,2.859225053571852e-06,0.0016909243192916269,0.0038431953274472943,2.3455168168031904e-05,0.004843053599541502,0.016511573199582703
518,SINOS,25000,25100,False,0.0001129277190765878,8.85021739634676e-05,2.44253093428552e-05,2.357702649902073e-10,2.8699976120804294e-06,0.0016941067298374176,0.003928847272539899,2.3382845237249154e-05,0.004835581168510064,0.016343555886343338
519,SINOS,25000,25200,False,0.00011245933361484718,8.804902666664389e-05,2.4410271567395096e-05,3.5380808187787686e-11,2.8701812671464177e-06,0.001694160933071713,0.003963963465558069,2.323100961625944e-05,0.00481985576716352,0.016377360110879386
520,SINOS,25000,25300,False,0.00011173651909765022,8.751404300859112e-05,2.4221253682083685e-05,1.2224069754101672e-09,2.8024627900540146e-06,0.0016740557906037704,0.003888560925822031,2.2407520482707597e-05,0.004733658255800433,0.016482789121420687
521,SINOS,25000,25400,False,0.00011105100649085983,8.696110347709789e-05,2.40895309071017e-05,3.721066602405604e-10,2.727798642025415e-06,0.001651604868612773,0.0038708182770164756,2.1820653892166946e-05,0.00467125827718474,0.01626858908346424
522,SINOS,25000,25500,False,0.00011033395889488678,8.640372806387314e-05,2.393022731251682e-05,3.518496823518659e-12,2.7013763923497505e-06,0.0016435864420071586,0.003891056564705707,2.1096158008525337e-05,0.004593055411000975,0.016415905570722592
523,SINOS,25000,25600,False,0.00010996397424447709,8.630168627687607e-05,2.366219089406981e-05,9.707353120288368e-11,2.7223371536831432e-06,0.0016499506518933052,0.003884949433793282,2.110864826400963e-05,0.004594414898984378,0.01633308324690547
524,SINOS,25000,25700,False,0.00010952234587466715,8.623290548252346e-05,2.328573479377802e-05,3.70559836566626e-09,2.719874813206858e-06,0.0016492042969889625,0.0038837395814884245,2.0963075132882272e-05,0.004578545089095692,0.01620344593248026
525,SINOS,25000,25800,False,0.00010906912893603329,8.562023049346765e-05,2.3447239020179792e-05,1.6594223858385548e-09,2.6901690612320324e-06,0.0016401734851021195,0.0038833724542916602,2.0803119660266834e-05,0.0045610437029551506,0.01582941957441407
526,SINOS,25000,25900,False,0.00010858849029698968,8.477380997444507e-05,2.381371092932758e-05,9.693932170236406e-10,2.646422000152437e-06,0.0016267827144866142,0.0038411310854144635,2.032940582604904e-05,0.0045088142372523,0.015578492593757218
527,SINOS,25000,26000,False,0.00010802545418344455,8.422173791887202e-05,2.3803645660837067e-05,7.060373545832935e-11,2.7399721097336076e-06,0.0016552861111401882,0.0038991718357290796,2.0759690161382985e-05,0.004556280298816457,0.015420972434905929
528,SINOS,25000,26100,False,0.00010763421039879496,8.424833847630518e-05,2.3385856336083953e-05,1.5586405839317304e-11,2.8085560684137476e-06,0.0016758747173979765,0.0038919571588370517,2.1298486999893393e-05,0.004615028385599962,0.015237885641020752
529,SINOS,25000,26200,False,0.00010691218299569993,8.386466979162674e-05,2.3047347200860406e-05,1.6600321279663223e-10,2.7568676508414785e-06,0.0016603817786405265,0.00384180488424419,2.069136073179512e-05,0.004548775739888165,0.015173567251831126
530,SINOS,25000,26300,False,0.00010616849244686217,8.397091825986688e-05,2.2197574181930996e-05,5.064289622654745e-15,2.6568895334044413e-06,0.0016299967893847035,0.003796796171843224,1.981018669036661e-05,0.00445086358927867,0.015068992282447796
531,SINOS,25000,26400,False,0.00010563831448144202,8.355625748225727e-05,2.2082020553058953e-05,3.644612579944794e-11,2.5893364884091446e-06,0.0016091415377179053,0.0037482007294966286,1.9436127758677815e-05,0.004408642394057133,0.015056635902725875
532,SINOS,25000,26500,False,0.00010497754823515045,8.35668264617952e-05,2.1410688491508773e-05,3.328184648246311e-11,2.5621777824633544e-06,0.0016006804123444988,0.0037662157813835046,1.9077030411936997e-05,0.004367726000098563,0.01502262208763602
533,SINOS,25000,26600,False,0.00010447345421112853,8.346862158475476e-05,2.100434227095831e-05,4.903554154674555e-10,2.607077655002324e-06,0.001614644745757507,0.003857514969972012,1.9428601222941452e-05,0.0044077886998972,0.01519925029736219
534,SINOS,25000,26700,False,0.00010402986049224383,8.340802975069618e-05,2.061931530414436e-05,2.515437403282816e-09,2.5939695961492268e-06,0.0016105805152643647,0.0039030559430343406,1.9125507470687397e-05,0.00437327194108569,0.01487464858676274
535,SINOS,25000,26705,True,0.0001040006291683438,8.345947442863437e-05,2.053929007430123e-05,1.8646654082047802e-09,2.5995021487382566e-06,0.0016122971651461328,0.00389456034073408,1.912790861444551e-05,0.0043735464573324825,0.014888594385358158
536,D-SINOS,25000,100,False,0.25913854435165357,0.19830550168544242,0.06083143638719898,1.606279012216806e-06,0.28174718316896713,0.5307986277007196,1.0125664145043827,0.1645822101908907,0.4056873305772448,0.8871868627360404
537,D-SINOS,25000,200,False,0.08531457287052988,0.07701858734058656,0.008260113407009084,3.587212293423697e-05,0.00695853300548167,0.08341782186968004,0.1793129014681218,0.1344439801067376,0.3666660334783379,0.7659976777442522
538,D-SINOS,25000,300,False,0.0633116245359354,0.057516209676442526,0.005793136793776292,2.278065716574689e-06,0.005109689309187085,0.07148209082831228,0.16555229359894108,0.10782366394550852,0.32836513813970647,0.5842454250079031
539,D-SINOS,25000,400,False,0.05623966194851266,0.05341114626027273,0.002824235653159745,4.280035080192254e-06,0.0021007374384259085,0.04583380235618586,0.14506702276670147,0.10894889490021199,0.33007407486837254,0.6453999300423501
540,D-SINOS,25000,500,False,0.05057920162200121,0.0479034282616451,0.0026205376353857987,5.5235724970315675e-05,0.0046349703953813114,0.0680806168845532,0.1642114035106582,0.12878017463036862,0.35885954721919916,0.8551594962626339
541,D-SINOS,25000,600,False,0.0435642844832703,0.0417578173951309,0.0017966088645715796,9.858223567818683e-06,0.0017416658574908787,0.041733270390551455,0.10841448365264687,0.10800760103050314,0.3286450988992581,0.8171988529071639
542,D-SINOS,25000,700,False,0.039331791282466284,0.03715904506437154,0.0021727411400949363,5.077999812545692e-09,0.0020749411556815417,0.04555152199083519,0.11613158725419967,0.07996010241101628,0.28277217403948407,0.7459032044178734
543,D-SINOS,25000,800,False,0.03386823780865287,0.03142928696916693,0.0024246920400566104,1.4258799429331411e-05,0.0033080682986540975,0.05751580911935515,0.14140827602383158,0.07318532042318576,0.2705278551705642,0.9728451289036615
544,D-SINOS,25000,900,False,0.027484917327278924,0.025186397825489946,0.0022856361776744574,1.2883324114518553e-05,0.0014966069003542624,0.03868600393364844,0.10780970300739026,0.055231732993923206,0.2350143250823728,1.1835771532432613
545,D-SINOS,25000,1000,False,0.02124319369547158,0.019046005946575097,0.0021944726440916267,2.715104804855315e-06,0.0011745624338323423,0.03427188984915104,0.08705866172366941,0.04016559788449005,0.20041356711682481,1.120723925013134
546,D-SINOS,25000,1100,False,0.01762651347228443,0.01599374992191688,0.0016326494653591595,1.1408500838949809e-07,0.0011010409479959864,0.033181937074197254,0.09542212436151261,0.030381768322236432,0.1743036669787427,0.9697137555615215
547,D-SINOS,25000,1200,False,0.014013760140051606,0.012439972251076908,0.0015558250039484794,1.796288502621797e-05,0.001061984011902193,0.032588096168726904,0.08949523660727013,0.03639219705920965,0.19076738992608158,0.6641521136853914
548,D-SINOS,25000,1300,False,0.011375254246149364,0.009720459700629694,0.001652418582887648,2.375962632023397e-06,0.001341368495882742,0.036624697894764156,0.09568905797202382,0.019181533180132153,0.1384974121784669,0.5157772633092131
549,D-SINOS,25000,1400,False,0.00888835540369029,0.007305816344502499,0.001580959229732423,1.5798294553666087e-06,0.0006888155588992875,0.026245295938497008,0.07408995507898367,0.010479163257540476,0.10236778427581832,0.36679199075111507
550,D-SINOS,25000,1500,False,0.007591546679397498,0.006459466164760489,0.0011319640099831608,1.1650465384806714e-07,0.0006701922827726897,0.025888072210434862,0.06644487944420376,0.010021787047591865,0.1001088759680772,0.3573117754022907
551,D-SINOS,25000,1600,False,0.006603168507670356,0.0055623801086620624,0.0010407031881717321,8.521083656145373e-08,0.0005376664574614476,0.023187635874781364,0.05864688471027344,0.011574245976170456,0.10758366965376509,0.33868967672711414
552,D-SINOS,25000,1700,False,0.005899096779569647,0.004884997742173284,0.0010140545374359667,4.449996039639398e-08,0.0003868710078447503,0.019669036779790473,0.04592879958243483,0.00887642663616961,0.09421478990142476,0.28691903358905213
553,D-SINOS,25000,1800,False,0.005512666166206423,0.004503193829036458,0.00100934171341147,1.30623758494305e-07,0.0003512254893895094,0.018741010895613648,0.04815811603161195,0.00721166947187308,0.08492154892530564,0.27345823479505815
554,D-SINOS,25000,1900,False,0.004882350336673711,0.0039029001895476453,0.0009781497968925773,1.3003502334881263e-06,0.00025846786800732017,0.016076935902320448,0.04810761876805223,0.007318925844612217,0.0855507208889102,0.29376137050982365
555,D-SINOS,25000,2000,False,0.0043308656271327985,0.003442365448034496,0.0008877414569277732,7.587221705287209e-07,0.00020268550699509408,0.01423676603007488,0.03849690800129329,0.005855521285791775,0.07652137796584543,0.2737706304329528
556,D-SINOS,25000,2100,False,0.003741816615144735,0.003107463513001142,0.0006343458800090474,7.2221345454632816e-09,0.0002416093318001665,0.01554378756288719,0.040303583721605994,0.005381572863450376,0.07335920435398939,0.21265086057359267
557,D-SINOS,25000,2200,False,0.0032400050108519103,0.0027956551252399757,0.00044385754829615016,4.923373157848297e-07,0.0002186181872053779,0.014785742700499623,0.04424615618587933,0.005552990005240391,0.07451838702790332,0.2113348362932255
558,D-SINOS,25000,2300,False,0.002976312260095639,0.0025669194850636476,0.00040926114595138906,1.316290806022717e-07,0.00020221835296000204,0.01422034995912555,0.04292319908689088,0.005219728474408193,0.0722476883672287,0.238101145703892
559,D-SINOS,25000,2400,False,0.0027794053828245906,0.0023918986480513807,0.0003874360892724083,7.064550080161631e-08,0.00027641220228896685,0.016625648928356655,0.04179071300699373,0.004249942993216924,0.06519158682849287,0.2467390866318451
560,D-SINOS,25000,2500,False,0.002508361474702527,0.0021335666085052557,0.0003747922802824318,2.5859148394511697e-09,0.00030562525418710085,0.017482141006956237,0.04531376270678128,0.0038645927366426835,0.06216584863606933,0.24267117952273828
561,D-SINOS,25000,2600,False,0.0021092194892662476,0.0017614561595302768,0.00034748503980269437,2.782899332764788e-07,0.0002006199098323725,0.014164035789010578,0.04264331722132534,0.002800638796293152,0.05292106193466975,0.1848641370997014
562,D-SINOS,25000,2700,False,0.0018433328515806784,0.001542233670614583,0.00030103182256383074,6.735840226467873e-08,0.00018463063768865958,0.01358788569604041,0.04247860776533334,0.0021725388144375486,0.04661050111764031,0.1668462321619295
563,D-SINOS,25000,2800,False,0.0016077454587930383,0.001383250888780688,0.0002244624109486706,3.2159063679600395e-08,0.00018529024861311914,0.013612136078261896,0.036888894878346595,0.0016381954749377522,0.04047462754538641,0.18144365976846064
564,D-SINOS,25000,2900,False,0.001463247459309028,0.0012506388136106358,0.00021245878978422224,1.4985591417014784e-07,0.00018768549346092448,0.013699835526783688,0.03466701379583102,0.0013368726156048282,0.036563268666857836,0.18341287240613033
565,D-SINOS,25000,3000,False,0.001349630718838663,0.0011824846632174993,0.00016714566791238707,3.8770877649183297e-10,0.00017833389305427805,0.013354171372806253,0.03156236457295416,0.0010684100425543603,0.03268654222389331,0.1449834881132013
566,D-SINOS,25000,3100,False,0.0012531661620057604,0.0011069905838585986,0.00014578360270550489,3.919754416569911e-07,0.0001719805954837985,0.013114137237492923,0.031840210133003685,0.0010765623905125985,0.03281101020256155,0.14740718871187808
567,D-SINOS,25000,3200,False,0.0011761547250838127,0.0010350122915265725,0.00014096146952007735,1.8096403716288788e-07,0.00015471927063491917,0.012438620125838684,0.030849271551935592,0.0013632332740463305,0.03692198903155585,0.1417676244094213
568,D-SINOS,25000,3300,False,0.001089272286847326,0.0009691627252292282,0.00012010369356819657,5.868049901127387e-09,0.00014710798299217133,0.01212880797902957,0.030965069393259017,0.0011778714483277762,0.03432013182270395,0.10158913109202244
569,D-SINOS,25000,3400,False,0.0010243288608640419,0.000908443856845198,0.00011587044090298647,1.4563115857366628e-08,0.0001385816391092239,0.011772070298347013,0.030392699719171565,0.0007808596258831358,0.027943865621691207,0.10152151155058947
570,D-SINOS,25000,3500,False,0.0009715791021046757,0.0008565688112983812,0.00011498301246678769,2.7278339506810153e-08,0.00013426415640823748,0.011587241104259351,0.02839641859318086,0.0006611051960338434,0.025711966008725263,0.09782715050743274
571,D-SINOS,25000,3600,False,0.0009103805102194613,0.0008023710280321082,0.00010798633483945951,2.3147347893551454e-08,0.00012896570337965049,0.011356306766711196,0.028267363265126105,0.0007844763623610536,0.02800850517898186,0.09823896173395458
572,D-SINOS,25000,3700,False,0.0008284337518945457,0.0007200179873694054,0.00010820957762632533,2.061868988150168e-07,0.00014990613697469395,0.012243616172303587,0.03367084461126312,0.0007692595716242144,0.027735529048933148,0.09288421470764072
573,D-SINOS,25000,3800,False,0.0007668649030695203,0.0006569166220344123,0.00010989928772571841,4.899330938974169e-08,0.00013690073907181294,0.011700458925692315,0.03174111011252944,0.0005937661668383083,0.0243673175962868,0.07568286773886826
574,D-SINOS,25000,3900,False,0.0007272939581516294,0.0006247802787373815,0.00010247573504230335,3.794437194453447e-08,0.00012821016244537336,0.011322992645293618,0.02828994940233054,0.0004975272991638988,0.022305319974479158,0.06680591714786732
575,D-SINOS,25000,4000,False,0.0006893043245034199,0.0005859900229795401,0.00010331385136449682,4.5015938291208387e-10,0.00013117739344497404,0.01145326998917663,0.027937461590094352,0.0006623278715862228,0.025735731417354798,0.08868141265691842
576,D-SINOS,25000,4100,False,0.0006583605774603202,0.0005605575746591772,9.779511246436486e-05,7.89033677810357e-09,0.00013313038880710334,0.011538214281556021,0.027608759292418076,0.0005735441780408673,0.02394878239161372,0.08952728366786122
577,D-SINOS,25000,4200,False,0.0006351632037722,0.000536551924231693,9.859411701098198e-05,1.716252952497601e-08,0.0001395051217934862,0.01181122863183531,0.02848044975008075,0.0004999686153096278,0.02235997798097368,0.08315416001275355
578,D-SINOS,25000,4300,False,0.0006171159156462494,0.0005228661570084964,9.424963704538115e-05,1.2159237194763222e-10,0.0001239923095344988,0.011135183408211057,0.026060791273394265,0.00039689139126391435,0.019922133200636783,0.07520868731924196
579,D-SINOS,25000,4400,False,0.0006004928337980657,0.000502920893181993,9.757141708405399e-05,5.235320187749155e-10,0.0001204906216028186,0.010976822017451981,0.02664783649958667,0.00044401489373285493,0.021071660915382415,0.07157181099638349
580,D-SINOS,25000,4500,False,0.0005747919778498623,0.0004777905253291029,9.693214264761539e-05,6.930987314409793e-08,0.00011903821711039766,0.010910463652402572,0.028085329195095758,0.0004188068205033292,0.02046477022845185,0.06498877124142921
581,D-SINOS,25000,4600,False,0.0005381982943948445,0.00044562508112359325,9.253960126566199e-05,3.361200558920014e-08,9.907925249165201e-05,0.009953856161892838,0.025277695525015187,0.0004488581555775974,0.021186272809949308,0.06219227633231983
582,D-SINOS,25000,4700,False,0.0005010223615360686,0.0004061044589027153,9.48860818065626e-05,3.1820826790701936e-08,8.727519409618463e-05,0.009342119357842986,0.02272967868002359,0.00043540975075631843,0.020866474325010403,0.062301976397093395
583,D-SINOS,25000,4800,False,0.0004738821373946235,0.000383858536507162,9.002289681962079e-05,7.040678407438083e-10,8.060771191012662e-05,0.008978179765972979,0.02137595746128929,0.0003897133335905628,0.01974115836496336,0.07608623331493344
584,D-SINOS,25000,4900,False,0.0004485601942408965,0.0003624524676248556,8.610727402631524e-05,4.525897257028411e-10,6.736501837491936e-05,0.008207619531564517,0.018929431954140482,0.00038333118449764215,0.019578845331061842,0.08695881455156207
585,D-SINOS,25000,5000,False,0.00042617163769347017,0.00034053233720194654,8.562803826042825e-05,1.1262231095352536e-08,6.215384071956399e-05,0.007883770717084813,0.018646366647033216,0.00034197928741717536,0.01849268199632426,0.07872314099469024
586,D-SINOS,25000,5100,False,0.0004080698296996032,0.0003243149811189731,8.368492974307575e-05,6.991883755435032e-08,5.748042867362212e-05,0.007581584839175917,0.016956154633467793,0.0003582359394954662,0.01892712179639224,0.06170189415338562
587,D-SINOS,25000,5200,False,0.0003857018906675832,0.00030727242509036377,7.838607309788696e-05,4.339247933247332e-08,5.3565470221485365e-05,0.007318843503005469,0.015794076161125655,0.0004474935555550709,0.021154043480031682,0.06962505463133506
588,D-SINOS,25000,5300,False,0.000365031457092721,0.0002935138258966306,7.15154371552901e-05,2.1940408002520778e-09,5.396048091475131e-05,0.0073457798030400635,0.01698072212619713,0.0003619681755793695,0.019025461244852108,0.06156791523654992
589,D-SINOS,25000,5400,False,0.00035162462353881626,0.0002828050947757619,6.880990318056777e-05,9.625582486596095e-09,5.456567125717461e-05,0.007386858009815446,0.017056325336702604,0.00034344103642450387,0.018532162216657395,0.07294036066467116
590,D-SINOS,25000,5500,False,0.0003374351793651275,0.0002713448243744658,6.609035498645585e-05,4.205841435226593e-15,5.371580778751284e-05,0.007329106888803904,0.016689895816355396,0.0003661190021138887,0.01913423638700768,0.07009046149844958
591,D-SINOS,25000,5600,False,0.0003284574314148599,0.0002649798100709621,6.34704837274654e-05,7.1376164323555875e-09,5.438586296848058e-05,0.007374677143338587,0.01651081132009802,0.0003590034054976878,0.0189473851889301,0.06478427131272968
592,D-SINOS,25000,5700,False,0.00031472556809270544,0.00025229794818274376,6.24189503567106e-05,8.669553251090335e-09,5.275273961290786e-05,0.007263108123448794,0.016096107339906716,0.00029015557557672626,0.01703395360967988,0.05929035190265927
593,D-SINOS,25000,5800,False,0.00030036760642001707,0.0002407897987262878,5.956056503797754e-05,1.724265575173022e-08,4.910227556053721e-05,0.007007301589095278,0.01570779918478747,0.00026267715081933673,0.01620731781694111,0.06015006665674075
594,D-SINOS,25000,5900,False,0.0002904152810770493,0.00023290638324658826,5.749703764370271e-05,1.1860186758308069e-08,4.921463910711449e-05,0.0070153146121264215,0.015687826363051435,0.000245067020956327,0.01565461660202277,0.06055786297056348
595,D-SINOS,25000,6000,False,0.00028198988041627093,0.00022818435463603469,5.3799782310548086e-05,5.743469688159065e-09,5.488416505121592e-05,0.007408384780180894,0.017247049792299157,0.0002746958450626994,0.016573950798246608,0.05967435045416805
596,D-SINOS,25000,6100,False,0.00027630591523676443,0.00022375168132206708,5.255399894313117e-05,2.3497156620592677e-10,5.645659949050275e-05,0.0075137606756206145,0.01737754580988438,0.0003023362650285585,0.01738781944432822,0.06259466959442192
597,D-SINOS,25000,6200,False,0.000267647365936049,0.00021350734124675979,5.413174000569965e-05,8.284683589574576e-09,4.668834022907222e-05,0.006832886668829816,0.015557729234948667,0.0002605478634108771,0.016141495079789764,0.06360543752571163
598,D-SINOS,25000,6300,False,0.0002590495989187822,0.00020589190063089588,5.313404728245725e-05,2.3651005429084007e-08,4.532983213517158e-05,0.006732743284514239,0.015762854262164262,0.00022383691993531487,0.01496118043254993,0.06190110414610512
599,D-SINOS,25000,6400,False,0.0002536320521286098,0.00020161550707999706,5.201499910160446e-05,1.545947008291712e-09,5.130898268865729e-05,0.007163028876715303,0.01662930114660132,0.00021036632355511046,0.014504010602419955,0.05675629888874959
600,D-SINOS,25000,6500,False,0.00024723963148580317,0.00019756546927918433,4.967346990749641e-05,6.922991224511521e-10,5.21653715047292e-05,0.007222559899698251,0.016982334664303936,0.00021438557736675067,0.014641911670500907,0.05288748672014179
601,D-SINOS,25000,6600,False,0.0002427030940911698,0.0001934163688099425,4.928647238476282e-05,2.528964644515639e-10,4.616155428995961e-05,0.006794229484640596,0.01604185708512627,0.00020661810503396549,0.014374216675491068,0.05285308881808071
602,D-SINOS,25000,6700,False,0.00023327022871345477,0.00018484548475100002,4.8418686058752834e-05,6.05790370193201e-09,4.4710406751752435e-05,0.0066865840869424825,0.016136019773780905,0.00018747823309508786,0.013692269099571767,0.04529556106435528
603,D-SINOS,25000,6800,False,0.00022607513352010996,0.00018035344047513544,4.571804519413581e-05,3.647850838726444e-09,4.2973645924950926e-05,0.006555428736928724,0.015477367033125824,0.00019221892835658244,0.01386430410646645,0.04964280890783954
604,D-SINOS,25000,6900,False,0.00022260184341776787,0.00017656591877389402,4.603567168745055e-05,2.529564233054491e-10,4.188800639272334e-05,0.006472094436326107,0.015442743570174031,0.0001839352286115082,0.013562272251046585,0.047489465861535136
605,D-SINOS,25000,7000,False,0.00021850759676208468,0.00017200383809543807,4.649895123760645e-05,4.8074290401274785e-09,3.862871217647632e-05,0.006215200091427171,0.015112631825040641,0.00018484237635017268,0.01359567491337494,0.046387683812232065
606,D-SINOS,25000,7100,False,0.00021454734331451247,0.00016737369688174156,4.71723311342817e-05,1.3152984892099975e-09,3.994807214562039e-05,0.006320448729767562,0.015423365083874286,0.00018320119214933304,0.013535183491528035,0.04497669934800593
607,D-SINOS,25000,7200,False,0.000210057942184305,0.00016322401434900322,4.683040923103163e-05,3.5186042701521285e-09,4.121994214897598e-05,0.006420275862373515,0.0161465675126195,0.00018593813569037066,0.013635913452731015,0.042968354003323675
608,D-SINOS,25000,7300,False,0.00020553354365563002,0.00015766419876413434,4.786874087678486e-05,6.040147108315655e-10,3.703250451201747e-05,0.006085433798178851,0.01535448796719072,0.00018275207455102044,0.01351858256441926,0.04393720237246194
609,D-SINOS,25000,7400,False,0.00020237486313326268,0.00015546104373582827,4.691294227726185e-05,8.771201725472073e-10,3.3582981914380925e-05,0.005795082563206579,0.01455071824101487,0.00017359886508768062,0.0131756922052574,0.0439899413611246
610,D-SINOS,25000,7500,False,0.00019841581399350746,0.00015213116468053902,4.627661569296506e-05,8.033620003403093e-09,3.2319813661757416e-05,0.00568505177300589,0.014650988536565558,0.00017126853842099168,0.01308696062579053,0.044625429996843075
611,D-SINOS,25000,7600,False,0.00019528945826543904,0.00014885075237522314,4.643729531301436e-05,1.4105772015337252e-09,3.289249674376443e-05,0.00573519805619339,0.014940458371013406,0.00018365629110543918,0.013551984766278303,0.04475506084501149
612,D-SINOS,25000,7700,False,0.00019163415399767446,0.00014635901376825136,4.527472229665216e-05,4.1793277093375716e-10,3.1798308624075504e-05,0.0056389989026489,0.01475940873853238,0.00017335995123687032,0.013166622620735749,0.05103478377315452
613,D-SINOS,25000,7800,False,0.00018810219764881457,0.00014392823076678826,4.417163969895724e-05,2.327183069080211e-09,3.3744546602965446e-05,0.005809005646663244,0.015557214309383137,0.00016937758782622854,0.013014514505974802,0.059437051750908035
614,D-SINOS,25000,7900,False,0.00018472446446381782,0.000141557690731398,4.3165172016652805e-05,1.6017157670245456e-09,3.1457932254167235e-05,0.005608737135413572,0.015140560322148923,0.00016634699435947204,0.012897557689712888,0.06281813050577999
615,D-SINOS,25000,8000,False,0.00018142271363356558,0.0001391222706242013,4.229918694342107e-05,1.2560659432140767e-09,3.023864867076357e-05,0.005498967964151416,0.014516452405045857,0.00016450632070376834,0.01282600174270097,0.06157007769331116
616,D-SINOS,25000,8100,False,0.00017712265366701992,0.00013676408325642914,4.03463988090701e-05,1.217160152067678e-08,3.403001340777797e-05,0.00583352495561457,0.015566920316366945,0.0001876842318740685,0.013699789482837628,0.058182916961747266
617,D-SINOS,25000,8200,False,0.00017340279628724766,0.00013302627243948206,4.0373466823856794e-05,3.0570239087989438e-09,3.548245100765434e-05,0.005956714783137963,0.01567482383065636,0.00018819699134832717,0.013718490855350204,0.05560622511973145
618,D-SINOS,25000,8300,False,0.0001690404597671061,0.00012844633796992702,4.058198367785469e-05,1.213811932440599e-08,3.934842970776859e-05,0.006272832670155374,0.016021545451611902,0.0002077627230708987,0.014413976657081789,0.059855359558228606
619,D-SINOS,25000,8400,False,0.00016509355175870182,0.00012573899213122531,3.9354443872600205e-05,1.1575487631725797e-10,3.15174944759288e-05,0.005614044395614342,0.014767306132528616,0.00020965435422212012,0.014479445922483365,0.06541423505430027
620,D-SINOS,25000,8500,False,0.000161083651840892,0.00012208387607340012,3.8994830731953835e-05,4.945035538033715e-09,3.272589693325169e-05,0.005720655288797927,0.014479268383192091,0.0002033235905395878,0.014259158128711098,0.0695421014539502
621,D-SINOS,25000,8600,False,0.0001575982230489367,0.0001198292032608393,3.7765737067047155e-05,3.2827210502396474e-09,3.4284427989776505e-05,0.005855290598234772,0.014831283930110614,0.00021174705851164418,0.014551531139768219,0.07379066610286882
622,D-SINOS,25000,8700,False,0.0001537080530423628,0.00011674702438872449,3.696044981488407e-05,5.788387542477091e-10,3.243622186600354e-05,0.005695280666130822,0.014476135496670227,0.0001978713006234434,0.014066673402885395,0.07482592442098307
623,D-SINOS,25000,8800,False,0.00014891319127076147,0.00011358163952552079,3.5307604531717016e-05,2.3947213523651085e-08,3.316230018597712e-05,0.005758671737994546,0.014252141759986651,0.00019995138143476262,0.01414041659339507,0.06275451885629126
624,D-SINOS,25000,8900,False,0.00014417325494442572,0.00011039739776049385,3.3763391281914545e-05,1.2465902017312029e-08,3.35502685420346e-05,0.005792259364188952,0.014385772485994028,0.00019000544139149902,0.01378424613069206,0.05897169698779328
625,D-SINOS,25000,9000,False,0.00014105728559188352,0.00010757055508397721,3.347934932832359e-05,7.381179582718611e-09,2.835382452989386e-05,0.005324830939090354,0.013301355215029518,0.000200556683423311,0.014161803678321169,0.06006868966020092
626,D-SINOS,25000,9100,False,0.00013805356318487622,0.00010365725596977356,3.439100239374976e-05,5.304821352875874e-09,2.5687411419786677e-05,0.005068274994491388,0.012778252148114077,0.00019581234975557754,0.013993296600714841,0.05550108226768898
627,D-SINOS,25000,9200,False,0.00013517792945925576,0.0001023057686007212,3.2869839484495156e-05,2.3213740394034767e-09,2.82112042548937e-05,0.005311422055805178,0.013203013924332164,0.0001928026544656842,0.013885339551688471,0.050412581904676464
628,D-SINOS,25000,9300,False,0.0001318291649528596,9.951651799350567e-05,3.2311521078403173e-05,1.1258809507198572e-09,3.77417787675702e-05,0.006143433792885718,0.013897351306941141,0.00021113688881447946,0.014530550189668643,0.047159050204349226
629,D-SINOS,25000,9400,False,0.00012859702267194463,9.728419564440794e-05,3.1310121529466595e-05,2.705498070104263e-09,3.157124523714012e-05,0.005618829525545344,0.01289426891775324,0.00021719881951973104,0.014737666691838673,0.047525702784887956
630,D-SINOS,25000,9500,False,0.00012597085885506225,9.516017042201781e-05,3.08076384605771e-05,3.0499724673348646e-09,3.0017928747617144e-05,0.005478861993846637,0.012571157690050523,0.00021814445310012478,0.01476971404936889,0.04890616894320265
631,D-SINOS,25000,9600,False,0.00012287739319412068,9.323772806685526e-05,2.963175943915001e-05,7.905688115411187e-09,3.086865217650224e-05,0.005555956459197844,0.012660362203846812,0.0002129028380163336,0.014591190424921937,0.04569599469402069
632,D-SINOS,25000,9700,False,0.00012072878573632698,9.159241127549428e-05,2.913612310767593e-05,2.513531567641516e-10,3.178952417279732e-05,0.005638219947181674,0.01287583707120088,0.00020225981701601768,0.01422180779704246,0.046278444047643086
633,D-SINOS,25000,9800,False,0.00011853401376165296,8.908433343410627e-05,2.9449065226284906e-05,6.151012618018258e-10,3.202253571051709e-05,0.005658845793138128,0.012650971095626925,0.00019296923812807645,0.013891336801333285,0.044919828085584756
634,D-SINOS,25000,9900,False,0.00011619421266025793,8.688100110289203e-05,2.931133182826896e-05,1.879729096941809e-09,2.7303267501688558e-05,0.005225252864856261,0.012082740245791168,0.0001991647768646216,0.014112575132293241,0.04501195993952686
635,D-SINOS,25000,10000,False,0.00011358783812393615,8.427861999223219e-05,2.9303451451227798e-05,5.766680476149078e-09,2.426142780315397e-05,0.004925589081841274,0.011712466486327108,0.0002108837868869776,0.01452183827505931,0.04988365150677117
636,D-SINOS,25000,10100,False,0.00011140227679286048,8.258342069434731e-05,2.881830754677987e-05,5.485517333073297e-10,2.4871968256972734e-05,0.004987180391460964,0.012121809226653193,0.00021034336522901672,0.014503219133317152,0.053217074952607746
637,D-SINOS,25000,10200,False,0.00010958405137629086,8.139241909512426e-05,2.8182801412871753e-05,8.83086829484811e-09,2.490476314731019e-05,0.00499046722735559,0.012386274370500779,0.00019821301966904578,0.01407881456902696,0.053045863903089296
638,D-SINOS,25000,10300,False,0.0001070697271836636,7.935913332812877e-05,2.7708421624937247e-05,2.1722305975824797e-09,2.4855466285172527e-05,0.004985525677917277,0.012424237780171841,0.0001768156401750781,0.013297204224011832,0.05562482889919692
639,D-SINOS,25000,10400,False,0.00010467105018993617,7.701018950223446e-05,2.7656116216368422e-05,4.744471333295201e-09,2.453684341560934e-05,0.00495346781715692,0.012107770609671628,0.00017289620439484186,0.013149000129091256,0.05705251981291821
640,D-SINOS,25000,10500,False,0.00010216244138761055,7.5119699166032e-05,2.704269860301314e-05,4.361856539497439e-11,2.0373730018979796e-05,0.00451372684363817,0.01112426598871303,0.00017572529308102758,0.013256141711713389,0.05791180465537199
641,D-SINOS,25000,10600,False,9.97345660039348e-05,7.319617925195823e-05,2.6535435178810735e-05,2.9515731658370608e-09,1.6344904988935622e-05,0.0040428832519546765,0.010258768941182233,0.0001625734129013874,0.012750427949735153,0.05628458418720337
642,D-SINOS,25000,10700,False,9.686701373108576e-05,7.072668080129082e-05,2.6129976676453634e-05,1.0356253341308852e-08,1.8874592664789914e-05,0.0043444899199779384,0.010575571340537432,0.00014854980258673724,0.012188100860541696,0.04967099901821024
643,D-SINOS,25000,10800,False,9.52052496813651e-05,6.99551009140277e-05,2.5246062769550966e-05,4.0859977864448485e-09,2.050018493613201e-05,0.004527712991801933,0.010819481026296447,0.0001550337150318628,0.01245125355262926,0.05128261429837189
644,D-SINOS,25000,10900,False,9.335483890953544e-05,6.869932670287293e-05,2.4650663389538868e-05,4.848817123653502e-09,2.1517463177145778e-05,0.004638691968340405,0.01107758674256811,0.00017199077441634676,0.013114525321808134,0.053611106279104585
645,D-SINOS,25000,11000,False,9.161450381584443e-05,6.742195160749932e-05,2.4187495006001508e-05,5.057202343595269e-09,1.8455198358841514e-05,0.00429595139158272,0.010519399889144188,0.00014510992555750437,0.01204615812437743,0.05120629288007332
646,D-SINOS,25000,11100,False,8.940820838613977e-05,6.539212294862474e-05,2.4016082138280927e-05,3.2992341053382406e-12,1.8376196552125638e-05,0.004286746616272723,0.010749684793742971,0.00012838176660365697,0.011330567797054875,0.05201578803165645
647,D-SINOS,25000,11200,False,8.713099152160683e-05,6.33036891869931e-05,2.382729122667697e-05,1.1107936752625267e-11,1.784574160458227e-05,0.004224422043851948,0.010744482912383838,0.00011423412551238842,0.010688036560210131,0.051825702416775754
648,D-SINOS,25000,11300,False,8.494647952668405e-05,6.173861516939868e-05,2.3207137222699597e-05,7.271345857635843e-10,1.6614998706336774e-05,0.004076149985750865,0.010426206972753196,0.00012797892874114543,0.011312777233780635,0.04770851662131376
649,D-SINOS,25000,11400,False,8.324931681693303e-05,6.0404526522009565e-05,2.2841734508485142e-05,3.0557864383229766e-09,1.687015234263401e-05,0.004107329100843273,0.010167050189103622,0.00015105533605317252,0.012290457113271765,0.047081261068658176
650,D-SINOS,25000,11500,False,8.104218815093782e-05,5.8485190172991626e-05,2.2556621814191553e-05,3.761637546478017e-10,1.3682049570513219e-05,0.003698925461605467,0.00934342841628625,0.00014565666645632275,0.012068830368197357,0.04752113628625167
651,D-SINOS,25000,11600,False,7.89413484534729e-05,5.715008540197635e-05,2.179109864665483e-05,1.6440484171896142e-10,1.3660003985454875e-05,0.0036959442616812926,0.0091707911915806,0.00012882148386580345,0.011349955236290734,0.04765146354682467
652,D-SINOS,25000,11700,False,7.748210581214327e-05,5.6252753875553146e-05,2.1227390150354263e-05,1.9617862358632916e-09,1.5452447084833717e-05,0.003930960071640733,0.00972827885141942,0.00010933295425180566,0.010456239967206455,0.04599459499627958
653,D-SINOS,25000,11800,False,7.614563781278521e-05,5.544203074178641e-05,2.0697190249672355e-05,6.416821326438735e-09,1.536608010217157e-05,0.003919959196493195,0.009678107934360344,0.00010327554622842512,0.010162457686427291,0.0450684716226492
654,D-SINOS,25000,11900,False,7.518559885153687e-05,5.4803122407982185e-05,2.0379877173254133e-05,2.5992703005627148e-09,1.4630705012708802e-05,0.0038250104591633213,0.009639237917454788,0.00010871662181568861,0.010426726323045437,0.048306946387592864
655,D-SINOS,25000,12000,False,7.375215209857766e-05,5.376370260545199e-05,1.9988440268502928e-05,9.224622740913622e-12,1.4065880541142964e-05,0.0037504507117335864,0.009398449909941918,0.00013440187010143,0.011593182052457816,0.05129878736324409
656,D-SINOS,25000,12100,False,7.26700225659645e-05,5.275729162980706e-05,1.991273064625672e-05,2.899007266596691e-13,1.3906152705565163e-05,0.003729095427253795,0.009351622720873864,0.00012347775422521322,0.011112054455644699,0.05128800386603841
657,D-SINOS,25000,12200,False,7.112360147988026e-05,5.1825708865931976e-05,1.929599530685354e-05,1.897307094750675e-09,1.3147568534778002e-05,0.0036259576024517993,0.008813451058052436,0.00010398616761882063,0.010197360816349524,0.050557907722691614
658,D-SINOS,25000,12300,False,6.984962244053518e-05,5.0842855205570394e-05,1.900663346096786e-05,1.3377399692943575e-10,1.3005425778310278e-05,0.003606303617044782,0.008602691420307854,0.00010085617920766506,0.01004271772020229,0.05115765869660676
659,D-SINOS,25000,12400,False,6.849932925227908e-05,4.9714761677178115e-05,1.8783444625866567e-05,1.1229492344016272e-09,1.3512038409294712e-05,0.0036758724691282087,0.0088304525861271,0.0001178156691682476,0.010854292660889865,0.05447601704780939
660,D-SINOS,25000,12500,False,6.734847658722786e-05,4.871757405414847e-05,1.8630767306602228e-05,1.3522647717113923e-10,1.3746751605682074e-05,0.003707661204274478,0.009045648359333287,0.00011796074435577717,0.010860973453414623,0.05716288140700252
661,D-SINOS,25000,12600,False,6.597363796740299e-05,4.7641713189996006e-05,1.8329411064240176e-05,2.513713166808414e-09,1.3201681894434287e-05,0.0036334118806480345,0.009018274470145466,0.00010854725835555268,0.01041860155469786,0.06342129031663647
662,D-SINOS,25000,12700,False,6.479093818313146e-05,4.6784907029039914e-05,1.800505173782119e-05,9.79416270360452e-10,1.2875789417259305e-05,0.0035882850245290304,0.008861155376849634,8.881456113384926e-05,0.009424147766978681,0.06415992313529817
663,D-SINOS,25000,12800,False,6.404755692674615e-05,4.6560929256319755e-05,1.748640020339555e-05,2.2746703084981726e-10,1.2672073429444979e-05,0.0035597855875663326,0.008572823533801238,9.572498634962218e-05,0.00978391467407715,0.06679138509658764
664,D-SINOS,25000,12900,False,6.304452136467558e-05,4.5752154917773615e-05,1.729113724859992e-05,1.2291983020522658e-09,1.2311085838360272e-05,0.0035087156964280068,0.008406864484072145,0.0001102434412326235,0.010499687673098829,0.06742097678579573
665,D-SINOS,25000,13000,False,6.2213481460689e-05,4.525658476385907e-05,1.6956540003546763e-05,3.5669328315963867e-10,1.2636087307840012e-05,0.003554727459010045,0.00813916596963902,0.00012192265161103704,0.011041859064987065,0.07016371255702038
666,D-SINOS,25000,13100,False,6.149136119768083e-05,4.472362091747236e-05,1.676698160687297e-05,7.58673335493424e-10,1.2708402467473955e-05,0.003564884635927782,0.007984980190326901,0.00011067154515160424,0.010520054427216822,0.07190670756293763
667,D-SINOS,25000,13200,False,6.086034506250582e-05,4.4144165673182126e-05,1.671497652829619e-05,1.2028610275024937e-09,1.2267856638550156e-05,0.0035025500194215864,0.007789844570828481,0.00010614990240028482,0.010302907473149743,0.07235005262236191
668,D-SINOS,25000,13300,False,6.016988348745004e-05,4.371656240787398e-05,1.6452483786170678e-05,8.372934053832859e-10,1.2297692209591724e-05,0.0035068065543442405,0.007886873729849279,0.00010721044597704045,0.010354247726273524,0.07205934959902746
669,D-SINOS,25000,13400,False,5.9544610569605974e-05,4.321971378070232e-05,1.6321427326576195e-05,3.4694623274660513e-09,1.2237433113032223e-05,0.003498204269769309,0.008280450191660009,0.00010236028781012992,0.010117326119589598,0.06952780398387716
670,D-SINOS,25000,13500,False,5.885866045630079e-05,4.2665274945909395e-05,1.6193364139307058e-05,2.1371084338144467e-11,1.2289383945903046e-05,0.0035056217630975313,0.008555615621465385,0.00010248161929818929,0.010123320566799675,0.06759719756646794
671,D-SINOS,25000,13600,False,5.817925475722404e-05,4.212161503766751e-05,1.605735209723333e-05,2.87622323200356e-10,1.187976133224529e-05,0.003446702965479516,0.008164968539531825,9.691350613198134e-05,0.00984446576163386,0.06576244686196246
672,D-SINOS,25000,13700,False,5.7490767353051374e-05,4.178993411548043e-05,1.5698688008598726e-05,2.1452289722154443e-09,1.1441361085023528e-05,0.0033825081056848227,0.0075337404421621235,9.601037000130599e-05,0.009798488148755705,0.06430266996418207
673,D-SINOS,25000,13800,False,5.696265951959873e-05,4.1334913174797465e-05,1.562681491097628e-05,9.314338249895719e-10,1.0920301364417186e-05,0.0033045879265677265,0.007192036316374531,9.472972431505513e-05,0.009732919619264053,0.06297461621610415
674,D-SINOS,25000,13900,False,5.656284032099846e-05,4.104511319805086e-05,1.5512374195933476e-05,5.352927014119387e-09,1.1315988120788898e-05,0.0033639245117554136,0.007519133602224307,9.457668259877896e-05,0.009725054375106545,0.06304600230730467
675,D-SINOS,25000,14000,False,5.616423261260298e-05,4.0677164350219276e-05,1.548660930655069e-05,4.5895583301465185e-10,1.1695769592629989e-05,0.003419907833937925,0.008080996194802147,9.411615661725307e-05,0.009701348185548906,0.06345365895534633
676,D-SINOS,25000,14100,False,5.574817163552529e-05,4.0264320930123953e-05,1.5483694363882026e-05,1.5634151931698073e-10,1.152589367764667e-05,0.003394980659392137,0.00788529290606438,8.938361731280315e-05,0.009454290947120421,0.06349123939244009
677,D-SINOS,25000,14200,False,5.519912704494128e-05,3.988126369627278e-05,1.531782942060131e-05,3.392806719448273e-11,1.151321081572587e-05,0.0033931122609966607,0.007743122012589828,8.788269019030313e-05,0.00937457680059762,0.06383414398083302
678,D-SINOS,25000,14300,False,5.461059991140733e-05,3.9162048509968797e-05,1.5448549941457944e-05,1.45998058470837e-12,1.1306452135347445e-05,0.0033625068230930693,0.007597828793373663,9.501367544382775e-05,0.009747495855030036,0.064723505177568
679,D-SINOS,25000,14400,False,5.419901559589161e-05,3.882382302292405e-05,1.5375186409657534e-05,6.163310026289912e-12,1.1198998310129144e-05,0.0033464904467410544,0.007486750634928249,9.700756292044592e-05,0.009849241743426034,0.06398760905077208
680,D-SINOS,25000,14500,False,5.3749795995406405e-05,3.837065817070886e-05,1.5379077159459353e-05,6.066523819645427e-11,1.1653024734256235e-05,0.0034136526967833494,0.007915743286951769,9.065888055171256e-05,0.009521495709798568,0.06230910832110443
681,D-SINOS,25000,14600,False,5.317889887022808e-05,3.80237908895375e-05,1.5154592556181715e-05,5.154245088659086e-10,1.1399862053670125e-05,0.0033763681750766054,0.007709767037698493,8.913534716005333e-05,0.009441151792024812,0.06038431005786704
682,D-SINOS,25000,14700,False,5.278957350495924e-05,3.779825054848872e-05,1.4991115064333967e-05,2.078921365521283e-10,1.1947525314348864e-05,0.0034565192483695015,0.008240291400311047,8.74177060690088e-05,0.00934974363653939,0.0607936312586461
683,D-SINOS,25000,14800,False,5.23316113637008e-05,3.7346365361504334e-05,1.4985214448162261e-05,3.155403419737133e-11,1.1895613998911671e-05,0.0034490018844459437,0.0082313477657491,9.266011302958229e-05,0.009626012311938017,0.0632328508365413
684,D-SINOS,25000,14900,False,5.191241939403651e-05,3.706622556070582e-05,1.484507914377928e-05,1.114689551410869e-09,1.1692874823827307e-05,0.003419484584528392,0.008084128786468917,9.540213160540042e-05,0.009767401476616,0.06393987501838644
685,D-SINOS,25000,15000,False,5.1477439051695806e-05,3.682936932066457e-05,1.4647120046843004e-05,9.49684188236764e-10,1.1673543572628413e-05,0.003416656782971976,0.007985105885136888,0.00010009065325682992,0.01000453163605523,0.06444876518608884
686,D-SINOS,25000,15100,False,5.093685991908082e-05,3.6708419003412765e-05,1.4228436612306464e-05,4.303361598152766e-12,1.18344550863253e-05,0.0034401242835579793,0.00809448436410851,9.61546698079292e-05,0.009805848755101682,0.06114196837823391
687,D-SINOS,25000,15200,False,5.046350646914529e-05,3.634160475164757e-05,1.4121000608751748e-05,9.011087459726998e-10,1.1375389221080384e-05,0.0033727420922863914,0.007805098145440092,9.773739268937672e-05,0.009886222366980054,0.06039847321777286
688,D-SINOS,25000,15300,False,5.002756425018944e-05,3.599334011700656e-05,1.4033846127618733e-05,3.780055641492632e-10,1.1417461013241106e-05,0.00337897336675522,0.007976436598673841,9.592733704852572e-05,0.00979425020348805,0.059446335269848584
689,D-SINOS,25000,15400,False,4.952178602712298e-05,3.575601827563805e-05,1.3765715771812988e-05,5.197967193774213e-11,1.1149274623402145e-05,0.0033390529530694995,0.00798489435173699,9.433605419851902e-05,0.009712674924989461,0.05734356997942041
690,D-SINOS,25000,15500,False,4.881992664079404e-05,3.541013625396895e-05,1.3409623257148883e-05,1.6712967620017398e-10,1.0981158581201038e-05,0.0033137831222337165,0.007772186736328687,9.34207420854852e-05,0.009665440604829415,0.05375729898250651
691,D-SINOS,25000,15600,False,4.827907951772539e-05,3.507457259565214e-05,1.320395880787696e-05,5.481141962869614e-10,1.0632217114374269e-05,0.0032607080694803496,0.007839051386301877,9.009701451734611e-05,0.009491944717356192,0.05280481133149675
692,D-SINOS,25000,15700,False,4.7778903390532644e-05,3.467691376598678e-05,1.3101873821245981e-05,1.158032998877396e-10,1.0241009636566697e-05,0.0032001577518251654,0.007875689033379239,8.680450593150028e-05,0.009316893577341124,0.05552311808697403
693,D-SINOS,25000,15800,False,4.729483556892902e-05,3.446750559422954e-05,1.2827277682958097e-05,5.229174137639893e-11,1.0207234204956777e-05,0.0031948762425103067,0.007725349873002414,8.537198550063004e-05,0.009239696180104087,0.056618083511999096
694,D-SINOS,25000,15900,False,4.674723919910774e-05,3.4143697246096026e-05,1.2603540616694492e-05,1.3363172194570982e-12,1.0137733469276571e-05,0.0031839807583081544,0.007584150797521882,8.311442854034433e-05,0.009116711498141439,0.05852801555232951
695,D-SINOS,25000,16000,False,4.614313237470833e-05,3.381552818303274e-05,1.2325971651081729e-05,1.6325405938672898e-09,9.969743531121415e-06,0.0031574900682538043,0.0074721751050322825,7.657478159234125e-05,0.008750701777134292,0.05877931633242423
696,D-SINOS,25000,16100,False,4.56303131311442e-05,3.3491888796856936e-05,1.2138380350931341e-05,4.3983355915540147e-11,9.554853345164364e-06,0.0030910925811376733,0.007237034332956919,7.382396405937385e-05,0.00859208729351453,0.05886854509513727
697,D-SINOS,25000,16200,False,4.517751024972866e-05,3.298877947721224e-05,1.2186582777534985e-05,2.1479949814333857e-09,9.249370548316937e-06,0.003041277782169353,0.007201722165210627,7.209847769556599e-05,0.00849108224524801,0.057000565545497595
698,D-SINOS,25000,16300,False,4.4708570713026276e-05,3.256753733351686e-05,1.214044369947633e-05,5.896800330804131e-10,9.038327519520184e-06,0.003006381133442695,0.007220033415102053,7.098985983587788e-05,0.008425548043651396,0.05537536365166841
699,D-SINOS,25000,16400,False,4.4081522300777315e-05,3.2056479626807596e-05,1.2024916223133243e-05,1.2645083647483647e-10,8.787592552629755e-06,0.002964387382348966,0.00724117967428077,7.102418226957436e-05,0.008427584604711741,0.05123030915498395
700,D-SINOS,25000,16500,False,4.337424823385104e-05,3.165535509479453e-05,1.1718855616415743e-05,3.752264076188429e-11,8.18908908876219e-06,0.0028616584507523235,0.006767839508710374,7.013600421714483e-05,0.008374724127823247,0.047185596313855424
701,D-SINOS,25000,16600,False,4.259168893882056e-05,3.1114071492516524e-05,1.1476713840955191e-05,9.036053488492835e-10,7.749187804747714e-06,0.0027837363030193277,0.0062803535642879426,6.577829886737081e-05,0.008110382165309524,0.049828864764928905
702,D-SINOS,25000,16700,False,4.194388569579425e-05,3.067878791547901e-05,1.1264422605294063e-05,6.751750211754069e-10,7.618359860050106e-06,0.002760137652373538,0.006087977649003739,6.14673254915805e-05,0.007840110043333608,0.05154277705670957
703,D-SINOS,25000,16800,False,4.161436203285029e-05,3.0436470523227122e-05,1.1177607247797939e-05,2.8426182522454683e-10,7.511632261690792e-06,0.002740735715403948,0.00620769715405861,6.00193239797078e-05,0.007747213949524552,0.0523212207666613
704,D-SINOS,25000,16900,False,4.1135472406642936e-05,2.9996762282489855e-05,1.1138044752445011e-05,6.653717080680723e-10,7.420188114999998e-06,0.0027240022237509276,0.006086541976991327,6.241961212334465e-05,0.007900608338814464,0.05386105487509079
705,D-SINOS,25000,17000,False,4.078337510223752e-05,2.9766345081726214e-05,1.1017026190236753e-05,3.83027455127178e-12,7.516144314834194e-06,0.002741558738169619,0.006178912266113188,6.409013198995464e-05,0.008005631267423865,0.054456768127117625
706,D-SINOS,25000,17100,False,4.027036611300605e-05,2.9375305165145983e-05,1.0894977376093164e-05,8.357176689771071e-11,7.544280708394754e-06,0.0027466854039723504,0.0060085233024545215,6.19750588984336e-05,0.00787242395316929,0.05215463525721576
707,D-SINOS,25000,17200,False,3.965499830490604e-05,2.9051204617167587e-05,1.060248255093113e-05,1.3111368073167253e-09,7.262699267431563e-06,0.002694939566563889,0.006063227582455365,5.968226176483667e-05,0.007725429552124378,0.048855471802138575
708,D-SINOS,25000,17300,False,3.9183044762217066e-05,2.8760621482179243e-05,1.0421666164938732e-05,7.57115099086942e-10,7.212796277541714e-06,0.002685664960031633,0.00635034989334779,5.835083154583076e-05,0.0076387715992711,0.050279234867787466
709,D-SINOS,25000,17400,False,3.882492779766079e-05,2.853124247220849e-05,1.0290421797631693e-05,3.263527820603316e-09,7.240800550465808e-06,0.0026908735664214712,0.0063244592539955504,5.678830684355199e-05,0.007535801672254385,0.05003511664616783
710,D-SINOS,25000,17500,False,3.8516700060636903e-05,2.832631024111121e-05,1.0190232854505589e-05,1.5696502010541287e-10,7.030127220891979e-06,0.0026514387077381176,0.006220749146213376,5.477974251404811e-05,0.007401333833441653,0.05039374230702196
711,D-SINOS,25000,17600,False,3.811883267568897e-05,2.8133787841386642e-05,9.984554413869412e-06,4.904204329159723e-10,6.772538912469075e-06,0.0026024102121819832,0.00624074100416,5.5388297010245004e-05,0.007442331423031697,0.051945241833363735
712,D-SINOS,25000,17700,False,3.783213318661313e-05,2.792683224733093e-05,9.905150935312172e-06,1.5000397003107578e-10,6.688203341028635e-06,0.0025861560937090852,0.006245820803411991,5.511278999030103e-05,0.007423798892097026,0.05313057289302968
713,D-SINOS,25000,17800,False,3.744879967363418e-05,2.769124420726138e-05,9.757473326467805e-06,8.21399049977468e-11,6.3364946943549515e-06,0.002517239498807166,0.005929580661145042,5.4093056057216925e-05,0.0073547981656342494,0.053654326672883515
714,D-SINOS,25000,17900,False,3.699362759671165e-05,2.7386176996671407e-05,9.604162742040179e-06,3.287858000062737e-09,6.339966316341951e-06,0.002517928973649168,0.005934858494314671,5.180551148299743e-05,0.0071976045656174685,0.05234577657815728
715,D-SINOS,25000,18000,False,3.6391183731425166e-05,2.6943679525732185e-05,9.446158214702824e-06,1.3459909901537879e-09,6.372389224721571e-06,0.0025243591711009692,0.0060448196068722294,5.2394987890004406e-05,0.007238438221743998,0.05210049227910355
716,D-SINOS,25000,18100,False,3.604055883788902e-05,2.6654391277809597e-05,9.386103314579906e-06,6.424549950926463e-11,6.327353199028744e-06,0.002515423065615155,0.00608104226985173,5.455655612996551e-05,0.007386241001346051,0.05240909817497503
717,D-SINOS,25000,18200,False,3.568415523937658e-05,2.642071617741795e-05,9.26334058189744e-06,9.848006119693699e-11,6.384510148633688e-06,0.002526758822807133,0.006144169405646485,5.717110566961262e-05,0.007561157693740597,0.05273038157014272
718,D-SINOS,25000,18300,False,3.528814198541911e-05,2.610136234179131e-05,9.186772379847597e-06,7.2637802033696895e-12,6.347857185106294e-06,0.0025194954227198535,0.00618760963329941,5.908594425750474e-05,0.007686738206645569,0.0531178733688656
719,D-SINOS,25000,18400,False,3.493676200418439e-05,2.5833709886556868e-05,9.102885605236286e-06,1.6651239122785354e-10,6.162846168395972e-06,0.0024825080399458873,0.006089398208880618,6.117513136467554e-05,0.007821453277024389,0.05240053803278063
720,D-SINOS,25000,18500,False,3.473254938790446e-05,2.5640256689442446e-05,9.091595030959079e-06,6.976675029345106e-10,6.153653970435431e-06,0.0024806559556769317,0.0060250578070839104,6.180736371168982e-05,0.007861765941039572,0.05161575929680256
721,D-SINOS,25000,18600,False,3.445133164595348e-05,2.541280901241363e-05,9.038292416053266e-06,2.3021748659023298e-10,6.186361274096081e-06,0.002487239689715505,0.005999234508731616,6.266250465369163e-05,0.007915965175118675,0.04961596463717123
722,D-SINOS,25000,18700,False,3.409296917996484e-05,2.5152500293976073e-05,8.939392049776942e-06,1.0768362118187597e-09,6.216292238547801e-06,0.0024932493334096774,0.005952163987489201,6.469050506383547e-05,0.008043040784668163,0.04752781253392296
723,D-SINOS,25000,18800,False,3.374171986078753e-05,2.4932207057403386e-05,8.809056043975945e-06,4.5675940819676735e-10,6.194725129577385e-06,0.0024889204747394773,0.00598044953848538,6.154521282740367e-05,0.007845075705651518,0.04569707719736439
724,D-SINOS,25000,18900,False,3.3433266802882186e-05,2.4704277626520436e-05,8.728975866416514e-06,1.3309945232490644e-11,6.3923705350563255e-06,0.002528313773062261,0.005885135124278447,5.9989522356721636e-05,0.007745290333920455,0.04426293109036087
725,D-SINOS,25000,19000,False,3.319286609273927e-05,2.4493637780163416e-05,8.699178198286804e-06,5.011428905132576e-11,6.0913110101057355e-06,0.002468058145608757,0.00554980667580033,6.218300101773124e-05,0.007885619887981619,0.043277029423564
726,D-SINOS,25000,19100,False,3.287208543487436e-05,2.4160826049457324e-05,8.711242691900927e-06,1.6693516111685406e-11,6.0764316110722455e-06,0.0024650419085833503,0.005465308661395036,6.589320208832664e-05,0.00811746278638385,0.04337630740253191
727,D-SINOS,25000,19200,False,3.256398182927099e-05,2.3907728888488147e-05,8.65620268664769e-06,5.02541351515733e-11,6.565178969966853e-06,0.0025622605195348216,0.005624027381932845,6.599499918170597e-05,0.008123730619715672,0.0453792433101877
728,D-SINOS,25000,19300,False,3.217240494643296e-05,2.3628974233982195e-05,8.542302903191647e-06,1.1278092591251743e-09,6.387501448556223e-06,0.002527350677796064,0.005491100103880595,6.092224353169573e-05,0.0078052702407857555,0.047161907654825995
729,D-SINOS,25000,19400,False,3.180814364620498e-05,2.3353289577490653e-05,8.454833256447622e-06,2.081226670666964e-11,6.2519966416716484e-06,0.0025003992964467993,0.0054466203587085985,5.5327408111866323e-05,0.007438239584193717,0.048089954532615
730,D-SINOS,25000,19500,False,3.157473381427166e-05,2.31698391939291e-05,8.404508280052326e-06,3.8634029024008905e-10,6.795462292452544e-06,0.002606810751177105,0.005626813190730623,5.534506721076094e-05,0.007439426537762231,0.04871232021568409
731,D-SINOS,25000,19600,False,3.126264306428324e-05,2.2985028953199455e-05,8.277575610157065e-06,3.8500926724314126e-11,6.790758202805088e-06,0.0026059083258635728,0.005584292976352586,5.5227280392617285e-05,0.007431505930335876,0.04988910818348687
732,D-SINOS,25000,19700,False,3.1096463511349096e-05,2.2902699629858345e-05,8.193709167265008e-06,5.4714225746797237e-11,6.670204862306679e-06,0.002582673975225421,0.005514778837142989,5.413134725890779e-05,0.0073574008494105975,0.05180336173312847
733,D-SINOS,25000,19800,False,3.091225042436616e-05,2.276868540250228e-05,8.143539948095707e-06,2.5073768166022346e-11,6.429456075404614e-06,0.0025356372128923755,0.005447657915343747,5.5296134198141986e-05,0.007436137048101117,0.05278528611963372
734,D-SINOS,25000,19900,False,3.07087957778783e-05,2.2614449020056817e-05,8.093764975071075e-06,5.817827504080397e-10,6.590863457542271e-06,0.0025672677027420167,0.005493294492232082,5.481209414782328e-05,0.007403519038121215,0.05287727206568806
735,D-SINOS,25000,20000,False,3.057943993079768e-05,2.2503979720597575e-05,8.075425418970388e-06,3.4791229721067986e-11,6.699879604957777e-06,0.002588412564673139,0.005515773902519405,5.401083621038625e-05,0.007349206502091654,0.05345610126399788
736,D-SINOS,25000,20100,False,3.0459334034424284e-05,2.2419774562644583e-05,8.039559463120442e-06,8.659257900693796e-15,6.774088989982439e-06,0.002602708010896043,0.0055810892499557965,5.392840744211523e-05,0.0073435963561537905,0.05302273169146377
737,D-SINOS,25000,20200,False,3.0273782556273417e-05,2.2292192390820505e-05,7.981570324881716e-06,1.9840571194396416e-11,6.815422986397206e-06,0.002610636509818478,0.005609266336862435,5.8308305849964995e-05,0.007635987549097038,0.05200417915664649
738,D-SINOS,25000,20300,False,3.0108348307463777e-05,2.2177171154803534e-05,7.93067466778244e-06,5.024848778043852e-10,6.635302507756214e-06,0.0025759080938100674,0.005561083781617317,5.973187897668921e-05,0.007728640176427494,0.053715047680623795
739,D-SINOS,25000,20400,False,2.9938636344606732e-05,2.202033549386899e-05,7.918267561473595e-06,3.328926414727971e-11,6.898441609129159e-06,0.002626488455929163,0.005675226653225193,6.030477762145649e-05,0.00776561508326652,0.056175695214777374
740,D-SINOS,25000,20500,False,2.975918851656759e-05,2.1899445825105913e-05,7.85927727442718e-06,4.6541703449839717e-10,7.023881994855349e-06,0.002650260740918778,0.0057207676021186525,5.7961673841179364e-05,0.00761325645444703,0.05801147021770159
741,D-SINOS,25000,20600,False,2.954456563332249e-05,2.1678616229852626e-05,7.865882780572251e-06,6.662289761261889e-11,6.623641530082811e-06,0.0025736436291924356,0.0054921382975438955,5.3190104019046215e-05,0.00729315459996881,0.058281160011197354
742,D-SINOS,25000,20700,False,2.923627743174373e-05,2.148905597682901e-05,7.746962128309274e-06,2.593266054442065e-10,6.7957485874781604e-06,0.0026068656634890414,0.00548799638728929,4.993093732250315e-05,0.007066182655614214,0.05956587058821712
743,D-SINOS,25000,20800,False,2.898195372010967e-05,2.1265219525991888e-05,7.714794834051828e-06,1.9393600659552348e-09,7.318176458331965e-06,0.0027052128305055712,0.005821732327249905,5.1076939015641316e-05,0.0071468132069924225,0.05705583181291601
744,D-SINOS,25000,20900,False,2.875352628528991e-05,2.1085526540881797e-05,7.66776029619649e-06,2.3944821162072147e-10,7.311499082756048e-06,0.0027039783806007116,0.005776334804025831,5.4843250954131516e-05,0.007405622928162864,0.054327655436063965
745,D-SINOS,25000,21000,False,2.8512001831261804e-05,2.0937132262811068e-05,7.574589692880295e-06,2.7987557044317875e-10,7.129080320821619e-06,0.002670033767730592,0.005746955690762409,5.6780329311754225e-05,0.007535272344895984,0.052192692406428313
746,D-SINOS,25000,21100,False,2.8236545765262246e-05,2.0757468936404964e-05,7.477282300204732e-06,1.7945286525476077e-09,6.846419106102595e-06,0.002616566281618449,0.005680020983715372,5.488729572035802e-05,0.007408596069455941,0.05108440566448144
747,D-SINOS,25000,21200,False,2.7979061637624198e-05,2.066116094182417e-05,7.317774449765081e-06,1.2624603494833747e-10,6.474438746815116e-06,0.0025444918445173127,0.005697949810954066,5.0958275615989154e-05,0.0071385065396054066,0.04852854948735361
748,D-SINOS,25000,21300,False,2.776674526832188e-05,2.051683866220535e-05,7.249400019314952e-06,5.065868015754622e-10,6.524040563555801e-06,0.002554220147825125,0.005751187390390274,4.9747931148015663e-05,0.007053221331279465,0.04741295602092496
749,D-SINOS,25000,21400,False,2.753346717783024e-05,2.037081578897674e-05,7.162651314589258e-06,7.426424414467683e-14,7.508659582817046e-06,0.0027401933477068817,0.006036109795496075,5.242804061582475e-05,0.00724072100110374,0.046586590603998355
750,D-SINOS,25000,21500,False,2.7276843223969657e-05,2.018324380241249e-05,7.093598087611151e-06,1.3339460186492176e-12,7.0864463671677995e-06,0.0026620380100907276,0.005835106841661308,5.049909950957591e-05,0.007106271843208358,0.04848160071237591
751,D-SINOS,25000,21600,False,2.699488016337101e-05,1.997997318332866e-05,7.01489567684873e-06,1.1303193615958884e-11,6.451472334465256e-06,0.002539974868864898,0.005666499207566702,4.772157738537327e-05,0.006908080586195652,0.04707824955445679
752,D-SINOS,25000,21700,False,2.6676869058897156e-05,1.971240023082096e-05,6.964440151441217e-06,2.8676634981391587e-11,6.228833320844934e-06,0.0024957630738603642,0.005584304608012977,4.303132253802015e-05,0.006559826410662111,0.04609819299744898
753,D-SINOS,25000,21800,False,2.6333507325540132e-05,1.9405854485130217e-05,6.926949369387708e-06,7.034710222078832e-10,6.706173043583308e-06,0.002589627973972962,0.005602395506707137,4.109768436728941e-05,0.0064107475669604565,0.04282276779197916
754,D-SINOS,25000,21900,False,2.597377438316261e-05,1.9176539603047457e-05,6.797217522913178e-06,1.725720197598624e-11,6.3112020570283044e-06,0.002512210591695749,0.005522635694130424,4.5452688936909946e-05,0.006741860940193734,0.04402858901260429
755,D-SINOS,25000,22000,False,2.5627826970222654e-05,1.8884817525588388e-05,6.742605580601923e-06,4.0386403234023525e-10,6.338645337946805e-06,0.0025176666455165994,0.005529761851732514,4.691690931628554e-05,0.006849591908740662,0.04492793348347716
756,D-SINOS,25000,22100,False,2.539316229562121e-05,1.876825484919048e-05,6.624432030564738e-06,4.754158659911723e-10,6.273413988250604e-06,0.0025046784201271438,0.005559468969262594,4.950118316473146e-05,0.007035707723088805,0.04753491689588062
757,D-SINOS,25000,22200,False,2.521495968383322e-05,1.86230575794534e-05,6.591864641903422e-06,3.746247639792563e-11,5.746672038804254e-06,0.002397221733341381,0.005394557158337502,4.770581907500299e-05,0.006906939921195419,0.04804302643871678
758,D-SINOS,25000,22300,False,2.5079839987582093e-05,1.8525820684928852e-05,6.554018856230357e-06,4.4642288278296255e-13,5.805529258121481e-06,0.00240946659203266,0.005304189735815515,4.649230110669851e-05,0.006818526314879081,0.048664536917573026
759,D-SINOS,25000,22400,False,2.4869486526656987e-05,1.8364233608098644e-05,6.503987130212268e-06,1.265788346075273e-09,5.75998681053045e-06,0.0023999972521922706,0.005237802921336767,4.820434860315064e-05,0.006942935157636909,0.04813748208311479
760,D-SINOS,25000,22500,False,2.462356424749293e-05,1.8191324485457617e-05,6.432209641092477e-06,3.012094283635633e-11,5.172919292924621e-06,0.002274405261364962,0.005071198163967218,4.37275771645929e-05,0.006612683053390122,0.046458431317172005
761,D-SINOS,25000,22600,False,2.4479008151862808e-05,1.809186742053913e-05,6.3861952777683144e-06,9.454535553636095e-10,5.1684361254543646e-06,0.002273419478550838,0.005017171186218628,4.211693533186444e-05,0.006489756184315743,0.045019889841819434
762,D-SINOS,25000,22700,False,2.4213554743689306e-05,1.7872546390552812e-05,6.338454893857228e-06,2.553459279265661e-09,5.77063109466853e-06,0.0024022137903751467,0.005245954271289234,4.106581086687025e-05,0.00640826114221871,0.04372145934685089
763,D-SINOS,25000,22800,False,2.3914694763616418e-05,1.768299877937149e-05,6.231673794544884e-06,2.2189700045807754e-11,5.3643985523164435e-06,0.002316117128367312,0.005013657600995865,3.822192202718982e-05,0.006182388052135665,0.04237822082900967
764,D-SINOS,25000,22900,False,2.3664212171485892e-05,1.7524505659223396e-05,6.139701353885245e-06,5.158377248560943e-12,4.641657283802354e-06,0.002154450575855096,0.004701348345160909,3.5201196259520494e-05,0.00593305960357053,0.04052838575012584
765,D-SINOS,25000,23000,False,2.349625513278831e-05,1.743942493811688e-05,6.056482223238726e-06,3.4797143269966673e-10,4.379285355317173e-06,0.002092674211461778,0.0046529985279929915,3.419929707706585e-05,0.005848016507933767,0.040123744868267294
766,D-SINOS,25000,23100,False,2.328898607071136e-05,1.7265939199029033e-05,6.023019005519632e-06,2.786616269427779e-11,4.333762504904842e-06,0.002081769080591035,0.004657002717360555,3.400886922275297e-05,0.005831712374830653,0.040051125381137975
767,D-SINOS,25000,23200,False,2.3125949036536386e-05,1.7125435135545078e-05,6.000507467469104e-06,6.433522201264511e-12,4.655371039296314e-06,0.0021576308857856837,0.004738221954280424,3.146215740013556e-05,0.005609113780280763,0.03859209812731695
768,D-SINOS,25000,23300,False,2.2974369501646518e-05,1.7046338978914666e-05,5.927978348627293e-06,5.2174104557234275e-11,4.757161956389277e-06,0.002181091918372373,0.00474191926863139,3.223440403206347e-05,0.005677535031337408,0.03852476732596075
769,D-SINOS,25000,23400,False,2.284320085540297e-05,1.694399222047364e-05,5.899162314730775e-06,4.632019855472695e-11,4.283133311556785e-06,0.002069573219665539,0.004577816913748018,3.224750153689092e-05,0.0056786883641287205,0.03737003028693932
770,D-SINOS,25000,23500,False,2.2595223809102422e-05,1.6769592913184348e-05,5.8256029192956804e-06,2.797662239141023e-11,4.086433238298362e-06,0.002021492824201551,0.004468204753992786,3.2142228526723286e-05,0.005669411656135342,0.03629407650580419
771,D-SINOS,25000,23600,False,2.2442062640681155e-05,1.6621396690557917e-05,5.820654269310295e-06,1.1680812943679884e-11,4.17809409909762e-06,0.0020440386735816963,0.004485221420587333,3.130897321091686e-05,0.005595442181893837,0.03724738229320058
772,D-SINOS,25000,23700,False,2.2276551786341372e-05,1.6477883777812165e-05,5.79773751888934e-06,9.304896398665006e-10,4.1057356190683785e-06,0.0020262614883248356,0.004407665622303747,2.8158317795033206e-05,0.005306441160988521,0.03894953285553202
773,D-SINOS,25000,23800,False,2.2103250596448105e-05,1.6339065886645875e-05,5.76418364695857e-06,1.062843661330617e-12,3.841268793788841e-06,0.001959915506798403,0.004238252223357954,2.226221692848132e-05,0.004718285380144075,0.03785201334753293
774,D-SINOS,25000,23900,False,2.1931268051381165e-05,1.6178553123634978e-05,5.752338818565175e-06,3.7610918101212954e-10,3.893047338543979e-06,0.001973080672082107,0.004294031727600308,2.2098524808639513e-05,0.004700906807057498,0.03687902674036581
775,D-SINOS,25000,24000,False,2.1708109478532986e-05,1.601846147449283e-05,5.689637518302949e-06,1.0485737208790087e-11,3.6105233170118976e-06,0.0019001377100125922,0.00408313409057503,2.3732755639402127e-05,0.004871627617070308,0.03574134592160272
776,D-SINOS,25000,24100,False,2.156919644395995e-05,1.5928526561730275e-05,5.640551105877788e-06,1.1877635188439785e-10,3.3094156098755993e-06,0.0018191799278454012,0.004057457586018016,2.3711062475139337e-05,0.004869400627915035,0.0353527935647747
777,D-SINOS,25000,24200,False,2.1448287867149784e-05,1.583320369584159e-05,5.615020500422972e-06,6.367088522246914e-11,3.286080838550706e-06,0.0018127550409668444,0.003927130130396063,2.1758445880632387e-05,0.004664594932106365,0.03657373634153014
778,D-SINOS,25000,24300,False,2.1344900849123922e-05,1.5750973935262005e-05,5.593722386071693e-06,2.0452779022677153e-10,3.1750079417102655e-06,0.0017818551966167918,0.0038690152140135555,2.0121094800660163e-05,0.004485654333612897,0.03638334852933396
779,D-SINOS,25000,24400,False,2.1236458135391956e-05,1.5689800366020257e-05,5.5464888729680736e-06,1.6889640362827478e-10,3.0283369067244085e-06,0.0017402117419223469,0.0037953351544640283,1.99035076276777e-05,0.004461334736116278,0.03687970695314819
780,D-SINOS,25000,24500,False,2.1115744874094907e-05,1.560072892386566e-05,5.514976644620222e-06,3.930560902429627e-11,3.0885513836339448e-06,0.0017574274902919735,0.003815526273611629,2.1115355349284757e-05,0.004595144758251339,0.03813715149566555
781,D-SINOS,25000,24600,False,2.098781732251522e-05,1.549830335127921e-05,5.4891381224676745e-06,3.7584876833775414e-10,3.1653304786609722e-06,0.0017791375659743044,0.003803799023580477,2.325832460060313e-05,0.004822688524112161,0.038208902625219254
782,D-SINOS,25000,24700,False,2.0910396306538497e-05,1.5417362647337986e-05,5.492958101746663e-06,7.5557453847425e-11,3.0645316420630407e-06,0.001750580372922946,0.0037105441841584017,2.1564456190949662e-05,0.004643754536035433,0.03757128967054683
783,D-SINOS,25000,24800,False,2.078808379716608e-05,1.531267264195384e-05,5.4753264924333834e-06,8.466277885505352e-11,2.982772602551302e-06,0.0017270705262239009,0.0036928302391434397,2.231074077940538e-05,0.004723424687597483,0.036310991755587815
784,D-SINOS,25000,24900,False,2.0698638908232415e-05,1.525013037800354e-05,5.4482692742695735e-06,2.39255959304174e-10,3.0754785523508607e-06,0.0017537042374217097,0.0038090511466710763,2.2346914168824637e-05,0.004727252285294771,0.03628782446324393
785,D-SINOS,25000,25000,False,2.0618566034842947e-05,1.5189377703098735e-05,5.4289645966443235e-06,2.237350998871779e-10,3.1683144380141707e-06,0.0017799759655720553,0.003824296454153121,2.2275309295931314e-05,0.004719672583551884,0.03664942953151582
786,D-SINOS,25000,25100,False,2.0440346733106058e-05,1.5019078412286319e-05,5.42123252801331e-06,3.5792806430155074e-11,3.2327233536715594e-06,0.0017979775731837033,0.0038225495947497063,2.2457803736370202e-05,0.004738966526192203,0.03685306901484926
787,D-SINOS,25000,25200,False,2.0254739651512506e-05,1.4854190352718877e-05,5.400418392044831e-06,1.3090674879999504e-10,3.0625014855393305e-06,0.0017500004244397572,0.0036878540357787957,2.4163297162944343e-05,0.004915617678679287,0.037793196228694544
788,D-SINOS,25000,25300,False,2.007451468634408e-05,1.4709590418223376e-05,5.364873792243734e-06,5.047587697071182e-11,2.927215365466514e-06,0.0017109106830768559,0.003867202297562097,2.398092546844754e-05,0.004897032312375276,0.03893166780886131
789,D-SINOS,25000,25400,False,1.9933996838278182e-05,1.4589093908456207e-05,5.34473420770503e-06,1.6872211694478307e-10,2.934728007723898e-06,0.0017131047859730876,0.0038245263440611216,2.1229879661884258e-05,0.004607589354736841,0.03982530899108951
790,D-SINOS,25000,25500,False,1.9700179296172342e-05,1.442554698015687e-05,5.2746067313222954e-06,2.5584693177965765e-11,3.0065364281124436e-06,0.0017339366851510016,0.003767613197546479,1.737610450398977e-05,0.004168465485522192,0.04057808994246287
791,D-SINOS,25000,25600,False,1.9506722044434912e-05,1.4275891276120866e-05,5.23042431205224e-06,4.0645626180560567e-10,2.954341735807379e-06,0.00171881986717846,0.00370624222493927,1.6942876342023143e-05,0.0041161725355022645,0.04012752020039466
792,D-SINOS,25000,25700,False,1.9363557665120836e-05,1.416886334977691e-05,5.194370347067966e-06,3.239682759602797e-10,2.9127460816811003e-06,0.0017066769119200916,0.003732878922343302,1.940182026960158e-05,0.004404749739724333,0.03839649716341751
793,D-SINOS,25000,25800,False,1.9261302711615236e-05,1.4045110724071962e-05,5.216087845795614e-06,1.0414174765707611e-10,2.9152559420410234e-06,0.0017074120598265152,0.0036882403221988706,2.0882997900947975e-05,0.004569791888144139,0.03756791167926219
794,D-SINOS,25000,25900,False,1.915080726492466e-05,1.3981555509312338e-05,5.169126524727434e-06,1.2523088489042297e-10,2.8880952220575624e-06,0.0016994396788522865,0.0037496413323849687,2.118592615620196e-05,0.004602817197782458,0.036677109907910836
795,D-SINOS,25000,26000,False,1.902231906611648e-05,1.3904715774589374e-05,5.1175913031469935e-06,1.198838010863241e-11,2.9066356939291647e-06,0.0017048858301743155,0.0037859245055227885,2.1589356167918464e-05,0.00464643478033626,0.03688463411800137
796,D-SINOS,25000,26100,False,1.8918571467442812e-05,1.384282529957561e-05,5.075746166759222e-06,1.1079799333363408e-15,2.9036334056649247e-06,0.0017040051072883921,0.003841445884032111,1.8492510017655176e-05,0.004300291852613631,0.03761630425282053
797,D-SINOS,25000,26200,False,1.8857890836288043e-05,1.3800638422552225e-05,5.057252349573855e-06,6.416196183525878e-14,2.8590319776865587e-06,0.0016908672265102777,0.0037504298862697898,1.7054706948471307e-05,0.004129734488858976,0.038228438237724156
798,D-SINOS,25000,26300,False,1.877417572085081e-05,1.376986275601919e-05,5.0041751113271024e-06,1.378535045174111e-10,2.897927672723907e-06,0.001702330071614758,0.003944197608029522,1.5789234755681038e-05,0.003973567006567404,0.03890831290567348
799,D-SINOS,25000,26400,False,1.8652260436426836e-05,1.3713282379292113e-05,4.9389780090672474e-06,4.8067477028713076e-14,2.8747948176343863e-06,0.0016955219897230429,0.00398038430408298,1.6187728571611657e-05,0.004023397640255268,0.03874765888366867
800,D-SINOS,25000,26478,True,1.853225984779131e-05,1.362055559309561e-05,4.911546496965032e-06,1.5775773066544843e-10,2.8144153617126226e-06,0.0016776219364662058,0.003917396354238122,1.68824699839734e-05,0.00410882829818592,0.03946337811192659
